ISO-10303-21;
HEADER;
FILE_DESCRIPTION(('FreeCAD Model'),'2;1');
FILE_NAME('Open CASCADE Shape Model','2026-07-11T13:19:51',(''),(''),
  'Open CASCADE STEP processor 7.8','FreeCAD','Unknown');
FILE_SCHEMA(('AUTOMOTIVE_DESIGN { 1 0 10303 214 1 1 1 1 }'));
ENDSEC;
DATA;
#1 = APPLICATION_PROTOCOL_DEFINITION('international standard',
  'automotive_design',2000,#2);
#2 = APPLICATION_CONTEXT(
  'core data for automotive mechanical design processes');
#3 = SHAPE_DEFINITION_REPRESENTATION(#4,#10);
#4 = PRODUCT_DEFINITION_SHAPE('','',#5);
#5 = PRODUCT_DEFINITION('design','',#6,#9);
#6 = PRODUCT_DEFINITION_FORMATION('','',#7);
#7 = PRODUCT('Body','Body','',(#8));
#8 = PRODUCT_CONTEXT('',#2,'mechanical');
#9 = PRODUCT_DEFINITION_CONTEXT('part definition',#2,'design');
#10 = ADVANCED_BREP_SHAPE_REPRESENTATION('',(#11,#15),#4893);
#11 = AXIS2_PLACEMENT_3D('',#12,#13,#14);
#12 = CARTESIAN_POINT('',(0.,0.,0.));
#13 = DIRECTION('',(0.,0.,1.));
#14 = DIRECTION('',(1.,0.,-0.));
#15 = MANIFOLD_SOLID_BREP('',#16);
#16 = CLOSED_SHELL('',(#17,#247,#304,#330,#581,#606,#644,#670,#799,#848,
    #878,#902,#952,#1002,#1028,#1054,#1071,#1156,#1181,#1207,#1224,#1264
    ,#1289,#1520,#1544,#1574,#1599,#1611,#1629,#1654,#1679,#1703,#1728,
    #1753,#1777,#1795,#1820,#1844,#1874,#1899,#1911,#1935,#1953,#1977,
    #1995,#2086,#2110,#2134,#2157,#2180,#2204,#2228,#2307,#2332,#2350,
    #2375,#2401,#2418,#2443,#2469,#2486,#2503,#2536,#2553,#2570,#2582,
    #2600,#2618,#2636,#2648,#2666,#2678,#2714,#2739,#2775,#2800,#2836,
    #2861,#2889,#3007,#3030,#3062,#3110,#3134,#3182,#3214,#3230,#3253,
    #3285,#3333,#3357,#3405,#3437,#3453,#3465,#3579,#3626,#3673,#3698,
    #3729,#3753,#3777,#3794,#3819,#3844,#3861,#3877,#3899,#3911,#3934,
    #3952,#3977,#3994,#4010,#4032,#4044,#4067,#4085,#4123,#4154,#4239,
    #4264,#4288,#4319,#4350,#4435,#4460,#4477,#4491,#4505,#4530,#4548,
    #4573,#4652,#4682,#4712,#4724,#4803,#4833,#4863,#4875,#4884));
#17 = ADVANCED_FACE('',(#18),#242,.T.);
#18 = FACE_BOUND('',#19,.T.);
#19 = EDGE_LOOP('',(#20,#30,#38,#45,#53,#60,#68,#76,#108,#116,#148,#156,
    #164,#172,#204,#212));
#20 = ORIENTED_EDGE('',*,*,#21,.T.);
#21 = EDGE_CURVE('',#22,#24,#26,.T.);
#22 = VERTEX_POINT('',#23);
#23 = CARTESIAN_POINT('',(-26.5,-13.9076973626,17.900197141454));
#24 = VERTEX_POINT('',#25);
#25 = CARTESIAN_POINT('',(-26.5,-13.5,2.));
#26 = LINE('',#27,#28);
#27 = CARTESIAN_POINT('',(-26.5,-13.92307692307,18.5));
#28 = VECTOR('',#29,1.);
#29 = DIRECTION('',(0.,2.563260079254E-02,-0.999671430909));
#30 = ORIENTED_EDGE('',*,*,#31,.T.);
#31 = EDGE_CURVE('',#24,#32,#34,.T.);
#32 = VERTEX_POINT('',#33);
#33 = CARTESIAN_POINT('',(-31.,-13.5,2.));
#34 = LINE('',#35,#36);
#35 = CARTESIAN_POINT('',(31.,-13.5,2.));
#36 = VECTOR('',#37,1.);
#37 = DIRECTION('',(-1.,0.,0.));
#38 = ORIENTED_EDGE('',*,*,#39,.T.);
#39 = EDGE_CURVE('',#32,#40,#42,.T.);
#40 = VERTEX_POINT('',#41);
#41 = CARTESIAN_POINT('',(-32.49999999999,-14.,21.5));
#42 = B_SPLINE_CURVE_WITH_KNOTS('',1,(#43,#44),.UNSPECIFIED.,.F.,.F.,(2,
    2),(0.,1.),.PIECEWISE_BEZIER_KNOTS.);
#43 = CARTESIAN_POINT('',(-31.,-13.5,2.));
#44 = CARTESIAN_POINT('',(-32.49999999999,-14.,21.5));
#45 = ORIENTED_EDGE('',*,*,#46,.T.);
#46 = EDGE_CURVE('',#40,#47,#49,.T.);
#47 = VERTEX_POINT('',#48);
#48 = CARTESIAN_POINT('',(32.5,-14.,21.5));
#49 = LINE('',#50,#51);
#50 = CARTESIAN_POINT('',(-32.49999999999,-14.,21.5));
#51 = VECTOR('',#52,1.);
#52 = DIRECTION('',(1.,0.,0.));
#53 = ORIENTED_EDGE('',*,*,#54,.F.);
#54 = EDGE_CURVE('',#55,#47,#57,.T.);
#55 = VERTEX_POINT('',#56);
#56 = CARTESIAN_POINT('',(31.,-13.5,2.));
#57 = B_SPLINE_CURVE_WITH_KNOTS('',1,(#58,#59),.UNSPECIFIED.,.F.,.F.,(2,
    2),(0.,1.),.PIECEWISE_BEZIER_KNOTS.);
#58 = CARTESIAN_POINT('',(31.,-13.5,2.));
#59 = CARTESIAN_POINT('',(32.5,-14.,21.5));
#60 = ORIENTED_EDGE('',*,*,#61,.T.);
#61 = EDGE_CURVE('',#55,#62,#64,.T.);
#62 = VERTEX_POINT('',#63);
#63 = CARTESIAN_POINT('',(26.5,-13.5,2.));
#64 = LINE('',#65,#66);
#65 = CARTESIAN_POINT('',(31.,-13.5,2.));
#66 = VECTOR('',#67,1.);
#67 = DIRECTION('',(-1.,0.,0.));
#68 = ORIENTED_EDGE('',*,*,#69,.F.);
#69 = EDGE_CURVE('',#70,#62,#72,.T.);
#70 = VERTEX_POINT('',#71);
#71 = CARTESIAN_POINT('',(26.5,-13.9076973626,17.900197141454));
#72 = LINE('',#73,#74);
#73 = CARTESIAN_POINT('',(26.5,-13.92307692307,18.5));
#74 = VECTOR('',#75,1.);
#75 = DIRECTION('',(0.,2.563260079254E-02,-0.999671430909));
#76 = ORIENTED_EDGE('',*,*,#77,.T.);
#77 = EDGE_CURVE('',#70,#78,#80,.T.);
#78 = VERTEX_POINT('',#79);
#79 = CARTESIAN_POINT('',(25.9,-13.92307692307,18.5));
#80 = B_SPLINE_CURVE_WITH_KNOTS('',6,(#81,#82,#83,#84,#85,#86,#87,#88,
    #89,#90,#91,#92,#93,#94,#95,#96,#97,#98,#99,#100,#101,#102,#103,#104
    ,#105,#106,#107),.UNSPECIFIED.,.F.,.F.,(7,5,5,5,5,7),(0.,
    0.116648851488,0.290683820512,0.617177240274,0.957995443024,1.),
  .UNSPECIFIED.);
#81 = CARTESIAN_POINT('',(26.5,-13.9076973626,17.900197141454));
#82 = CARTESIAN_POINT('',(26.5,-13.90819929435,17.919772480014));
#83 = CARTESIAN_POINT('',(26.499233003709,-13.90870089866,
    17.939335048011));
#84 = CARTESIAN_POINT('',(26.497701217352,-13.90920093949,
    17.958836640144));
#85 = CARTESIAN_POINT('',(26.495411473797,-13.90969822634,
    17.978230827605));
#86 = CARTESIAN_POINT('',(26.492375232555,-13.9101916143,17.997472958077
    ));
#87 = CARTESIAN_POINT('',(26.482988899098,-13.91140865997,
    18.044937739048));
#88 = CARTESIAN_POINT('',(26.475742936219,-13.91212621879,
    18.072922532893));
#89 = CARTESIAN_POINT('',(26.466923018392,-13.91282905367,
    18.100333093243));
#90 = CARTESIAN_POINT('',(26.456600170548,-13.91351397896,
    18.127045179818));
#91 = CARTESIAN_POINT('',(26.444857750221,-13.91417825041,18.15295176631
    ));
#92 = CARTESIAN_POINT('',(26.407260471016,-13.91602268637,
    18.224884768592));
#93 = CARTESIAN_POINT('',(26.378056812465,-13.9171448794,18.268650296619
    ));
#94 = CARTESIAN_POINT('',(26.344757805337,-13.91817142093,
    18.308685416614));
#95 = CARTESIAN_POINT('',(26.308006506089,-13.91909294598,
    18.344624893299));
#96 = CARTESIAN_POINT('',(26.268400980135,-13.91990391139,18.37625254442
    ));
#97 = CARTESIAN_POINT('',(26.182711063861,-13.92132839801,
    18.431807522441));
#98 = CARTESIAN_POINT('',(26.136426194442,-13.92193156401,
    18.455330996393));
#99 = CARTESIAN_POINT('',(26.088224703279,-13.92240663729,
    18.473858854669));
#100 = CARTESIAN_POINT('',(26.038666404095,-13.92275155796,
    18.487310760735));
#101 = CARTESIAN_POINT('',(25.988277226871,-13.92296522026,
    18.495643590266));
#102 = CARTESIAN_POINT('',(25.931308262774,-13.9230568101,18.49921559402
    ));
#103 = CARTESIAN_POINT('',(25.925052541793,-13.92306485261,
    18.499529251953));
#104 = CARTESIAN_POINT('',(25.918792886175,-13.92307088655,
    18.499764575744));
#105 = CARTESIAN_POINT('',(25.91253026399,-13.92307491049,18.49992150917
    ));
#106 = CARTESIAN_POINT('',(25.906265644869,-13.92307692307,18.5));
#107 = CARTESIAN_POINT('',(25.9,-13.92307692307,18.5));
#108 = ORIENTED_EDGE('',*,*,#109,.F.);
#109 = EDGE_CURVE('',#110,#78,#112,.T.);
#110 = VERTEX_POINT('',#111);
#111 = CARTESIAN_POINT('',(25.25,-13.92307692307,18.5));
#112 = LINE('',#113,#114);
#113 = CARTESIAN_POINT('',(24.65,-13.92307692307,18.5));
#114 = VECTOR('',#115,1.);
#115 = DIRECTION('',(1.,0.,0.));
#116 = ORIENTED_EDGE('',*,*,#117,.F.);
#117 = EDGE_CURVE('',#118,#110,#120,.T.);
#118 = VERTEX_POINT('',#119);
#119 = CARTESIAN_POINT('',(24.65,-13.9076973626,17.900197141454));
#120 = B_SPLINE_CURVE_WITH_KNOTS('',6,(#121,#122,#123,#124,#125,#126,
    #127,#128,#129,#130,#131,#132,#133,#134,#135,#136,#137,#138,#139,
    #140,#141,#142,#143,#144,#145,#146,#147),.UNSPECIFIED.,.F.,.F.,(7,5,
    5,5,5,7),(0.,3.424478132916E-02,0.197020894383,0.472890344346,
    0.732339601035,1.),.UNSPECIFIED.);
#121 = CARTESIAN_POINT('',(24.65,-13.9076973626,17.900197141454));
#122 = CARTESIAN_POINT('',(24.65,-13.90784336692,17.905891310016));
#123 = CARTESIAN_POINT('',(24.650064889671,-13.90798939752,
    17.911586503551));
#124 = CARTESIAN_POINT('',(24.650194713029,-13.90813542442,
    17.917281552764));
#125 = CARTESIAN_POINT('',(24.650389477584,-13.90828141758,
    17.922975285998));
#126 = CARTESIAN_POINT('',(24.650649154338,-13.9084273469,
    17.928666529232));
#127 = CARTESIAN_POINT('',(24.652516238816,-13.90926638283,
    17.961388930553));
#128 = CARTESIAN_POINT('',(24.655523998524,-13.90995748489,
    17.988341910827));
#129 = CARTESIAN_POINT('',(24.659989990488,-13.91064320311,
    18.015084921378));
#130 = CARTESIAN_POINT('',(24.66588807368,-13.91132037533,
    18.041494638234));
#131 = CARTESIAN_POINT('',(24.673175475067,-13.91198602787,
    18.067455087215));
#132 = CARTESIAN_POINT('',(24.696404080374,-13.91374144145,18.1359162168
    ));
#133 = CARTESIAN_POINT('',(24.714841323211,-13.91480463979,
    18.177380951976));
#134 = CARTESIAN_POINT('',(24.736832348346,-13.91581384124,
    18.216739808419));
#135 = CARTESIAN_POINT('',(24.762002616329,-13.9167589814,
    18.253600274716));
#136 = CARTESIAN_POINT('',(24.789953232844,-13.91763298916,
    18.287686577255));
#137 = CARTESIAN_POINT('',(24.848826971776,-13.91918156117,
    18.348080885968));
#138 = CARTESIAN_POINT('',(24.879475743913,-13.91986493527,
    18.374732475753));
#139 = CARTESIAN_POINT('',(24.911920492227,-13.92047730793,
    18.398615009384));
#140 = CARTESIAN_POINT('',(24.945853695049,-13.92101641412,
    18.419640150959));
#141 = CARTESIAN_POINT('',(24.980988398106,-13.92148106474,
    18.437761524865));
#142 = CARTESIAN_POINT('',(25.054288324341,-13.92227256044,
    18.468629857168));
#143 = CARTESIAN_POINT('',(25.092510831266,-13.92259454411,18.4811872203
    ));
#144 = CARTESIAN_POINT('',(25.13145166261,-13.92283596692,
    18.490602710188));
#145 = CARTESIAN_POINT('',(25.170845617983,-13.92299670047,
    18.496871318643));
#146 = CARTESIAN_POINT('',(25.210441830092,-13.92307692307,18.5));
#147 = CARTESIAN_POINT('',(25.25,-13.92307692307,18.5));
#148 = ORIENTED_EDGE('',*,*,#149,.T.);
#149 = EDGE_CURVE('',#118,#150,#152,.T.);
#150 = VERTEX_POINT('',#151);
#151 = CARTESIAN_POINT('',(24.65,-13.5,2.));
#152 = LINE('',#153,#154);
#153 = CARTESIAN_POINT('',(24.65,-13.92307692307,18.5));
#154 = VECTOR('',#155,1.);
#155 = DIRECTION('',(0.,2.563260079254E-02,-0.999671430909));
#156 = ORIENTED_EDGE('',*,*,#157,.T.);
#157 = EDGE_CURVE('',#150,#158,#160,.T.);
#158 = VERTEX_POINT('',#159);
#159 = CARTESIAN_POINT('',(-24.65,-13.5,2.));
#160 = LINE('',#161,#162);
#161 = CARTESIAN_POINT('',(31.,-13.5,2.));
#162 = VECTOR('',#163,1.);
#163 = DIRECTION('',(-1.,0.,0.));
#164 = ORIENTED_EDGE('',*,*,#165,.F.);
#165 = EDGE_CURVE('',#166,#158,#168,.T.);
#166 = VERTEX_POINT('',#167);
#167 = CARTESIAN_POINT('',(-24.65,-13.9076973626,17.900197141454));
#168 = LINE('',#169,#170);
#169 = CARTESIAN_POINT('',(-24.65,-13.92307692307,18.5));
#170 = VECTOR('',#171,1.);
#171 = DIRECTION('',(0.,2.563260079254E-02,-0.999671430909));
#172 = ORIENTED_EDGE('',*,*,#173,.T.);
#173 = EDGE_CURVE('',#166,#174,#176,.T.);
#174 = VERTEX_POINT('',#175);
#175 = CARTESIAN_POINT('',(-25.25,-13.92307692307,18.5));
#176 = B_SPLINE_CURVE_WITH_KNOTS('',6,(#177,#178,#179,#180,#181,#182,
    #183,#184,#185,#186,#187,#188,#189,#190,#191,#192,#193,#194,#195,
    #196,#197,#198,#199,#200,#201,#202,#203),.UNSPECIFIED.,.F.,.F.,(7,5,
    5,5,5,7),(0.,3.424478132915E-02,0.197020894383,0.472890344346,
    0.732339601035,1.),.UNSPECIFIED.);
#177 = CARTESIAN_POINT('',(-24.65,-13.9076973626,17.900197141454));
#178 = CARTESIAN_POINT('',(-24.65,-13.90784336692,17.905891310016));
#179 = CARTESIAN_POINT('',(-24.65006488967,-13.90798939752,
    17.911586503551));
#180 = CARTESIAN_POINT('',(-24.65019471302,-13.90813542442,
    17.917281552764));
#181 = CARTESIAN_POINT('',(-24.65038947758,-13.90828141758,
    17.922975285998));
#182 = CARTESIAN_POINT('',(-24.65064915433,-13.9084273469,
    17.928666529232));
#183 = CARTESIAN_POINT('',(-24.65251623881,-13.90926638283,
    17.961388930553));
#184 = CARTESIAN_POINT('',(-24.65552399852,-13.90995748489,
    17.988341910827));
#185 = CARTESIAN_POINT('',(-24.65998999048,-13.91064320311,
    18.015084921378));
#186 = CARTESIAN_POINT('',(-24.66588807368,-13.91132037533,
    18.041494638234));
#187 = CARTESIAN_POINT('',(-24.67317547506,-13.91198602787,
    18.067455087214));
#188 = CARTESIAN_POINT('',(-24.69640408037,-13.91374144145,18.1359162168
    ));
#189 = CARTESIAN_POINT('',(-24.71484132321,-13.91480463979,
    18.177380951976));
#190 = CARTESIAN_POINT('',(-24.73683234834,-13.91581384124,
    18.216739808419));
#191 = CARTESIAN_POINT('',(-24.76200261632,-13.9167589814,
    18.253600274716));
#192 = CARTESIAN_POINT('',(-24.78995323284,-13.91763298916,
    18.287686577255));
#193 = CARTESIAN_POINT('',(-24.84882697177,-13.91918156117,
    18.348080885968));
#194 = CARTESIAN_POINT('',(-24.87947574391,-13.91986493527,
    18.374732475753));
#195 = CARTESIAN_POINT('',(-24.91192049222,-13.92047730793,
    18.398615009384));
#196 = CARTESIAN_POINT('',(-24.94585369504,-13.92101641412,
    18.419640150959));
#197 = CARTESIAN_POINT('',(-24.9809883981,-13.92148106474,
    18.437761524865));
#198 = CARTESIAN_POINT('',(-25.05428832434,-13.92227256044,
    18.468629857168));
#199 = CARTESIAN_POINT('',(-25.09251083126,-13.92259454411,18.4811872203
    ));
#200 = CARTESIAN_POINT('',(-25.13145166261,-13.92283596692,
    18.490602710188));
#201 = CARTESIAN_POINT('',(-25.17084561798,-13.92299670047,
    18.496871318643));
#202 = CARTESIAN_POINT('',(-25.21044183009,-13.92307692307,18.5));
#203 = CARTESIAN_POINT('',(-25.25,-13.92307692307,18.5));
#204 = ORIENTED_EDGE('',*,*,#205,.T.);
#205 = EDGE_CURVE('',#174,#206,#208,.T.);
#206 = VERTEX_POINT('',#207);
#207 = CARTESIAN_POINT('',(-25.9,-13.92307692307,18.5));
#208 = LINE('',#209,#210);
#209 = CARTESIAN_POINT('',(-24.65,-13.92307692307,18.5));
#210 = VECTOR('',#211,1.);
#211 = DIRECTION('',(-1.,-0.,-0.));
#212 = ORIENTED_EDGE('',*,*,#213,.F.);
#213 = EDGE_CURVE('',#22,#206,#214,.T.);
#214 = B_SPLINE_CURVE_WITH_KNOTS('',6,(#215,#216,#217,#218,#219,#220,
    #221,#222,#223,#224,#225,#226,#227,#228,#229,#230,#231,#232,#233,
    #234,#235,#236,#237,#238,#239,#240,#241),.UNSPECIFIED.,.F.,.F.,(7,5,
    5,5,5,7),(0.,0.116648851488,0.290683820512,0.617177240274,
    0.957995443024,1.),.UNSPECIFIED.);
#215 = CARTESIAN_POINT('',(-26.5,-13.9076973626,17.900197141454));
#216 = CARTESIAN_POINT('',(-26.5,-13.90819929435,17.919772480014));
#217 = CARTESIAN_POINT('',(-26.4992330037,-13.90870089866,
    17.939335048011));
#218 = CARTESIAN_POINT('',(-26.49770121735,-13.90920093949,
    17.958836640144));
#219 = CARTESIAN_POINT('',(-26.49541147379,-13.90969822634,
    17.978230827605));
#220 = CARTESIAN_POINT('',(-26.49237523255,-13.9101916143,
    17.997472958077));
#221 = CARTESIAN_POINT('',(-26.48298889909,-13.91140865997,
    18.044937739048));
#222 = CARTESIAN_POINT('',(-26.47574293621,-13.91212621879,
    18.072922532893));
#223 = CARTESIAN_POINT('',(-26.46692301839,-13.91282905367,
    18.100333093243));
#224 = CARTESIAN_POINT('',(-26.45660017054,-13.91351397896,
    18.127045179818));
#225 = CARTESIAN_POINT('',(-26.44485775022,-13.91417825041,
    18.15295176631));
#226 = CARTESIAN_POINT('',(-26.40726047101,-13.91602268637,
    18.224884768592));
#227 = CARTESIAN_POINT('',(-26.37805681246,-13.9171448794,
    18.268650296619));
#228 = CARTESIAN_POINT('',(-26.34475780533,-13.91817142093,
    18.308685416614));
#229 = CARTESIAN_POINT('',(-26.30800650609,-13.91909294598,
    18.344624893299));
#230 = CARTESIAN_POINT('',(-26.26840098013,-13.91990391139,
    18.37625254442));
#231 = CARTESIAN_POINT('',(-26.18271106386,-13.92132839801,
    18.431807522441));
#232 = CARTESIAN_POINT('',(-26.13642619444,-13.92193156401,
    18.455330996393));
#233 = CARTESIAN_POINT('',(-26.08822470327,-13.92240663729,
    18.473858854669));
#234 = CARTESIAN_POINT('',(-26.03866640409,-13.92275155796,
    18.487310760735));
#235 = CARTESIAN_POINT('',(-25.98827722687,-13.92296522026,
    18.495643590266));
#236 = CARTESIAN_POINT('',(-25.93130826277,-13.9230568101,18.49921559402
    ));
#237 = CARTESIAN_POINT('',(-25.92505254179,-13.92306485261,
    18.499529251953));
#238 = CARTESIAN_POINT('',(-25.91879288617,-13.92307088655,
    18.499764575744));
#239 = CARTESIAN_POINT('',(-25.91253026399,-13.92307491049,
    18.49992150917));
#240 = CARTESIAN_POINT('',(-25.90626564486,-13.92307692307,18.5));
#241 = CARTESIAN_POINT('',(-25.9,-13.92307692307,18.5));
#242 = B_SPLINE_SURFACE_WITH_KNOTS('',1,1,(
    (#243,#244)
    ,(#245,#246
    )),.UNSPECIFIED.,.F.,.F.,.F.,(2,2),(2,2),(-64.99999999999,0.),(0.,1.
    ),.PIECEWISE_BEZIER_KNOTS.);
#243 = CARTESIAN_POINT('',(31.,-13.5,2.));
#244 = CARTESIAN_POINT('',(32.5,-14.,21.5));
#245 = CARTESIAN_POINT('',(-31.,-13.5,2.));
#246 = CARTESIAN_POINT('',(-32.49999999999,-14.,21.5));
#247 = ADVANCED_FACE('',(#248),#299,.F.);
#248 = FACE_BOUND('',#249,.F.);
#249 = EDGE_LOOP('',(#250,#260,#268,#277,#285,#292,#293));
#250 = ORIENTED_EDGE('',*,*,#251,.T.);
#251 = EDGE_CURVE('',#252,#254,#256,.T.);
#252 = VERTEX_POINT('',#253);
#253 = CARTESIAN_POINT('',(-26.5,-8.3,2.));
#254 = VERTEX_POINT('',#255);
#255 = CARTESIAN_POINT('',(-26.5,-8.3,8.9));
#256 = LINE('',#257,#258);
#257 = CARTESIAN_POINT('',(-26.5,-8.3,2.));
#258 = VECTOR('',#259,1.);
#259 = DIRECTION('',(0.,0.,1.));
#260 = ORIENTED_EDGE('',*,*,#261,.T.);
#261 = EDGE_CURVE('',#254,#262,#264,.T.);
#262 = VERTEX_POINT('',#263);
#263 = CARTESIAN_POINT('',(-26.5,-10.60667340873,8.9));
#264 = LINE('',#265,#266);
#265 = CARTESIAN_POINT('',(-26.5,-8.3,8.9));
#266 = VECTOR('',#267,1.);
#267 = DIRECTION('',(0.,-1.,0.));
#268 = ORIENTED_EDGE('',*,*,#269,.T.);
#269 = EDGE_CURVE('',#262,#270,#272,.T.);
#270 = VERTEX_POINT('',#271);
#271 = CARTESIAN_POINT('',(-26.5,-11.80627912582,10.069240879049));
#272 = CIRCLE('',#273,1.2);
#273 = AXIS2_PLACEMENT_3D('',#274,#275,#276);
#274 = CARTESIAN_POINT('',(-26.5,-10.60667340873,10.1));
#275 = DIRECTION('',(-1.,-0.,-0.));
#276 = DIRECTION('',(0.,0.,-1.));
#277 = ORIENTED_EDGE('',*,*,#278,.T.);
#278 = EDGE_CURVE('',#270,#279,#281,.T.);
#279 = VERTEX_POINT('',#280);
#280 = CARTESIAN_POINT('',(-26.5,-11.95961970236,16.049523364232));
#281 = LINE('',#282,#283);
#282 = CARTESIAN_POINT('',(-26.5,-11.79128885814,9.484620439524));
#283 = VECTOR('',#284,1.);
#284 = DIRECTION('',(0.,-2.563260079254E-02,0.999671430909));
#285 = ORIENTED_EDGE('',*,*,#286,.T.);
#286 = EDGE_CURVE('',#279,#22,#287,.T.);
#287 = CIRCLE('',#288,1.9);
#288 = AXIS2_PLACEMENT_3D('',#289,#290,#291);
#289 = CARTESIAN_POINT('',(-26.5,-13.85899542109,16.000821422726));
#290 = DIRECTION('',(1.,0.,-0.));
#291 = DIRECTION('',(0.,0.999671430909,2.563260079254E-02));
#292 = ORIENTED_EDGE('',*,*,#21,.T.);
#293 = ORIENTED_EDGE('',*,*,#294,.T.);
#294 = EDGE_CURVE('',#24,#252,#295,.T.);
#295 = LINE('',#296,#297);
#296 = CARTESIAN_POINT('',(-26.5,-13.5,2.));
#297 = VECTOR('',#298,1.);
#298 = DIRECTION('',(0.,1.,0.));
#299 = PLANE('',#300);
#300 = AXIS2_PLACEMENT_3D('',#301,#302,#303);
#301 = CARTESIAN_POINT('',(-26.5,0.341397829211,9.204769886382));
#302 = DIRECTION('',(1.,0.,0.));
#303 = DIRECTION('',(0.,0.,1.));
#304 = ADVANCED_FACE('',(#305),#325,.T.);
#305 = FACE_BOUND('',#306,.T.);
#306 = EDGE_LOOP('',(#307,#316,#317,#318));
#307 = ORIENTED_EDGE('',*,*,#308,.F.);
#308 = EDGE_CURVE('',#279,#309,#311,.T.);
#309 = VERTEX_POINT('',#310);
#310 = CARTESIAN_POINT('',(-25.9,-11.35981684382,16.064902924708));
#311 = CIRCLE('',#312,0.6);
#312 = AXIS2_PLACEMENT_3D('',#313,#314,#315);
#313 = CARTESIAN_POINT('',(-25.9,-11.95961970236,16.049523364232));
#314 = DIRECTION('',(0.,2.563260079254E-02,-0.999671430909));
#315 = DIRECTION('',(-1.,0.,0.));
#316 = ORIENTED_EDGE('',*,*,#286,.T.);
#317 = ORIENTED_EDGE('',*,*,#213,.T.);
#318 = ORIENTED_EDGE('',*,*,#319,.F.);
#319 = EDGE_CURVE('',#309,#206,#320,.T.);
#320 = CIRCLE('',#321,2.5);
#321 = AXIS2_PLACEMENT_3D('',#322,#323,#324);
#322 = CARTESIAN_POINT('',(-25.9,-13.85899542109,16.000821422726));
#323 = DIRECTION('',(1.,0.,-0.));
#324 = DIRECTION('',(0.,0.999671430909,2.563260079254E-02));
#325 = TOROIDAL_SURFACE('',#326,1.9,0.6);
#326 = AXIS2_PLACEMENT_3D('',#327,#328,#329);
#327 = CARTESIAN_POINT('',(-25.9,-13.85899542109,16.000821422726));
#328 = DIRECTION('',(1.,0.,0.));
#329 = DIRECTION('',(0.,0.999671430909,2.563260079254E-02));
#330 = ADVANCED_FACE('',(#331),#576,.T.);
#331 = FACE_BOUND('',#332,.T.);
#332 = EDGE_LOOP('',(#333,#343,#351,#360,#368,#375,#376,#377,#385,#394,
    #402,#411,#419,#428,#436,#445,#453,#459,#460,#469,#477,#486,#494,
    #502,#511,#519,#528,#536,#544,#552,#561,#569));
#333 = ORIENTED_EDGE('',*,*,#334,.T.);
#334 = EDGE_CURVE('',#335,#337,#339,.T.);
#335 = VERTEX_POINT('',#336);
#336 = CARTESIAN_POINT('',(-26.5,11.663478077615,2.));
#337 = VERTEX_POINT('',#338);
#338 = CARTESIAN_POINT('',(-26.5,13.5,2.));
#339 = LINE('',#340,#341);
#340 = CARTESIAN_POINT('',(-26.5,0.170698914606,2.));
#341 = VECTOR('',#342,1.);
#342 = DIRECTION('',(0.,1.,0.));
#343 = ORIENTED_EDGE('',*,*,#344,.F.);
#344 = EDGE_CURVE('',#345,#337,#347,.T.);
#345 = VERTEX_POINT('',#346);
#346 = CARTESIAN_POINT('',(-31.,13.5,2.));
#347 = LINE('',#348,#349);
#348 = CARTESIAN_POINT('',(-31.,13.5,2.));
#349 = VECTOR('',#350,1.);
#350 = DIRECTION('',(1.,0.,0.));
#351 = ORIENTED_EDGE('',*,*,#352,.F.);
#352 = EDGE_CURVE('',#353,#345,#355,.T.);
#353 = VERTEX_POINT('',#354);
#354 = CARTESIAN_POINT('',(-33.,11.5,2.));
#355 = CIRCLE('',#356,2.);
#356 = AXIS2_PLACEMENT_3D('',#357,#358,#359);
#357 = CARTESIAN_POINT('',(-31.,11.5,2.));
#358 = DIRECTION('',(0.,0.,-1.));
#359 = DIRECTION('',(1.,0.,0.));
#360 = ORIENTED_EDGE('',*,*,#361,.F.);
#361 = EDGE_CURVE('',#362,#353,#364,.T.);
#362 = VERTEX_POINT('',#363);
#363 = CARTESIAN_POINT('',(-33.,-11.5,2.));
#364 = LINE('',#365,#366);
#365 = CARTESIAN_POINT('',(-33.,-11.5,2.));
#366 = VECTOR('',#367,1.);
#367 = DIRECTION('',(0.,1.,0.));
#368 = ORIENTED_EDGE('',*,*,#369,.F.);
#369 = EDGE_CURVE('',#32,#362,#370,.T.);
#370 = CIRCLE('',#371,2.);
#371 = AXIS2_PLACEMENT_3D('',#372,#373,#374);
#372 = CARTESIAN_POINT('',(-31.,-11.5,2.));
#373 = DIRECTION('',(0.,0.,-1.));
#374 = DIRECTION('',(1.,0.,0.));
#375 = ORIENTED_EDGE('',*,*,#31,.F.);
#376 = ORIENTED_EDGE('',*,*,#294,.T.);
#377 = ORIENTED_EDGE('',*,*,#378,.T.);
#378 = EDGE_CURVE('',#252,#379,#381,.T.);
#379 = VERTEX_POINT('',#380);
#380 = CARTESIAN_POINT('',(-26.75,-8.3,2.));
#381 = LINE('',#382,#383);
#382 = CARTESIAN_POINT('',(-13.375,-8.3,2.));
#383 = VECTOR('',#384,1.);
#384 = DIRECTION('',(-1.,0.,0.));
#385 = ORIENTED_EDGE('',*,*,#386,.F.);
#386 = EDGE_CURVE('',#387,#379,#389,.T.);
#387 = VERTEX_POINT('',#388);
#388 = CARTESIAN_POINT('',(-27.75,-7.3,2.));
#389 = CIRCLE('',#390,1.);
#390 = AXIS2_PLACEMENT_3D('',#391,#392,#393);
#391 = CARTESIAN_POINT('',(-26.75,-7.3,2.));
#392 = DIRECTION('',(0.,0.,1.));
#393 = DIRECTION('',(1.,0.,0.));
#394 = ORIENTED_EDGE('',*,*,#395,.T.);
#395 = EDGE_CURVE('',#387,#396,#398,.T.);
#396 = VERTEX_POINT('',#397);
#397 = CARTESIAN_POINT('',(-27.75,4.7,2.));
#398 = LINE('',#399,#400);
#399 = CARTESIAN_POINT('',(-27.75,2.35,2.));
#400 = VECTOR('',#401,1.);
#401 = DIRECTION('',(0.,1.,0.));
#402 = ORIENTED_EDGE('',*,*,#403,.F.);
#403 = EDGE_CURVE('',#404,#396,#406,.T.);
#404 = VERTEX_POINT('',#405);
#405 = CARTESIAN_POINT('',(-26.75,5.7,2.));
#406 = CIRCLE('',#407,1.);
#407 = AXIS2_PLACEMENT_3D('',#408,#409,#410);
#408 = CARTESIAN_POINT('',(-26.75,4.7,2.));
#409 = DIRECTION('',(0.,0.,1.));
#410 = DIRECTION('',(1.,0.,0.));
#411 = ORIENTED_EDGE('',*,*,#412,.T.);
#412 = EDGE_CURVE('',#404,#413,#415,.T.);
#413 = VERTEX_POINT('',#414);
#414 = CARTESIAN_POINT('',(26.75,5.7,2.));
#415 = LINE('',#416,#417);
#416 = CARTESIAN_POINT('',(13.375,5.7,2.));
#417 = VECTOR('',#418,1.);
#418 = DIRECTION('',(1.,0.,0.));
#419 = ORIENTED_EDGE('',*,*,#420,.F.);
#420 = EDGE_CURVE('',#421,#413,#423,.T.);
#421 = VERTEX_POINT('',#422);
#422 = CARTESIAN_POINT('',(27.75,4.7,2.));
#423 = CIRCLE('',#424,1.);
#424 = AXIS2_PLACEMENT_3D('',#425,#426,#427);
#425 = CARTESIAN_POINT('',(26.75,4.7,2.));
#426 = DIRECTION('',(0.,0.,1.));
#427 = DIRECTION('',(1.,0.,0.));
#428 = ORIENTED_EDGE('',*,*,#429,.T.);
#429 = EDGE_CURVE('',#421,#430,#432,.T.);
#430 = VERTEX_POINT('',#431);
#431 = CARTESIAN_POINT('',(27.75,-7.3,2.));
#432 = LINE('',#433,#434);
#433 = CARTESIAN_POINT('',(27.75,-3.65,2.));
#434 = VECTOR('',#435,1.);
#435 = DIRECTION('',(0.,-1.,0.));
#436 = ORIENTED_EDGE('',*,*,#437,.F.);
#437 = EDGE_CURVE('',#438,#430,#440,.T.);
#438 = VERTEX_POINT('',#439);
#439 = CARTESIAN_POINT('',(26.75,-8.3,2.));
#440 = CIRCLE('',#441,1.);
#441 = AXIS2_PLACEMENT_3D('',#442,#443,#444);
#442 = CARTESIAN_POINT('',(26.75,-7.3,2.));
#443 = DIRECTION('',(0.,0.,1.));
#444 = DIRECTION('',(1.,0.,0.));
#445 = ORIENTED_EDGE('',*,*,#446,.T.);
#446 = EDGE_CURVE('',#438,#447,#449,.T.);
#447 = VERTEX_POINT('',#448);
#448 = CARTESIAN_POINT('',(26.5,-8.3,2.));
#449 = LINE('',#450,#451);
#450 = CARTESIAN_POINT('',(-13.375,-8.3,2.));
#451 = VECTOR('',#452,1.);
#452 = DIRECTION('',(-1.,0.,0.));
#453 = ORIENTED_EDGE('',*,*,#454,.F.);
#454 = EDGE_CURVE('',#62,#447,#455,.T.);
#455 = LINE('',#456,#457);
#456 = CARTESIAN_POINT('',(26.5,-13.5,2.));
#457 = VECTOR('',#458,1.);
#458 = DIRECTION('',(0.,1.,0.));
#459 = ORIENTED_EDGE('',*,*,#61,.F.);
#460 = ORIENTED_EDGE('',*,*,#461,.F.);
#461 = EDGE_CURVE('',#462,#55,#464,.T.);
#462 = VERTEX_POINT('',#463);
#463 = CARTESIAN_POINT('',(33.,-11.5,2.));
#464 = CIRCLE('',#465,2.);
#465 = AXIS2_PLACEMENT_3D('',#466,#467,#468);
#466 = CARTESIAN_POINT('',(31.,-11.5,2.));
#467 = DIRECTION('',(0.,0.,-1.));
#468 = DIRECTION('',(1.,0.,0.));
#469 = ORIENTED_EDGE('',*,*,#470,.F.);
#470 = EDGE_CURVE('',#471,#462,#473,.T.);
#471 = VERTEX_POINT('',#472);
#472 = CARTESIAN_POINT('',(33.,11.5,2.));
#473 = LINE('',#474,#475);
#474 = CARTESIAN_POINT('',(33.,11.5,2.));
#475 = VECTOR('',#476,1.);
#476 = DIRECTION('',(0.,-1.,0.));
#477 = ORIENTED_EDGE('',*,*,#478,.F.);
#478 = EDGE_CURVE('',#479,#471,#481,.T.);
#479 = VERTEX_POINT('',#480);
#480 = CARTESIAN_POINT('',(31.,13.5,2.));
#481 = CIRCLE('',#482,2.);
#482 = AXIS2_PLACEMENT_3D('',#483,#484,#485);
#483 = CARTESIAN_POINT('',(31.,11.5,2.));
#484 = DIRECTION('',(0.,0.,-1.));
#485 = DIRECTION('',(1.,0.,0.));
#486 = ORIENTED_EDGE('',*,*,#487,.F.);
#487 = EDGE_CURVE('',#488,#479,#490,.T.);
#488 = VERTEX_POINT('',#489);
#489 = CARTESIAN_POINT('',(26.5,13.5,2.));
#490 = LINE('',#491,#492);
#491 = CARTESIAN_POINT('',(-31.,13.5,2.));
#492 = VECTOR('',#493,1.);
#493 = DIRECTION('',(1.,0.,0.));
#494 = ORIENTED_EDGE('',*,*,#495,.F.);
#495 = EDGE_CURVE('',#496,#488,#498,.T.);
#496 = VERTEX_POINT('',#497);
#497 = CARTESIAN_POINT('',(26.5,11.663478077615,2.));
#498 = LINE('',#499,#500);
#499 = CARTESIAN_POINT('',(26.5,0.170698914606,2.));
#500 = VECTOR('',#501,1.);
#501 = DIRECTION('',(0.,1.,0.));
#502 = ORIENTED_EDGE('',*,*,#503,.T.);
#503 = EDGE_CURVE('',#496,#504,#506,.T.);
#504 = VERTEX_POINT('',#505);
#505 = CARTESIAN_POINT('',(25.9,11.063280871365,2.));
#506 = ELLIPSE('',#507,0.60019720625,0.6);
#507 = AXIS2_PLACEMENT_3D('',#508,#509,#510);
#508 = CARTESIAN_POINT('',(25.9,11.663478077615,2.));
#509 = DIRECTION('',(-0.,-0.,-1.));
#510 = DIRECTION('',(0.,-1.,0.));
#511 = ORIENTED_EDGE('',*,*,#512,.T.);
#512 = EDGE_CURVE('',#504,#513,#515,.T.);
#513 = VERTEX_POINT('',#514);
#514 = CARTESIAN_POINT('',(25.25,11.063280871365,2.));
#515 = LINE('',#516,#517);
#516 = CARTESIAN_POINT('',(12.325,11.063280871365,2.));
#517 = VECTOR('',#518,1.);
#518 = DIRECTION('',(-1.,0.,0.));
#519 = ORIENTED_EDGE('',*,*,#520,.F.);
#520 = EDGE_CURVE('',#521,#513,#523,.T.);
#521 = VERTEX_POINT('',#522);
#522 = CARTESIAN_POINT('',(24.65,11.663478077615,2.));
#523 = ELLIPSE('',#524,0.60019720625,0.6);
#524 = AXIS2_PLACEMENT_3D('',#525,#526,#527);
#525 = CARTESIAN_POINT('',(25.25,11.663478077615,2.));
#526 = DIRECTION('',(-0.,0.,1.));
#527 = DIRECTION('',(0.,-1.,0.));
#528 = ORIENTED_EDGE('',*,*,#529,.T.);
#529 = EDGE_CURVE('',#521,#530,#532,.T.);
#530 = VERTEX_POINT('',#531);
#531 = CARTESIAN_POINT('',(24.65,13.5,2.));
#532 = LINE('',#533,#534);
#533 = CARTESIAN_POINT('',(24.65,0.170698914606,2.));
#534 = VECTOR('',#535,1.);
#535 = DIRECTION('',(0.,1.,0.));
#536 = ORIENTED_EDGE('',*,*,#537,.F.);
#537 = EDGE_CURVE('',#538,#530,#540,.T.);
#538 = VERTEX_POINT('',#539);
#539 = CARTESIAN_POINT('',(-24.65,13.5,2.));
#540 = LINE('',#541,#542);
#541 = CARTESIAN_POINT('',(-31.,13.5,2.));
#542 = VECTOR('',#543,1.);
#543 = DIRECTION('',(1.,0.,0.));
#544 = ORIENTED_EDGE('',*,*,#545,.F.);
#545 = EDGE_CURVE('',#546,#538,#548,.T.);
#546 = VERTEX_POINT('',#547);
#547 = CARTESIAN_POINT('',(-24.65,11.663478077615,2.));
#548 = LINE('',#549,#550);
#549 = CARTESIAN_POINT('',(-24.65,0.170698914606,2.));
#550 = VECTOR('',#551,1.);
#551 = DIRECTION('',(0.,1.,0.));
#552 = ORIENTED_EDGE('',*,*,#553,.T.);
#553 = EDGE_CURVE('',#546,#554,#556,.T.);
#554 = VERTEX_POINT('',#555);
#555 = CARTESIAN_POINT('',(-25.25,11.063280871365,2.));
#556 = ELLIPSE('',#557,0.60019720625,0.6);
#557 = AXIS2_PLACEMENT_3D('',#558,#559,#560);
#558 = CARTESIAN_POINT('',(-25.25,11.663478077615,2.));
#559 = DIRECTION('',(-0.,-0.,-1.));
#560 = DIRECTION('',(0.,-1.,0.));
#561 = ORIENTED_EDGE('',*,*,#562,.F.);
#562 = EDGE_CURVE('',#563,#554,#565,.T.);
#563 = VERTEX_POINT('',#564);
#564 = CARTESIAN_POINT('',(-25.9,11.063280871365,2.));
#565 = LINE('',#566,#567);
#566 = CARTESIAN_POINT('',(-12.325,11.063280871365,2.));
#567 = VECTOR('',#568,1.);
#568 = DIRECTION('',(1.,0.,0.));
#569 = ORIENTED_EDGE('',*,*,#570,.F.);
#570 = EDGE_CURVE('',#335,#563,#571,.T.);
#571 = ELLIPSE('',#572,0.60019720625,0.6);
#572 = AXIS2_PLACEMENT_3D('',#573,#574,#575);
#573 = CARTESIAN_POINT('',(-25.9,11.663478077615,2.));
#574 = DIRECTION('',(-0.,0.,1.));
#575 = DIRECTION('',(0.,-1.,0.));
#576 = PLANE('',#577);
#577 = AXIS2_PLACEMENT_3D('',#578,#579,#580);
#578 = CARTESIAN_POINT('',(3.895021527335E-17,-1.119818689109E-16,2.));
#579 = DIRECTION('',(0.,0.,1.));
#580 = DIRECTION('',(1.,0.,0.));
#581 = ADVANCED_FACE('',(#582),#601,.T.);
#582 = FACE_BOUND('',#583,.T.);
#583 = EDGE_LOOP('',(#584,#592,#593,#594));
#584 = ORIENTED_EDGE('',*,*,#585,.T.);
#585 = EDGE_CURVE('',#586,#309,#588,.T.);
#586 = VERTEX_POINT('',#587);
#587 = CARTESIAN_POINT('',(-25.25,-11.35981684382,16.064902924708));
#588 = LINE('',#589,#590);
#589 = CARTESIAN_POINT('',(-24.65,-11.35981684382,16.064902924708));
#590 = VECTOR('',#591,1.);
#591 = DIRECTION('',(-1.,-0.,-0.));
#592 = ORIENTED_EDGE('',*,*,#319,.T.);
#593 = ORIENTED_EDGE('',*,*,#205,.F.);
#594 = ORIENTED_EDGE('',*,*,#595,.F.);
#595 = EDGE_CURVE('',#586,#174,#596,.T.);
#596 = CIRCLE('',#597,2.5);
#597 = AXIS2_PLACEMENT_3D('',#598,#599,#600);
#598 = CARTESIAN_POINT('',(-25.25,-13.85899542109,16.000821422726));
#599 = DIRECTION('',(1.,0.,-0.));
#600 = DIRECTION('',(0.,0.999671430909,2.563260079254E-02));
#601 = CYLINDRICAL_SURFACE('',#602,2.5);
#602 = AXIS2_PLACEMENT_3D('',#603,#604,#605);
#603 = CARTESIAN_POINT('',(-24.65,-13.85899542109,16.000821422726));
#604 = DIRECTION('',(1.,0.,0.));
#605 = DIRECTION('',(0.,1.,0.));
#606 = ADVANCED_FACE('',(#607),#625,.T.);
#607 = FACE_BOUND('',#608,.T.);
#608 = EDGE_LOOP('',(#609,#610,#617,#624));
#609 = ORIENTED_EDGE('',*,*,#369,.T.);
#610 = ORIENTED_EDGE('',*,*,#611,.T.);
#611 = EDGE_CURVE('',#362,#612,#614,.T.);
#612 = VERTEX_POINT('',#613);
#613 = CARTESIAN_POINT('',(-34.49999999999,-11.99999999999,21.5));
#614 = B_SPLINE_CURVE_WITH_KNOTS('',1,(#615,#616),.UNSPECIFIED.,.F.,.F.,
  (2,2),(0.,1.),.PIECEWISE_BEZIER_KNOTS.);
#615 = CARTESIAN_POINT('',(-33.,-11.5,2.));
#616 = CARTESIAN_POINT('',(-34.5,-11.99999999999,21.5));
#617 = ORIENTED_EDGE('',*,*,#618,.T.);
#618 = EDGE_CURVE('',#612,#40,#619,.T.);
#619 = CIRCLE('',#620,2.);
#620 = AXIS2_PLACEMENT_3D('',#621,#622,#623);
#621 = CARTESIAN_POINT('',(-32.49999999999,-12.,21.5));
#622 = DIRECTION('',(0.,0.,1.));
#623 = DIRECTION('',(1.,0.,0.));
#624 = ORIENTED_EDGE('',*,*,#39,.F.);
#625 = B_SPLINE_SURFACE_WITH_KNOTS('',8,1,(
    (#626,#627)
    ,(#628,#629)
    ,(#630,#631)
    ,(#632,#633)
    ,(#634,#635)
    ,(#636,#637)
    ,(#638,#639)
    ,(#640,#641)
    ,(#642,#643
    )),.UNSPECIFIED.,.F.,.F.,.F.,(9,9),(2,2),(1.570796326795,
    3.14159265359),(0.,1.),.PIECEWISE_BEZIER_KNOTS.);
#626 = CARTESIAN_POINT('',(-31.,-13.5,2.));
#627 = CARTESIAN_POINT('',(-32.49999999999,-14.,21.5));
#628 = CARTESIAN_POINT('',(-31.39269908169,-13.5,2.));
#629 = CARTESIAN_POINT('',(-32.89269908169,-14.,21.5));
#630 = CARTESIAN_POINT('',(-31.785398287,-13.41187842207,2.));
#631 = CARTESIAN_POINT('',(-33.285398287,-13.91187842207,21.5));
#632 = CARTESIAN_POINT('',(-32.15502646867,-13.23563613174,2.));
#633 = CARTESIAN_POINT('',(-33.65502646866,-13.73563613174,
    21.500000000001));
#634 = CARTESIAN_POINT('',(-32.47851751155,-12.97851751156,2.));
#635 = CARTESIAN_POINT('',(-33.97851751155,-13.47851751155,21.5));
#636 = CARTESIAN_POINT('',(-32.73563613174,-12.65502646867,2.));
#637 = CARTESIAN_POINT('',(-34.23563613174,-13.15502646866,21.5));
#638 = CARTESIAN_POINT('',(-32.91187842207,-12.285398287,2.));
#639 = CARTESIAN_POINT('',(-34.41187842207,-12.785398287,21.5));
#640 = CARTESIAN_POINT('',(-33.,-11.89269908169,2.));
#641 = CARTESIAN_POINT('',(-34.49999999999,-12.39269908169,21.5));
#642 = CARTESIAN_POINT('',(-33.,-11.5,2.));
#643 = CARTESIAN_POINT('',(-34.49999999999,-11.99999999999,21.5));
#644 = ADVANCED_FACE('',(#645),#665,.T.);
#645 = FACE_BOUND('',#646,.F.);
#646 = EDGE_LOOP('',(#647,#656,#663,#664));
#647 = ORIENTED_EDGE('',*,*,#648,.F.);
#648 = EDGE_CURVE('',#649,#586,#651,.T.);
#649 = VERTEX_POINT('',#650);
#650 = CARTESIAN_POINT('',(-24.65,-11.95961970236,16.049523364232));
#651 = CIRCLE('',#652,0.6);
#652 = AXIS2_PLACEMENT_3D('',#653,#654,#655);
#653 = CARTESIAN_POINT('',(-25.25,-11.95961970236,16.049523364232));
#654 = DIRECTION('',(0.,-2.563260079254E-02,0.999671430909));
#655 = DIRECTION('',(1.,0.,0.));
#656 = ORIENTED_EDGE('',*,*,#657,.T.);
#657 = EDGE_CURVE('',#649,#166,#658,.T.);
#658 = CIRCLE('',#659,1.9);
#659 = AXIS2_PLACEMENT_3D('',#660,#661,#662);
#660 = CARTESIAN_POINT('',(-24.65,-13.85899542109,16.000821422726));
#661 = DIRECTION('',(1.,0.,-0.));
#662 = DIRECTION('',(0.,0.999671430909,2.563260079254E-02));
#663 = ORIENTED_EDGE('',*,*,#173,.T.);
#664 = ORIENTED_EDGE('',*,*,#595,.F.);
#665 = TOROIDAL_SURFACE('',#666,1.9,0.6);
#666 = AXIS2_PLACEMENT_3D('',#667,#668,#669);
#667 = CARTESIAN_POINT('',(-25.25,-13.85899542109,16.000821422726));
#668 = DIRECTION('',(-1.,0.,0.));
#669 = DIRECTION('',(0.,0.999671430909,2.563260079254E-02));
#670 = ADVANCED_FACE('',(#671,#741),#794,.T.);
#671 = FACE_BOUND('',#672,.T.);
#672 = EDGE_LOOP('',(#673,#683,#692,#700,#709,#717,#726,#734));
#673 = ORIENTED_EDGE('',*,*,#674,.T.);
#674 = EDGE_CURVE('',#675,#677,#679,.T.);
#675 = VERTEX_POINT('',#676);
#676 = CARTESIAN_POINT('',(-36.82323274541,12.25,21.5));
#677 = VERTEX_POINT('',#678);
#678 = CARTESIAN_POINT('',(-36.82323274541,-12.25,21.5));
#679 = LINE('',#680,#681);
#680 = CARTESIAN_POINT('',(-36.82323274541,12.25,21.5));
#681 = VECTOR('',#682,1.);
#682 = DIRECTION('',(0.,-1.,0.));
#683 = ORIENTED_EDGE('',*,*,#684,.T.);
#684 = EDGE_CURVE('',#677,#685,#687,.T.);
#685 = VERTEX_POINT('',#686);
#686 = CARTESIAN_POINT('',(-33.95,-15.12323274541,21.5));
#687 = CIRCLE('',#688,2.873232745415);
#688 = AXIS2_PLACEMENT_3D('',#689,#690,#691);
#689 = CARTESIAN_POINT('',(-33.95,-12.25,21.5));
#690 = DIRECTION('',(0.,0.,1.));
#691 = DIRECTION('',(1.,0.,0.));
#692 = ORIENTED_EDGE('',*,*,#693,.T.);
#693 = EDGE_CURVE('',#685,#694,#696,.T.);
#694 = VERTEX_POINT('',#695);
#695 = CARTESIAN_POINT('',(33.95,-15.12323274541,21.5));
#696 = LINE('',#697,#698);
#697 = CARTESIAN_POINT('',(-33.95,-15.12323274541,21.5));
#698 = VECTOR('',#699,1.);
#699 = DIRECTION('',(1.,0.,0.));
#700 = ORIENTED_EDGE('',*,*,#701,.T.);
#701 = EDGE_CURVE('',#694,#702,#704,.T.);
#702 = VERTEX_POINT('',#703);
#703 = CARTESIAN_POINT('',(36.823232745415,-12.25,21.5));
#704 = CIRCLE('',#705,2.873232745415);
#705 = AXIS2_PLACEMENT_3D('',#706,#707,#708);
#706 = CARTESIAN_POINT('',(33.95,-12.25,21.5));
#707 = DIRECTION('',(0.,0.,1.));
#708 = DIRECTION('',(1.,0.,0.));
#709 = ORIENTED_EDGE('',*,*,#710,.T.);
#710 = EDGE_CURVE('',#702,#711,#713,.T.);
#711 = VERTEX_POINT('',#712);
#712 = CARTESIAN_POINT('',(36.823232745415,12.25,21.5));
#713 = LINE('',#714,#715);
#714 = CARTESIAN_POINT('',(36.823232745415,-12.25,21.5));
#715 = VECTOR('',#716,1.);
#716 = DIRECTION('',(0.,1.,0.));
#717 = ORIENTED_EDGE('',*,*,#718,.T.);
#718 = EDGE_CURVE('',#711,#719,#721,.T.);
#719 = VERTEX_POINT('',#720);
#720 = CARTESIAN_POINT('',(33.95,15.123232745415,21.5));
#721 = CIRCLE('',#722,2.873232745415);
#722 = AXIS2_PLACEMENT_3D('',#723,#724,#725);
#723 = CARTESIAN_POINT('',(33.95,12.25,21.5));
#724 = DIRECTION('',(0.,0.,1.));
#725 = DIRECTION('',(1.,0.,0.));
#726 = ORIENTED_EDGE('',*,*,#727,.T.);
#727 = EDGE_CURVE('',#719,#728,#730,.T.);
#728 = VERTEX_POINT('',#729);
#729 = CARTESIAN_POINT('',(-33.95,15.123232745415,21.5));
#730 = LINE('',#731,#732);
#731 = CARTESIAN_POINT('',(33.95,15.123232745415,21.5));
#732 = VECTOR('',#733,1.);
#733 = DIRECTION('',(-1.,0.,0.));
#734 = ORIENTED_EDGE('',*,*,#735,.T.);
#735 = EDGE_CURVE('',#728,#675,#736,.T.);
#736 = CIRCLE('',#737,2.873232745415);
#737 = AXIS2_PLACEMENT_3D('',#738,#739,#740);
#738 = CARTESIAN_POINT('',(-33.95,12.25,21.5));
#739 = DIRECTION('',(0.,0.,1.));
#740 = DIRECTION('',(1.,0.,0.));
#741 = FACE_BOUND('',#742,.T.);
#742 = EDGE_LOOP('',(#743,#751,#760,#768,#777,#785,#792,#793));
#743 = ORIENTED_EDGE('',*,*,#744,.F.);
#744 = EDGE_CURVE('',#745,#612,#747,.T.);
#745 = VERTEX_POINT('',#746);
#746 = CARTESIAN_POINT('',(-34.5,12.,21.5));
#747 = LINE('',#748,#749);
#748 = CARTESIAN_POINT('',(-34.5,12.,21.5));
#749 = VECTOR('',#750,1.);
#750 = DIRECTION('',(0.,-1.,0.));
#751 = ORIENTED_EDGE('',*,*,#752,.F.);
#752 = EDGE_CURVE('',#753,#745,#755,.T.);
#753 = VERTEX_POINT('',#754);
#754 = CARTESIAN_POINT('',(-32.5,14.,21.5));
#755 = CIRCLE('',#756,2.);
#756 = AXIS2_PLACEMENT_3D('',#757,#758,#759);
#757 = CARTESIAN_POINT('',(-32.5,12.,21.5));
#758 = DIRECTION('',(0.,0.,1.));
#759 = DIRECTION('',(1.,0.,0.));
#760 = ORIENTED_EDGE('',*,*,#761,.F.);
#761 = EDGE_CURVE('',#762,#753,#764,.T.);
#762 = VERTEX_POINT('',#763);
#763 = CARTESIAN_POINT('',(32.499999999997,14.,21.5));
#764 = LINE('',#765,#766);
#765 = CARTESIAN_POINT('',(32.499999999997,14.,21.5));
#766 = VECTOR('',#767,1.);
#767 = DIRECTION('',(-1.,0.,0.));
#768 = ORIENTED_EDGE('',*,*,#769,.F.);
#769 = EDGE_CURVE('',#770,#762,#772,.T.);
#770 = VERTEX_POINT('',#771);
#771 = CARTESIAN_POINT('',(34.499999999999,11.999999999998,21.5));
#772 = CIRCLE('',#773,2.);
#773 = AXIS2_PLACEMENT_3D('',#774,#775,#776);
#774 = CARTESIAN_POINT('',(32.499999999998,12.,21.5));
#775 = DIRECTION('',(0.,0.,1.));
#776 = DIRECTION('',(1.,0.,0.));
#777 = ORIENTED_EDGE('',*,*,#778,.F.);
#778 = EDGE_CURVE('',#779,#770,#781,.T.);
#779 = VERTEX_POINT('',#780);
#780 = CARTESIAN_POINT('',(34.5,-12.,21.5));
#781 = LINE('',#782,#783);
#782 = CARTESIAN_POINT('',(34.5,-12.,21.5));
#783 = VECTOR('',#784,1.);
#784 = DIRECTION('',(0.,1.,0.));
#785 = ORIENTED_EDGE('',*,*,#786,.F.);
#786 = EDGE_CURVE('',#47,#779,#787,.T.);
#787 = CIRCLE('',#788,2.);
#788 = AXIS2_PLACEMENT_3D('',#789,#790,#791);
#789 = CARTESIAN_POINT('',(32.5,-12.,21.5));
#790 = DIRECTION('',(0.,0.,1.));
#791 = DIRECTION('',(1.,0.,0.));
#792 = ORIENTED_EDGE('',*,*,#46,.F.);
#793 = ORIENTED_EDGE('',*,*,#618,.F.);
#794 = PLANE('',#795);
#795 = AXIS2_PLACEMENT_3D('',#796,#797,#798);
#796 = CARTESIAN_POINT('',(-33.95,-12.25,21.5));
#797 = DIRECTION('',(0.,0.,1.));
#798 = DIRECTION('',(1.,0.,0.));
#799 = ADVANCED_FACE('',(#800),#843,.T.);
#800 = FACE_BOUND('',#801,.T.);
#801 = EDGE_LOOP('',(#802,#812,#820,#829,#835,#836,#837));
#802 = ORIENTED_EDGE('',*,*,#803,.T.);
#803 = EDGE_CURVE('',#804,#806,#808,.T.);
#804 = VERTEX_POINT('',#805);
#805 = CARTESIAN_POINT('',(-24.65,-8.3,2.));
#806 = VERTEX_POINT('',#807);
#807 = CARTESIAN_POINT('',(-24.65,-8.3,8.9));
#808 = LINE('',#809,#810);
#809 = CARTESIAN_POINT('',(-24.65,-8.3,2.));
#810 = VECTOR('',#811,1.);
#811 = DIRECTION('',(0.,0.,1.));
#812 = ORIENTED_EDGE('',*,*,#813,.T.);
#813 = EDGE_CURVE('',#806,#814,#816,.T.);
#814 = VERTEX_POINT('',#815);
#815 = CARTESIAN_POINT('',(-24.65,-10.60667340873,8.9));
#816 = LINE('',#817,#818);
#817 = CARTESIAN_POINT('',(-24.65,-8.3,8.9));
#818 = VECTOR('',#819,1.);
#819 = DIRECTION('',(0.,-1.,0.));
#820 = ORIENTED_EDGE('',*,*,#821,.T.);
#821 = EDGE_CURVE('',#814,#822,#824,.T.);
#822 = VERTEX_POINT('',#823);
#823 = CARTESIAN_POINT('',(-24.65,-11.80627912582,10.069240879049));
#824 = CIRCLE('',#825,1.2);
#825 = AXIS2_PLACEMENT_3D('',#826,#827,#828);
#826 = CARTESIAN_POINT('',(-24.65,-10.60667340873,10.1));
#827 = DIRECTION('',(-1.,-0.,-0.));
#828 = DIRECTION('',(0.,0.,-1.));
#829 = ORIENTED_EDGE('',*,*,#830,.T.);
#830 = EDGE_CURVE('',#822,#649,#831,.T.);
#831 = LINE('',#832,#833);
#832 = CARTESIAN_POINT('',(-24.65,-11.79128885814,9.484620439524));
#833 = VECTOR('',#834,1.);
#834 = DIRECTION('',(0.,-2.563260079254E-02,0.999671430909));
#835 = ORIENTED_EDGE('',*,*,#657,.T.);
#836 = ORIENTED_EDGE('',*,*,#165,.T.);
#837 = ORIENTED_EDGE('',*,*,#838,.T.);
#838 = EDGE_CURVE('',#158,#804,#839,.T.);
#839 = LINE('',#840,#841);
#840 = CARTESIAN_POINT('',(-24.65,-13.5,2.));
#841 = VECTOR('',#842,1.);
#842 = DIRECTION('',(0.,1.,0.));
#843 = PLANE('',#844);
#844 = AXIS2_PLACEMENT_3D('',#845,#846,#847);
#845 = CARTESIAN_POINT('',(-24.65,0.341397829211,9.204769886382));
#846 = DIRECTION('',(1.,0.,0.));
#847 = DIRECTION('',(0.,0.,1.));
#848 = ADVANCED_FACE('',(#849),#859,.T.);
#849 = FACE_BOUND('',#850,.T.);
#850 = EDGE_LOOP('',(#851,#852,#853,#854));
#851 = ORIENTED_EDGE('',*,*,#461,.T.);
#852 = ORIENTED_EDGE('',*,*,#54,.T.);
#853 = ORIENTED_EDGE('',*,*,#786,.T.);
#854 = ORIENTED_EDGE('',*,*,#855,.F.);
#855 = EDGE_CURVE('',#462,#779,#856,.T.);
#856 = B_SPLINE_CURVE_WITH_KNOTS('',1,(#857,#858),.UNSPECIFIED.,.F.,.F.,
  (2,2),(0.,1.),.PIECEWISE_BEZIER_KNOTS.);
#857 = CARTESIAN_POINT('',(33.,-11.5,2.));
#858 = CARTESIAN_POINT('',(34.5,-12.,21.5));
#859 = B_SPLINE_SURFACE_WITH_KNOTS('',8,1,(
    (#860,#861)
    ,(#862,#863)
    ,(#864,#865)
    ,(#866,#867)
    ,(#868,#869)
    ,(#870,#871)
    ,(#872,#873)
    ,(#874,#875)
    ,(#876,#877
    )),.UNSPECIFIED.,.F.,.F.,.F.,(9,9),(2,2),(2.E-16,1.570796326795),(0.
    ,1.),.PIECEWISE_BEZIER_KNOTS.);
#860 = CARTESIAN_POINT('',(33.,-11.5,2.));
#861 = CARTESIAN_POINT('',(34.5,-12.,21.5));
#862 = CARTESIAN_POINT('',(33.,-11.89269908169,2.));
#863 = CARTESIAN_POINT('',(34.5,-12.39269908169,21.5));
#864 = CARTESIAN_POINT('',(32.911878422078,-12.285398287,2.));
#865 = CARTESIAN_POINT('',(34.411878422078,-12.785398287,21.5));
#866 = CARTESIAN_POINT('',(32.735636131742,-12.65502646867,2.));
#867 = CARTESIAN_POINT('',(34.235636131743,-13.15502646867,21.5));
#868 = CARTESIAN_POINT('',(32.478517511561,-12.97851751156,2.));
#869 = CARTESIAN_POINT('',(33.978517511561,-13.47851751156,21.5));
#870 = CARTESIAN_POINT('',(32.15502646867,-13.23563613174,2.));
#871 = CARTESIAN_POINT('',(33.65502646867,-13.73563613174,21.5));
#872 = CARTESIAN_POINT('',(31.785398287009,-13.41187842207,2.));
#873 = CARTESIAN_POINT('',(33.285398287009,-13.91187842207,21.5));
#874 = CARTESIAN_POINT('',(31.392699081699,-13.5,2.));
#875 = CARTESIAN_POINT('',(32.892699081699,-14.,21.5));
#876 = CARTESIAN_POINT('',(31.,-13.5,2.));
#877 = CARTESIAN_POINT('',(32.5,-14.,21.5));
#878 = ADVANCED_FACE('',(#879),#897,.T.);
#879 = FACE_BOUND('',#880,.T.);
#880 = EDGE_LOOP('',(#881,#889,#895,#896));
#881 = ORIENTED_EDGE('',*,*,#882,.T.);
#882 = EDGE_CURVE('',#150,#883,#885,.T.);
#883 = VERTEX_POINT('',#884);
#884 = CARTESIAN_POINT('',(24.65,-8.3,2.));
#885 = LINE('',#886,#887);
#886 = CARTESIAN_POINT('',(24.65,-13.5,2.));
#887 = VECTOR('',#888,1.);
#888 = DIRECTION('',(0.,1.,0.));
#889 = ORIENTED_EDGE('',*,*,#890,.T.);
#890 = EDGE_CURVE('',#883,#804,#891,.T.);
#891 = LINE('',#892,#893);
#892 = CARTESIAN_POINT('',(-13.375,-8.3,2.));
#893 = VECTOR('',#894,1.);
#894 = DIRECTION('',(-1.,0.,0.));
#895 = ORIENTED_EDGE('',*,*,#838,.F.);
#896 = ORIENTED_EDGE('',*,*,#157,.F.);
#897 = PLANE('',#898);
#898 = AXIS2_PLACEMENT_3D('',#899,#900,#901);
#899 = CARTESIAN_POINT('',(3.895021527335E-17,-1.119818689109E-16,2.));
#900 = DIRECTION('',(0.,0.,1.));
#901 = DIRECTION('',(1.,0.,0.));
#902 = ADVANCED_FACE('',(#903),#947,.F.);
#903 = FACE_BOUND('',#904,.F.);
#904 = EDGE_LOOP('',(#905,#913,#921,#930,#938,#945,#946));
#905 = ORIENTED_EDGE('',*,*,#906,.T.);
#906 = EDGE_CURVE('',#883,#907,#909,.T.);
#907 = VERTEX_POINT('',#908);
#908 = CARTESIAN_POINT('',(24.65,-8.3,8.9));
#909 = LINE('',#910,#911);
#910 = CARTESIAN_POINT('',(24.65,-8.3,2.));
#911 = VECTOR('',#912,1.);
#912 = DIRECTION('',(0.,0.,1.));
#913 = ORIENTED_EDGE('',*,*,#914,.T.);
#914 = EDGE_CURVE('',#907,#915,#917,.T.);
#915 = VERTEX_POINT('',#916);
#916 = CARTESIAN_POINT('',(24.65,-10.60667340873,8.9));
#917 = LINE('',#918,#919);
#918 = CARTESIAN_POINT('',(24.65,-8.3,8.9));
#919 = VECTOR('',#920,1.);
#920 = DIRECTION('',(0.,-1.,0.));
#921 = ORIENTED_EDGE('',*,*,#922,.T.);
#922 = EDGE_CURVE('',#915,#923,#925,.T.);
#923 = VERTEX_POINT('',#924);
#924 = CARTESIAN_POINT('',(24.65,-11.80627912582,10.069240879049));
#925 = CIRCLE('',#926,1.2);
#926 = AXIS2_PLACEMENT_3D('',#927,#928,#929);
#927 = CARTESIAN_POINT('',(24.65,-10.60667340873,10.1));
#928 = DIRECTION('',(-1.,-0.,-0.));
#929 = DIRECTION('',(0.,0.,-1.));
#930 = ORIENTED_EDGE('',*,*,#931,.T.);
#931 = EDGE_CURVE('',#923,#932,#934,.T.);
#932 = VERTEX_POINT('',#933);
#933 = CARTESIAN_POINT('',(24.65,-11.95961970236,16.049523364232));
#934 = LINE('',#935,#936);
#935 = CARTESIAN_POINT('',(24.65,-11.79128885814,9.484620439524));
#936 = VECTOR('',#937,1.);
#937 = DIRECTION('',(0.,-2.563260079254E-02,0.999671430909));
#938 = ORIENTED_EDGE('',*,*,#939,.T.);
#939 = EDGE_CURVE('',#932,#118,#940,.T.);
#940 = CIRCLE('',#941,1.9);
#941 = AXIS2_PLACEMENT_3D('',#942,#943,#944);
#942 = CARTESIAN_POINT('',(24.65,-13.85899542109,16.000821422726));
#943 = DIRECTION('',(1.,0.,-0.));
#944 = DIRECTION('',(0.,0.999671430909,2.563260079254E-02));
#945 = ORIENTED_EDGE('',*,*,#149,.T.);
#946 = ORIENTED_EDGE('',*,*,#882,.T.);
#947 = PLANE('',#948);
#948 = AXIS2_PLACEMENT_3D('',#949,#950,#951);
#949 = CARTESIAN_POINT('',(24.65,0.341397829211,9.204769886382));
#950 = DIRECTION('',(1.,0.,0.));
#951 = DIRECTION('',(0.,0.,1.));
#952 = ADVANCED_FACE('',(#953),#997,.T.);
#953 = FACE_BOUND('',#954,.T.);
#954 = EDGE_LOOP('',(#955,#963,#971,#980,#988,#995,#996));
#955 = ORIENTED_EDGE('',*,*,#956,.T.);
#956 = EDGE_CURVE('',#447,#957,#959,.T.);
#957 = VERTEX_POINT('',#958);
#958 = CARTESIAN_POINT('',(26.5,-8.3,8.9));
#959 = LINE('',#960,#961);
#960 = CARTESIAN_POINT('',(26.5,-8.3,2.));
#961 = VECTOR('',#962,1.);
#962 = DIRECTION('',(0.,0.,1.));
#963 = ORIENTED_EDGE('',*,*,#964,.T.);
#964 = EDGE_CURVE('',#957,#965,#967,.T.);
#965 = VERTEX_POINT('',#966);
#966 = CARTESIAN_POINT('',(26.5,-10.60667340873,8.9));
#967 = LINE('',#968,#969);
#968 = CARTESIAN_POINT('',(26.5,-8.3,8.9));
#969 = VECTOR('',#970,1.);
#970 = DIRECTION('',(0.,-1.,0.));
#971 = ORIENTED_EDGE('',*,*,#972,.T.);
#972 = EDGE_CURVE('',#965,#973,#975,.T.);
#973 = VERTEX_POINT('',#974);
#974 = CARTESIAN_POINT('',(26.5,-11.80627912582,10.069240879049));
#975 = CIRCLE('',#976,1.2);
#976 = AXIS2_PLACEMENT_3D('',#977,#978,#979);
#977 = CARTESIAN_POINT('',(26.5,-10.60667340873,10.1));
#978 = DIRECTION('',(-1.,-0.,-0.));
#979 = DIRECTION('',(0.,0.,-1.));
#980 = ORIENTED_EDGE('',*,*,#981,.T.);
#981 = EDGE_CURVE('',#973,#982,#984,.T.);
#982 = VERTEX_POINT('',#983);
#983 = CARTESIAN_POINT('',(26.5,-11.95961970236,16.049523364232));
#984 = LINE('',#985,#986);
#985 = CARTESIAN_POINT('',(26.5,-11.79128885814,9.484620439524));
#986 = VECTOR('',#987,1.);
#987 = DIRECTION('',(0.,-2.563260079254E-02,0.999671430909));
#988 = ORIENTED_EDGE('',*,*,#989,.T.);
#989 = EDGE_CURVE('',#982,#70,#990,.T.);
#990 = CIRCLE('',#991,1.9);
#991 = AXIS2_PLACEMENT_3D('',#992,#993,#994);
#992 = CARTESIAN_POINT('',(26.5,-13.85899542109,16.000821422726));
#993 = DIRECTION('',(1.,0.,-0.));
#994 = DIRECTION('',(0.,0.999671430909,2.563260079254E-02));
#995 = ORIENTED_EDGE('',*,*,#69,.T.);
#996 = ORIENTED_EDGE('',*,*,#454,.T.);
#997 = PLANE('',#998);
#998 = AXIS2_PLACEMENT_3D('',#999,#1000,#1001);
#999 = CARTESIAN_POINT('',(26.5,0.341397829211,9.204769886382));
#1000 = DIRECTION('',(1.,0.,0.));
#1001 = DIRECTION('',(0.,0.,1.));
#1002 = ADVANCED_FACE('',(#1003),#1023,.T.);
#1003 = FACE_BOUND('',#1004,.T.);
#1004 = EDGE_LOOP('',(#1005,#1014,#1015,#1016));
#1005 = ORIENTED_EDGE('',*,*,#1006,.F.);
#1006 = EDGE_CURVE('',#932,#1007,#1009,.T.);
#1007 = VERTEX_POINT('',#1008);
#1008 = CARTESIAN_POINT('',(25.25,-11.35981684382,16.064902924708));
#1009 = CIRCLE('',#1010,0.6);
#1010 = AXIS2_PLACEMENT_3D('',#1011,#1012,#1013);
#1011 = CARTESIAN_POINT('',(25.25,-11.95961970236,16.049523364232));
#1012 = DIRECTION('',(0.,2.563260079254E-02,-0.999671430909));
#1013 = DIRECTION('',(-1.,0.,0.));
#1014 = ORIENTED_EDGE('',*,*,#939,.T.);
#1015 = ORIENTED_EDGE('',*,*,#117,.T.);
#1016 = ORIENTED_EDGE('',*,*,#1017,.F.);
#1017 = EDGE_CURVE('',#1007,#110,#1018,.T.);
#1018 = CIRCLE('',#1019,2.5);
#1019 = AXIS2_PLACEMENT_3D('',#1020,#1021,#1022);
#1020 = CARTESIAN_POINT('',(25.25,-13.85899542109,16.000821422726));
#1021 = DIRECTION('',(1.,0.,-0.));
#1022 = DIRECTION('',(0.,0.999671430909,2.563260079254E-02));
#1023 = TOROIDAL_SURFACE('',#1024,1.9,0.6);
#1024 = AXIS2_PLACEMENT_3D('',#1025,#1026,#1027);
#1025 = CARTESIAN_POINT('',(25.25,-13.85899542109,16.000821422726));
#1026 = DIRECTION('',(1.,0.,0.));
#1027 = DIRECTION('',(0.,0.999671430909,2.563260079254E-02));
#1028 = ADVANCED_FACE('',(#1029),#1049,.T.);
#1029 = FACE_BOUND('',#1030,.F.);
#1030 = EDGE_LOOP('',(#1031,#1040,#1041,#1042));
#1031 = ORIENTED_EDGE('',*,*,#1032,.F.);
#1032 = EDGE_CURVE('',#982,#1033,#1035,.T.);
#1033 = VERTEX_POINT('',#1034);
#1034 = CARTESIAN_POINT('',(25.9,-11.35981684382,16.064902924708));
#1035 = CIRCLE('',#1036,0.6);
#1036 = AXIS2_PLACEMENT_3D('',#1037,#1038,#1039);
#1037 = CARTESIAN_POINT('',(25.9,-11.95961970236,16.049523364232));
#1038 = DIRECTION('',(0.,-2.563260079254E-02,0.999671430909));
#1039 = DIRECTION('',(1.,0.,0.));
#1040 = ORIENTED_EDGE('',*,*,#989,.T.);
#1041 = ORIENTED_EDGE('',*,*,#77,.T.);
#1042 = ORIENTED_EDGE('',*,*,#1043,.F.);
#1043 = EDGE_CURVE('',#1033,#78,#1044,.T.);
#1044 = CIRCLE('',#1045,2.5);
#1045 = AXIS2_PLACEMENT_3D('',#1046,#1047,#1048);
#1046 = CARTESIAN_POINT('',(25.9,-13.85899542109,16.000821422726));
#1047 = DIRECTION('',(1.,0.,-0.));
#1048 = DIRECTION('',(0.,0.999671430909,2.563260079254E-02));
#1049 = TOROIDAL_SURFACE('',#1050,1.9,0.6);
#1050 = AXIS2_PLACEMENT_3D('',#1051,#1052,#1053);
#1051 = CARTESIAN_POINT('',(25.9,-13.85899542109,16.000821422726));
#1052 = DIRECTION('',(-1.,0.,0.));
#1053 = DIRECTION('',(0.,0.999671430909,2.563260079254E-02));
#1054 = ADVANCED_FACE('',(#1055),#1066,.T.);
#1055 = FACE_BOUND('',#1056,.F.);
#1056 = EDGE_LOOP('',(#1057,#1063,#1064,#1065));
#1057 = ORIENTED_EDGE('',*,*,#1058,.T.);
#1058 = EDGE_CURVE('',#1007,#1033,#1059,.T.);
#1059 = LINE('',#1060,#1061);
#1060 = CARTESIAN_POINT('',(24.65,-11.35981684382,16.064902924708));
#1061 = VECTOR('',#1062,1.);
#1062 = DIRECTION('',(1.,0.,0.));
#1063 = ORIENTED_EDGE('',*,*,#1043,.T.);
#1064 = ORIENTED_EDGE('',*,*,#109,.F.);
#1065 = ORIENTED_EDGE('',*,*,#1017,.F.);
#1066 = CYLINDRICAL_SURFACE('',#1067,2.5);
#1067 = AXIS2_PLACEMENT_3D('',#1068,#1069,#1070);
#1068 = CARTESIAN_POINT('',(24.65,-13.85899542109,16.000821422726));
#1069 = DIRECTION('',(-1.,-0.,-0.));
#1070 = DIRECTION('',(0.,1.,0.));
#1071 = ADVANCED_FACE('',(#1072),#1151,.T.);
#1072 = FACE_BOUND('',#1073,.T.);
#1073 = EDGE_LOOP('',(#1074,#1082,#1090,#1096,#1097,#1098,#1107,#1115,
    #1122,#1123,#1124,#1125,#1134,#1142,#1149,#1150));
#1074 = ORIENTED_EDGE('',*,*,#1075,.F.);
#1075 = EDGE_CURVE('',#1076,#438,#1078,.T.);
#1076 = VERTEX_POINT('',#1077);
#1077 = CARTESIAN_POINT('',(26.75,-8.3,17.9));
#1078 = LINE('',#1079,#1080);
#1079 = CARTESIAN_POINT('',(26.75,-8.3,18.5));
#1080 = VECTOR('',#1081,1.);
#1081 = DIRECTION('',(-0.,-0.,-1.));
#1082 = ORIENTED_EDGE('',*,*,#1083,.F.);
#1083 = EDGE_CURVE('',#1084,#1076,#1086,.T.);
#1084 = VERTEX_POINT('',#1085);
#1085 = CARTESIAN_POINT('',(-26.75,-8.3,17.9));
#1086 = LINE('',#1087,#1088);
#1087 = CARTESIAN_POINT('',(-26.75,-8.3,17.9));
#1088 = VECTOR('',#1089,1.);
#1089 = DIRECTION('',(1.,0.,0.));
#1090 = ORIENTED_EDGE('',*,*,#1091,.T.);
#1091 = EDGE_CURVE('',#1084,#379,#1092,.T.);
#1092 = LINE('',#1093,#1094);
#1093 = CARTESIAN_POINT('',(-26.75,-8.3,18.5));
#1094 = VECTOR('',#1095,1.);
#1095 = DIRECTION('',(-0.,-0.,-1.));
#1096 = ORIENTED_EDGE('',*,*,#378,.F.);
#1097 = ORIENTED_EDGE('',*,*,#251,.T.);
#1098 = ORIENTED_EDGE('',*,*,#1099,.T.);
#1099 = EDGE_CURVE('',#254,#1100,#1102,.T.);
#1100 = VERTEX_POINT('',#1101);
#1101 = CARTESIAN_POINT('',(-25.9,-8.3,9.5));
#1102 = CIRCLE('',#1103,0.6);
#1103 = AXIS2_PLACEMENT_3D('',#1104,#1105,#1106);
#1104 = CARTESIAN_POINT('',(-25.9,-8.3,8.9));
#1105 = DIRECTION('',(-0.,1.,0.));
#1106 = DIRECTION('',(0.,0.,-1.));
#1107 = ORIENTED_EDGE('',*,*,#1108,.F.);
#1108 = EDGE_CURVE('',#1109,#1100,#1111,.T.);
#1109 = VERTEX_POINT('',#1110);
#1110 = CARTESIAN_POINT('',(-25.25,-8.3,9.5));
#1111 = LINE('',#1112,#1113);
#1112 = CARTESIAN_POINT('',(-24.65,-8.3,9.5));
#1113 = VECTOR('',#1114,1.);
#1114 = DIRECTION('',(-1.,-0.,-0.));
#1115 = ORIENTED_EDGE('',*,*,#1116,.F.);
#1116 = EDGE_CURVE('',#806,#1109,#1117,.T.);
#1117 = CIRCLE('',#1118,0.6);
#1118 = AXIS2_PLACEMENT_3D('',#1119,#1120,#1121);
#1119 = CARTESIAN_POINT('',(-25.25,-8.3,8.9));
#1120 = DIRECTION('',(0.,-1.,0.));
#1121 = DIRECTION('',(0.,0.,-1.));
#1122 = ORIENTED_EDGE('',*,*,#803,.F.);
#1123 = ORIENTED_EDGE('',*,*,#890,.F.);
#1124 = ORIENTED_EDGE('',*,*,#906,.T.);
#1125 = ORIENTED_EDGE('',*,*,#1126,.T.);
#1126 = EDGE_CURVE('',#907,#1127,#1129,.T.);
#1127 = VERTEX_POINT('',#1128);
#1128 = CARTESIAN_POINT('',(25.25,-8.3,9.5));
#1129 = CIRCLE('',#1130,0.6);
#1130 = AXIS2_PLACEMENT_3D('',#1131,#1132,#1133);
#1131 = CARTESIAN_POINT('',(25.25,-8.3,8.9));
#1132 = DIRECTION('',(-0.,1.,0.));
#1133 = DIRECTION('',(0.,0.,-1.));
#1134 = ORIENTED_EDGE('',*,*,#1135,.T.);
#1135 = EDGE_CURVE('',#1127,#1136,#1138,.T.);
#1136 = VERTEX_POINT('',#1137);
#1137 = CARTESIAN_POINT('',(25.9,-8.3,9.5));
#1138 = LINE('',#1139,#1140);
#1139 = CARTESIAN_POINT('',(24.65,-8.3,9.5));
#1140 = VECTOR('',#1141,1.);
#1141 = DIRECTION('',(1.,0.,0.));
#1142 = ORIENTED_EDGE('',*,*,#1143,.F.);
#1143 = EDGE_CURVE('',#957,#1136,#1144,.T.);
#1144 = CIRCLE('',#1145,0.6);
#1145 = AXIS2_PLACEMENT_3D('',#1146,#1147,#1148);
#1146 = CARTESIAN_POINT('',(25.9,-8.3,8.9));
#1147 = DIRECTION('',(0.,-1.,0.));
#1148 = DIRECTION('',(0.,0.,-1.));
#1149 = ORIENTED_EDGE('',*,*,#956,.F.);
#1150 = ORIENTED_EDGE('',*,*,#446,.F.);
#1151 = PLANE('',#1152);
#1152 = AXIS2_PLACEMENT_3D('',#1153,#1154,#1155);
#1153 = CARTESIAN_POINT('',(-26.75,-8.3,18.5));
#1154 = DIRECTION('',(0.,-1.,0.));
#1155 = DIRECTION('',(1.,0.,0.));
#1156 = ADVANCED_FACE('',(#1157),#1176,.T.);
#1157 = FACE_BOUND('',#1158,.F.);
#1158 = EDGE_LOOP('',(#1159,#1160,#1168,#1175));
#1159 = ORIENTED_EDGE('',*,*,#1099,.T.);
#1160 = ORIENTED_EDGE('',*,*,#1161,.T.);
#1161 = EDGE_CURVE('',#1100,#1162,#1164,.T.);
#1162 = VERTEX_POINT('',#1163);
#1163 = CARTESIAN_POINT('',(-25.9,-10.60667340873,9.5));
#1164 = LINE('',#1165,#1166);
#1165 = CARTESIAN_POINT('',(-25.9,-8.3,9.5));
#1166 = VECTOR('',#1167,1.);
#1167 = DIRECTION('',(0.,-1.,0.));
#1168 = ORIENTED_EDGE('',*,*,#1169,.F.);
#1169 = EDGE_CURVE('',#262,#1162,#1170,.T.);
#1170 = CIRCLE('',#1171,0.6);
#1171 = AXIS2_PLACEMENT_3D('',#1172,#1173,#1174);
#1172 = CARTESIAN_POINT('',(-25.9,-10.60667340873,8.9));
#1173 = DIRECTION('',(-0.,1.,0.));
#1174 = DIRECTION('',(0.,0.,-1.));
#1175 = ORIENTED_EDGE('',*,*,#261,.F.);
#1176 = CYLINDRICAL_SURFACE('',#1177,0.6);
#1177 = AXIS2_PLACEMENT_3D('',#1178,#1179,#1180);
#1178 = CARTESIAN_POINT('',(-25.9,-8.3,8.9));
#1179 = DIRECTION('',(0.,-1.,0.));
#1180 = DIRECTION('',(-1.,0.,0.));
#1181 = ADVANCED_FACE('',(#1182),#1202,.T.);
#1182 = FACE_BOUND('',#1183,.T.);
#1183 = EDGE_LOOP('',(#1184,#1185,#1186,#1195));
#1184 = ORIENTED_EDGE('',*,*,#1169,.F.);
#1185 = ORIENTED_EDGE('',*,*,#269,.T.);
#1186 = ORIENTED_EDGE('',*,*,#1187,.T.);
#1187 = EDGE_CURVE('',#270,#1188,#1190,.T.);
#1188 = VERTEX_POINT('',#1189);
#1189 = CARTESIAN_POINT('',(-25.9,-11.20647626727,10.084620439524));
#1190 = CIRCLE('',#1191,0.6);
#1191 = AXIS2_PLACEMENT_3D('',#1192,#1193,#1194);
#1192 = CARTESIAN_POINT('',(-25.9,-11.80627912582,10.069240879049));
#1193 = DIRECTION('',(0.,2.563260079254E-02,-0.999671430909));
#1194 = DIRECTION('',(0.,-0.999671430909,-2.563260079254E-02));
#1195 = ORIENTED_EDGE('',*,*,#1196,.F.);
#1196 = EDGE_CURVE('',#1162,#1188,#1197,.T.);
#1197 = CIRCLE('',#1198,0.6);
#1198 = AXIS2_PLACEMENT_3D('',#1199,#1200,#1201);
#1199 = CARTESIAN_POINT('',(-25.9,-10.60667340873,10.1));
#1200 = DIRECTION('',(-1.,-0.,-0.));
#1201 = DIRECTION('',(0.,0.,-1.));
#1202 = TOROIDAL_SURFACE('',#1203,1.2,0.6);
#1203 = AXIS2_PLACEMENT_3D('',#1204,#1205,#1206);
#1204 = CARTESIAN_POINT('',(-25.9,-10.60667340873,10.1));
#1205 = DIRECTION('',(-1.,0.,0.));
#1206 = DIRECTION('',(0.,0.,-1.));
#1207 = ADVANCED_FACE('',(#1208),#1219,.T.);
#1208 = FACE_BOUND('',#1209,.F.);
#1209 = EDGE_LOOP('',(#1210,#1211,#1217,#1218));
#1210 = ORIENTED_EDGE('',*,*,#1187,.T.);
#1211 = ORIENTED_EDGE('',*,*,#1212,.T.);
#1212 = EDGE_CURVE('',#1188,#309,#1213,.T.);
#1213 = LINE('',#1214,#1215);
#1214 = CARTESIAN_POINT('',(-25.9,-11.19148599959,9.5));
#1215 = VECTOR('',#1216,1.);
#1216 = DIRECTION('',(0.,-2.563260079254E-02,0.999671430909));
#1217 = ORIENTED_EDGE('',*,*,#308,.F.);
#1218 = ORIENTED_EDGE('',*,*,#278,.F.);
#1219 = CYLINDRICAL_SURFACE('',#1220,0.6);
#1220 = AXIS2_PLACEMENT_3D('',#1221,#1222,#1223);
#1221 = CARTESIAN_POINT('',(-25.9,-11.79128885814,9.484620439524));
#1222 = DIRECTION('',(0.,-2.563260079254E-02,0.999671430909));
#1223 = DIRECTION('',(-1.,0.,0.));
#1224 = ADVANCED_FACE('',(#1225),#1259,.F.);
#1225 = FACE_BOUND('',#1226,.F.);
#1226 = EDGE_LOOP('',(#1227,#1243,#1252,#1258));
#1227 = ORIENTED_EDGE('',*,*,#1228,.T.);
#1228 = EDGE_CURVE('',#337,#1229,#1231,.T.);
#1229 = VERTEX_POINT('',#1230);
#1230 = CARTESIAN_POINT('',(-26.5,13.910279244885,18.000890550514));
#1231 = B_SPLINE_CURVE_WITH_KNOTS('',4,(#1232,#1233,#1234,#1235,#1236,
    #1237,#1238,#1239,#1240,#1241,#1242),.UNSPECIFIED.,.F.,.F.,(5,3,3,5)
  ,(0.,0.499277411262,0.964406832831,1.),.UNSPECIFIED.);
#1232 = CARTESIAN_POINT('',(-26.5,13.5,2.));
#1233 = CARTESIAN_POINT('',(-26.5,13.553121634142,4.071743731537));
#1234 = CARTESIAN_POINT('',(-26.5,13.606246701575,6.14362136141));
#1235 = CARTESIAN_POINT('',(-26.5,13.659375027424,8.215626069539));
#1236 = CARTESIAN_POINT('',(-26.5,13.762003971361,12.21815488309));
#1237 = CARTESIAN_POINT('',(-26.5,13.811504179354,14.148662994819));
#1238 = CARTESIAN_POINT('',(-26.5,13.86100695534,16.079271258256));
#1239 = CARTESIAN_POINT('',(-26.5,13.914300483205,18.157718844974));
#1240 = CARTESIAN_POINT('',(-26.5,13.918088793693,18.30546295402));
#1241 = CARTESIAN_POINT('',(-26.5,13.92187711858,18.453207624593));
#1242 = CARTESIAN_POINT('',(-26.5,13.925665457702,18.600952850362));
#1243 = ORIENTED_EDGE('',*,*,#1244,.T.);
#1244 = EDGE_CURVE('',#1229,#1245,#1247,.T.);
#1245 = VERTEX_POINT('',#1246);
#1246 = CARTESIAN_POINT('',(-26.5,12.026289738971,16.149654791699));
#1247 = CIRCLE('',#1248,1.899999999999);
#1248 = AXIS2_PLACEMENT_3D('',#1249,#1250,#1251);
#1249 = CARTESIAN_POINT('',(-26.5,13.925665457702,16.100952850364));
#1250 = DIRECTION('',(1.,0.,-0.));
#1251 = DIRECTION('',(0.,0.,1.));
#1252 = ORIENTED_EDGE('',*,*,#1253,.T.);
#1253 = EDGE_CURVE('',#1245,#335,#1254,.T.);
#1254 = LINE('',#1255,#1256);
#1255 = CARTESIAN_POINT('',(-26.5,12.026289738969,16.149654791644));
#1256 = VECTOR('',#1257,1.);
#1257 = DIRECTION('',(0.,-2.563260079467E-02,-0.999671430909));
#1258 = ORIENTED_EDGE('',*,*,#334,.T.);
#1259 = PLANE('',#1260);
#1260 = AXIS2_PLACEMENT_3D('',#1261,#1262,#1263);
#1261 = CARTESIAN_POINT('',(-26.5,0.341397829211,9.204769886382));
#1262 = DIRECTION('',(1.,0.,0.));
#1263 = DIRECTION('',(0.,0.,1.));
#1264 = ADVANCED_FACE('',(#1265),#1284,.T.);
#1265 = FACE_BOUND('',#1266,.F.);
#1266 = EDGE_LOOP('',(#1267,#1276,#1282,#1283));
#1267 = ORIENTED_EDGE('',*,*,#1268,.T.);
#1268 = EDGE_CURVE('',#1245,#1269,#1271,.T.);
#1269 = VERTEX_POINT('',#1270);
#1270 = CARTESIAN_POINT('',(-25.9,11.426486880424,16.165034352121));
#1271 = CIRCLE('',#1272,0.6);
#1272 = AXIS2_PLACEMENT_3D('',#1273,#1274,#1275);
#1273 = CARTESIAN_POINT('',(-25.9,12.026289738971,16.149654791699));
#1274 = DIRECTION('',(-0.,2.563260070277E-02,0.999671430912));
#1275 = DIRECTION('',(0.,-0.999671430912,2.563260070277E-02));
#1276 = ORIENTED_EDGE('',*,*,#1277,.T.);
#1277 = EDGE_CURVE('',#1269,#563,#1278,.T.);
#1278 = LINE('',#1279,#1280);
#1279 = CARTESIAN_POINT('',(-25.9,11.426486880424,16.165034352121));
#1280 = VECTOR('',#1281,1.);
#1281 = DIRECTION('',(0.,-2.563260079467E-02,-0.999671430909));
#1282 = ORIENTED_EDGE('',*,*,#570,.F.);
#1283 = ORIENTED_EDGE('',*,*,#1253,.F.);
#1284 = CYLINDRICAL_SURFACE('',#1285,0.6);
#1285 = AXIS2_PLACEMENT_3D('',#1286,#1287,#1288);
#1286 = CARTESIAN_POINT('',(-25.9,12.026289738969,16.149654791644));
#1287 = DIRECTION('',(0.,-2.563260079467E-02,-0.999671430909));
#1288 = DIRECTION('',(-1.,0.,0.));
#1289 = ADVANCED_FACE('',(#1290),#1515,.T.);
#1290 = FACE_BOUND('',#1291,.T.);
#1291 = EDGE_LOOP('',(#1292,#1308,#1309,#1314,#1315,#1320,#1321,#1322,
    #1359,#1367,#1404,#1418,#1419,#1435,#1472,#1480));
#1292 = ORIENTED_EDGE('',*,*,#1293,.F.);
#1293 = EDGE_CURVE('',#488,#1294,#1296,.T.);
#1294 = VERTEX_POINT('',#1295);
#1295 = CARTESIAN_POINT('',(26.5,13.910279244885,18.000890550514));
#1296 = B_SPLINE_CURVE_WITH_KNOTS('',4,(#1297,#1298,#1299,#1300,#1301,
    #1302,#1303,#1304,#1305,#1306,#1307),.UNSPECIFIED.,.F.,.F.,(5,3,3,5)
  ,(0.,0.499277411262,0.964406832831,1.),.UNSPECIFIED.);
#1297 = CARTESIAN_POINT('',(26.5,13.5,2.));
#1298 = CARTESIAN_POINT('',(26.5,13.553121634142,4.071743731537));
#1299 = CARTESIAN_POINT('',(26.5,13.606246701575,6.14362136141));
#1300 = CARTESIAN_POINT('',(26.5,13.659375027424,8.215626069539));
#1301 = CARTESIAN_POINT('',(26.5,13.762003971361,12.21815488309));
#1302 = CARTESIAN_POINT('',(26.5,13.811504179354,14.148662994819));
#1303 = CARTESIAN_POINT('',(26.5,13.86100695534,16.079271258256));
#1304 = CARTESIAN_POINT('',(26.5,13.914300483205,18.157718844975));
#1305 = CARTESIAN_POINT('',(26.5,13.918088793693,18.30546295402));
#1306 = CARTESIAN_POINT('',(26.5,13.92187711858,18.453207624593));
#1307 = CARTESIAN_POINT('',(26.5,13.925665457702,18.600952850362));
#1308 = ORIENTED_EDGE('',*,*,#487,.T.);
#1309 = ORIENTED_EDGE('',*,*,#1310,.T.);
#1310 = EDGE_CURVE('',#479,#762,#1311,.T.);
#1311 = B_SPLINE_CURVE_WITH_KNOTS('',1,(#1312,#1313),.UNSPECIFIED.,.F.,
  .F.,(2,2),(0.,1.),.PIECEWISE_BEZIER_KNOTS.);
#1312 = CARTESIAN_POINT('',(31.,13.5,2.));
#1313 = CARTESIAN_POINT('',(32.499999999997,14.,21.5));
#1314 = ORIENTED_EDGE('',*,*,#761,.T.);
#1315 = ORIENTED_EDGE('',*,*,#1316,.F.);
#1316 = EDGE_CURVE('',#345,#753,#1317,.T.);
#1317 = B_SPLINE_CURVE_WITH_KNOTS('',1,(#1318,#1319),.UNSPECIFIED.,.F.,
  .F.,(2,2),(0.,1.),.PIECEWISE_BEZIER_KNOTS.);
#1318 = CARTESIAN_POINT('',(-31.,13.5,2.));
#1319 = CARTESIAN_POINT('',(-32.5,14.,21.5));
#1320 = ORIENTED_EDGE('',*,*,#344,.T.);
#1321 = ORIENTED_EDGE('',*,*,#1228,.T.);
#1322 = ORIENTED_EDGE('',*,*,#1323,.T.);
#1323 = EDGE_CURVE('',#1229,#1324,#1326,.T.);
#1324 = VERTEX_POINT('',#1325);
#1325 = CARTESIAN_POINT('',(-25.9,13.925665457702,18.600952850363));
#1326 = B_SPLINE_CURVE_WITH_KNOTS('',6,(#1327,#1328,#1329,#1330,#1331,
    #1332,#1333,#1334,#1335,#1336,#1337,#1338,#1339,#1340,#1341,#1342,
    #1343,#1344,#1345,#1346,#1347,#1348,#1349,#1350,#1351,#1352,#1353,
    #1354,#1355,#1356,#1357,#1358),.UNSPECIFIED.,.F.,.F.,(7,5,5,5,5,5,7)
  ,(0.,8.744162458276E-02,0.177338357853,0.447794928327,0.700001453302,
    0.960330939237,1.),.UNSPECIFIED.);
#1327 = CARTESIAN_POINT('',(-26.5,13.910279244885,18.000890550514));
#1328 = CARTESIAN_POINT('',(-26.5,13.910655011675,18.015545455323));
#1329 = CARTESIAN_POINT('',(-26.49957065292,13.911030590758,
    18.030193039541));
#1330 = CARTESIAN_POINT('',(-26.49871281232,13.911405467551,
    18.044813234485));
#1331 = CARTESIAN_POINT('',(-26.4974288265,13.911779139496,
    18.059386440352));
#1332 = CARTESIAN_POINT('',(-26.49572253856,13.912151116057,
    18.073893526224));
#1333 = CARTESIAN_POINT('',(-26.49141641931,13.912901104375,
    18.103143070601));
#1334 = CARTESIAN_POINT('',(-26.48879276675,13.91327899557,
    18.117880827204));
#1335 = CARTESIAN_POINT('',(-26.4857341756,13.913654074324,
    18.13250889861));
#1336 = CARTESIAN_POINT('',(-26.48224777123,13.914025849261,
    18.147008121167));
#1337 = CARTESIAN_POINT('',(-26.47834195738,13.914393855611,
    18.161360368838));
#1338 = CARTESIAN_POINT('',(-26.46104300282,13.915852155402,
    18.218234060687));
#1339 = CARTESIAN_POINT('',(-26.44435078123,13.916908571453,
    18.259434286668));
#1340 = CARTESIAN_POINT('',(-26.42421020059,13.917914999585,
    18.298684983799));
#1341 = CARTESIAN_POINT('',(-26.40096236763,13.918862362934,
    18.335632154399));
#1342 = CARTESIAN_POINT('',(-26.37496360392,13.919744178214,
    18.370022950347));
#1343 = CARTESIAN_POINT('',(-26.32007100882,13.921312738206,
    18.431196790009));
#1344 = CARTESIAN_POINT('',(-26.29149067645,13.922008632372,
    18.458336662519));
#1345 = CARTESIAN_POINT('',(-26.26109410084,13.92263992159,
    18.482956942012));
#1346 = CARTESIAN_POINT('',(-26.2291482728,13.923204229971,
    18.504964968871));
#1347 = CARTESIAN_POINT('',(-26.19590437318,13.923700031813,
    18.524301240692));
#1348 = CARTESIAN_POINT('',(-26.12617271502,13.924566243435,
    18.558083493948));
#1349 = CARTESIAN_POINT('',(-26.08961802229,13.924932064214,
    18.57235050432));
#1350 = CARTESIAN_POINT('',(-26.05217957441,13.925222605582,
    18.583681617701));
#1351 = CARTESIAN_POINT('',(-26.01409752517,13.925437129803,
    18.592048062313));
#1352 = CARTESIAN_POINT('',(-25.97560305648,13.925575152164,
    18.59743093439));
#1353 = CARTESIAN_POINT('',(-25.93102752803,13.925645619415,
    18.600179157184));
#1354 = CARTESIAN_POINT('',(-25.92512896846,13.925653152331,
    18.600472940903));
#1355 = CARTESIAN_POINT('',(-25.91922691983,13.925658898928,
    18.600697058176));
#1356 = CARTESIAN_POINT('',(-25.91332219394,13.925662857996,
    18.600851461827));
#1357 = CARTESIAN_POINT('',(-25.90741560366,13.925665028407,
    18.600936107847));
#1358 = CARTESIAN_POINT('',(-25.90150796288,13.925665409113,
    18.600950955399));
#1359 = ORIENTED_EDGE('',*,*,#1360,.F.);
#1360 = EDGE_CURVE('',#1361,#1324,#1363,.T.);
#1361 = VERTEX_POINT('',#1362);
#1362 = CARTESIAN_POINT('',(-25.25,13.925665457702,18.600952850363));
#1363 = LINE('',#1364,#1365);
#1364 = CARTESIAN_POINT('',(-24.65,13.925665457702,18.600952850363));
#1365 = VECTOR('',#1366,1.);
#1366 = DIRECTION('',(-1.,-0.,-0.));
#1367 = ORIENTED_EDGE('',*,*,#1368,.F.);
#1368 = EDGE_CURVE('',#1369,#1361,#1371,.T.);
#1369 = VERTEX_POINT('',#1370);
#1370 = CARTESIAN_POINT('',(-24.65,13.910279244885,18.000890550514));
#1371 = B_SPLINE_CURVE_WITH_KNOTS('',6,(#1372,#1373,#1374,#1375,#1376,
    #1377,#1378,#1379,#1380,#1381,#1382,#1383,#1384,#1385,#1386,#1387,
    #1388,#1389,#1390,#1391,#1392,#1393,#1394,#1395,#1396,#1397,#1398,
    #1399,#1400,#1401,#1402,#1403),.UNSPECIFIED.,.F.,.F.,(7,5,5,5,5,5,7)
  ,(0.,1.063323224183E-02,3.489126997113E-02,0.197636172148,
    0.474538993408,0.732912007803,1.),.UNSPECIFIED.);
#1372 = CARTESIAN_POINT('',(-24.65,13.910279244885,18.000890550514));
#1373 = CARTESIAN_POINT('',(-24.65,13.910324497961,18.002655420481));
#1374 = CARTESIAN_POINT('',(-24.65000622653,13.910369753508,
    18.004420386785));
#1375 = CARTESIAN_POINT('',(-24.65001868091,13.910415010659,
    18.006185415684));
#1376 = CARTESIAN_POINT('',(-24.65003736413,13.910460268532,
    18.007950472737));
#1377 = CARTESIAN_POINT('',(-24.65006227683,13.910505526226,
    18.009715522802));
#1378 = CARTESIAN_POINT('',(-24.65016446596,13.910654028588,
    18.015507114925));
#1379 = CARTESIAN_POINT('',(-24.65026793568,13.910757268738,
    18.019533480786));
#1380 = CARTESIAN_POINT('',(-24.65040383217,13.910860492656,
    18.023559213561));
#1381 = CARTESIAN_POINT('',(-24.65057215007,13.910963689723,
    18.027583899208));
#1382 = CARTESIAN_POINT('',(-24.65077287491,13.911066849326,
    18.031607123701));
#1383 = CARTESIAN_POINT('',(-24.65256988412,13.911861726383,
    18.062607328923));
#1384 = CARTESIAN_POINT('',(-24.65559139493,13.912551351651,
    18.089502714362));
#1385 = CARTESIAN_POINT('',(-24.66006345853,13.913235577304,
    18.116187514856));
#1386 = CARTESIAN_POINT('',(-24.66596006193,13.913911266488,
    18.142539393026));
#1387 = CARTESIAN_POINT('',(-24.67323874435,13.914575469183,
    18.168443298114));
#1388 = CARTESIAN_POINT('',(-24.69648302234,13.91633146063,
    18.236926964555));
#1389 = CARTESIAN_POINT('',(-24.71496201935,13.917396466664,
    18.278462199905));
#1390 = CARTESIAN_POINT('',(-24.73700435066,13.91840725481,
    18.317882937596));
#1391 = CARTESIAN_POINT('',(-24.76223389156,13.919353722574,
    18.354795180386));
#1392 = CARTESIAN_POINT('',(-24.79025006244,13.920228775954,
    18.388922262215));
#1393 = CARTESIAN_POINT('',(-24.84903510819,13.921772896824,
    18.449142976135));
#1394 = CARTESIAN_POINT('',(-24.87949594432,13.922451865859,
    18.475622768487));
#1395 = CARTESIAN_POINT('',(-24.91172987907,13.923060708881,
    18.499367646366));
#1396 = CARTESIAN_POINT('',(-24.94543523545,13.92359719884,
    18.520290754761));
#1397 = CARTESIAN_POINT('',(-24.98033034003,13.924060159325,
    18.538346213672));
#1398 = CARTESIAN_POINT('',(-25.0532032842,13.924850917707,
    18.569185790552));
#1399 = CARTESIAN_POINT('',(-25.09124205352,13.92517359577,
    18.581770235016));
#1400 = CARTESIAN_POINT('',(-25.12999878123,13.925416381522,
    18.591238879361));
#1401 = CARTESIAN_POINT('',(-25.16921128235,13.925579140909,
    18.597586495446));
#1402 = CARTESIAN_POINT('',(-25.20863156969,13.925662044769,
    18.600819745985));
#1403 = CARTESIAN_POINT('',(-25.24802221109,13.925665374119,
    18.600949590646));
#1404 = ORIENTED_EDGE('',*,*,#1405,.F.);
#1405 = EDGE_CURVE('',#538,#1369,#1406,.T.);
#1406 = B_SPLINE_CURVE_WITH_KNOTS('',4,(#1407,#1408,#1409,#1410,#1411,
    #1412,#1413,#1414,#1415,#1416,#1417),.UNSPECIFIED.,.F.,.F.,(5,3,3,5)
  ,(0.,0.499270699568,0.964404471592,1.),.UNSPECIFIED.);
#1407 = CARTESIAN_POINT('',(-24.65,13.5,2.));
#1408 = CARTESIAN_POINT('',(-24.65,13.553122215551,4.07176640647));
#1409 = CARTESIAN_POINT('',(-24.65,13.606247403712,6.143648744782));
#1410 = CARTESIAN_POINT('',(-24.65,13.659375412921,8.21564110393));
#1411 = CARTESIAN_POINT('',(-24.65,13.762004068708,12.218158679618));
#1412 = CARTESIAN_POINT('',(-24.65,13.811504360359,14.148670053998));
#1413 = CARTESIAN_POINT('',(-24.65,13.861006875208,16.079268133108));
#1414 = CARTESIAN_POINT('',(-24.65,13.91429998279,18.157699328794));
#1415 = CARTESIAN_POINT('',(-24.65,13.918088462008,18.305450018306));
#1416 = CARTESIAN_POINT('',(-24.65,13.921876953692,18.453201193993));
#1417 = CARTESIAN_POINT('',(-24.65,13.925665457702,18.600952850362));
#1418 = ORIENTED_EDGE('',*,*,#537,.T.);
#1419 = ORIENTED_EDGE('',*,*,#1420,.T.);
#1420 = EDGE_CURVE('',#530,#1421,#1423,.T.);
#1421 = VERTEX_POINT('',#1422);
#1422 = CARTESIAN_POINT('',(24.65,13.910279244885,18.000890550514));
#1423 = B_SPLINE_CURVE_WITH_KNOTS('',4,(#1424,#1425,#1426,#1427,#1428,
    #1429,#1430,#1431,#1432,#1433,#1434),.UNSPECIFIED.,.F.,.F.,(5,3,3,5)
  ,(0.,0.499270699568,0.964404471591,1.),.UNSPECIFIED.);
#1424 = CARTESIAN_POINT('',(24.65,13.5,2.));
#1425 = CARTESIAN_POINT('',(24.65,13.553122215551,4.07176640647));
#1426 = CARTESIAN_POINT('',(24.65,13.606247403712,6.143648744782));
#1427 = CARTESIAN_POINT('',(24.65,13.659375412921,8.21564110393));
#1428 = CARTESIAN_POINT('',(24.65,13.762004068708,12.218158679617));
#1429 = CARTESIAN_POINT('',(24.65,13.811504360359,14.148670053998));
#1430 = CARTESIAN_POINT('',(24.65,13.861006875208,16.079268133108));
#1431 = CARTESIAN_POINT('',(24.65,13.91429998279,18.157699328794));
#1432 = CARTESIAN_POINT('',(24.65,13.918088462008,18.305450018306));
#1433 = CARTESIAN_POINT('',(24.65,13.921876953692,18.453201193993));
#1434 = CARTESIAN_POINT('',(24.65,13.925665457702,18.600952850362));
#1435 = ORIENTED_EDGE('',*,*,#1436,.T.);
#1436 = EDGE_CURVE('',#1421,#1437,#1439,.T.);
#1437 = VERTEX_POINT('',#1438);
#1438 = CARTESIAN_POINT('',(25.25,13.925665457702,18.600952850363));
#1439 = B_SPLINE_CURVE_WITH_KNOTS('',6,(#1440,#1441,#1442,#1443,#1444,
    #1445,#1446,#1447,#1448,#1449,#1450,#1451,#1452,#1453,#1454,#1455,
    #1456,#1457,#1458,#1459,#1460,#1461,#1462,#1463,#1464,#1465,#1466,
    #1467,#1468,#1469,#1470,#1471),.UNSPECIFIED.,.F.,.F.,(7,5,5,5,5,5,7)
  ,(0.,1.068783640076E-02,3.458236318924E-02,0.197300930016,
    0.474570022119,0.73292865858,1.),.UNSPECIFIED.);
#1440 = CARTESIAN_POINT('',(24.65,13.910279244885,18.000890550514));
#1441 = CARTESIAN_POINT('',(24.65,13.910324733385,18.002664602014));
#1442 = CARTESIAN_POINT('',(24.650006291485,13.910370224379,
    18.004438750772));
#1443 = CARTESIAN_POINT('',(24.650018875797,13.91041571699,
    18.006212962619));
#1444 = CARTESIAN_POINT('',(24.650037753934,13.910461210323,
    18.007987202607));
#1445 = CARTESIAN_POINT('',(24.650062926546,13.910506703462,
    18.009761435014));
#1446 = CARTESIAN_POINT('',(24.650164744782,13.910653900808,
    18.015502131521));
#1447 = CARTESIAN_POINT('',(24.65026655848,13.910755600603,
    18.019468423496));
#1448 = CARTESIAN_POINT('',(24.650399838522,13.910857284705,
    18.023434103469));
#1449 = CARTESIAN_POINT('',(24.650564579836,13.910958942966,
    18.027398775652));
#1450 = CARTESIAN_POINT('',(24.650760768787,13.911060565238,
    18.031362044272));
#1451 = CARTESIAN_POINT('',(24.652538407042,13.911853861423,
    18.062300595494));
#1452 = CARTESIAN_POINT('',(24.655545816368,13.912543465761,
    18.089195164668));
#1453 = CARTESIAN_POINT('',(24.66000366151,13.913227695799,
    18.115880136135));
#1454 = CARTESIAN_POINT('',(24.665886039878,13.913903414729,
    18.142233174442));
#1455 = CARTESIAN_POINT('',(24.673150595237,13.914567671963,
    18.168139206535));
#1456 = CARTESIAN_POINT('',(24.69637891906,13.916325517079,
    18.236695166059));
#1457 = CARTESIAN_POINT('',(24.714867855059,13.917392245716,
    18.278297582932));
#1458 = CARTESIAN_POINT('',(24.736931286269,13.918404638477,
    18.317780900603));
#1459 = CARTESIAN_POINT('',(24.762191567456,13.919352544341,
    18.354749229284));
#1460 = CARTESIAN_POINT('',(24.790246421939,13.920228837993,
    18.388924681704));
#1461 = CARTESIAN_POINT('',(24.849079265722,13.921773909603,
    18.449182474496));
#1462 = CARTESIAN_POINT('',(24.879542676622,13.922452800946,
    18.475659236881));
#1463 = CARTESIAN_POINT('',(24.911778923318,13.923061562231,
    18.499400926988));
#1464 = CARTESIAN_POINT('',(24.945486334998,13.92359796724,
    18.520320722341));
#1465 = CARTESIAN_POINT('',(24.980383247478,13.924060840156,
    18.538372766081));
#1466 = CARTESIAN_POINT('',(25.053259132226,13.924851413238,
    18.569205116273));
#1467 = CARTESIAN_POINT('',(25.091299004052,13.925173994485,
    18.581785784897));
#1468 = CARTESIAN_POINT('',(25.13005657752,13.925416682557,
    18.591250619724));
#1469 = CARTESIAN_POINT('',(25.169269677924,13.925579343656,
    18.597594402561));
#1470 = CARTESIAN_POINT('',(25.208690323813,13.925662148765,
    18.600823801834));
#1471 = CARTESIAN_POINT('',(25.248081082824,13.925665379021,
    18.600949781819));
#1472 = ORIENTED_EDGE('',*,*,#1473,.T.);
#1473 = EDGE_CURVE('',#1437,#1474,#1476,.T.);
#1474 = VERTEX_POINT('',#1475);
#1475 = CARTESIAN_POINT('',(25.9,13.925665457702,18.600952850363));
#1476 = LINE('',#1477,#1478);
#1477 = CARTESIAN_POINT('',(24.65,13.925665457702,18.600952850363));
#1478 = VECTOR('',#1479,1.);
#1479 = DIRECTION('',(1.,0.,0.));
#1480 = ORIENTED_EDGE('',*,*,#1481,.F.);
#1481 = EDGE_CURVE('',#1294,#1474,#1482,.T.);
#1482 = B_SPLINE_CURVE_WITH_KNOTS('',6,(#1483,#1484,#1485,#1486,#1487,
    #1488,#1489,#1490,#1491,#1492,#1493,#1494,#1495,#1496,#1497,#1498,
    #1499,#1500,#1501,#1502,#1503,#1504,#1505,#1506,#1507,#1508,#1509,
    #1510,#1511,#1512,#1513,#1514),.UNSPECIFIED.,.F.,.F.,(7,5,5,5,5,5,7)
  ,(0.,8.744162458267E-02,0.177338357853,0.447794928326,0.700001453302,
    0.960330939237,1.),.UNSPECIFIED.);
#1483 = CARTESIAN_POINT('',(26.5,13.910279244885,18.000890550514));
#1484 = CARTESIAN_POINT('',(26.5,13.910655011675,18.015545455323));
#1485 = CARTESIAN_POINT('',(26.499570652927,13.911030590758,
    18.030193039541));
#1486 = CARTESIAN_POINT('',(26.498712812325,13.911405467551,
    18.044813234485));
#1487 = CARTESIAN_POINT('',(26.497428826509,13.911779139496,
    18.059386440352));
#1488 = CARTESIAN_POINT('',(26.495722538562,13.912151116057,
    18.073893526224));
#1489 = CARTESIAN_POINT('',(26.491416419315,13.912901104375,
    18.103143070601));
#1490 = CARTESIAN_POINT('',(26.488792766755,13.91327899557,
    18.117880827204));
#1491 = CARTESIAN_POINT('',(26.485734175608,13.913654074324,
    18.13250889861));
#1492 = CARTESIAN_POINT('',(26.482247771231,13.914025849261,
    18.147008121167));
#1493 = CARTESIAN_POINT('',(26.478341957389,13.914393855611,
    18.161360368838));
#1494 = CARTESIAN_POINT('',(26.461043002823,13.915852155402,
    18.218234060687));
#1495 = CARTESIAN_POINT('',(26.444350781239,13.916908571453,
    18.259434286668));
#1496 = CARTESIAN_POINT('',(26.42421020059,13.917914999585,
    18.298684983799));
#1497 = CARTESIAN_POINT('',(26.400962367637,13.918862362934,
    18.335632154399));
#1498 = CARTESIAN_POINT('',(26.374963603928,13.919744178214,
    18.370022950347));
#1499 = CARTESIAN_POINT('',(26.320071008822,13.921312738206,
    18.431196790009));
#1500 = CARTESIAN_POINT('',(26.291490676454,13.922008632372,
    18.458336662519));
#1501 = CARTESIAN_POINT('',(26.261094100843,13.92263992159,
    18.482956942012));
#1502 = CARTESIAN_POINT('',(26.229148272802,13.923204229971,
    18.504964968871));
#1503 = CARTESIAN_POINT('',(26.195904373182,13.923700031813,
    18.524301240692));
#1504 = CARTESIAN_POINT('',(26.126172715021,13.924566243435,
    18.558083493948));
#1505 = CARTESIAN_POINT('',(26.08961802229,13.924932064214,
    18.57235050432));
#1506 = CARTESIAN_POINT('',(26.052179574412,13.925222605582,
    18.583681617701));
#1507 = CARTESIAN_POINT('',(26.014097525178,13.925437129803,
    18.592048062313));
#1508 = CARTESIAN_POINT('',(25.975603056484,13.925575152164,
    18.59743093439));
#1509 = CARTESIAN_POINT('',(25.931027528035,13.925645619415,
    18.600179157184));
#1510 = CARTESIAN_POINT('',(25.925128968468,13.925653152331,
    18.600472940903));
#1511 = CARTESIAN_POINT('',(25.919226919831,13.925658898928,
    18.600697058176));
#1512 = CARTESIAN_POINT('',(25.913322193946,13.925662857996,
    18.600851461827));
#1513 = CARTESIAN_POINT('',(25.907415603669,13.925665028407,
    18.600936107847));
#1514 = CARTESIAN_POINT('',(25.901507962886,13.925665409113,
    18.600950955399));
#1515 = B_SPLINE_SURFACE_WITH_KNOTS('',1,1,(
    (#1516,#1517)
    ,(#1518,#1519
    )),.UNSPECIFIED.,.F.,.F.,.F.,(2,2),(2,2),(-64.99999999999,0.),(0.,1.
    ),.PIECEWISE_BEZIER_KNOTS.);
#1516 = CARTESIAN_POINT('',(-31.,13.5,2.));
#1517 = CARTESIAN_POINT('',(-32.5,14.,21.5));
#1518 = CARTESIAN_POINT('',(31.,13.5,2.));
#1519 = CARTESIAN_POINT('',(32.499999999997,14.,21.5));
#1520 = ADVANCED_FACE('',(#1521),#1539,.T.);
#1521 = FACE_BOUND('',#1522,.T.);
#1522 = EDGE_LOOP('',(#1523,#1524,#1532,#1538));
#1523 = ORIENTED_EDGE('',*,*,#562,.T.);
#1524 = ORIENTED_EDGE('',*,*,#1525,.F.);
#1525 = EDGE_CURVE('',#1526,#554,#1528,.T.);
#1526 = VERTEX_POINT('',#1527);
#1527 = CARTESIAN_POINT('',(-25.25,11.426486880424,16.165034352121));
#1528 = LINE('',#1529,#1530);
#1529 = CARTESIAN_POINT('',(-25.25,11.426486880424,16.165034352121));
#1530 = VECTOR('',#1531,1.);
#1531 = DIRECTION('',(0.,-2.563260079467E-02,-0.999671430909));
#1532 = ORIENTED_EDGE('',*,*,#1533,.T.);
#1533 = EDGE_CURVE('',#1526,#1269,#1534,.T.);
#1534 = LINE('',#1535,#1536);
#1535 = CARTESIAN_POINT('',(-24.65,11.426486880424,16.165034352121));
#1536 = VECTOR('',#1537,1.);
#1537 = DIRECTION('',(-1.,-0.,-0.));
#1538 = ORIENTED_EDGE('',*,*,#1277,.T.);
#1539 = PLANE('',#1540);
#1540 = AXIS2_PLACEMENT_3D('',#1541,#1542,#1543);
#1541 = CARTESIAN_POINT('',(-24.65,11.426486880424,16.165034352121));
#1542 = DIRECTION('',(0.,-0.999671430909,2.563260079467E-02));
#1543 = DIRECTION('',(0.,-2.563260079467E-02,-0.999671430909));
#1544 = ADVANCED_FACE('',(#1545),#1555,.T.);
#1545 = FACE_BOUND('',#1546,.T.);
#1546 = EDGE_LOOP('',(#1547,#1548,#1549,#1550));
#1547 = ORIENTED_EDGE('',*,*,#352,.T.);
#1548 = ORIENTED_EDGE('',*,*,#1316,.T.);
#1549 = ORIENTED_EDGE('',*,*,#752,.T.);
#1550 = ORIENTED_EDGE('',*,*,#1551,.F.);
#1551 = EDGE_CURVE('',#353,#745,#1552,.T.);
#1552 = B_SPLINE_CURVE_WITH_KNOTS('',1,(#1553,#1554),.UNSPECIFIED.,.F.,
  .F.,(2,2),(0.,1.),.PIECEWISE_BEZIER_KNOTS.);
#1553 = CARTESIAN_POINT('',(-33.,11.5,2.));
#1554 = CARTESIAN_POINT('',(-34.5,12.,21.5));
#1555 = B_SPLINE_SURFACE_WITH_KNOTS('',8,1,(
    (#1556,#1557)
    ,(#1558,#1559)
    ,(#1560,#1561)
    ,(#1562,#1563)
    ,(#1564,#1565)
    ,(#1566,#1567)
    ,(#1568,#1569)
    ,(#1570,#1571)
    ,(#1572,#1573
    )),.UNSPECIFIED.,.F.,.F.,.F.,(9,9),(2,2),(3.14159265359,
    4.712388980385),(0.,1.),.PIECEWISE_BEZIER_KNOTS.);
#1556 = CARTESIAN_POINT('',(-33.,11.5,2.));
#1557 = CARTESIAN_POINT('',(-34.5,12.,21.5));
#1558 = CARTESIAN_POINT('',(-32.99999999999,11.892699081699,2.));
#1559 = CARTESIAN_POINT('',(-34.49999999999,12.392699081699,21.5));
#1560 = CARTESIAN_POINT('',(-32.91187842207,12.285398287009,2.));
#1561 = CARTESIAN_POINT('',(-34.41187842207,12.78539828701,
    21.500000000001));
#1562 = CARTESIAN_POINT('',(-32.73563613174,12.65502646867,2.));
#1563 = CARTESIAN_POINT('',(-34.23563613173,13.155026468668,
    21.499999999998));
#1564 = CARTESIAN_POINT('',(-32.47851751156,12.97851751156,2.));
#1565 = CARTESIAN_POINT('',(-33.97851751156,13.478517511562,
    21.500000000002));
#1566 = CARTESIAN_POINT('',(-32.15502646866,13.235636131743,2.));
#1567 = CARTESIAN_POINT('',(-33.65502646866,13.735636131741,
    21.499999999998));
#1568 = CARTESIAN_POINT('',(-31.785398287,13.411878422078,2.));
#1569 = CARTESIAN_POINT('',(-33.285398287,13.911878422079,
    21.500000000001));
#1570 = CARTESIAN_POINT('',(-31.39269908169,13.5,2.));
#1571 = CARTESIAN_POINT('',(-32.89269908169,14.,21.5));
#1572 = CARTESIAN_POINT('',(-31.,13.5,2.));
#1573 = CARTESIAN_POINT('',(-32.5,14.,21.5));
#1574 = ADVANCED_FACE('',(#1575),#1594,.T.);
#1575 = FACE_BOUND('',#1576,.T.);
#1576 = EDGE_LOOP('',(#1577,#1586,#1587,#1588));
#1577 = ORIENTED_EDGE('',*,*,#1578,.T.);
#1578 = EDGE_CURVE('',#1579,#1526,#1581,.T.);
#1579 = VERTEX_POINT('',#1580);
#1580 = CARTESIAN_POINT('',(-24.65,12.026289738971,16.149654791699));
#1581 = CIRCLE('',#1582,0.6);
#1582 = AXIS2_PLACEMENT_3D('',#1583,#1584,#1585);
#1583 = CARTESIAN_POINT('',(-25.25,12.026289738971,16.149654791699));
#1584 = DIRECTION('',(-0.,-2.563260070277E-02,-0.999671430912));
#1585 = DIRECTION('',(0.,-0.999671430912,2.563260070277E-02));
#1586 = ORIENTED_EDGE('',*,*,#1525,.T.);
#1587 = ORIENTED_EDGE('',*,*,#553,.F.);
#1588 = ORIENTED_EDGE('',*,*,#1589,.F.);
#1589 = EDGE_CURVE('',#1579,#546,#1590,.T.);
#1590 = LINE('',#1591,#1592);
#1591 = CARTESIAN_POINT('',(-24.65,12.026289738969,16.149654791644));
#1592 = VECTOR('',#1593,1.);
#1593 = DIRECTION('',(0.,-2.563260079467E-02,-0.999671430909));
#1594 = CYLINDRICAL_SURFACE('',#1595,0.6);
#1595 = AXIS2_PLACEMENT_3D('',#1596,#1597,#1598);
#1596 = CARTESIAN_POINT('',(-25.25,12.026289738969,16.149654791644));
#1597 = DIRECTION('',(0.,-2.563260079467E-02,-0.999671430909));
#1598 = DIRECTION('',(1.,0.,0.));
#1599 = ADVANCED_FACE('',(#1600),#1606,.T.);
#1600 = FACE_BOUND('',#1601,.T.);
#1601 = EDGE_LOOP('',(#1602,#1603,#1604,#1605));
#1602 = ORIENTED_EDGE('',*,*,#361,.T.);
#1603 = ORIENTED_EDGE('',*,*,#1551,.T.);
#1604 = ORIENTED_EDGE('',*,*,#744,.T.);
#1605 = ORIENTED_EDGE('',*,*,#611,.F.);
#1606 = B_SPLINE_SURFACE_WITH_KNOTS('',1,1,(
    (#1607,#1608)
    ,(#1609,#1610
    )),.UNSPECIFIED.,.F.,.F.,.F.,(2,2),(2,2),(-23.99999999999,0.),(0.,1.
    ),.PIECEWISE_BEZIER_KNOTS.);
#1607 = CARTESIAN_POINT('',(-33.,-11.5,2.));
#1608 = CARTESIAN_POINT('',(-34.5,-11.99999999999,21.5));
#1609 = CARTESIAN_POINT('',(-33.,11.5,2.));
#1610 = CARTESIAN_POINT('',(-34.5,12.,21.5));
#1611 = ADVANCED_FACE('',(#1612),#1624,.T.);
#1612 = FACE_BOUND('',#1613,.T.);
#1613 = EDGE_LOOP('',(#1614,#1615,#1622,#1623));
#1614 = ORIENTED_EDGE('',*,*,#1405,.T.);
#1615 = ORIENTED_EDGE('',*,*,#1616,.T.);
#1616 = EDGE_CURVE('',#1369,#1579,#1617,.T.);
#1617 = CIRCLE('',#1618,1.899999999999);
#1618 = AXIS2_PLACEMENT_3D('',#1619,#1620,#1621);
#1619 = CARTESIAN_POINT('',(-24.65,13.925665457702,16.100952850364));
#1620 = DIRECTION('',(1.,0.,-0.));
#1621 = DIRECTION('',(0.,0.,1.));
#1622 = ORIENTED_EDGE('',*,*,#1589,.T.);
#1623 = ORIENTED_EDGE('',*,*,#545,.T.);
#1624 = PLANE('',#1625);
#1625 = AXIS2_PLACEMENT_3D('',#1626,#1627,#1628);
#1626 = CARTESIAN_POINT('',(-24.65,0.341397829211,9.204769886382));
#1627 = DIRECTION('',(1.,0.,0.));
#1628 = DIRECTION('',(0.,0.,1.));
#1629 = ADVANCED_FACE('',(#1630),#1649,.F.);
#1630 = FACE_BOUND('',#1631,.F.);
#1631 = EDGE_LOOP('',(#1632,#1633,#1642,#1648));
#1632 = ORIENTED_EDGE('',*,*,#1420,.T.);
#1633 = ORIENTED_EDGE('',*,*,#1634,.T.);
#1634 = EDGE_CURVE('',#1421,#1635,#1637,.T.);
#1635 = VERTEX_POINT('',#1636);
#1636 = CARTESIAN_POINT('',(24.65,12.026289738971,16.149654791699));
#1637 = CIRCLE('',#1638,1.899999999999);
#1638 = AXIS2_PLACEMENT_3D('',#1639,#1640,#1641);
#1639 = CARTESIAN_POINT('',(24.65,13.925665457702,16.100952850364));
#1640 = DIRECTION('',(1.,0.,-0.));
#1641 = DIRECTION('',(0.,0.,1.));
#1642 = ORIENTED_EDGE('',*,*,#1643,.T.);
#1643 = EDGE_CURVE('',#1635,#521,#1644,.T.);
#1644 = LINE('',#1645,#1646);
#1645 = CARTESIAN_POINT('',(24.65,12.026289738969,16.149654791644));
#1646 = VECTOR('',#1647,1.);
#1647 = DIRECTION('',(0.,-2.563260079467E-02,-0.999671430909));
#1648 = ORIENTED_EDGE('',*,*,#529,.T.);
#1649 = PLANE('',#1650);
#1650 = AXIS2_PLACEMENT_3D('',#1651,#1652,#1653);
#1651 = CARTESIAN_POINT('',(24.65,0.341397829211,9.204769886382));
#1652 = DIRECTION('',(1.,0.,0.));
#1653 = DIRECTION('',(0.,0.,1.));
#1654 = ADVANCED_FACE('',(#1655),#1674,.T.);
#1655 = FACE_BOUND('',#1656,.F.);
#1656 = EDGE_LOOP('',(#1657,#1666,#1672,#1673));
#1657 = ORIENTED_EDGE('',*,*,#1658,.T.);
#1658 = EDGE_CURVE('',#1635,#1659,#1661,.T.);
#1659 = VERTEX_POINT('',#1660);
#1660 = CARTESIAN_POINT('',(25.25,11.426486880424,16.165034352121));
#1661 = CIRCLE('',#1662,0.6);
#1662 = AXIS2_PLACEMENT_3D('',#1663,#1664,#1665);
#1663 = CARTESIAN_POINT('',(25.25,12.026289738971,16.149654791699));
#1664 = DIRECTION('',(-0.,2.563260070277E-02,0.999671430912));
#1665 = DIRECTION('',(0.,-0.999671430912,2.563260070277E-02));
#1666 = ORIENTED_EDGE('',*,*,#1667,.T.);
#1667 = EDGE_CURVE('',#1659,#513,#1668,.T.);
#1668 = LINE('',#1669,#1670);
#1669 = CARTESIAN_POINT('',(25.25,11.426486880424,16.165034352121));
#1670 = VECTOR('',#1671,1.);
#1671 = DIRECTION('',(0.,-2.563260079467E-02,-0.999671430909));
#1672 = ORIENTED_EDGE('',*,*,#520,.F.);
#1673 = ORIENTED_EDGE('',*,*,#1643,.F.);
#1674 = CYLINDRICAL_SURFACE('',#1675,0.6);
#1675 = AXIS2_PLACEMENT_3D('',#1676,#1677,#1678);
#1676 = CARTESIAN_POINT('',(25.25,12.026289738969,16.149654791644));
#1677 = DIRECTION('',(0.,-2.563260079467E-02,-0.999671430909));
#1678 = DIRECTION('',(-1.,0.,0.));
#1679 = ADVANCED_FACE('',(#1680),#1698,.F.);
#1680 = FACE_BOUND('',#1681,.F.);
#1681 = EDGE_LOOP('',(#1682,#1683,#1684,#1692));
#1682 = ORIENTED_EDGE('',*,*,#512,.T.);
#1683 = ORIENTED_EDGE('',*,*,#1667,.F.);
#1684 = ORIENTED_EDGE('',*,*,#1685,.T.);
#1685 = EDGE_CURVE('',#1659,#1686,#1688,.T.);
#1686 = VERTEX_POINT('',#1687);
#1687 = CARTESIAN_POINT('',(25.9,11.426486880424,16.165034352121));
#1688 = LINE('',#1689,#1690);
#1689 = CARTESIAN_POINT('',(24.65,11.426486880424,16.165034352121));
#1690 = VECTOR('',#1691,1.);
#1691 = DIRECTION('',(1.,0.,0.));
#1692 = ORIENTED_EDGE('',*,*,#1693,.T.);
#1693 = EDGE_CURVE('',#1686,#504,#1694,.T.);
#1694 = LINE('',#1695,#1696);
#1695 = CARTESIAN_POINT('',(25.9,11.426486880424,16.165034352121));
#1696 = VECTOR('',#1697,1.);
#1697 = DIRECTION('',(0.,-2.563260079467E-02,-0.999671430909));
#1698 = PLANE('',#1699);
#1699 = AXIS2_PLACEMENT_3D('',#1700,#1701,#1702);
#1700 = CARTESIAN_POINT('',(24.65,11.426486880424,16.165034352121));
#1701 = DIRECTION('',(0.,0.999671430909,-2.563260079467E-02));
#1702 = DIRECTION('',(0.,-2.563260079467E-02,-0.999671430909));
#1703 = ADVANCED_FACE('',(#1704),#1723,.T.);
#1704 = FACE_BOUND('',#1705,.T.);
#1705 = EDGE_LOOP('',(#1706,#1707,#1716,#1722));
#1706 = ORIENTED_EDGE('',*,*,#1091,.F.);
#1707 = ORIENTED_EDGE('',*,*,#1708,.F.);
#1708 = EDGE_CURVE('',#1709,#1084,#1711,.T.);
#1709 = VERTEX_POINT('',#1710);
#1710 = CARTESIAN_POINT('',(-27.75,-7.3,17.9));
#1711 = CIRCLE('',#1712,1.);
#1712 = AXIS2_PLACEMENT_3D('',#1713,#1714,#1715);
#1713 = CARTESIAN_POINT('',(-26.75,-7.3,17.9));
#1714 = DIRECTION('',(0.,0.,1.));
#1715 = DIRECTION('',(-1.,8.881784197001E-16,0.));
#1716 = ORIENTED_EDGE('',*,*,#1717,.T.);
#1717 = EDGE_CURVE('',#1709,#387,#1718,.T.);
#1718 = LINE('',#1719,#1720);
#1719 = CARTESIAN_POINT('',(-27.75,-7.3,18.5));
#1720 = VECTOR('',#1721,1.);
#1721 = DIRECTION('',(-0.,-0.,-1.));
#1722 = ORIENTED_EDGE('',*,*,#386,.T.);
#1723 = CYLINDRICAL_SURFACE('',#1724,1.);
#1724 = AXIS2_PLACEMENT_3D('',#1725,#1726,#1727);
#1725 = CARTESIAN_POINT('',(-26.75,-7.3,18.5));
#1726 = DIRECTION('',(0.,0.,1.));
#1727 = DIRECTION('',(1.,0.,0.));
#1728 = ADVANCED_FACE('',(#1729),#1748,.T.);
#1729 = FACE_BOUND('',#1730,.T.);
#1730 = EDGE_LOOP('',(#1731,#1740,#1741,#1742));
#1731 = ORIENTED_EDGE('',*,*,#1732,.T.);
#1732 = EDGE_CURVE('',#1733,#1686,#1735,.T.);
#1733 = VERTEX_POINT('',#1734);
#1734 = CARTESIAN_POINT('',(26.5,12.026289738971,16.149654791699));
#1735 = CIRCLE('',#1736,0.6);
#1736 = AXIS2_PLACEMENT_3D('',#1737,#1738,#1739);
#1737 = CARTESIAN_POINT('',(25.9,12.026289738971,16.149654791699));
#1738 = DIRECTION('',(-0.,-2.563260070277E-02,-0.999671430912));
#1739 = DIRECTION('',(0.,-0.999671430912,2.563260070277E-02));
#1740 = ORIENTED_EDGE('',*,*,#1693,.T.);
#1741 = ORIENTED_EDGE('',*,*,#503,.F.);
#1742 = ORIENTED_EDGE('',*,*,#1743,.F.);
#1743 = EDGE_CURVE('',#1733,#496,#1744,.T.);
#1744 = LINE('',#1745,#1746);
#1745 = CARTESIAN_POINT('',(26.5,12.026289738969,16.149654791644));
#1746 = VECTOR('',#1747,1.);
#1747 = DIRECTION('',(0.,-2.563260079467E-02,-0.999671430909));
#1748 = CYLINDRICAL_SURFACE('',#1749,0.6);
#1749 = AXIS2_PLACEMENT_3D('',#1750,#1751,#1752);
#1750 = CARTESIAN_POINT('',(25.9,12.026289738969,16.149654791644));
#1751 = DIRECTION('',(0.,-2.563260079467E-02,-0.999671430909));
#1752 = DIRECTION('',(1.,0.,0.));
#1753 = ADVANCED_FACE('',(#1754),#1772,.T.);
#1754 = FACE_BOUND('',#1755,.T.);
#1755 = EDGE_LOOP('',(#1756,#1757,#1765,#1771));
#1756 = ORIENTED_EDGE('',*,*,#1717,.F.);
#1757 = ORIENTED_EDGE('',*,*,#1758,.F.);
#1758 = EDGE_CURVE('',#1759,#1709,#1761,.T.);
#1759 = VERTEX_POINT('',#1760);
#1760 = CARTESIAN_POINT('',(-27.75,4.7,17.9));
#1761 = LINE('',#1762,#1763);
#1762 = CARTESIAN_POINT('',(-27.75,4.7,17.9));
#1763 = VECTOR('',#1764,1.);
#1764 = DIRECTION('',(0.,-1.,0.));
#1765 = ORIENTED_EDGE('',*,*,#1766,.T.);
#1766 = EDGE_CURVE('',#1759,#396,#1767,.T.);
#1767 = LINE('',#1768,#1769);
#1768 = CARTESIAN_POINT('',(-27.75,4.7,18.5));
#1769 = VECTOR('',#1770,1.);
#1770 = DIRECTION('',(-0.,-0.,-1.));
#1771 = ORIENTED_EDGE('',*,*,#395,.F.);
#1772 = PLANE('',#1773);
#1773 = AXIS2_PLACEMENT_3D('',#1774,#1775,#1776);
#1774 = CARTESIAN_POINT('',(-27.75,4.7,18.5));
#1775 = DIRECTION('',(-1.,0.,0.));
#1776 = DIRECTION('',(0.,-1.,0.));
#1777 = ADVANCED_FACE('',(#1778),#1790,.T.);
#1778 = FACE_BOUND('',#1779,.T.);
#1779 = EDGE_LOOP('',(#1780,#1781,#1788,#1789));
#1780 = ORIENTED_EDGE('',*,*,#1293,.T.);
#1781 = ORIENTED_EDGE('',*,*,#1782,.T.);
#1782 = EDGE_CURVE('',#1294,#1733,#1783,.T.);
#1783 = CIRCLE('',#1784,1.899999999999);
#1784 = AXIS2_PLACEMENT_3D('',#1785,#1786,#1787);
#1785 = CARTESIAN_POINT('',(26.5,13.925665457702,16.100952850364));
#1786 = DIRECTION('',(1.,0.,-0.));
#1787 = DIRECTION('',(0.,0.,1.));
#1788 = ORIENTED_EDGE('',*,*,#1743,.T.);
#1789 = ORIENTED_EDGE('',*,*,#495,.T.);
#1790 = PLANE('',#1791);
#1791 = AXIS2_PLACEMENT_3D('',#1792,#1793,#1794);
#1792 = CARTESIAN_POINT('',(26.5,0.341397829211,9.204769886382));
#1793 = DIRECTION('',(1.,0.,0.));
#1794 = DIRECTION('',(0.,0.,1.));
#1795 = ADVANCED_FACE('',(#1796),#1815,.T.);
#1796 = FACE_BOUND('',#1797,.T.);
#1797 = EDGE_LOOP('',(#1798,#1799,#1808,#1814));
#1798 = ORIENTED_EDGE('',*,*,#1766,.F.);
#1799 = ORIENTED_EDGE('',*,*,#1800,.F.);
#1800 = EDGE_CURVE('',#1801,#1759,#1803,.T.);
#1801 = VERTEX_POINT('',#1802);
#1802 = CARTESIAN_POINT('',(-26.75,5.7,17.9));
#1803 = CIRCLE('',#1804,1.);
#1804 = AXIS2_PLACEMENT_3D('',#1805,#1806,#1807);
#1805 = CARTESIAN_POINT('',(-26.75,4.7,17.9));
#1806 = DIRECTION('',(0.,-0.,1.));
#1807 = DIRECTION('',(0.,1.,0.));
#1808 = ORIENTED_EDGE('',*,*,#1809,.T.);
#1809 = EDGE_CURVE('',#1801,#404,#1810,.T.);
#1810 = LINE('',#1811,#1812);
#1811 = CARTESIAN_POINT('',(-26.75,5.7,18.5));
#1812 = VECTOR('',#1813,1.);
#1813 = DIRECTION('',(-0.,-0.,-1.));
#1814 = ORIENTED_EDGE('',*,*,#403,.T.);
#1815 = CYLINDRICAL_SURFACE('',#1816,1.);
#1816 = AXIS2_PLACEMENT_3D('',#1817,#1818,#1819);
#1817 = CARTESIAN_POINT('',(-26.75,4.7,18.5));
#1818 = DIRECTION('',(0.,0.,1.));
#1819 = DIRECTION('',(1.,0.,0.));
#1820 = ADVANCED_FACE('',(#1821),#1839,.T.);
#1821 = FACE_BOUND('',#1822,.T.);
#1822 = EDGE_LOOP('',(#1823,#1824,#1832,#1838));
#1823 = ORIENTED_EDGE('',*,*,#1809,.F.);
#1824 = ORIENTED_EDGE('',*,*,#1825,.F.);
#1825 = EDGE_CURVE('',#1826,#1801,#1828,.T.);
#1826 = VERTEX_POINT('',#1827);
#1827 = CARTESIAN_POINT('',(26.75,5.7,17.9));
#1828 = LINE('',#1829,#1830);
#1829 = CARTESIAN_POINT('',(26.75,5.7,17.9));
#1830 = VECTOR('',#1831,1.);
#1831 = DIRECTION('',(-1.,0.,0.));
#1832 = ORIENTED_EDGE('',*,*,#1833,.T.);
#1833 = EDGE_CURVE('',#1826,#413,#1834,.T.);
#1834 = LINE('',#1835,#1836);
#1835 = CARTESIAN_POINT('',(26.75,5.7,18.5));
#1836 = VECTOR('',#1837,1.);
#1837 = DIRECTION('',(-0.,-0.,-1.));
#1838 = ORIENTED_EDGE('',*,*,#412,.F.);
#1839 = PLANE('',#1840);
#1840 = AXIS2_PLACEMENT_3D('',#1841,#1842,#1843);
#1841 = CARTESIAN_POINT('',(26.75,5.7,18.5));
#1842 = DIRECTION('',(0.,1.,0.));
#1843 = DIRECTION('',(-1.,0.,0.));
#1844 = ADVANCED_FACE('',(#1845),#1855,.T.);
#1845 = FACE_BOUND('',#1846,.T.);
#1846 = EDGE_LOOP('',(#1847,#1848,#1853,#1854));
#1847 = ORIENTED_EDGE('',*,*,#478,.T.);
#1848 = ORIENTED_EDGE('',*,*,#1849,.T.);
#1849 = EDGE_CURVE('',#471,#770,#1850,.T.);
#1850 = B_SPLINE_CURVE_WITH_KNOTS('',1,(#1851,#1852),.UNSPECIFIED.,.F.,
  .F.,(2,2),(0.,1.),.PIECEWISE_BEZIER_KNOTS.);
#1851 = CARTESIAN_POINT('',(33.,11.5,2.));
#1852 = CARTESIAN_POINT('',(34.499999999998,11.999999999998,21.5));
#1853 = ORIENTED_EDGE('',*,*,#769,.T.);
#1854 = ORIENTED_EDGE('',*,*,#1310,.F.);
#1855 = B_SPLINE_SURFACE_WITH_KNOTS('',8,1,(
    (#1856,#1857)
    ,(#1858,#1859)
    ,(#1860,#1861)
    ,(#1862,#1863)
    ,(#1864,#1865)
    ,(#1866,#1867)
    ,(#1868,#1869)
    ,(#1870,#1871)
    ,(#1872,#1873
    )),.UNSPECIFIED.,.F.,.F.,.F.,(9,9),(2,2),(4.712388980384,
    6.28318530718),(0.,1.),.PIECEWISE_BEZIER_KNOTS.);
#1856 = CARTESIAN_POINT('',(31.,13.5,2.));
#1857 = CARTESIAN_POINT('',(32.499999999997,14.,21.5));
#1858 = CARTESIAN_POINT('',(31.392699081698,13.5,2.));
#1859 = CARTESIAN_POINT('',(32.892699081695,14.,21.5));
#1860 = CARTESIAN_POINT('',(31.78539828701,13.411878422078,2.));
#1861 = CARTESIAN_POINT('',(33.285398287009,13.911878422078,
    21.500000000001));
#1862 = CARTESIAN_POINT('',(32.155026468668,13.235636131742,2.));
#1863 = CARTESIAN_POINT('',(33.655026468664,13.735636131741,
    21.499999999998));
#1864 = CARTESIAN_POINT('',(32.478517511562,12.978517511561,2.));
#1865 = CARTESIAN_POINT('',(33.978517511564,13.478517511561,
    21.500000000002));
#1866 = CARTESIAN_POINT('',(32.735636131741,12.655026468669,2.));
#1867 = CARTESIAN_POINT('',(34.235636131737,13.155026468668,
    21.499999999998));
#1868 = CARTESIAN_POINT('',(32.911878422079,12.285398287009,2.));
#1869 = CARTESIAN_POINT('',(34.411878422078,12.785398287008,
    21.500000000001));
#1870 = CARTESIAN_POINT('',(33.,11.892699081699,2.));
#1871 = CARTESIAN_POINT('',(34.499999999998,12.392699081697,21.5));
#1872 = CARTESIAN_POINT('',(33.,11.5,2.));
#1873 = CARTESIAN_POINT('',(34.499999999998,11.999999999998,21.5));
#1874 = ADVANCED_FACE('',(#1875),#1894,.T.);
#1875 = FACE_BOUND('',#1876,.T.);
#1876 = EDGE_LOOP('',(#1877,#1878,#1887,#1893));
#1877 = ORIENTED_EDGE('',*,*,#1833,.F.);
#1878 = ORIENTED_EDGE('',*,*,#1879,.F.);
#1879 = EDGE_CURVE('',#1880,#1826,#1882,.T.);
#1880 = VERTEX_POINT('',#1881);
#1881 = CARTESIAN_POINT('',(27.75,4.7,17.9));
#1882 = CIRCLE('',#1883,1.);
#1883 = AXIS2_PLACEMENT_3D('',#1884,#1885,#1886);
#1884 = CARTESIAN_POINT('',(26.75,4.7,17.9));
#1885 = DIRECTION('',(0.,0.,1.));
#1886 = DIRECTION('',(1.,0.,0.));
#1887 = ORIENTED_EDGE('',*,*,#1888,.T.);
#1888 = EDGE_CURVE('',#1880,#421,#1889,.T.);
#1889 = LINE('',#1890,#1891);
#1890 = CARTESIAN_POINT('',(27.75,4.7,18.5));
#1891 = VECTOR('',#1892,1.);
#1892 = DIRECTION('',(-0.,-0.,-1.));
#1893 = ORIENTED_EDGE('',*,*,#420,.T.);
#1894 = CYLINDRICAL_SURFACE('',#1895,1.);
#1895 = AXIS2_PLACEMENT_3D('',#1896,#1897,#1898);
#1896 = CARTESIAN_POINT('',(26.75,4.7,18.5));
#1897 = DIRECTION('',(0.,0.,1.));
#1898 = DIRECTION('',(1.,0.,0.));
#1899 = ADVANCED_FACE('',(#1900),#1906,.T.);
#1900 = FACE_BOUND('',#1901,.T.);
#1901 = EDGE_LOOP('',(#1902,#1903,#1904,#1905));
#1902 = ORIENTED_EDGE('',*,*,#470,.T.);
#1903 = ORIENTED_EDGE('',*,*,#855,.T.);
#1904 = ORIENTED_EDGE('',*,*,#778,.T.);
#1905 = ORIENTED_EDGE('',*,*,#1849,.F.);
#1906 = B_SPLINE_SURFACE_WITH_KNOTS('',1,1,(
    (#1907,#1908)
    ,(#1909,#1910
    )),.UNSPECIFIED.,.F.,.F.,.F.,(2,2),(2,2),(-23.99999999999,0.),(0.,1.
    ),.PIECEWISE_BEZIER_KNOTS.);
#1907 = CARTESIAN_POINT('',(33.,11.5,2.));
#1908 = CARTESIAN_POINT('',(34.5,11.999999999998,21.5));
#1909 = CARTESIAN_POINT('',(33.,-11.5,2.));
#1910 = CARTESIAN_POINT('',(34.5,-12.,21.5));
#1911 = ADVANCED_FACE('',(#1912),#1930,.T.);
#1912 = FACE_BOUND('',#1913,.T.);
#1913 = EDGE_LOOP('',(#1914,#1915,#1923,#1929));
#1914 = ORIENTED_EDGE('',*,*,#1888,.F.);
#1915 = ORIENTED_EDGE('',*,*,#1916,.F.);
#1916 = EDGE_CURVE('',#1917,#1880,#1919,.T.);
#1917 = VERTEX_POINT('',#1918);
#1918 = CARTESIAN_POINT('',(27.75,-7.3,17.9));
#1919 = LINE('',#1920,#1921);
#1920 = CARTESIAN_POINT('',(27.75,-7.3,17.9));
#1921 = VECTOR('',#1922,1.);
#1922 = DIRECTION('',(0.,1.,0.));
#1923 = ORIENTED_EDGE('',*,*,#1924,.T.);
#1924 = EDGE_CURVE('',#1917,#430,#1925,.T.);
#1925 = LINE('',#1926,#1927);
#1926 = CARTESIAN_POINT('',(27.75,-7.3,18.5));
#1927 = VECTOR('',#1928,1.);
#1928 = DIRECTION('',(-0.,-0.,-1.));
#1929 = ORIENTED_EDGE('',*,*,#429,.F.);
#1930 = PLANE('',#1931);
#1931 = AXIS2_PLACEMENT_3D('',#1932,#1933,#1934);
#1932 = CARTESIAN_POINT('',(27.75,-7.3,18.5));
#1933 = DIRECTION('',(1.,0.,0.));
#1934 = DIRECTION('',(0.,1.,0.));
#1935 = ADVANCED_FACE('',(#1936),#1948,.T.);
#1936 = FACE_BOUND('',#1937,.T.);
#1937 = EDGE_LOOP('',(#1938,#1939,#1946,#1947));
#1938 = ORIENTED_EDGE('',*,*,#1924,.F.);
#1939 = ORIENTED_EDGE('',*,*,#1940,.F.);
#1940 = EDGE_CURVE('',#1076,#1917,#1941,.T.);
#1941 = CIRCLE('',#1942,1.);
#1942 = AXIS2_PLACEMENT_3D('',#1943,#1944,#1945);
#1943 = CARTESIAN_POINT('',(26.75,-7.3,17.9));
#1944 = DIRECTION('',(-0.,0.,1.));
#1945 = DIRECTION('',(0.,-1.,0.));
#1946 = ORIENTED_EDGE('',*,*,#1075,.T.);
#1947 = ORIENTED_EDGE('',*,*,#437,.T.);
#1948 = CYLINDRICAL_SURFACE('',#1949,1.);
#1949 = AXIS2_PLACEMENT_3D('',#1950,#1951,#1952);
#1950 = CARTESIAN_POINT('',(26.75,-7.3,18.5));
#1951 = DIRECTION('',(0.,0.,1.));
#1952 = DIRECTION('',(1.,0.,0.));
#1953 = ADVANCED_FACE('',(#1954),#1972,.T.);
#1954 = FACE_BOUND('',#1955,.T.);
#1955 = EDGE_LOOP('',(#1956,#1957,#1965,#1971));
#1956 = ORIENTED_EDGE('',*,*,#585,.F.);
#1957 = ORIENTED_EDGE('',*,*,#1958,.F.);
#1958 = EDGE_CURVE('',#1959,#586,#1961,.T.);
#1959 = VERTEX_POINT('',#1960);
#1960 = CARTESIAN_POINT('',(-25.25,-11.20647626727,10.084620439524));
#1961 = LINE('',#1962,#1963);
#1962 = CARTESIAN_POINT('',(-25.25,-11.19148599959,9.5));
#1963 = VECTOR('',#1964,1.);
#1964 = DIRECTION('',(0.,-2.563260079254E-02,0.999671430909));
#1965 = ORIENTED_EDGE('',*,*,#1966,.T.);
#1966 = EDGE_CURVE('',#1959,#1188,#1967,.T.);
#1967 = LINE('',#1968,#1969);
#1968 = CARTESIAN_POINT('',(-24.65,-11.20647626727,10.084620439524));
#1969 = VECTOR('',#1970,1.);
#1970 = DIRECTION('',(-1.,-0.,-0.));
#1971 = ORIENTED_EDGE('',*,*,#1212,.T.);
#1972 = PLANE('',#1973);
#1973 = AXIS2_PLACEMENT_3D('',#1974,#1975,#1976);
#1974 = CARTESIAN_POINT('',(-24.65,-11.19148599959,9.5));
#1975 = DIRECTION('',(0.,0.999671430909,2.563260079254E-02));
#1976 = DIRECTION('',(0.,-2.563260079254E-02,0.999671430909));
#1977 = ADVANCED_FACE('',(#1978),#1990,.T.);
#1978 = FACE_BOUND('',#1979,.T.);
#1979 = EDGE_LOOP('',(#1980,#1987,#1988,#1989));
#1980 = ORIENTED_EDGE('',*,*,#1981,.T.);
#1981 = EDGE_CURVE('',#822,#1959,#1982,.T.);
#1982 = CIRCLE('',#1983,0.6);
#1983 = AXIS2_PLACEMENT_3D('',#1984,#1985,#1986);
#1984 = CARTESIAN_POINT('',(-25.25,-11.80627912582,10.069240879049));
#1985 = DIRECTION('',(0.,-2.563260079254E-02,0.999671430909));
#1986 = DIRECTION('',(-0.,-0.999671430909,-2.563260079254E-02));
#1987 = ORIENTED_EDGE('',*,*,#1958,.T.);
#1988 = ORIENTED_EDGE('',*,*,#648,.F.);
#1989 = ORIENTED_EDGE('',*,*,#830,.F.);
#1990 = CYLINDRICAL_SURFACE('',#1991,0.6);
#1991 = AXIS2_PLACEMENT_3D('',#1992,#1993,#1994);
#1992 = CARTESIAN_POINT('',(-25.25,-11.79128885814,9.484620439524));
#1993 = DIRECTION('',(0.,-2.563260079254E-02,0.999671430909));
#1994 = DIRECTION('',(1.,0.,0.));
#1995 = ADVANCED_FACE('',(#1996),#2081,.T.);
#1996 = FACE_BOUND('',#1997,.T.);
#1997 = EDGE_LOOP('',(#1998,#2005,#2013,#2020,#2028,#2036,#2044,#2052,
    #2060,#2067,#2075,#2080));
#1998 = ORIENTED_EDGE('',*,*,#1999,.F.);
#1999 = EDGE_CURVE('',#2000,#675,#2002,.T.);
#2000 = VERTEX_POINT('',#2001);
#2001 = CARTESIAN_POINT('',(-37.95,12.25,0.));
#2002 = B_SPLINE_CURVE_WITH_KNOTS('',1,(#2003,#2004),.UNSPECIFIED.,.F.,
  .F.,(2,2),(0.,1.),.PIECEWISE_BEZIER_KNOTS.);
#2003 = CARTESIAN_POINT('',(-37.95,12.25,0.));
#2004 = CARTESIAN_POINT('',(-36.82323274541,12.25,21.5));
#2005 = ORIENTED_EDGE('',*,*,#2006,.T.);
#2006 = EDGE_CURVE('',#2000,#2007,#2009,.T.);
#2007 = VERTEX_POINT('',#2008);
#2008 = CARTESIAN_POINT('',(-37.95,4.75,0.));
#2009 = LINE('',#2010,#2011);
#2010 = CARTESIAN_POINT('',(-37.95,12.25,0.));
#2011 = VECTOR('',#2012,1.);
#2012 = DIRECTION('',(0.,-1.,0.));
#2013 = ORIENTED_EDGE('',*,*,#2014,.T.);
#2014 = EDGE_CURVE('',#2007,#2015,#2017,.T.);
#2015 = VERTEX_POINT('',#2016);
#2016 = CARTESIAN_POINT('',(-37.53073776573,4.330737765736,8.));
#2017 = B_SPLINE_CURVE_WITH_KNOTS('',1,(#2018,#2019),.UNSPECIFIED.,.F.,
  .F.,(2,2),(0.,1.),.PIECEWISE_BEZIER_KNOTS.);
#2018 = CARTESIAN_POINT('',(-37.95,4.75,0.));
#2019 = CARTESIAN_POINT('',(-37.53073776573,4.330737765736,8.));
#2020 = ORIENTED_EDGE('',*,*,#2021,.F.);
#2021 = EDGE_CURVE('',#2022,#2015,#2024,.T.);
#2022 = VERTEX_POINT('',#2023);
#2023 = CARTESIAN_POINT('',(-37.53073776573,3.7,8.));
#2024 = LINE('',#2025,#2026);
#2025 = CARTESIAN_POINT('',(-37.53073776573,-7.15,8.));
#2026 = VECTOR('',#2027,1.);
#2027 = DIRECTION('',(0.,1.,0.));
#2028 = ORIENTED_EDGE('',*,*,#2029,.F.);
#2029 = EDGE_CURVE('',#2030,#2022,#2032,.T.);
#2030 = VERTEX_POINT('',#2031);
#2031 = CARTESIAN_POINT('',(-38.05481555856,2.7,-2.));
#2032 = LINE('',#2033,#2034);
#2033 = CARTESIAN_POINT('',(-37.86670664975,3.058933180115,
    1.589331801154));
#2034 = VECTOR('',#2035,1.);
#2035 = DIRECTION('',(5.207692899743E-02,9.93687000477E-02,
    0.993687000477));
#2036 = ORIENTED_EDGE('',*,*,#2037,.T.);
#2037 = EDGE_CURVE('',#2030,#2038,#2040,.T.);
#2038 = VERTEX_POINT('',#2039);
#2039 = CARTESIAN_POINT('',(-38.05481555856,-5.1,-2.));
#2040 = LINE('',#2041,#2042);
#2041 = CARTESIAN_POINT('',(-38.05481555856,3.7,-2.));
#2042 = VECTOR('',#2043,1.);
#2043 = DIRECTION('',(0.,-1.,2.22044604925E-16));
#2044 = ORIENTED_EDGE('',*,*,#2045,.T.);
#2045 = EDGE_CURVE('',#2038,#2046,#2048,.T.);
#2046 = VERTEX_POINT('',#2047);
#2047 = CARTESIAN_POINT('',(-37.53073776573,-6.1,8.));
#2048 = LINE('',#2049,#2050);
#2049 = CARTESIAN_POINT('',(-37.8711976392,-5.450363861774,
    1.503638617738));
#2050 = VECTOR('',#2051,1.);
#2051 = DIRECTION('',(5.207692899743E-02,-9.93687000477E-02,
    0.993687000477));
#2052 = ORIENTED_EDGE('',*,*,#2053,.F.);
#2053 = EDGE_CURVE('',#2054,#2046,#2056,.T.);
#2054 = VERTEX_POINT('',#2055);
#2055 = CARTESIAN_POINT('',(-37.53073776573,-6.730737765736,8.));
#2056 = LINE('',#2057,#2058);
#2057 = CARTESIAN_POINT('',(-37.53073776573,-7.15,8.));
#2058 = VECTOR('',#2059,1.);
#2059 = DIRECTION('',(0.,1.,0.));
#2060 = ORIENTED_EDGE('',*,*,#2061,.F.);
#2061 = EDGE_CURVE('',#2062,#2054,#2064,.T.);
#2062 = VERTEX_POINT('',#2063);
#2063 = CARTESIAN_POINT('',(-37.95,-7.15,0.));
#2064 = B_SPLINE_CURVE_WITH_KNOTS('',1,(#2065,#2066),.UNSPECIFIED.,.F.,
  .F.,(2,2),(0.,1.),.PIECEWISE_BEZIER_KNOTS.);
#2065 = CARTESIAN_POINT('',(-37.95,-7.15,0.));
#2066 = CARTESIAN_POINT('',(-37.53073776573,-6.730737765736,8.));
#2067 = ORIENTED_EDGE('',*,*,#2068,.T.);
#2068 = EDGE_CURVE('',#2062,#2069,#2071,.T.);
#2069 = VERTEX_POINT('',#2070);
#2070 = CARTESIAN_POINT('',(-37.95,-12.25,0.));
#2071 = LINE('',#2072,#2073);
#2072 = CARTESIAN_POINT('',(-37.95,12.25,0.));
#2073 = VECTOR('',#2074,1.);
#2074 = DIRECTION('',(0.,-1.,0.));
#2075 = ORIENTED_EDGE('',*,*,#2076,.T.);
#2076 = EDGE_CURVE('',#2069,#677,#2077,.T.);
#2077 = B_SPLINE_CURVE_WITH_KNOTS('',1,(#2078,#2079),.UNSPECIFIED.,.F.,
  .F.,(2,2),(0.,1.),.PIECEWISE_BEZIER_KNOTS.);
#2078 = CARTESIAN_POINT('',(-37.95,-12.25,0.));
#2079 = CARTESIAN_POINT('',(-36.82323274541,-12.25,21.5));
#2080 = ORIENTED_EDGE('',*,*,#674,.F.);
#2081 = PLANE('',#2082);
#2082 = AXIS2_PLACEMENT_3D('',#2083,#2084,#2085);
#2083 = CARTESIAN_POINT('',(-37.49531000976,-0.332145219661,
    8.676001854207));
#2084 = DIRECTION('',(-0.998629534755,0.,5.233595624294E-02));
#2085 = DIRECTION('',(-5.233595624294E-02,0.,-0.998629534755));
#2086 = ADVANCED_FACE('',(#2087),#2105,.T.);
#2087 = FACE_BOUND('',#2088,.T.);
#2088 = EDGE_LOOP('',(#2089,#2098,#2099,#2100));
#2089 = ORIENTED_EDGE('',*,*,#2090,.T.);
#2090 = EDGE_CURVE('',#2091,#2000,#2093,.T.);
#2091 = VERTEX_POINT('',#2092);
#2092 = CARTESIAN_POINT('',(-33.95,16.25,0.));
#2093 = CIRCLE('',#2094,4.);
#2094 = AXIS2_PLACEMENT_3D('',#2095,#2096,#2097);
#2095 = CARTESIAN_POINT('',(-33.95,12.25,0.));
#2096 = DIRECTION('',(0.,0.,1.));
#2097 = DIRECTION('',(1.,0.,0.));
#2098 = ORIENTED_EDGE('',*,*,#1999,.T.);
#2099 = ORIENTED_EDGE('',*,*,#735,.F.);
#2100 = ORIENTED_EDGE('',*,*,#2101,.F.);
#2101 = EDGE_CURVE('',#2091,#728,#2102,.T.);
#2102 = B_SPLINE_CURVE_WITH_KNOTS('',1,(#2103,#2104),.UNSPECIFIED.,.F.,
  .F.,(2,2),(0.,1.),.PIECEWISE_BEZIER_KNOTS.);
#2103 = CARTESIAN_POINT('',(-33.95,16.25,0.));
#2104 = CARTESIAN_POINT('',(-33.95,15.123232745415,21.5));
#2105 = CONICAL_SURFACE('',#2106,4.,5.235987755983E-02);
#2106 = AXIS2_PLACEMENT_3D('',#2107,#2108,#2109);
#2107 = CARTESIAN_POINT('',(-33.95,12.25,0.));
#2108 = DIRECTION('',(-0.,-0.,-1.));
#2109 = DIRECTION('',(1.,0.,0.));
#2110 = ADVANCED_FACE('',(#2111),#2129,.T.);
#2111 = FACE_BOUND('',#2112,.T.);
#2112 = EDGE_LOOP('',(#2113,#2122,#2127,#2128));
#2113 = ORIENTED_EDGE('',*,*,#2114,.T.);
#2114 = EDGE_CURVE('',#2069,#2115,#2117,.T.);
#2115 = VERTEX_POINT('',#2116);
#2116 = CARTESIAN_POINT('',(-33.95,-16.25,0.));
#2117 = CIRCLE('',#2118,4.);
#2118 = AXIS2_PLACEMENT_3D('',#2119,#2120,#2121);
#2119 = CARTESIAN_POINT('',(-33.95,-12.25,0.));
#2120 = DIRECTION('',(0.,0.,1.));
#2121 = DIRECTION('',(1.,0.,0.));
#2122 = ORIENTED_EDGE('',*,*,#2123,.T.);
#2123 = EDGE_CURVE('',#2115,#685,#2124,.T.);
#2124 = B_SPLINE_CURVE_WITH_KNOTS('',1,(#2125,#2126),.UNSPECIFIED.,.F.,
  .F.,(2,2),(0.,1.),.PIECEWISE_BEZIER_KNOTS.);
#2125 = CARTESIAN_POINT('',(-33.95,-16.25,0.));
#2126 = CARTESIAN_POINT('',(-33.95,-15.12323274541,21.5));
#2127 = ORIENTED_EDGE('',*,*,#684,.F.);
#2128 = ORIENTED_EDGE('',*,*,#2076,.F.);
#2129 = CONICAL_SURFACE('',#2130,4.,5.235987755983E-02);
#2130 = AXIS2_PLACEMENT_3D('',#2131,#2132,#2133);
#2131 = CARTESIAN_POINT('',(-33.95,-12.25,0.));
#2132 = DIRECTION('',(-0.,-0.,-1.));
#2133 = DIRECTION('',(1.,0.,0.));
#2134 = ADVANCED_FACE('',(#2135),#2152,.T.);
#2135 = FACE_BOUND('',#2136,.T.);
#2136 = EDGE_LOOP('',(#2137,#2145,#2146,#2147));
#2137 = ORIENTED_EDGE('',*,*,#2138,.T.);
#2138 = EDGE_CURVE('',#2139,#2091,#2141,.T.);
#2139 = VERTEX_POINT('',#2140);
#2140 = CARTESIAN_POINT('',(33.95,16.25,0.));
#2141 = LINE('',#2142,#2143);
#2142 = CARTESIAN_POINT('',(33.95,16.25,0.));
#2143 = VECTOR('',#2144,1.);
#2144 = DIRECTION('',(-1.,0.,0.));
#2145 = ORIENTED_EDGE('',*,*,#2101,.T.);
#2146 = ORIENTED_EDGE('',*,*,#727,.F.);
#2147 = ORIENTED_EDGE('',*,*,#2148,.F.);
#2148 = EDGE_CURVE('',#2139,#719,#2149,.T.);
#2149 = B_SPLINE_CURVE_WITH_KNOTS('',1,(#2150,#2151),.UNSPECIFIED.,.F.,
  .F.,(2,2),(0.,1.),.PIECEWISE_BEZIER_KNOTS.);
#2150 = CARTESIAN_POINT('',(33.95,16.25,0.));
#2151 = CARTESIAN_POINT('',(33.95,15.123232745415,21.5));
#2152 = PLANE('',#2153);
#2153 = AXIS2_PLACEMENT_3D('',#2154,#2155,#2156);
#2154 = CARTESIAN_POINT('',(33.95,15.123232745415,21.5));
#2155 = DIRECTION('',(0.,0.998629534755,5.233595624294E-02));
#2156 = DIRECTION('',(-1.,0.,0.));
#2157 = ADVANCED_FACE('',(#2158),#2175,.T.);
#2158 = FACE_BOUND('',#2159,.T.);
#2159 = EDGE_LOOP('',(#2160,#2168,#2173,#2174));
#2160 = ORIENTED_EDGE('',*,*,#2161,.T.);
#2161 = EDGE_CURVE('',#2115,#2162,#2164,.T.);
#2162 = VERTEX_POINT('',#2163);
#2163 = CARTESIAN_POINT('',(33.95,-16.25,0.));
#2164 = LINE('',#2165,#2166);
#2165 = CARTESIAN_POINT('',(-33.95,-16.25,0.));
#2166 = VECTOR('',#2167,1.);
#2167 = DIRECTION('',(1.,0.,0.));
#2168 = ORIENTED_EDGE('',*,*,#2169,.T.);
#2169 = EDGE_CURVE('',#2162,#694,#2170,.T.);
#2170 = B_SPLINE_CURVE_WITH_KNOTS('',1,(#2171,#2172),.UNSPECIFIED.,.F.,
  .F.,(2,2),(0.,1.),.PIECEWISE_BEZIER_KNOTS.);
#2171 = CARTESIAN_POINT('',(33.95,-16.25,0.));
#2172 = CARTESIAN_POINT('',(33.95,-15.12323274541,21.5));
#2173 = ORIENTED_EDGE('',*,*,#693,.F.);
#2174 = ORIENTED_EDGE('',*,*,#2123,.F.);
#2175 = PLANE('',#2176);
#2176 = AXIS2_PLACEMENT_3D('',#2177,#2178,#2179);
#2177 = CARTESIAN_POINT('',(-33.95,-15.12323274541,21.5));
#2178 = DIRECTION('',(0.,-0.998629534755,5.233595624294E-02));
#2179 = DIRECTION('',(1.,0.,0.));
#2180 = ADVANCED_FACE('',(#2181),#2199,.T.);
#2181 = FACE_BOUND('',#2182,.T.);
#2182 = EDGE_LOOP('',(#2183,#2192,#2193,#2194));
#2183 = ORIENTED_EDGE('',*,*,#2184,.T.);
#2184 = EDGE_CURVE('',#2185,#2139,#2187,.T.);
#2185 = VERTEX_POINT('',#2186);
#2186 = CARTESIAN_POINT('',(37.95,12.25,0.));
#2187 = CIRCLE('',#2188,4.);
#2188 = AXIS2_PLACEMENT_3D('',#2189,#2190,#2191);
#2189 = CARTESIAN_POINT('',(33.95,12.25,0.));
#2190 = DIRECTION('',(0.,0.,1.));
#2191 = DIRECTION('',(1.,0.,0.));
#2192 = ORIENTED_EDGE('',*,*,#2148,.T.);
#2193 = ORIENTED_EDGE('',*,*,#718,.F.);
#2194 = ORIENTED_EDGE('',*,*,#2195,.F.);
#2195 = EDGE_CURVE('',#2185,#711,#2196,.T.);
#2196 = B_SPLINE_CURVE_WITH_KNOTS('',1,(#2197,#2198),.UNSPECIFIED.,.F.,
  .F.,(2,2),(0.,1.),.PIECEWISE_BEZIER_KNOTS.);
#2197 = CARTESIAN_POINT('',(37.95,12.25,0.));
#2198 = CARTESIAN_POINT('',(36.823232745415,12.25,21.5));
#2199 = CONICAL_SURFACE('',#2200,4.,5.235987755983E-02);
#2200 = AXIS2_PLACEMENT_3D('',#2201,#2202,#2203);
#2201 = CARTESIAN_POINT('',(33.95,12.25,0.));
#2202 = DIRECTION('',(-0.,-0.,-1.));
#2203 = DIRECTION('',(1.,0.,0.));
#2204 = ADVANCED_FACE('',(#2205),#2223,.T.);
#2205 = FACE_BOUND('',#2206,.T.);
#2206 = EDGE_LOOP('',(#2207,#2216,#2221,#2222));
#2207 = ORIENTED_EDGE('',*,*,#2208,.T.);
#2208 = EDGE_CURVE('',#2162,#2209,#2211,.T.);
#2209 = VERTEX_POINT('',#2210);
#2210 = CARTESIAN_POINT('',(37.95,-12.25,0.));
#2211 = CIRCLE('',#2212,4.);
#2212 = AXIS2_PLACEMENT_3D('',#2213,#2214,#2215);
#2213 = CARTESIAN_POINT('',(33.95,-12.25,0.));
#2214 = DIRECTION('',(0.,0.,1.));
#2215 = DIRECTION('',(1.,0.,0.));
#2216 = ORIENTED_EDGE('',*,*,#2217,.T.);
#2217 = EDGE_CURVE('',#2209,#702,#2218,.T.);
#2218 = B_SPLINE_CURVE_WITH_KNOTS('',1,(#2219,#2220),.UNSPECIFIED.,.F.,
  .F.,(2,2),(0.,1.),.PIECEWISE_BEZIER_KNOTS.);
#2219 = CARTESIAN_POINT('',(37.95,-12.25,0.));
#2220 = CARTESIAN_POINT('',(36.823232745415,-12.25,21.5));
#2221 = ORIENTED_EDGE('',*,*,#701,.F.);
#2222 = ORIENTED_EDGE('',*,*,#2169,.F.);
#2223 = CONICAL_SURFACE('',#2224,4.,5.235987755983E-02);
#2224 = AXIS2_PLACEMENT_3D('',#2225,#2226,#2227);
#2225 = CARTESIAN_POINT('',(33.95,-12.25,0.));
#2226 = DIRECTION('',(-0.,-0.,-1.));
#2227 = DIRECTION('',(1.,0.,0.));
#2228 = ADVANCED_FACE('',(#2229),#2302,.T.);
#2229 = FACE_BOUND('',#2230,.T.);
#2230 = EDGE_LOOP('',(#2231,#2232,#2240,#2247,#2255,#2263,#2271,#2279,
    #2287,#2294,#2300,#2301));
#2231 = ORIENTED_EDGE('',*,*,#2217,.F.);
#2232 = ORIENTED_EDGE('',*,*,#2233,.T.);
#2233 = EDGE_CURVE('',#2209,#2234,#2236,.T.);
#2234 = VERTEX_POINT('',#2235);
#2235 = CARTESIAN_POINT('',(37.95,-7.15,0.));
#2236 = LINE('',#2237,#2238);
#2237 = CARTESIAN_POINT('',(37.95,-12.25,0.));
#2238 = VECTOR('',#2239,1.);
#2239 = DIRECTION('',(0.,1.,0.));
#2240 = ORIENTED_EDGE('',*,*,#2241,.T.);
#2241 = EDGE_CURVE('',#2234,#2242,#2244,.T.);
#2242 = VERTEX_POINT('',#2243);
#2243 = CARTESIAN_POINT('',(37.530737765736,-6.730737765736,8.));
#2244 = B_SPLINE_CURVE_WITH_KNOTS('',1,(#2245,#2246),.UNSPECIFIED.,.F.,
  .F.,(2,2),(0.,1.),.PIECEWISE_BEZIER_KNOTS.);
#2245 = CARTESIAN_POINT('',(37.95,-7.15,0.));
#2246 = CARTESIAN_POINT('',(37.530737765736,-6.730737765736,8.));
#2247 = ORIENTED_EDGE('',*,*,#2248,.F.);
#2248 = EDGE_CURVE('',#2249,#2242,#2251,.T.);
#2249 = VERTEX_POINT('',#2250);
#2250 = CARTESIAN_POINT('',(37.530737765736,-6.1,8.));
#2251 = LINE('',#2252,#2253);
#2252 = CARTESIAN_POINT('',(37.530737765736,4.75,8.));
#2253 = VECTOR('',#2254,1.);
#2254 = DIRECTION('',(0.,-1.,0.));
#2255 = ORIENTED_EDGE('',*,*,#2256,.F.);
#2256 = EDGE_CURVE('',#2257,#2249,#2259,.T.);
#2257 = VERTEX_POINT('',#2258);
#2258 = CARTESIAN_POINT('',(38.054815558566,-5.1,-2.));
#2259 = LINE('',#2260,#2261);
#2260 = CARTESIAN_POINT('',(37.8711976392,-5.450363861774,1.503638617738
    ));
#2261 = VECTOR('',#2262,1.);
#2262 = DIRECTION('',(-5.207692899743E-02,-9.93687000477E-02,
    0.993687000477));
#2263 = ORIENTED_EDGE('',*,*,#2264,.F.);
#2264 = EDGE_CURVE('',#2265,#2257,#2267,.T.);
#2265 = VERTEX_POINT('',#2266);
#2266 = CARTESIAN_POINT('',(38.054815558566,2.7,-2.));
#2267 = LINE('',#2268,#2269);
#2268 = CARTESIAN_POINT('',(38.054815558566,3.7,-2.));
#2269 = VECTOR('',#2270,1.);
#2270 = DIRECTION('',(0.,-1.,2.22044604925E-16));
#2271 = ORIENTED_EDGE('',*,*,#2272,.T.);
#2272 = EDGE_CURVE('',#2265,#2273,#2275,.T.);
#2273 = VERTEX_POINT('',#2274);
#2274 = CARTESIAN_POINT('',(37.530737765736,3.7,8.));
#2275 = LINE('',#2276,#2277);
#2276 = CARTESIAN_POINT('',(37.866706649758,3.058933180115,
    1.589331801154));
#2277 = VECTOR('',#2278,1.);
#2278 = DIRECTION('',(-5.207692899743E-02,9.93687000477E-02,
    0.993687000477));
#2279 = ORIENTED_EDGE('',*,*,#2280,.F.);
#2280 = EDGE_CURVE('',#2281,#2273,#2283,.T.);
#2281 = VERTEX_POINT('',#2282);
#2282 = CARTESIAN_POINT('',(37.530737765736,4.330737765736,8.));
#2283 = LINE('',#2284,#2285);
#2284 = CARTESIAN_POINT('',(37.530737765736,4.75,8.));
#2285 = VECTOR('',#2286,1.);
#2286 = DIRECTION('',(0.,-1.,0.));
#2287 = ORIENTED_EDGE('',*,*,#2288,.F.);
#2288 = EDGE_CURVE('',#2289,#2281,#2291,.T.);
#2289 = VERTEX_POINT('',#2290);
#2290 = CARTESIAN_POINT('',(37.95,4.75,0.));
#2291 = B_SPLINE_CURVE_WITH_KNOTS('',1,(#2292,#2293),.UNSPECIFIED.,.F.,
  .F.,(2,2),(0.,1.),.PIECEWISE_BEZIER_KNOTS.);
#2292 = CARTESIAN_POINT('',(37.95,4.75,0.));
#2293 = CARTESIAN_POINT('',(37.530737765736,4.330737765736,8.));
#2294 = ORIENTED_EDGE('',*,*,#2295,.T.);
#2295 = EDGE_CURVE('',#2289,#2185,#2296,.T.);
#2296 = LINE('',#2297,#2298);
#2297 = CARTESIAN_POINT('',(37.95,-12.25,0.));
#2298 = VECTOR('',#2299,1.);
#2299 = DIRECTION('',(0.,1.,0.));
#2300 = ORIENTED_EDGE('',*,*,#2195,.T.);
#2301 = ORIENTED_EDGE('',*,*,#710,.F.);
#2302 = PLANE('',#2303);
#2303 = AXIS2_PLACEMENT_3D('',#2304,#2305,#2306);
#2304 = CARTESIAN_POINT('',(37.495310009765,-0.332145219661,
    8.676001854207));
#2305 = DIRECTION('',(0.998629534755,0.,5.233595624294E-02));
#2306 = DIRECTION('',(-5.233595624294E-02,0.,0.998629534755));
#2307 = ADVANCED_FACE('',(#2308),#2327,.T.);
#2308 = FACE_BOUND('',#2309,.T.);
#2309 = EDGE_LOOP('',(#2310,#2311,#2319,#2326));
#2310 = ORIENTED_EDGE('',*,*,#1116,.T.);
#2311 = ORIENTED_EDGE('',*,*,#2312,.T.);
#2312 = EDGE_CURVE('',#1109,#2313,#2315,.T.);
#2313 = VERTEX_POINT('',#2314);
#2314 = CARTESIAN_POINT('',(-25.25,-10.60667340873,9.5));
#2315 = LINE('',#2316,#2317);
#2316 = CARTESIAN_POINT('',(-25.25,-8.3,9.5));
#2317 = VECTOR('',#2318,1.);
#2318 = DIRECTION('',(0.,-1.,0.));
#2319 = ORIENTED_EDGE('',*,*,#2320,.F.);
#2320 = EDGE_CURVE('',#814,#2313,#2321,.T.);
#2321 = CIRCLE('',#2322,0.6);
#2322 = AXIS2_PLACEMENT_3D('',#2323,#2324,#2325);
#2323 = CARTESIAN_POINT('',(-25.25,-10.60667340873,8.9));
#2324 = DIRECTION('',(0.,-1.,0.));
#2325 = DIRECTION('',(0.,0.,-1.));
#2326 = ORIENTED_EDGE('',*,*,#813,.F.);
#2327 = CYLINDRICAL_SURFACE('',#2328,0.6);
#2328 = AXIS2_PLACEMENT_3D('',#2329,#2330,#2331);
#2329 = CARTESIAN_POINT('',(-25.25,-8.3,8.9));
#2330 = DIRECTION('',(0.,-1.,0.));
#2331 = DIRECTION('',(1.,0.,0.));
#2332 = ADVANCED_FACE('',(#2333),#2345,.T.);
#2333 = FACE_BOUND('',#2334,.F.);
#2334 = EDGE_LOOP('',(#2335,#2336,#2337,#2338));
#2335 = ORIENTED_EDGE('',*,*,#2320,.F.);
#2336 = ORIENTED_EDGE('',*,*,#821,.T.);
#2337 = ORIENTED_EDGE('',*,*,#1981,.T.);
#2338 = ORIENTED_EDGE('',*,*,#2339,.F.);
#2339 = EDGE_CURVE('',#2313,#1959,#2340,.T.);
#2340 = CIRCLE('',#2341,0.6);
#2341 = AXIS2_PLACEMENT_3D('',#2342,#2343,#2344);
#2342 = CARTESIAN_POINT('',(-25.25,-10.60667340873,10.1));
#2343 = DIRECTION('',(-1.,-0.,-0.));
#2344 = DIRECTION('',(0.,0.,-1.));
#2345 = TOROIDAL_SURFACE('',#2346,1.2,0.6);
#2346 = AXIS2_PLACEMENT_3D('',#2347,#2348,#2349);
#2347 = CARTESIAN_POINT('',(-25.25,-10.60667340873,10.1));
#2348 = DIRECTION('',(1.,0.,0.));
#2349 = DIRECTION('',(0.,0.,-1.));
#2350 = ADVANCED_FACE('',(#2351),#2370,.T.);
#2351 = FACE_BOUND('',#2352,.F.);
#2352 = EDGE_LOOP('',(#2353,#2354,#2362,#2369));
#2353 = ORIENTED_EDGE('',*,*,#1126,.T.);
#2354 = ORIENTED_EDGE('',*,*,#2355,.T.);
#2355 = EDGE_CURVE('',#1127,#2356,#2358,.T.);
#2356 = VERTEX_POINT('',#2357);
#2357 = CARTESIAN_POINT('',(25.25,-10.60667340873,9.5));
#2358 = LINE('',#2359,#2360);
#2359 = CARTESIAN_POINT('',(25.25,-8.3,9.5));
#2360 = VECTOR('',#2361,1.);
#2361 = DIRECTION('',(0.,-1.,0.));
#2362 = ORIENTED_EDGE('',*,*,#2363,.F.);
#2363 = EDGE_CURVE('',#915,#2356,#2364,.T.);
#2364 = CIRCLE('',#2365,0.6);
#2365 = AXIS2_PLACEMENT_3D('',#2366,#2367,#2368);
#2366 = CARTESIAN_POINT('',(25.25,-10.60667340873,8.9));
#2367 = DIRECTION('',(-0.,1.,0.));
#2368 = DIRECTION('',(0.,0.,-1.));
#2369 = ORIENTED_EDGE('',*,*,#914,.F.);
#2370 = CYLINDRICAL_SURFACE('',#2371,0.6);
#2371 = AXIS2_PLACEMENT_3D('',#2372,#2373,#2374);
#2372 = CARTESIAN_POINT('',(25.25,-8.3,8.9));
#2373 = DIRECTION('',(0.,-1.,0.));
#2374 = DIRECTION('',(-1.,0.,0.));
#2375 = ADVANCED_FACE('',(#2376),#2396,.T.);
#2376 = FACE_BOUND('',#2377,.T.);
#2377 = EDGE_LOOP('',(#2378,#2379,#2380,#2389));
#2378 = ORIENTED_EDGE('',*,*,#2363,.F.);
#2379 = ORIENTED_EDGE('',*,*,#922,.T.);
#2380 = ORIENTED_EDGE('',*,*,#2381,.T.);
#2381 = EDGE_CURVE('',#923,#2382,#2384,.T.);
#2382 = VERTEX_POINT('',#2383);
#2383 = CARTESIAN_POINT('',(25.25,-11.20647626727,10.084620439524));
#2384 = CIRCLE('',#2385,0.6);
#2385 = AXIS2_PLACEMENT_3D('',#2386,#2387,#2388);
#2386 = CARTESIAN_POINT('',(25.25,-11.80627912582,10.069240879049));
#2387 = DIRECTION('',(0.,2.563260079254E-02,-0.999671430909));
#2388 = DIRECTION('',(0.,-0.999671430909,-2.563260079254E-02));
#2389 = ORIENTED_EDGE('',*,*,#2390,.F.);
#2390 = EDGE_CURVE('',#2356,#2382,#2391,.T.);
#2391 = CIRCLE('',#2392,0.6);
#2392 = AXIS2_PLACEMENT_3D('',#2393,#2394,#2395);
#2393 = CARTESIAN_POINT('',(25.25,-10.60667340873,10.1));
#2394 = DIRECTION('',(-1.,-0.,-0.));
#2395 = DIRECTION('',(0.,0.,-1.));
#2396 = TOROIDAL_SURFACE('',#2397,1.2,0.6);
#2397 = AXIS2_PLACEMENT_3D('',#2398,#2399,#2400);
#2398 = CARTESIAN_POINT('',(25.25,-10.60667340873,10.1));
#2399 = DIRECTION('',(-1.,0.,0.));
#2400 = DIRECTION('',(0.,0.,-1.));
#2401 = ADVANCED_FACE('',(#2402),#2413,.T.);
#2402 = FACE_BOUND('',#2403,.F.);
#2403 = EDGE_LOOP('',(#2404,#2405,#2411,#2412));
#2404 = ORIENTED_EDGE('',*,*,#2381,.T.);
#2405 = ORIENTED_EDGE('',*,*,#2406,.T.);
#2406 = EDGE_CURVE('',#2382,#1007,#2407,.T.);
#2407 = LINE('',#2408,#2409);
#2408 = CARTESIAN_POINT('',(25.25,-11.19148599959,9.5));
#2409 = VECTOR('',#2410,1.);
#2410 = DIRECTION('',(0.,-2.563260079254E-02,0.999671430909));
#2411 = ORIENTED_EDGE('',*,*,#1006,.F.);
#2412 = ORIENTED_EDGE('',*,*,#931,.F.);
#2413 = CYLINDRICAL_SURFACE('',#2414,0.6);
#2414 = AXIS2_PLACEMENT_3D('',#2415,#2416,#2417);
#2415 = CARTESIAN_POINT('',(25.25,-11.79128885814,9.484620439524));
#2416 = DIRECTION('',(0.,-2.563260079254E-02,0.999671430909));
#2417 = DIRECTION('',(-1.,0.,0.));
#2418 = ADVANCED_FACE('',(#2419),#2438,.T.);
#2419 = FACE_BOUND('',#2420,.T.);
#2420 = EDGE_LOOP('',(#2421,#2422,#2430,#2437));
#2421 = ORIENTED_EDGE('',*,*,#1143,.T.);
#2422 = ORIENTED_EDGE('',*,*,#2423,.T.);
#2423 = EDGE_CURVE('',#1136,#2424,#2426,.T.);
#2424 = VERTEX_POINT('',#2425);
#2425 = CARTESIAN_POINT('',(25.9,-10.60667340873,9.5));
#2426 = LINE('',#2427,#2428);
#2427 = CARTESIAN_POINT('',(25.9,-8.3,9.5));
#2428 = VECTOR('',#2429,1.);
#2429 = DIRECTION('',(0.,-1.,0.));
#2430 = ORIENTED_EDGE('',*,*,#2431,.F.);
#2431 = EDGE_CURVE('',#965,#2424,#2432,.T.);
#2432 = CIRCLE('',#2433,0.6);
#2433 = AXIS2_PLACEMENT_3D('',#2434,#2435,#2436);
#2434 = CARTESIAN_POINT('',(25.9,-10.60667340873,8.9));
#2435 = DIRECTION('',(0.,-1.,0.));
#2436 = DIRECTION('',(0.,0.,-1.));
#2437 = ORIENTED_EDGE('',*,*,#964,.F.);
#2438 = CYLINDRICAL_SURFACE('',#2439,0.6);
#2439 = AXIS2_PLACEMENT_3D('',#2440,#2441,#2442);
#2440 = CARTESIAN_POINT('',(25.9,-8.3,8.9));
#2441 = DIRECTION('',(0.,-1.,0.));
#2442 = DIRECTION('',(1.,0.,0.));
#2443 = ADVANCED_FACE('',(#2444),#2464,.T.);
#2444 = FACE_BOUND('',#2445,.F.);
#2445 = EDGE_LOOP('',(#2446,#2447,#2448,#2457));
#2446 = ORIENTED_EDGE('',*,*,#2431,.F.);
#2447 = ORIENTED_EDGE('',*,*,#972,.T.);
#2448 = ORIENTED_EDGE('',*,*,#2449,.T.);
#2449 = EDGE_CURVE('',#973,#2450,#2452,.T.);
#2450 = VERTEX_POINT('',#2451);
#2451 = CARTESIAN_POINT('',(25.9,-11.20647626727,10.084620439524));
#2452 = CIRCLE('',#2453,0.6);
#2453 = AXIS2_PLACEMENT_3D('',#2454,#2455,#2456);
#2454 = CARTESIAN_POINT('',(25.9,-11.80627912582,10.069240879049));
#2455 = DIRECTION('',(0.,-2.563260079254E-02,0.999671430909));
#2456 = DIRECTION('',(-0.,-0.999671430909,-2.563260079254E-02));
#2457 = ORIENTED_EDGE('',*,*,#2458,.F.);
#2458 = EDGE_CURVE('',#2424,#2450,#2459,.T.);
#2459 = CIRCLE('',#2460,0.6);
#2460 = AXIS2_PLACEMENT_3D('',#2461,#2462,#2463);
#2461 = CARTESIAN_POINT('',(25.9,-10.60667340873,10.1));
#2462 = DIRECTION('',(-1.,-0.,-0.));
#2463 = DIRECTION('',(0.,0.,-1.));
#2464 = TOROIDAL_SURFACE('',#2465,1.2,0.6);
#2465 = AXIS2_PLACEMENT_3D('',#2466,#2467,#2468);
#2466 = CARTESIAN_POINT('',(25.9,-10.60667340873,10.1));
#2467 = DIRECTION('',(1.,0.,0.));
#2468 = DIRECTION('',(0.,0.,-1.));
#2469 = ADVANCED_FACE('',(#2470),#2481,.T.);
#2470 = FACE_BOUND('',#2471,.T.);
#2471 = EDGE_LOOP('',(#2472,#2473,#2479,#2480));
#2472 = ORIENTED_EDGE('',*,*,#2449,.T.);
#2473 = ORIENTED_EDGE('',*,*,#2474,.T.);
#2474 = EDGE_CURVE('',#2450,#1033,#2475,.T.);
#2475 = LINE('',#2476,#2477);
#2476 = CARTESIAN_POINT('',(25.9,-11.19148599959,9.5));
#2477 = VECTOR('',#2478,1.);
#2478 = DIRECTION('',(0.,-2.563260079254E-02,0.999671430909));
#2479 = ORIENTED_EDGE('',*,*,#1032,.F.);
#2480 = ORIENTED_EDGE('',*,*,#981,.F.);
#2481 = CYLINDRICAL_SURFACE('',#2482,0.6);
#2482 = AXIS2_PLACEMENT_3D('',#2483,#2484,#2485);
#2483 = CARTESIAN_POINT('',(25.9,-11.79128885814,9.484620439524));
#2484 = DIRECTION('',(0.,-2.563260079254E-02,0.999671430909));
#2485 = DIRECTION('',(1.,0.,0.));
#2486 = ADVANCED_FACE('',(#2487),#2498,.F.);
#2487 = FACE_BOUND('',#2488,.F.);
#2488 = EDGE_LOOP('',(#2489,#2490,#2491,#2497));
#2489 = ORIENTED_EDGE('',*,*,#1058,.F.);
#2490 = ORIENTED_EDGE('',*,*,#2406,.F.);
#2491 = ORIENTED_EDGE('',*,*,#2492,.T.);
#2492 = EDGE_CURVE('',#2382,#2450,#2493,.T.);
#2493 = LINE('',#2494,#2495);
#2494 = CARTESIAN_POINT('',(24.65,-11.20647626727,10.084620439524));
#2495 = VECTOR('',#2496,1.);
#2496 = DIRECTION('',(1.,0.,0.));
#2497 = ORIENTED_EDGE('',*,*,#2474,.T.);
#2498 = PLANE('',#2499);
#2499 = AXIS2_PLACEMENT_3D('',#2500,#2501,#2502);
#2500 = CARTESIAN_POINT('',(24.65,-11.19148599959,9.5));
#2501 = DIRECTION('',(0.,-0.999671430909,-2.563260079254E-02));
#2502 = DIRECTION('',(0.,-2.563260079254E-02,0.999671430909));
#2503 = ADVANCED_FACE('',(#2504),#2531,.T.);
#2504 = FACE_BOUND('',#2505,.T.);
#2505 = EDGE_LOOP('',(#2506,#2515,#2516,#2525));
#2506 = ORIENTED_EDGE('',*,*,#2507,.T.);
#2507 = EDGE_CURVE('',#2508,#1084,#2510,.T.);
#2508 = VERTEX_POINT('',#2509);
#2509 = CARTESIAN_POINT('',(-26.75,-7.7,18.5));
#2510 = CIRCLE('',#2511,0.6);
#2511 = AXIS2_PLACEMENT_3D('',#2512,#2513,#2514);
#2512 = CARTESIAN_POINT('',(-26.75,-7.7,17.9));
#2513 = DIRECTION('',(1.,-6.123233995737E-17,0.));
#2514 = DIRECTION('',(-6.123233995737E-17,-1.,0.));
#2515 = ORIENTED_EDGE('',*,*,#1083,.T.);
#2516 = ORIENTED_EDGE('',*,*,#2517,.F.);
#2517 = EDGE_CURVE('',#2518,#1076,#2520,.T.);
#2518 = VERTEX_POINT('',#2519);
#2519 = CARTESIAN_POINT('',(26.75,-7.7,18.5));
#2520 = CIRCLE('',#2521,0.6);
#2521 = AXIS2_PLACEMENT_3D('',#2522,#2523,#2524);
#2522 = CARTESIAN_POINT('',(26.75,-7.7,17.9));
#2523 = DIRECTION('',(1.,0.,-0.));
#2524 = DIRECTION('',(0.,0.,1.));
#2525 = ORIENTED_EDGE('',*,*,#2526,.F.);
#2526 = EDGE_CURVE('',#2508,#2518,#2527,.T.);
#2527 = LINE('',#2528,#2529);
#2528 = CARTESIAN_POINT('',(-26.75,-7.7,18.5));
#2529 = VECTOR('',#2530,1.);
#2530 = DIRECTION('',(1.,0.,0.));
#2531 = CYLINDRICAL_SURFACE('',#2532,0.6);
#2532 = AXIS2_PLACEMENT_3D('',#2533,#2534,#2535);
#2533 = CARTESIAN_POINT('',(-26.75,-7.7,17.9));
#2534 = DIRECTION('',(1.,0.,0.));
#2535 = DIRECTION('',(0.,0.,1.));
#2536 = ADVANCED_FACE('',(#2537),#2548,.F.);
#2537 = FACE_BOUND('',#2538,.F.);
#2538 = EDGE_LOOP('',(#2539,#2540,#2541,#2547));
#2539 = ORIENTED_EDGE('',*,*,#1135,.T.);
#2540 = ORIENTED_EDGE('',*,*,#2423,.T.);
#2541 = ORIENTED_EDGE('',*,*,#2542,.F.);
#2542 = EDGE_CURVE('',#2356,#2424,#2543,.T.);
#2543 = LINE('',#2544,#2545);
#2544 = CARTESIAN_POINT('',(24.65,-10.60667340873,9.5));
#2545 = VECTOR('',#2546,1.);
#2546 = DIRECTION('',(1.,0.,0.));
#2547 = ORIENTED_EDGE('',*,*,#2355,.F.);
#2548 = PLANE('',#2549);
#2549 = AXIS2_PLACEMENT_3D('',#2550,#2551,#2552);
#2550 = CARTESIAN_POINT('',(24.65,-8.3,9.5));
#2551 = DIRECTION('',(0.,0.,-1.));
#2552 = DIRECTION('',(0.,-1.,0.));
#2553 = ADVANCED_FACE('',(#2554),#2565,.T.);
#2554 = FACE_BOUND('',#2555,.T.);
#2555 = EDGE_LOOP('',(#2556,#2557,#2558,#2564));
#2556 = ORIENTED_EDGE('',*,*,#1108,.T.);
#2557 = ORIENTED_EDGE('',*,*,#1161,.T.);
#2558 = ORIENTED_EDGE('',*,*,#2559,.F.);
#2559 = EDGE_CURVE('',#2313,#1162,#2560,.T.);
#2560 = LINE('',#2561,#2562);
#2561 = CARTESIAN_POINT('',(-24.65,-10.60667340873,9.5));
#2562 = VECTOR('',#2563,1.);
#2563 = DIRECTION('',(-1.,-0.,-0.));
#2564 = ORIENTED_EDGE('',*,*,#2312,.F.);
#2565 = PLANE('',#2566);
#2566 = AXIS2_PLACEMENT_3D('',#2567,#2568,#2569);
#2567 = CARTESIAN_POINT('',(-24.65,-8.3,9.5));
#2568 = DIRECTION('',(0.,0.,1.));
#2569 = DIRECTION('',(0.,-1.,0.));
#2570 = ADVANCED_FACE('',(#2571),#2577,.F.);
#2571 = FACE_BOUND('',#2572,.F.);
#2572 = EDGE_LOOP('',(#2573,#2574,#2575,#2576));
#2573 = ORIENTED_EDGE('',*,*,#2559,.F.);
#2574 = ORIENTED_EDGE('',*,*,#2339,.T.);
#2575 = ORIENTED_EDGE('',*,*,#1966,.T.);
#2576 = ORIENTED_EDGE('',*,*,#1196,.F.);
#2577 = CYLINDRICAL_SURFACE('',#2578,0.6);
#2578 = AXIS2_PLACEMENT_3D('',#2579,#2580,#2581);
#2579 = CARTESIAN_POINT('',(-24.65,-10.60667340873,10.1));
#2580 = DIRECTION('',(-1.,-0.,-0.));
#2581 = DIRECTION('',(0.,0.,-1.));
#2582 = ADVANCED_FACE('',(#2583),#2595,.T.);
#2583 = FACE_BOUND('',#2584,.T.);
#2584 = EDGE_LOOP('',(#2585,#2586,#2587,#2588));
#2585 = ORIENTED_EDGE('',*,*,#1323,.F.);
#2586 = ORIENTED_EDGE('',*,*,#1244,.T.);
#2587 = ORIENTED_EDGE('',*,*,#1268,.T.);
#2588 = ORIENTED_EDGE('',*,*,#2589,.F.);
#2589 = EDGE_CURVE('',#1324,#1269,#2590,.T.);
#2590 = CIRCLE('',#2591,2.499999999999);
#2591 = AXIS2_PLACEMENT_3D('',#2592,#2593,#2594);
#2592 = CARTESIAN_POINT('',(-25.9,13.925665457702,16.100952850364));
#2593 = DIRECTION('',(1.,0.,-0.));
#2594 = DIRECTION('',(0.,0.,1.));
#2595 = TOROIDAL_SURFACE('',#2596,1.899999999999,0.6);
#2596 = AXIS2_PLACEMENT_3D('',#2597,#2598,#2599);
#2597 = CARTESIAN_POINT('',(-25.9,13.925665457702,16.100952850364));
#2598 = DIRECTION('',(1.,0.,0.));
#2599 = DIRECTION('',(0.,0.,1.));
#2600 = ADVANCED_FACE('',(#2601),#2613,.T.);
#2601 = FACE_BOUND('',#2602,.F.);
#2602 = EDGE_LOOP('',(#2603,#2604,#2605,#2606));
#2603 = ORIENTED_EDGE('',*,*,#1481,.F.);
#2604 = ORIENTED_EDGE('',*,*,#1782,.T.);
#2605 = ORIENTED_EDGE('',*,*,#1732,.T.);
#2606 = ORIENTED_EDGE('',*,*,#2607,.F.);
#2607 = EDGE_CURVE('',#1474,#1686,#2608,.T.);
#2608 = CIRCLE('',#2609,2.499999999999);
#2609 = AXIS2_PLACEMENT_3D('',#2610,#2611,#2612);
#2610 = CARTESIAN_POINT('',(25.9,13.925665457702,16.100952850364));
#2611 = DIRECTION('',(1.,0.,-0.));
#2612 = DIRECTION('',(0.,0.,1.));
#2613 = TOROIDAL_SURFACE('',#2614,1.899999999999,0.6);
#2614 = AXIS2_PLACEMENT_3D('',#2615,#2616,#2617);
#2615 = CARTESIAN_POINT('',(25.9,13.925665457702,16.100952850364));
#2616 = DIRECTION('',(-1.,0.,0.));
#2617 = DIRECTION('',(0.,0.,1.));
#2618 = ADVANCED_FACE('',(#2619),#2631,.T.);
#2619 = FACE_BOUND('',#2620,.F.);
#2620 = EDGE_LOOP('',(#2621,#2622,#2623,#2624));
#2621 = ORIENTED_EDGE('',*,*,#1473,.T.);
#2622 = ORIENTED_EDGE('',*,*,#2607,.T.);
#2623 = ORIENTED_EDGE('',*,*,#1685,.F.);
#2624 = ORIENTED_EDGE('',*,*,#2625,.F.);
#2625 = EDGE_CURVE('',#1437,#1659,#2626,.T.);
#2626 = CIRCLE('',#2627,2.499999999999);
#2627 = AXIS2_PLACEMENT_3D('',#2628,#2629,#2630);
#2628 = CARTESIAN_POINT('',(25.25,13.925665457702,16.100952850364));
#2629 = DIRECTION('',(1.,0.,-0.));
#2630 = DIRECTION('',(0.,0.,1.));
#2631 = CYLINDRICAL_SURFACE('',#2632,2.499999999999);
#2632 = AXIS2_PLACEMENT_3D('',#2633,#2634,#2635);
#2633 = CARTESIAN_POINT('',(24.65,13.925665457702,16.100952850364));
#2634 = DIRECTION('',(-1.,-0.,-0.));
#2635 = DIRECTION('',(0.,1.,0.));
#2636 = ADVANCED_FACE('',(#2637),#2643,.T.);
#2637 = FACE_BOUND('',#2638,.T.);
#2638 = EDGE_LOOP('',(#2639,#2640,#2641,#2642));
#2639 = ORIENTED_EDGE('',*,*,#1436,.F.);
#2640 = ORIENTED_EDGE('',*,*,#1634,.T.);
#2641 = ORIENTED_EDGE('',*,*,#1658,.T.);
#2642 = ORIENTED_EDGE('',*,*,#2625,.F.);
#2643 = TOROIDAL_SURFACE('',#2644,1.899999999999,0.6);
#2644 = AXIS2_PLACEMENT_3D('',#2645,#2646,#2647);
#2645 = CARTESIAN_POINT('',(25.25,13.925665457702,16.100952850364));
#2646 = DIRECTION('',(1.,0.,0.));
#2647 = DIRECTION('',(0.,0.,1.));
#2648 = ADVANCED_FACE('',(#2649),#2661,.T.);
#2649 = FACE_BOUND('',#2650,.F.);
#2650 = EDGE_LOOP('',(#2651,#2652,#2653,#2654));
#2651 = ORIENTED_EDGE('',*,*,#1368,.F.);
#2652 = ORIENTED_EDGE('',*,*,#1616,.T.);
#2653 = ORIENTED_EDGE('',*,*,#1578,.T.);
#2654 = ORIENTED_EDGE('',*,*,#2655,.F.);
#2655 = EDGE_CURVE('',#1361,#1526,#2656,.T.);
#2656 = CIRCLE('',#2657,2.499999999999);
#2657 = AXIS2_PLACEMENT_3D('',#2658,#2659,#2660);
#2658 = CARTESIAN_POINT('',(-25.25,13.925665457702,16.100952850364));
#2659 = DIRECTION('',(1.,0.,-0.));
#2660 = DIRECTION('',(0.,0.,1.));
#2661 = TOROIDAL_SURFACE('',#2662,1.899999999999,0.6);
#2662 = AXIS2_PLACEMENT_3D('',#2663,#2664,#2665);
#2663 = CARTESIAN_POINT('',(-25.25,13.925665457702,16.100952850364));
#2664 = DIRECTION('',(-1.,0.,0.));
#2665 = DIRECTION('',(0.,0.,1.));
#2666 = ADVANCED_FACE('',(#2667),#2673,.T.);
#2667 = FACE_BOUND('',#2668,.T.);
#2668 = EDGE_LOOP('',(#2669,#2670,#2671,#2672));
#2669 = ORIENTED_EDGE('',*,*,#1360,.T.);
#2670 = ORIENTED_EDGE('',*,*,#2589,.T.);
#2671 = ORIENTED_EDGE('',*,*,#1533,.F.);
#2672 = ORIENTED_EDGE('',*,*,#2655,.F.);
#2673 = CYLINDRICAL_SURFACE('',#2674,2.499999999999);
#2674 = AXIS2_PLACEMENT_3D('',#2675,#2676,#2677);
#2675 = CARTESIAN_POINT('',(-24.65,13.925665457702,16.100952850364));
#2676 = DIRECTION('',(1.,0.,0.));
#2677 = DIRECTION('',(0.,1.,0.));
#2678 = ADVANCED_FACE('',(#2679),#2699,.T.);
#2679 = FACE_BOUND('',#2680,.F.);
#2680 = EDGE_LOOP('',(#2681,#2690,#2697,#2698));
#2681 = ORIENTED_EDGE('',*,*,#2682,.F.);
#2682 = EDGE_CURVE('',#2683,#1709,#2685,.T.);
#2683 = VERTEX_POINT('',#2684);
#2684 = CARTESIAN_POINT('',(-27.15,-7.3,18.5));
#2685 = CIRCLE('',#2686,0.6);
#2686 = AXIS2_PLACEMENT_3D('',#2687,#2688,#2689);
#2687 = CARTESIAN_POINT('',(-27.15,-7.3,17.9));
#2688 = DIRECTION('',(0.,-1.,0.));
#2689 = DIRECTION('',(0.,0.,1.));
#2690 = ORIENTED_EDGE('',*,*,#2691,.T.);
#2691 = EDGE_CURVE('',#2683,#2508,#2692,.T.);
#2692 = CIRCLE('',#2693,0.4);
#2693 = AXIS2_PLACEMENT_3D('',#2694,#2695,#2696);
#2694 = CARTESIAN_POINT('',(-26.75,-7.3,18.5));
#2695 = DIRECTION('',(0.,0.,1.));
#2696 = DIRECTION('',(-1.,8.881784197001E-16,0.));
#2697 = ORIENTED_EDGE('',*,*,#2507,.T.);
#2698 = ORIENTED_EDGE('',*,*,#1708,.F.);
#2699 = SURFACE_OF_REVOLUTION('',#2700,#2711);
#2700 = B_SPLINE_CURVE_WITH_KNOTS('',5,(#2701,#2702,#2703,#2704,#2705,
    #2706,#2707,#2708,#2709,#2710),.UNSPECIFIED.,.F.,.F.,(6,4,6),(
    4.712388980385,5.497787143782,6.28318530718),.UNSPECIFIED.);
#2701 = CARTESIAN_POINT('',(-27.15,-7.3,18.5));
#2702 = CARTESIAN_POINT('',(-27.2442477796,-7.3,18.5));
#2703 = CARTESIAN_POINT('',(-27.33849705238,-7.3,18.481498644233));
#2704 = CARTESIAN_POINT('',(-27.42789409061,-7.3,18.444469178566));
#2705 = CARTESIAN_POINT('',(-27.50762082464,-7.3,18.390907312784));
#2706 = CARTESIAN_POINT('',(-27.64090731278,-7.3,18.25762082464));
#2707 = CARTESIAN_POINT('',(-27.69446917856,-7.3,18.17789409061));
#2708 = CARTESIAN_POINT('',(-27.73149864423,-7.3,18.088497052389));
#2709 = CARTESIAN_POINT('',(-27.75,-7.3,17.994247779608));
#2710 = CARTESIAN_POINT('',(-27.75,-7.3,17.9));
#2711 = AXIS1_PLACEMENT('',#2712,#2713);
#2712 = CARTESIAN_POINT('',(-26.75,-7.3,17.9));
#2713 = DIRECTION('',(-0.,-0.,-1.));
#2714 = ADVANCED_FACE('',(#2715),#2734,.T.);
#2715 = FACE_BOUND('',#2716,.T.);
#2716 = EDGE_LOOP('',(#2717,#2726,#2727,#2728));
#2717 = ORIENTED_EDGE('',*,*,#2718,.T.);
#2718 = EDGE_CURVE('',#2719,#1759,#2721,.T.);
#2719 = VERTEX_POINT('',#2720);
#2720 = CARTESIAN_POINT('',(-27.15,4.7,18.5));
#2721 = CIRCLE('',#2722,0.6);
#2722 = AXIS2_PLACEMENT_3D('',#2723,#2724,#2725);
#2723 = CARTESIAN_POINT('',(-27.15,4.7,17.9));
#2724 = DIRECTION('',(-6.123233995737E-17,-1.,-0.));
#2725 = DIRECTION('',(-1.,6.123233995737E-17,0.));
#2726 = ORIENTED_EDGE('',*,*,#1758,.T.);
#2727 = ORIENTED_EDGE('',*,*,#2682,.F.);
#2728 = ORIENTED_EDGE('',*,*,#2729,.F.);
#2729 = EDGE_CURVE('',#2719,#2683,#2730,.T.);
#2730 = LINE('',#2731,#2732);
#2731 = CARTESIAN_POINT('',(-27.15,4.7,18.5));
#2732 = VECTOR('',#2733,1.);
#2733 = DIRECTION('',(0.,-1.,0.));
#2734 = CYLINDRICAL_SURFACE('',#2735,0.6);
#2735 = AXIS2_PLACEMENT_3D('',#2736,#2737,#2738);
#2736 = CARTESIAN_POINT('',(-27.15,4.7,17.9));
#2737 = DIRECTION('',(0.,-1.,0.));
#2738 = DIRECTION('',(0.,0.,1.));
#2739 = ADVANCED_FACE('',(#2740),#2760,.T.);
#2740 = FACE_BOUND('',#2741,.F.);
#2741 = EDGE_LOOP('',(#2742,#2751,#2758,#2759));
#2742 = ORIENTED_EDGE('',*,*,#2743,.F.);
#2743 = EDGE_CURVE('',#2744,#1801,#2746,.T.);
#2744 = VERTEX_POINT('',#2745);
#2745 = CARTESIAN_POINT('',(-26.75,5.1,18.5));
#2746 = CIRCLE('',#2747,0.6);
#2747 = AXIS2_PLACEMENT_3D('',#2748,#2749,#2750);
#2748 = CARTESIAN_POINT('',(-26.75,5.1,17.9));
#2749 = DIRECTION('',(-1.,0.,0.));
#2750 = DIRECTION('',(0.,0.,1.));
#2751 = ORIENTED_EDGE('',*,*,#2752,.T.);
#2752 = EDGE_CURVE('',#2744,#2719,#2753,.T.);
#2753 = CIRCLE('',#2754,0.4);
#2754 = AXIS2_PLACEMENT_3D('',#2755,#2756,#2757);
#2755 = CARTESIAN_POINT('',(-26.75,4.7,18.5));
#2756 = DIRECTION('',(0.,-0.,1.));
#2757 = DIRECTION('',(0.,1.,0.));
#2758 = ORIENTED_EDGE('',*,*,#2718,.T.);
#2759 = ORIENTED_EDGE('',*,*,#1800,.F.);
#2760 = SURFACE_OF_REVOLUTION('',#2761,#2772);
#2761 = B_SPLINE_CURVE_WITH_KNOTS('',5,(#2762,#2763,#2764,#2765,#2766,
    #2767,#2768,#2769,#2770,#2771),.UNSPECIFIED.,.F.,.F.,(6,4,6),(
    4.712388980385,5.497787143782,6.28318530718),.UNSPECIFIED.);
#2762 = CARTESIAN_POINT('',(-26.75,5.1,18.5));
#2763 = CARTESIAN_POINT('',(-26.75,5.194247779608,18.5));
#2764 = CARTESIAN_POINT('',(-26.75,5.288497052389,18.481498644233));
#2765 = CARTESIAN_POINT('',(-26.75,5.37789409061,18.444469178566));
#2766 = CARTESIAN_POINT('',(-26.75,5.45762082464,18.390907312784));
#2767 = CARTESIAN_POINT('',(-26.75,5.590907312785,18.25762082464));
#2768 = CARTESIAN_POINT('',(-26.75,5.644469178566,18.17789409061));
#2769 = CARTESIAN_POINT('',(-26.75,5.681498644233,18.088497052389));
#2770 = CARTESIAN_POINT('',(-26.75,5.7,17.994247779608));
#2771 = CARTESIAN_POINT('',(-26.75,5.7,17.9));
#2772 = AXIS1_PLACEMENT('',#2773,#2774);
#2773 = CARTESIAN_POINT('',(-26.75,4.7,17.9));
#2774 = DIRECTION('',(-0.,-0.,-1.));
#2775 = ADVANCED_FACE('',(#2776),#2795,.T.);
#2776 = FACE_BOUND('',#2777,.T.);
#2777 = EDGE_LOOP('',(#2778,#2787,#2788,#2789));
#2778 = ORIENTED_EDGE('',*,*,#2779,.T.);
#2779 = EDGE_CURVE('',#2780,#1826,#2782,.T.);
#2780 = VERTEX_POINT('',#2781);
#2781 = CARTESIAN_POINT('',(26.75,5.1,18.5));
#2782 = CIRCLE('',#2783,0.6);
#2783 = AXIS2_PLACEMENT_3D('',#2784,#2785,#2786);
#2784 = CARTESIAN_POINT('',(26.75,5.1,17.9));
#2785 = DIRECTION('',(-1.,0.,0.));
#2786 = DIRECTION('',(0.,0.,1.));
#2787 = ORIENTED_EDGE('',*,*,#1825,.T.);
#2788 = ORIENTED_EDGE('',*,*,#2743,.F.);
#2789 = ORIENTED_EDGE('',*,*,#2790,.F.);
#2790 = EDGE_CURVE('',#2780,#2744,#2791,.T.);
#2791 = LINE('',#2792,#2793);
#2792 = CARTESIAN_POINT('',(26.75,5.1,18.5));
#2793 = VECTOR('',#2794,1.);
#2794 = DIRECTION('',(-1.,0.,0.));
#2795 = CYLINDRICAL_SURFACE('',#2796,0.6);
#2796 = AXIS2_PLACEMENT_3D('',#2797,#2798,#2799);
#2797 = CARTESIAN_POINT('',(26.75,5.1,17.9));
#2798 = DIRECTION('',(-1.,0.,0.));
#2799 = DIRECTION('',(0.,0.,1.));
#2800 = ADVANCED_FACE('',(#2801),#2821,.T.);
#2801 = FACE_BOUND('',#2802,.F.);
#2802 = EDGE_LOOP('',(#2803,#2812,#2819,#2820));
#2803 = ORIENTED_EDGE('',*,*,#2804,.F.);
#2804 = EDGE_CURVE('',#2805,#1880,#2807,.T.);
#2805 = VERTEX_POINT('',#2806);
#2806 = CARTESIAN_POINT('',(27.15,4.7,18.5));
#2807 = CIRCLE('',#2808,0.6);
#2808 = AXIS2_PLACEMENT_3D('',#2809,#2810,#2811);
#2809 = CARTESIAN_POINT('',(27.15,4.7,17.9));
#2810 = DIRECTION('',(0.,1.,0.));
#2811 = DIRECTION('',(0.,0.,1.));
#2812 = ORIENTED_EDGE('',*,*,#2813,.T.);
#2813 = EDGE_CURVE('',#2805,#2780,#2814,.T.);
#2814 = CIRCLE('',#2815,0.4);
#2815 = AXIS2_PLACEMENT_3D('',#2816,#2817,#2818);
#2816 = CARTESIAN_POINT('',(26.75,4.7,18.5));
#2817 = DIRECTION('',(0.,0.,1.));
#2818 = DIRECTION('',(1.,0.,0.));
#2819 = ORIENTED_EDGE('',*,*,#2779,.T.);
#2820 = ORIENTED_EDGE('',*,*,#1879,.F.);
#2821 = SURFACE_OF_REVOLUTION('',#2822,#2833);
#2822 = B_SPLINE_CURVE_WITH_KNOTS('',5,(#2823,#2824,#2825,#2826,#2827,
    #2828,#2829,#2830,#2831,#2832),.UNSPECIFIED.,.F.,.F.,(6,4,6),(
    4.712388980385,5.497787143782,6.28318530718),.UNSPECIFIED.);
#2823 = CARTESIAN_POINT('',(27.15,4.7,18.5));
#2824 = CARTESIAN_POINT('',(27.244247779608,4.7,18.5));
#2825 = CARTESIAN_POINT('',(27.338497052389,4.7,18.481498644233));
#2826 = CARTESIAN_POINT('',(27.42789409061,4.7,18.444469178566));
#2827 = CARTESIAN_POINT('',(27.50762082464,4.7,18.390907312784));
#2828 = CARTESIAN_POINT('',(27.640907312784,4.7,18.25762082464));
#2829 = CARTESIAN_POINT('',(27.694469178566,4.7,18.17789409061));
#2830 = CARTESIAN_POINT('',(27.731498644232,4.7,18.088497052389));
#2831 = CARTESIAN_POINT('',(27.75,4.7,17.994247779608));
#2832 = CARTESIAN_POINT('',(27.75,4.7,17.9));
#2833 = AXIS1_PLACEMENT('',#2834,#2835);
#2834 = CARTESIAN_POINT('',(26.75,4.7,17.9));
#2835 = DIRECTION('',(-0.,-0.,-1.));
#2836 = ADVANCED_FACE('',(#2837),#2856,.T.);
#2837 = FACE_BOUND('',#2838,.T.);
#2838 = EDGE_LOOP('',(#2839,#2848,#2849,#2850));
#2839 = ORIENTED_EDGE('',*,*,#2840,.T.);
#2840 = EDGE_CURVE('',#2841,#1917,#2843,.T.);
#2841 = VERTEX_POINT('',#2842);
#2842 = CARTESIAN_POINT('',(27.15,-7.3,18.5));
#2843 = CIRCLE('',#2844,0.6);
#2844 = AXIS2_PLACEMENT_3D('',#2845,#2846,#2847);
#2845 = CARTESIAN_POINT('',(27.15,-7.3,17.9));
#2846 = DIRECTION('',(6.123233995737E-17,1.,0.));
#2847 = DIRECTION('',(1.,-6.123233995737E-17,0.));
#2848 = ORIENTED_EDGE('',*,*,#1916,.T.);
#2849 = ORIENTED_EDGE('',*,*,#2804,.F.);
#2850 = ORIENTED_EDGE('',*,*,#2851,.F.);
#2851 = EDGE_CURVE('',#2841,#2805,#2852,.T.);
#2852 = LINE('',#2853,#2854);
#2853 = CARTESIAN_POINT('',(27.15,-7.3,18.5));
#2854 = VECTOR('',#2855,1.);
#2855 = DIRECTION('',(0.,1.,0.));
#2856 = CYLINDRICAL_SURFACE('',#2857,0.6);
#2857 = AXIS2_PLACEMENT_3D('',#2858,#2859,#2860);
#2858 = CARTESIAN_POINT('',(27.15,-7.3,17.9));
#2859 = DIRECTION('',(0.,1.,0.));
#2860 = DIRECTION('',(0.,0.,1.));
#2861 = ADVANCED_FACE('',(#2862),#2874,.T.);
#2862 = FACE_BOUND('',#2863,.F.);
#2863 = EDGE_LOOP('',(#2864,#2865,#2872,#2873));
#2864 = ORIENTED_EDGE('',*,*,#2517,.F.);
#2865 = ORIENTED_EDGE('',*,*,#2866,.T.);
#2866 = EDGE_CURVE('',#2518,#2841,#2867,.T.);
#2867 = CIRCLE('',#2868,0.4);
#2868 = AXIS2_PLACEMENT_3D('',#2869,#2870,#2871);
#2869 = CARTESIAN_POINT('',(26.75,-7.3,18.5));
#2870 = DIRECTION('',(-0.,0.,1.));
#2871 = DIRECTION('',(0.,-1.,0.));
#2872 = ORIENTED_EDGE('',*,*,#2840,.T.);
#2873 = ORIENTED_EDGE('',*,*,#1940,.F.);
#2874 = SURFACE_OF_REVOLUTION('',#2875,#2886);
#2875 = B_SPLINE_CURVE_WITH_KNOTS('',5,(#2876,#2877,#2878,#2879,#2880,
    #2881,#2882,#2883,#2884,#2885),.UNSPECIFIED.,.F.,.F.,(6,4,6),(
    4.712388980385,5.497787143782,6.28318530718),.UNSPECIFIED.);
#2876 = CARTESIAN_POINT('',(26.75,-7.7,18.5));
#2877 = CARTESIAN_POINT('',(26.75,-7.794247779607,18.5));
#2878 = CARTESIAN_POINT('',(26.75,-7.888497052389,18.481498644233));
#2879 = CARTESIAN_POINT('',(26.75,-7.977894090609,18.444469178566));
#2880 = CARTESIAN_POINT('',(26.75,-8.057620824639,18.390907312784));
#2881 = CARTESIAN_POINT('',(26.75,-8.190907312784,18.25762082464));
#2882 = CARTESIAN_POINT('',(26.75,-8.244469178565,18.17789409061));
#2883 = CARTESIAN_POINT('',(26.75,-8.281498644232,18.088497052389));
#2884 = CARTESIAN_POINT('',(26.75,-8.3,17.994247779608));
#2885 = CARTESIAN_POINT('',(26.75,-8.3,17.9));
#2886 = AXIS1_PLACEMENT('',#2887,#2888);
#2887 = CARTESIAN_POINT('',(26.75,-7.3,17.9));
#2888 = DIRECTION('',(-0.,-0.,-1.));
#2889 = ADVANCED_FACE('',(#2890,#2946,#2957,#2991),#3002,.T.);
#2890 = FACE_BOUND('',#2891,.T.);
#2891 = EDGE_LOOP('',(#2892,#2893,#2894,#2895,#2896,#2897,#2905,#2913,
    #2919,#2920,#2921,#2922,#2923,#2924,#2932,#2940));
#2892 = ORIENTED_EDGE('',*,*,#2006,.F.);
#2893 = ORIENTED_EDGE('',*,*,#2090,.F.);
#2894 = ORIENTED_EDGE('',*,*,#2138,.F.);
#2895 = ORIENTED_EDGE('',*,*,#2184,.F.);
#2896 = ORIENTED_EDGE('',*,*,#2295,.F.);
#2897 = ORIENTED_EDGE('',*,*,#2898,.F.);
#2898 = EDGE_CURVE('',#2899,#2289,#2901,.T.);
#2899 = VERTEX_POINT('',#2900);
#2900 = CARTESIAN_POINT('',(34.7,4.75,0.));
#2901 = LINE('',#2902,#2903);
#2902 = CARTESIAN_POINT('',(34.7,4.75,0.));
#2903 = VECTOR('',#2904,1.);
#2904 = DIRECTION('',(1.,0.,0.));
#2905 = ORIENTED_EDGE('',*,*,#2906,.F.);
#2906 = EDGE_CURVE('',#2907,#2899,#2909,.T.);
#2907 = VERTEX_POINT('',#2908);
#2908 = CARTESIAN_POINT('',(34.7,-7.15,0.));
#2909 = LINE('',#2910,#2911);
#2910 = CARTESIAN_POINT('',(34.7,-7.15,0.));
#2911 = VECTOR('',#2912,1.);
#2912 = DIRECTION('',(0.,1.,0.));
#2913 = ORIENTED_EDGE('',*,*,#2914,.F.);
#2914 = EDGE_CURVE('',#2234,#2907,#2915,.T.);
#2915 = LINE('',#2916,#2917);
#2916 = CARTESIAN_POINT('',(37.95,-7.15,0.));
#2917 = VECTOR('',#2918,1.);
#2918 = DIRECTION('',(-1.,0.,0.));
#2919 = ORIENTED_EDGE('',*,*,#2233,.F.);
#2920 = ORIENTED_EDGE('',*,*,#2208,.F.);
#2921 = ORIENTED_EDGE('',*,*,#2161,.F.);
#2922 = ORIENTED_EDGE('',*,*,#2114,.F.);
#2923 = ORIENTED_EDGE('',*,*,#2068,.F.);
#2924 = ORIENTED_EDGE('',*,*,#2925,.F.);
#2925 = EDGE_CURVE('',#2926,#2062,#2928,.T.);
#2926 = VERTEX_POINT('',#2927);
#2927 = CARTESIAN_POINT('',(-34.7,-7.15,0.));
#2928 = LINE('',#2929,#2930);
#2929 = CARTESIAN_POINT('',(-34.7,-7.15,0.));
#2930 = VECTOR('',#2931,1.);
#2931 = DIRECTION('',(-1.,0.,0.));
#2932 = ORIENTED_EDGE('',*,*,#2933,.F.);
#2933 = EDGE_CURVE('',#2934,#2926,#2936,.T.);
#2934 = VERTEX_POINT('',#2935);
#2935 = CARTESIAN_POINT('',(-34.7,4.75,0.));
#2936 = LINE('',#2937,#2938);
#2937 = CARTESIAN_POINT('',(-34.7,4.75,0.));
#2938 = VECTOR('',#2939,1.);
#2939 = DIRECTION('',(0.,-1.,0.));
#2940 = ORIENTED_EDGE('',*,*,#2941,.F.);
#2941 = EDGE_CURVE('',#2007,#2934,#2942,.T.);
#2942 = LINE('',#2943,#2944);
#2943 = CARTESIAN_POINT('',(-37.95,4.75,0.));
#2944 = VECTOR('',#2945,1.);
#2945 = DIRECTION('',(1.,0.,0.));
#2946 = FACE_BOUND('',#2947,.T.);
#2947 = EDGE_LOOP('',(#2948));
#2948 = ORIENTED_EDGE('',*,*,#2949,.F.);
#2949 = EDGE_CURVE('',#2950,#2950,#2952,.T.);
#2950 = VERTEX_POINT('',#2951);
#2951 = CARTESIAN_POINT('',(31.4,-0.35,0.));
#2952 = CIRCLE('',#2953,1.4);
#2953 = AXIS2_PLACEMENT_3D('',#2954,#2955,#2956);
#2954 = CARTESIAN_POINT('',(30.,-0.35,0.));
#2955 = DIRECTION('',(0.,0.,-1.));
#2956 = DIRECTION('',(1.,0.,0.));
#2957 = FACE_BOUND('',#2958,.T.);
#2958 = EDGE_LOOP('',(#2959,#2969,#2977,#2985));
#2959 = ORIENTED_EDGE('',*,*,#2960,.F.);
#2960 = EDGE_CURVE('',#2961,#2963,#2965,.T.);
#2961 = VERTEX_POINT('',#2962);
#2962 = CARTESIAN_POINT('',(26.,-6.5,0.));
#2963 = VERTEX_POINT('',#2964);
#2964 = CARTESIAN_POINT('',(-26.,-6.5,0.));
#2965 = LINE('',#2966,#2967);
#2966 = CARTESIAN_POINT('',(26.,-6.5,0.));
#2967 = VECTOR('',#2968,1.);
#2968 = DIRECTION('',(-1.,0.,0.));
#2969 = ORIENTED_EDGE('',*,*,#2970,.F.);
#2970 = EDGE_CURVE('',#2971,#2961,#2973,.T.);
#2971 = VERTEX_POINT('',#2972);
#2972 = CARTESIAN_POINT('',(26.,4.,0.));
#2973 = LINE('',#2974,#2975);
#2974 = CARTESIAN_POINT('',(26.,4.,0.));
#2975 = VECTOR('',#2976,1.);
#2976 = DIRECTION('',(0.,-1.,0.));
#2977 = ORIENTED_EDGE('',*,*,#2978,.F.);
#2978 = EDGE_CURVE('',#2979,#2971,#2981,.T.);
#2979 = VERTEX_POINT('',#2980);
#2980 = CARTESIAN_POINT('',(-26.,4.,0.));
#2981 = LINE('',#2982,#2983);
#2982 = CARTESIAN_POINT('',(-26.,4.,0.));
#2983 = VECTOR('',#2984,1.);
#2984 = DIRECTION('',(1.,0.,0.));
#2985 = ORIENTED_EDGE('',*,*,#2986,.F.);
#2986 = EDGE_CURVE('',#2963,#2979,#2987,.T.);
#2987 = LINE('',#2988,#2989);
#2988 = CARTESIAN_POINT('',(-26.,-6.5,0.));
#2989 = VECTOR('',#2990,1.);
#2990 = DIRECTION('',(0.,1.,0.));
#2991 = FACE_BOUND('',#2992,.T.);
#2992 = EDGE_LOOP('',(#2993));
#2993 = ORIENTED_EDGE('',*,*,#2994,.F.);
#2994 = EDGE_CURVE('',#2995,#2995,#2997,.T.);
#2995 = VERTEX_POINT('',#2996);
#2996 = CARTESIAN_POINT('',(-28.6,-0.35,0.));
#2997 = CIRCLE('',#2998,1.4);
#2998 = AXIS2_PLACEMENT_3D('',#2999,#3000,#3001);
#2999 = CARTESIAN_POINT('',(-30.,-0.35,0.));
#3000 = DIRECTION('',(0.,0.,-1.));
#3001 = DIRECTION('',(1.,0.,0.));
#3002 = PLANE('',#3003);
#3003 = AXIS2_PLACEMENT_3D('',#3004,#3005,#3006);
#3004 = CARTESIAN_POINT('',(4.744935981031E-16,-8.64256196545E-16,0.));
#3005 = DIRECTION('',(-0.,-0.,-1.));
#3006 = DIRECTION('',(-1.,0.,0.));
#3007 = ADVANCED_FACE('',(#3008),#3025,.T.);
#3008 = FACE_BOUND('',#3009,.T.);
#3009 = EDGE_LOOP('',(#3010,#3011,#3012,#3020));
#3010 = ORIENTED_EDGE('',*,*,#2925,.T.);
#3011 = ORIENTED_EDGE('',*,*,#2061,.T.);
#3012 = ORIENTED_EDGE('',*,*,#3013,.F.);
#3013 = EDGE_CURVE('',#3014,#2054,#3016,.T.);
#3014 = VERTEX_POINT('',#3015);
#3015 = CARTESIAN_POINT('',(-35.11926223426,-6.730737765736,8.));
#3016 = LINE('',#3017,#3018);
#3017 = CARTESIAN_POINT('',(-34.7,-6.730737765736,8.));
#3018 = VECTOR('',#3019,1.);
#3019 = DIRECTION('',(-1.,0.,0.));
#3020 = ORIENTED_EDGE('',*,*,#3021,.F.);
#3021 = EDGE_CURVE('',#2926,#3014,#3022,.T.);
#3022 = B_SPLINE_CURVE_WITH_KNOTS('',1,(#3023,#3024),.UNSPECIFIED.,.F.,
  .F.,(2,2),(0.,1.),.PIECEWISE_BEZIER_KNOTS.);
#3023 = CARTESIAN_POINT('',(-34.7,-7.15,0.));
#3024 = CARTESIAN_POINT('',(-35.11926223426,-6.730737765736,8.));
#3025 = B_SPLINE_SURFACE_WITH_KNOTS('',1,1,(
    (#3026,#3027)
    ,(#3028,#3029
    )),.UNSPECIFIED.,.F.,.F.,.F.,(2,2),(2,2),(0.,3.25),(0.,1.),
  .PIECEWISE_BEZIER_KNOTS.);
#3026 = CARTESIAN_POINT('',(-34.7,-7.15,0.));
#3027 = CARTESIAN_POINT('',(-35.11926223426,-6.730737765736,8.));
#3028 = CARTESIAN_POINT('',(-37.95,-7.15,0.));
#3029 = CARTESIAN_POINT('',(-37.53073776573,-6.730737765736,8.));
#3030 = ADVANCED_FACE('',(#3031),#3057,.F.);
#3031 = FACE_BOUND('',#3032,.F.);
#3032 = EDGE_LOOP('',(#3033,#3034,#3035,#3043,#3051));
#3033 = ORIENTED_EDGE('',*,*,#2053,.F.);
#3034 = ORIENTED_EDGE('',*,*,#3013,.F.);
#3035 = ORIENTED_EDGE('',*,*,#3036,.F.);
#3036 = EDGE_CURVE('',#3037,#3014,#3039,.T.);
#3037 = VERTEX_POINT('',#3038);
#3038 = CARTESIAN_POINT('',(-35.11926223426,-6.1,8.));
#3039 = LINE('',#3040,#3041);
#3040 = CARTESIAN_POINT('',(-35.11926223426,4.75,8.));
#3041 = VECTOR('',#3042,1.);
#3042 = DIRECTION('',(0.,-1.,0.));
#3043 = ORIENTED_EDGE('',*,*,#3044,.F.);
#3044 = EDGE_CURVE('',#3045,#3037,#3047,.T.);
#3045 = VERTEX_POINT('',#3046);
#3046 = CARTESIAN_POINT('',(-36.03073776573,-6.1,8.));
#3047 = LINE('',#3048,#3049);
#3048 = CARTESIAN_POINT('',(-37.53073776573,-6.1,8.));
#3049 = VECTOR('',#3050,1.);
#3050 = DIRECTION('',(1.,0.,0.));
#3051 = ORIENTED_EDGE('',*,*,#3052,.F.);
#3052 = EDGE_CURVE('',#2046,#3045,#3053,.T.);
#3053 = LINE('',#3054,#3055);
#3054 = CARTESIAN_POINT('',(-37.53073776573,-6.1,8.));
#3055 = VECTOR('',#3056,1.);
#3056 = DIRECTION('',(1.,0.,0.));
#3057 = PLANE('',#3058);
#3058 = AXIS2_PLACEMENT_3D('',#3059,#3060,#3061);
#3059 = CARTESIAN_POINT('',(-37.53073776573,-6.730737765736,8.));
#3060 = DIRECTION('',(0.,0.,1.));
#3061 = DIRECTION('',(0.213003726804,0.977051386759,0.));
#3062 = ADVANCED_FACE('',(#3063),#3105,.T.);
#3063 = FACE_BOUND('',#3064,.T.);
#3064 = EDGE_LOOP('',(#3065,#3075,#3083,#3091,#3097,#3098,#3099));
#3065 = ORIENTED_EDGE('',*,*,#3066,.F.);
#3066 = EDGE_CURVE('',#3067,#3069,#3071,.T.);
#3067 = VERTEX_POINT('',#3068);
#3068 = CARTESIAN_POINT('',(-38.21203889641,-4.8,-5.));
#3069 = VERTEX_POINT('',#3070);
#3070 = CARTESIAN_POINT('',(-39.30481555856,-5.1,-2.));
#3071 = LINE('',#3072,#3073);
#3072 = CARTESIAN_POINT('',(-38.18036556022,-4.79130471835,
    -5.086952816496));
#3073 = VECTOR('',#3074,1.);
#3074 = DIRECTION('',(-0.340758722551,-9.354849925531E-02,0.935484992553
    ));
#3075 = ORIENTED_EDGE('',*,*,#3076,.T.);
#3076 = EDGE_CURVE('',#3067,#3077,#3079,.T.);
#3077 = VERTEX_POINT('',#3078);
#3078 = CARTESIAN_POINT('',(-36.71203889641,-4.8,-5.));
#3079 = LINE('',#3080,#3081);
#3080 = CARTESIAN_POINT('',(-40.,-4.8,-5.));
#3081 = VECTOR('',#3082,1.);
#3082 = DIRECTION('',(1.,0.,0.));
#3083 = ORIENTED_EDGE('',*,*,#3084,.T.);
#3084 = EDGE_CURVE('',#3077,#3085,#3087,.T.);
#3085 = VERTEX_POINT('',#3086);
#3086 = CARTESIAN_POINT('',(-36.18796110358,-5.8,5.));
#3087 = LINE('',#3088,#3089);
#3088 = CARTESIAN_POINT('',(-36.47903886549,-5.244590543817,
    -0.554094561832));
#3089 = VECTOR('',#3090,1.);
#3090 = DIRECTION('',(5.207692899743E-02,-9.93687000477E-02,
    0.993687000477));
#3091 = ORIENTED_EDGE('',*,*,#3092,.T.);
#3092 = EDGE_CURVE('',#3085,#3045,#3093,.T.);
#3093 = LINE('',#3094,#3095);
#3094 = CARTESIAN_POINT('',(-36.47903886549,-5.244590543817,
    -0.554094561832));
#3095 = VECTOR('',#3096,1.);
#3096 = DIRECTION('',(5.207692899743E-02,-9.93687000477E-02,
    0.993687000477));
#3097 = ORIENTED_EDGE('',*,*,#3052,.F.);
#3098 = ORIENTED_EDGE('',*,*,#2045,.F.);
#3099 = ORIENTED_EDGE('',*,*,#3100,.F.);
#3100 = EDGE_CURVE('',#3069,#2038,#3101,.T.);
#3101 = LINE('',#3102,#3103);
#3102 = CARTESIAN_POINT('',(-39.65240777928,-5.1,-2.));
#3103 = VECTOR('',#3104,1.);
#3104 = DIRECTION('',(1.,0.,0.));
#3105 = PLANE('',#3106);
#3106 = AXIS2_PLACEMENT_3D('',#3107,#3108,#3109);
#3107 = CARTESIAN_POINT('',(-40.,-4.8,-5.));
#3108 = DIRECTION('',(-0.,-0.99503719021,-9.9503719021E-02));
#3109 = DIRECTION('',(0.,-9.9503719021E-02,0.99503719021));
#3110 = ADVANCED_FACE('',(#3111),#3129,.T.);
#3111 = FACE_BOUND('',#3112,.T.);
#3112 = EDGE_LOOP('',(#3113,#3121,#3127,#3128));
#3113 = ORIENTED_EDGE('',*,*,#3114,.F.);
#3114 = EDGE_CURVE('',#3115,#2030,#3117,.T.);
#3115 = VERTEX_POINT('',#3116);
#3116 = CARTESIAN_POINT('',(-39.30481555856,2.7,-2.));
#3117 = LINE('',#3118,#3119);
#3118 = CARTESIAN_POINT('',(-39.65240777928,2.7,-2.));
#3119 = VECTOR('',#3120,1.);
#3120 = DIRECTION('',(1.,0.,0.));
#3121 = ORIENTED_EDGE('',*,*,#3122,.T.);
#3122 = EDGE_CURVE('',#3115,#3069,#3123,.T.);
#3123 = LINE('',#3124,#3125);
#3124 = CARTESIAN_POINT('',(-39.30481555856,3.7,-2.));
#3125 = VECTOR('',#3126,1.);
#3126 = DIRECTION('',(0.,-1.,2.22044604925E-16));
#3127 = ORIENTED_EDGE('',*,*,#3100,.T.);
#3128 = ORIENTED_EDGE('',*,*,#2037,.F.);
#3129 = PLANE('',#3130);
#3130 = AXIS2_PLACEMENT_3D('',#3131,#3132,#3133);
#3131 = CARTESIAN_POINT('',(-39.30481555856,3.7,-2.));
#3132 = DIRECTION('',(0.,2.22044604925E-16,1.));
#3133 = DIRECTION('',(1.,0.,0.));
#3134 = ADVANCED_FACE('',(#3135),#3177,.F.);
#3135 = FACE_BOUND('',#3136,.F.);
#3136 = EDGE_LOOP('',(#3137,#3145,#3153,#3161,#3169,#3175,#3176));
#3137 = ORIENTED_EDGE('',*,*,#3138,.F.);
#3138 = EDGE_CURVE('',#3139,#3115,#3141,.T.);
#3139 = VERTEX_POINT('',#3140);
#3140 = CARTESIAN_POINT('',(-38.21203889641,2.4,-5.));
#3141 = LINE('',#3142,#3143);
#3142 = CARTESIAN_POINT('',(-38.33656514902,2.434186194744,
    -4.658138052563));
#3143 = VECTOR('',#3144,1.);
#3144 = DIRECTION('',(-0.340758722551,9.354849925531E-02,0.935484992553)
  );
#3145 = ORIENTED_EDGE('',*,*,#3146,.T.);
#3146 = EDGE_CURVE('',#3139,#3147,#3149,.T.);
#3147 = VERTEX_POINT('',#3148);
#3148 = CARTESIAN_POINT('',(-36.71203889641,2.4,-5.));
#3149 = LINE('',#3150,#3151);
#3150 = CARTESIAN_POINT('',(-40.,2.4,-5.));
#3151 = VECTOR('',#3152,1.);
#3152 = DIRECTION('',(1.,0.,0.));
#3153 = ORIENTED_EDGE('',*,*,#3154,.T.);
#3154 = EDGE_CURVE('',#3147,#3155,#3157,.T.);
#3155 = VERTEX_POINT('',#3156);
#3156 = CARTESIAN_POINT('',(-36.18796110358,3.4,5.));
#3157 = LINE('',#3158,#3159);
#3158 = CARTESIAN_POINT('',(-36.45368226348,2.892973822708,
    -7.026177292261E-02));
#3159 = VECTOR('',#3160,1.);
#3160 = DIRECTION('',(5.207692899743E-02,9.93687000477E-02,
    0.993687000477));
#3161 = ORIENTED_EDGE('',*,*,#3162,.T.);
#3162 = EDGE_CURVE('',#3155,#3163,#3165,.T.);
#3163 = VERTEX_POINT('',#3164);
#3164 = CARTESIAN_POINT('',(-36.03073776573,3.7,8.));
#3165 = LINE('',#3166,#3167);
#3166 = CARTESIAN_POINT('',(-36.45368226348,2.892973822708,
    -7.026177292261E-02));
#3167 = VECTOR('',#3168,1.);
#3168 = DIRECTION('',(5.207692899743E-02,9.93687000477E-02,
    0.993687000477));
#3169 = ORIENTED_EDGE('',*,*,#3170,.F.);
#3170 = EDGE_CURVE('',#2022,#3163,#3171,.T.);
#3171 = LINE('',#3172,#3173);
#3172 = CARTESIAN_POINT('',(-37.53073776573,3.7,8.));
#3173 = VECTOR('',#3174,1.);
#3174 = DIRECTION('',(1.,0.,0.));
#3175 = ORIENTED_EDGE('',*,*,#2029,.F.);
#3176 = ORIENTED_EDGE('',*,*,#3114,.F.);
#3177 = PLANE('',#3178);
#3178 = AXIS2_PLACEMENT_3D('',#3179,#3180,#3181);
#3179 = CARTESIAN_POINT('',(-40.,2.4,-5.));
#3180 = DIRECTION('',(0.,-0.99503719021,9.9503719021E-02));
#3181 = DIRECTION('',(0.,9.9503719021E-02,0.99503719021));
#3182 = ADVANCED_FACE('',(#3183),#3209,.F.);
#3183 = FACE_BOUND('',#3184,.F.);
#3184 = EDGE_LOOP('',(#3185,#3186,#3187,#3195,#3203));
#3185 = ORIENTED_EDGE('',*,*,#2021,.F.);
#3186 = ORIENTED_EDGE('',*,*,#3170,.T.);
#3187 = ORIENTED_EDGE('',*,*,#3188,.T.);
#3188 = EDGE_CURVE('',#3163,#3189,#3191,.T.);
#3189 = VERTEX_POINT('',#3190);
#3190 = CARTESIAN_POINT('',(-35.11926223426,3.7,8.));
#3191 = LINE('',#3192,#3193);
#3192 = CARTESIAN_POINT('',(-37.53073776573,3.7,8.));
#3193 = VECTOR('',#3194,1.);
#3194 = DIRECTION('',(1.,0.,0.));
#3195 = ORIENTED_EDGE('',*,*,#3196,.F.);
#3196 = EDGE_CURVE('',#3197,#3189,#3199,.T.);
#3197 = VERTEX_POINT('',#3198);
#3198 = CARTESIAN_POINT('',(-35.11926223426,4.330737765736,8.));
#3199 = LINE('',#3200,#3201);
#3200 = CARTESIAN_POINT('',(-35.11926223426,4.75,8.));
#3201 = VECTOR('',#3202,1.);
#3202 = DIRECTION('',(0.,-1.,0.));
#3203 = ORIENTED_EDGE('',*,*,#3204,.F.);
#3204 = EDGE_CURVE('',#2015,#3197,#3205,.T.);
#3205 = LINE('',#3206,#3207);
#3206 = CARTESIAN_POINT('',(-37.95,4.330737765736,8.));
#3207 = VECTOR('',#3208,1.);
#3208 = DIRECTION('',(1.,0.,0.));
#3209 = PLANE('',#3210);
#3210 = AXIS2_PLACEMENT_3D('',#3211,#3212,#3213);
#3211 = CARTESIAN_POINT('',(-37.53073776573,-6.730737765736,8.));
#3212 = DIRECTION('',(0.,0.,1.));
#3213 = DIRECTION('',(0.213003726804,0.977051386759,0.));
#3214 = ADVANCED_FACE('',(#3215),#3225,.T.);
#3215 = FACE_BOUND('',#3216,.T.);
#3216 = EDGE_LOOP('',(#3217,#3218,#3223,#3224));
#3217 = ORIENTED_EDGE('',*,*,#2941,.T.);
#3218 = ORIENTED_EDGE('',*,*,#3219,.T.);
#3219 = EDGE_CURVE('',#2934,#3197,#3220,.T.);
#3220 = B_SPLINE_CURVE_WITH_KNOTS('',1,(#3221,#3222),.UNSPECIFIED.,.F.,
  .F.,(2,2),(0.,1.),.PIECEWISE_BEZIER_KNOTS.);
#3221 = CARTESIAN_POINT('',(-34.7,4.75,0.));
#3222 = CARTESIAN_POINT('',(-35.11926223426,4.330737765736,8.));
#3223 = ORIENTED_EDGE('',*,*,#3204,.F.);
#3224 = ORIENTED_EDGE('',*,*,#2014,.F.);
#3225 = B_SPLINE_SURFACE_WITH_KNOTS('',1,1,(
    (#3226,#3227)
    ,(#3228,#3229
    )),.UNSPECIFIED.,.F.,.F.,.F.,(2,2),(2,2),(0.,3.25),(0.,1.),
  .PIECEWISE_BEZIER_KNOTS.);
#3226 = CARTESIAN_POINT('',(-37.95,4.75,0.));
#3227 = CARTESIAN_POINT('',(-37.53073776573,4.330737765736,8.));
#3228 = CARTESIAN_POINT('',(-34.7,4.75,0.));
#3229 = CARTESIAN_POINT('',(-35.11926223426,4.330737765736,8.));
#3230 = ADVANCED_FACE('',(#3231),#3248,.T.);
#3231 = FACE_BOUND('',#3232,.T.);
#3232 = EDGE_LOOP('',(#3233,#3234,#3235,#3243));
#3233 = ORIENTED_EDGE('',*,*,#2898,.T.);
#3234 = ORIENTED_EDGE('',*,*,#2288,.T.);
#3235 = ORIENTED_EDGE('',*,*,#3236,.F.);
#3236 = EDGE_CURVE('',#3237,#2281,#3239,.T.);
#3237 = VERTEX_POINT('',#3238);
#3238 = CARTESIAN_POINT('',(35.119262234264,4.330737765736,8.));
#3239 = LINE('',#3240,#3241);
#3240 = CARTESIAN_POINT('',(34.7,4.330737765736,8.));
#3241 = VECTOR('',#3242,1.);
#3242 = DIRECTION('',(1.,0.,0.));
#3243 = ORIENTED_EDGE('',*,*,#3244,.F.);
#3244 = EDGE_CURVE('',#2899,#3237,#3245,.T.);
#3245 = B_SPLINE_CURVE_WITH_KNOTS('',1,(#3246,#3247),.UNSPECIFIED.,.F.,
  .F.,(2,2),(0.,1.),.PIECEWISE_BEZIER_KNOTS.);
#3246 = CARTESIAN_POINT('',(34.7,4.75,0.));
#3247 = CARTESIAN_POINT('',(35.119262234264,4.330737765736,8.));
#3248 = B_SPLINE_SURFACE_WITH_KNOTS('',1,1,(
    (#3249,#3250)
    ,(#3251,#3252
    )),.UNSPECIFIED.,.F.,.F.,.F.,(2,2),(2,2),(0.,3.25),(0.,1.),
  .PIECEWISE_BEZIER_KNOTS.);
#3249 = CARTESIAN_POINT('',(34.7,4.75,0.));
#3250 = CARTESIAN_POINT('',(35.119262234264,4.330737765736,8.));
#3251 = CARTESIAN_POINT('',(37.95,4.75,0.));
#3252 = CARTESIAN_POINT('',(37.530737765736,4.330737765736,8.));
#3253 = ADVANCED_FACE('',(#3254),#3280,.F.);
#3254 = FACE_BOUND('',#3255,.F.);
#3255 = EDGE_LOOP('',(#3256,#3266,#3272,#3273,#3274));
#3256 = ORIENTED_EDGE('',*,*,#3257,.T.);
#3257 = EDGE_CURVE('',#3258,#3260,#3262,.T.);
#3258 = VERTEX_POINT('',#3259);
#3259 = CARTESIAN_POINT('',(35.119262234264,3.7,8.));
#3260 = VERTEX_POINT('',#3261);
#3261 = CARTESIAN_POINT('',(36.030737765736,3.7,8.));
#3262 = LINE('',#3263,#3264);
#3263 = CARTESIAN_POINT('',(34.630737765736,3.7,8.));
#3264 = VECTOR('',#3265,1.);
#3265 = DIRECTION('',(1.,0.,0.));
#3266 = ORIENTED_EDGE('',*,*,#3267,.T.);
#3267 = EDGE_CURVE('',#3260,#2273,#3268,.T.);
#3268 = LINE('',#3269,#3270);
#3269 = CARTESIAN_POINT('',(34.630737765736,3.7,8.));
#3270 = VECTOR('',#3271,1.);
#3271 = DIRECTION('',(1.,0.,0.));
#3272 = ORIENTED_EDGE('',*,*,#2280,.F.);
#3273 = ORIENTED_EDGE('',*,*,#3236,.F.);
#3274 = ORIENTED_EDGE('',*,*,#3275,.F.);
#3275 = EDGE_CURVE('',#3258,#3237,#3276,.T.);
#3276 = LINE('',#3277,#3278);
#3277 = CARTESIAN_POINT('',(35.119262234264,-7.15,8.));
#3278 = VECTOR('',#3279,1.);
#3279 = DIRECTION('',(0.,1.,0.));
#3280 = PLANE('',#3281);
#3281 = AXIS2_PLACEMENT_3D('',#3282,#3283,#3284);
#3282 = CARTESIAN_POINT('',(37.530737765736,-6.730737765736,8.));
#3283 = DIRECTION('',(0.,0.,1.));
#3284 = DIRECTION('',(-0.213003726804,0.977051386759,0.));
#3285 = ADVANCED_FACE('',(#3286),#3328,.T.);
#3286 = FACE_BOUND('',#3287,.T.);
#3287 = EDGE_LOOP('',(#3288,#3298,#3306,#3314,#3320,#3321,#3322));
#3288 = ORIENTED_EDGE('',*,*,#3289,.F.);
#3289 = EDGE_CURVE('',#3290,#3292,#3294,.T.);
#3290 = VERTEX_POINT('',#3291);
#3291 = CARTESIAN_POINT('',(38.212038896415,2.4,-5.));
#3292 = VERTEX_POINT('',#3293);
#3293 = CARTESIAN_POINT('',(39.304815558566,2.7,-2.));
#3294 = LINE('',#3295,#3296);
#3295 = CARTESIAN_POINT('',(38.878171860038,2.582873496487,
    -3.171265035132));
#3296 = VECTOR('',#3297,1.);
#3297 = DIRECTION('',(0.340758722551,9.354849925531E-02,0.935484992553)
  );
#3298 = ORIENTED_EDGE('',*,*,#3299,.T.);
#3299 = EDGE_CURVE('',#3290,#3300,#3302,.T.);
#3300 = VERTEX_POINT('',#3301);
#3301 = CARTESIAN_POINT('',(36.712038896415,2.4,-5.));
#3302 = LINE('',#3303,#3304);
#3303 = CARTESIAN_POINT('',(40.,2.4,-5.));
#3304 = VECTOR('',#3305,1.);
#3305 = DIRECTION('',(-1.,-0.,-0.));
#3306 = ORIENTED_EDGE('',*,*,#3307,.T.);
#3307 = EDGE_CURVE('',#3300,#3308,#3310,.T.);
#3308 = VERTEX_POINT('',#3309);
#3309 = CARTESIAN_POINT('',(36.187961103585,3.4,5.));
#3310 = LINE('',#3311,#3312);
#3311 = CARTESIAN_POINT('',(36.713133751534,2.397910891982,
    -5.020891080177));
#3312 = VECTOR('',#3313,1.);
#3313 = DIRECTION('',(-5.207692899743E-02,9.93687000477E-02,
    0.993687000477));
#3314 = ORIENTED_EDGE('',*,*,#3315,.T.);
#3315 = EDGE_CURVE('',#3308,#3260,#3316,.T.);
#3316 = LINE('',#3317,#3318);
#3317 = CARTESIAN_POINT('',(36.713133751534,2.397910891982,
    -5.020891080177));
#3318 = VECTOR('',#3319,1.);
#3319 = DIRECTION('',(-5.207692899743E-02,9.93687000477E-02,
    0.993687000477));
#3320 = ORIENTED_EDGE('',*,*,#3267,.T.);
#3321 = ORIENTED_EDGE('',*,*,#2272,.F.);
#3322 = ORIENTED_EDGE('',*,*,#3323,.F.);
#3323 = EDGE_CURVE('',#3292,#2265,#3324,.T.);
#3324 = LINE('',#3325,#3326);
#3325 = CARTESIAN_POINT('',(39.027407779283,2.7,-2.));
#3326 = VECTOR('',#3327,1.);
#3327 = DIRECTION('',(-1.,0.,0.));
#3328 = PLANE('',#3329);
#3329 = AXIS2_PLACEMENT_3D('',#3330,#3331,#3332);
#3330 = CARTESIAN_POINT('',(40.,2.4,-5.));
#3331 = DIRECTION('',(0.,0.99503719021,-9.9503719021E-02));
#3332 = DIRECTION('',(0.,9.9503719021E-02,0.99503719021));
#3333 = ADVANCED_FACE('',(#3334),#3352,.T.);
#3334 = FACE_BOUND('',#3335,.T.);
#3335 = EDGE_LOOP('',(#3336,#3337,#3338,#3346));
#3336 = ORIENTED_EDGE('',*,*,#3323,.T.);
#3337 = ORIENTED_EDGE('',*,*,#2264,.T.);
#3338 = ORIENTED_EDGE('',*,*,#3339,.F.);
#3339 = EDGE_CURVE('',#3340,#2257,#3342,.T.);
#3340 = VERTEX_POINT('',#3341);
#3341 = CARTESIAN_POINT('',(39.304815558566,-5.1,-2.));
#3342 = LINE('',#3343,#3344);
#3343 = CARTESIAN_POINT('',(39.027407779283,-5.1,-2.));
#3344 = VECTOR('',#3345,1.);
#3345 = DIRECTION('',(-1.,0.,0.));
#3346 = ORIENTED_EDGE('',*,*,#3347,.F.);
#3347 = EDGE_CURVE('',#3292,#3340,#3348,.T.);
#3348 = LINE('',#3349,#3350);
#3349 = CARTESIAN_POINT('',(39.304815558566,3.7,-2.));
#3350 = VECTOR('',#3351,1.);
#3351 = DIRECTION('',(0.,-1.,2.22044604925E-16));
#3352 = PLANE('',#3353);
#3353 = AXIS2_PLACEMENT_3D('',#3354,#3355,#3356);
#3354 = CARTESIAN_POINT('',(38.054815558566,3.7,-2.));
#3355 = DIRECTION('',(0.,2.22044604925E-16,1.));
#3356 = DIRECTION('',(1.,0.,0.));
#3357 = ADVANCED_FACE('',(#3358),#3400,.F.);
#3358 = FACE_BOUND('',#3359,.F.);
#3359 = EDGE_LOOP('',(#3360,#3368,#3376,#3384,#3392,#3398,#3399));
#3360 = ORIENTED_EDGE('',*,*,#3361,.F.);
#3361 = EDGE_CURVE('',#3362,#3340,#3364,.T.);
#3362 = VERTEX_POINT('',#3363);
#3363 = CARTESIAN_POINT('',(38.212038896415,-4.8,-5.));
#3364 = LINE('',#3365,#3366);
#3365 = CARTESIAN_POINT('',(38.721972271234,-4.939992020093,
    -3.600079799065));
#3366 = VECTOR('',#3367,1.);
#3367 = DIRECTION('',(0.340758722551,-9.354849925531E-02,0.935484992553)
  );
#3368 = ORIENTED_EDGE('',*,*,#3369,.T.);
#3369 = EDGE_CURVE('',#3362,#3370,#3372,.T.);
#3370 = VERTEX_POINT('',#3371);
#3371 = CARTESIAN_POINT('',(36.712038896415,-4.8,-5.));
#3372 = LINE('',#3373,#3374);
#3373 = CARTESIAN_POINT('',(40.,-4.8,-5.));
#3374 = VECTOR('',#3375,1.);
#3375 = DIRECTION('',(-1.,-0.,-0.));
#3376 = ORIENTED_EDGE('',*,*,#3377,.T.);
#3377 = EDGE_CURVE('',#3370,#3378,#3380,.T.);
#3378 = VERTEX_POINT('',#3379);
#3379 = CARTESIAN_POINT('',(36.187961103585,-5.8,5.));
#3380 = LINE('',#3381,#3382);
#3381 = CARTESIAN_POINT('',(36.738490353545,-4.749527613091,
    -5.504723869086));
#3382 = VECTOR('',#3383,1.);
#3383 = DIRECTION('',(-5.207692899743E-02,-9.93687000477E-02,
    0.993687000477));
#3384 = ORIENTED_EDGE('',*,*,#3385,.T.);
#3385 = EDGE_CURVE('',#3378,#3386,#3388,.T.);
#3386 = VERTEX_POINT('',#3387);
#3387 = CARTESIAN_POINT('',(36.030737765736,-6.1,8.));
#3388 = LINE('',#3389,#3390);
#3389 = CARTESIAN_POINT('',(36.738490353545,-4.749527613091,
    -5.504723869086));
#3390 = VECTOR('',#3391,1.);
#3391 = DIRECTION('',(-5.207692899743E-02,-9.93687000477E-02,
    0.993687000477));
#3392 = ORIENTED_EDGE('',*,*,#3393,.T.);
#3393 = EDGE_CURVE('',#3386,#2249,#3394,.T.);
#3394 = LINE('',#3395,#3396);
#3395 = CARTESIAN_POINT('',(34.630737765736,-6.1,8.));
#3396 = VECTOR('',#3397,1.);
#3397 = DIRECTION('',(1.,0.,0.));
#3398 = ORIENTED_EDGE('',*,*,#2256,.F.);
#3399 = ORIENTED_EDGE('',*,*,#3339,.F.);
#3400 = PLANE('',#3401);
#3401 = AXIS2_PLACEMENT_3D('',#3402,#3403,#3404);
#3402 = CARTESIAN_POINT('',(40.,-4.8,-5.));
#3403 = DIRECTION('',(0.,0.99503719021,9.9503719021E-02));
#3404 = DIRECTION('',(0.,-9.9503719021E-02,0.99503719021));
#3405 = ADVANCED_FACE('',(#3406),#3432,.F.);
#3406 = FACE_BOUND('',#3407,.F.);
#3407 = EDGE_LOOP('',(#3408,#3416,#3417,#3418,#3426));
#3408 = ORIENTED_EDGE('',*,*,#3409,.F.);
#3409 = EDGE_CURVE('',#2242,#3410,#3412,.T.);
#3410 = VERTEX_POINT('',#3411);
#3411 = CARTESIAN_POINT('',(35.119262234264,-6.730737765736,8.));
#3412 = LINE('',#3413,#3414);
#3413 = CARTESIAN_POINT('',(37.95,-6.730737765736,8.));
#3414 = VECTOR('',#3415,1.);
#3415 = DIRECTION('',(-1.,0.,0.));
#3416 = ORIENTED_EDGE('',*,*,#2248,.F.);
#3417 = ORIENTED_EDGE('',*,*,#3393,.F.);
#3418 = ORIENTED_EDGE('',*,*,#3419,.F.);
#3419 = EDGE_CURVE('',#3420,#3386,#3422,.T.);
#3420 = VERTEX_POINT('',#3421);
#3421 = CARTESIAN_POINT('',(35.119262234264,-6.1,8.));
#3422 = LINE('',#3423,#3424);
#3423 = CARTESIAN_POINT('',(34.630737765736,-6.1,8.));
#3424 = VECTOR('',#3425,1.);
#3425 = DIRECTION('',(1.,0.,0.));
#3426 = ORIENTED_EDGE('',*,*,#3427,.F.);
#3427 = EDGE_CURVE('',#3410,#3420,#3428,.T.);
#3428 = LINE('',#3429,#3430);
#3429 = CARTESIAN_POINT('',(35.119262234264,-7.15,8.));
#3430 = VECTOR('',#3431,1.);
#3431 = DIRECTION('',(0.,1.,0.));
#3432 = PLANE('',#3433);
#3433 = AXIS2_PLACEMENT_3D('',#3434,#3435,#3436);
#3434 = CARTESIAN_POINT('',(37.530737765736,-6.730737765736,8.));
#3435 = DIRECTION('',(0.,0.,1.));
#3436 = DIRECTION('',(-0.213003726804,0.977051386759,0.));
#3437 = ADVANCED_FACE('',(#3438),#3448,.T.);
#3438 = FACE_BOUND('',#3439,.T.);
#3439 = EDGE_LOOP('',(#3440,#3441,#3446,#3447));
#3440 = ORIENTED_EDGE('',*,*,#2914,.T.);
#3441 = ORIENTED_EDGE('',*,*,#3442,.T.);
#3442 = EDGE_CURVE('',#2907,#3410,#3443,.T.);
#3443 = B_SPLINE_CURVE_WITH_KNOTS('',1,(#3444,#3445),.UNSPECIFIED.,.F.,
  .F.,(2,2),(0.,1.),.PIECEWISE_BEZIER_KNOTS.);
#3444 = CARTESIAN_POINT('',(34.7,-7.15,0.));
#3445 = CARTESIAN_POINT('',(35.119262234264,-6.730737765736,8.));
#3446 = ORIENTED_EDGE('',*,*,#3409,.F.);
#3447 = ORIENTED_EDGE('',*,*,#2241,.F.);
#3448 = B_SPLINE_SURFACE_WITH_KNOTS('',1,1,(
    (#3449,#3450)
    ,(#3451,#3452
    )),.UNSPECIFIED.,.F.,.F.,.F.,(2,2),(2,2),(0.,3.25),(0.,1.),
  .PIECEWISE_BEZIER_KNOTS.);
#3449 = CARTESIAN_POINT('',(37.95,-7.15,0.));
#3450 = CARTESIAN_POINT('',(37.530737765736,-6.730737765736,8.));
#3451 = CARTESIAN_POINT('',(34.7,-7.15,0.));
#3452 = CARTESIAN_POINT('',(35.119262234264,-6.730737765736,8.));
#3453 = ADVANCED_FACE('',(#3454),#3460,.F.);
#3454 = FACE_BOUND('',#3455,.T.);
#3455 = EDGE_LOOP('',(#3456,#3457,#3458,#3459));
#3456 = ORIENTED_EDGE('',*,*,#2542,.F.);
#3457 = ORIENTED_EDGE('',*,*,#2390,.T.);
#3458 = ORIENTED_EDGE('',*,*,#2492,.T.);
#3459 = ORIENTED_EDGE('',*,*,#2458,.F.);
#3460 = CYLINDRICAL_SURFACE('',#3461,0.6);
#3461 = AXIS2_PLACEMENT_3D('',#3462,#3463,#3464);
#3462 = CARTESIAN_POINT('',(24.65,-10.60667340873,10.1));
#3463 = DIRECTION('',(1.,0.,0.));
#3464 = DIRECTION('',(0.,0.,-1.));
#3465 = ADVANCED_FACE('',(#3466,#3476),#3574,.T.);
#3466 = FACE_BOUND('',#3467,.T.);
#3467 = EDGE_LOOP('',(#3468,#3469,#3470,#3471,#3472,#3473,#3474,#3475));
#3468 = ORIENTED_EDGE('',*,*,#2790,.T.);
#3469 = ORIENTED_EDGE('',*,*,#2752,.T.);
#3470 = ORIENTED_EDGE('',*,*,#2729,.T.);
#3471 = ORIENTED_EDGE('',*,*,#2691,.T.);
#3472 = ORIENTED_EDGE('',*,*,#2526,.T.);
#3473 = ORIENTED_EDGE('',*,*,#2866,.T.);
#3474 = ORIENTED_EDGE('',*,*,#2851,.T.);
#3475 = ORIENTED_EDGE('',*,*,#2813,.T.);
#3476 = FACE_BOUND('',#3477,.T.);
#3477 = EDGE_LOOP('',(#3478,#3488,#3496,#3504,#3512,#3520,#3528,#3536,
    #3544,#3552,#3560,#3568));
#3478 = ORIENTED_EDGE('',*,*,#3479,.F.);
#3479 = EDGE_CURVE('',#3480,#3482,#3484,.T.);
#3480 = VERTEX_POINT('',#3481);
#3481 = CARTESIAN_POINT('',(-20.75,-1.E-01,18.5));
#3482 = VERTEX_POINT('',#3483);
#3483 = CARTESIAN_POINT('',(-20.75,-0.35,18.5));
#3484 = LINE('',#3485,#3486);
#3485 = CARTESIAN_POINT('',(-20.75,-1.E-01,18.5));
#3486 = VECTOR('',#3487,1.);
#3487 = DIRECTION('',(0.,-1.,0.));
#3488 = ORIENTED_EDGE('',*,*,#3489,.F.);
#3489 = EDGE_CURVE('',#3490,#3480,#3492,.T.);
#3490 = VERTEX_POINT('',#3491);
#3491 = CARTESIAN_POINT('',(20.75,-1.E-01,18.5));
#3492 = LINE('',#3493,#3494);
#3493 = CARTESIAN_POINT('',(20.75,-1.E-01,18.5));
#3494 = VECTOR('',#3495,1.);
#3495 = DIRECTION('',(-1.,0.,0.));
#3496 = ORIENTED_EDGE('',*,*,#3497,.F.);
#3497 = EDGE_CURVE('',#3498,#3490,#3500,.T.);
#3498 = VERTEX_POINT('',#3499);
#3499 = CARTESIAN_POINT('',(20.75,-0.35,18.5));
#3500 = LINE('',#3501,#3502);
#3501 = CARTESIAN_POINT('',(20.75,-2.4,18.5));
#3502 = VECTOR('',#3503,1.);
#3503 = DIRECTION('',(0.,1.,0.));
#3504 = ORIENTED_EDGE('',*,*,#3505,.F.);
#3505 = EDGE_CURVE('',#3506,#3498,#3508,.T.);
#3506 = VERTEX_POINT('',#3507);
#3507 = CARTESIAN_POINT('',(26.75,-0.35,18.5));
#3508 = LINE('',#3509,#3510);
#3509 = CARTESIAN_POINT('',(26.75,-0.35,18.5));
#3510 = VECTOR('',#3511,1.);
#3511 = DIRECTION('',(-1.,0.,0.));
#3512 = ORIENTED_EDGE('',*,*,#3513,.F.);
#3513 = EDGE_CURVE('',#3514,#3506,#3516,.T.);
#3514 = VERTEX_POINT('',#3515);
#3515 = CARTESIAN_POINT('',(26.75,-2.15,18.5));
#3516 = LINE('',#3517,#3518);
#3517 = CARTESIAN_POINT('',(26.75,-2.15,18.5));
#3518 = VECTOR('',#3519,1.);
#3519 = DIRECTION('',(0.,1.,0.));
#3520 = ORIENTED_EDGE('',*,*,#3521,.F.);
#3521 = EDGE_CURVE('',#3522,#3514,#3524,.T.);
#3522 = VERTEX_POINT('',#3523);
#3523 = CARTESIAN_POINT('',(20.75,-2.15,18.5));
#3524 = LINE('',#3525,#3526);
#3525 = CARTESIAN_POINT('',(20.75,-2.15,18.5));
#3526 = VECTOR('',#3527,1.);
#3527 = DIRECTION('',(1.,0.,0.));
#3528 = ORIENTED_EDGE('',*,*,#3529,.F.);
#3529 = EDGE_CURVE('',#3530,#3522,#3532,.T.);
#3530 = VERTEX_POINT('',#3531);
#3531 = CARTESIAN_POINT('',(20.75,-2.4,18.5));
#3532 = LINE('',#3533,#3534);
#3533 = CARTESIAN_POINT('',(20.75,-2.4,18.5));
#3534 = VECTOR('',#3535,1.);
#3535 = DIRECTION('',(0.,1.,0.));
#3536 = ORIENTED_EDGE('',*,*,#3537,.F.);
#3537 = EDGE_CURVE('',#3538,#3530,#3540,.T.);
#3538 = VERTEX_POINT('',#3539);
#3539 = CARTESIAN_POINT('',(-20.75,-2.4,18.5));
#3540 = LINE('',#3541,#3542);
#3541 = CARTESIAN_POINT('',(-20.75,-2.4,18.5));
#3542 = VECTOR('',#3543,1.);
#3543 = DIRECTION('',(1.,0.,0.));
#3544 = ORIENTED_EDGE('',*,*,#3545,.F.);
#3545 = EDGE_CURVE('',#3546,#3538,#3548,.T.);
#3546 = VERTEX_POINT('',#3547);
#3547 = CARTESIAN_POINT('',(-20.75,-2.15,18.5));
#3548 = LINE('',#3549,#3550);
#3549 = CARTESIAN_POINT('',(-20.75,-1.E-01,18.5));
#3550 = VECTOR('',#3551,1.);
#3551 = DIRECTION('',(0.,-1.,0.));
#3552 = ORIENTED_EDGE('',*,*,#3553,.F.);
#3553 = EDGE_CURVE('',#3554,#3546,#3556,.T.);
#3554 = VERTEX_POINT('',#3555);
#3555 = CARTESIAN_POINT('',(-26.74999999999,-2.15,18.5));
#3556 = LINE('',#3557,#3558);
#3557 = CARTESIAN_POINT('',(-26.74999999999,-2.15,18.5));
#3558 = VECTOR('',#3559,1.);
#3559 = DIRECTION('',(1.,0.,0.));
#3560 = ORIENTED_EDGE('',*,*,#3561,.F.);
#3561 = EDGE_CURVE('',#3562,#3554,#3564,.T.);
#3562 = VERTEX_POINT('',#3563);
#3563 = CARTESIAN_POINT('',(-26.74999999999,-0.35,18.5));
#3564 = LINE('',#3565,#3566);
#3565 = CARTESIAN_POINT('',(-26.74999999999,-0.35,18.5));
#3566 = VECTOR('',#3567,1.);
#3567 = DIRECTION('',(0.,-1.,0.));
#3568 = ORIENTED_EDGE('',*,*,#3569,.F.);
#3569 = EDGE_CURVE('',#3482,#3562,#3570,.T.);
#3570 = LINE('',#3571,#3572);
#3571 = CARTESIAN_POINT('',(-20.75,-0.35,18.5));
#3572 = VECTOR('',#3573,1.);
#3573 = DIRECTION('',(-1.,0.,0.));
#3574 = PLANE('',#3575);
#3575 = AXIS2_PLACEMENT_3D('',#3576,#3577,#3578);
#3576 = CARTESIAN_POINT('',(-2.395029855893E-16,-1.3,18.5));
#3577 = DIRECTION('',(0.,0.,1.));
#3578 = DIRECTION('',(1.,0.,0.));
#3579 = ADVANCED_FACE('',(#3580),#3621,.T.);
#3580 = FACE_BOUND('',#3581,.T.);
#3581 = EDGE_LOOP('',(#3582,#3583,#3584,#3585,#3586,#3599,#3609,#3620));
#3582 = ORIENTED_EDGE('',*,*,#3219,.F.);
#3583 = ORIENTED_EDGE('',*,*,#2933,.T.);
#3584 = ORIENTED_EDGE('',*,*,#3021,.T.);
#3585 = ORIENTED_EDGE('',*,*,#3036,.F.);
#3586 = ORIENTED_EDGE('',*,*,#3587,.F.);
#3587 = EDGE_CURVE('',#3588,#3037,#3590,.T.);
#3588 = VERTEX_POINT('',#3589);
#3589 = CARTESIAN_POINT('',(-35.0968192761,-6.1,7.571762847741));
#3590 = B_SPLINE_CURVE_WITH_KNOTS('',4,(#3591,#3592,#3593,#3594,#3595,
    #3596,#3597,#3598),.UNSPECIFIED.,.F.,.F.,(5,3,5),(0.,0.499957326962,
    1.),.UNSPECIFIED.);
#3591 = CARTESIAN_POINT('',(-34.7,-6.1,0.));
#3592 = CARTESIAN_POINT('',(-34.75241093214,-6.1,1.000060160234));
#3593 = CARTESIAN_POINT('',(-34.80481961628,-6.1,2.000077425915));
#3594 = CARTESIAN_POINT('',(-34.85722585623,-6.1,3.000048053593));
#3595 = CARTESIAN_POINT('',(-34.96204190681,-6.1,5.000057441818));
#3596 = CARTESIAN_POINT('',(-35.01445171591,-6.1,6.000096172982));
#3597 = CARTESIAN_POINT('',(-35.06685859297,-6.1,7.000078957644));
#3598 = CARTESIAN_POINT('',(-35.11926223426,-6.1,8.));
#3599 = ORIENTED_EDGE('',*,*,#3600,.T.);
#3600 = EDGE_CURVE('',#3588,#3601,#3603,.T.);
#3601 = VERTEX_POINT('',#3602);
#3602 = CARTESIAN_POINT('',(-35.0968192761,3.7,7.571762847741));
#3603 = B_SPLINE_CURVE_WITH_KNOTS('',4,(#3604,#3605,#3606,#3607,#3608),
  .UNSPECIFIED.,.F.,.F.,(5,5),(0.,1.),.PIECEWISE_BEZIER_KNOTS.);
#3604 = CARTESIAN_POINT('',(-35.0968192761,-6.100180565493,
    7.571762847741));
#3605 = CARTESIAN_POINT('',(-35.0968192761,-3.650090282747,
    7.571762847741));
#3606 = CARTESIAN_POINT('',(-35.0968192761,-1.2,7.571762847741));
#3607 = CARTESIAN_POINT('',(-35.0968192761,1.250090282747,7.571762847741
    ));
#3608 = CARTESIAN_POINT('',(-35.0968192761,3.700180565493,7.571762847741
    ));
#3609 = ORIENTED_EDGE('',*,*,#3610,.T.);
#3610 = EDGE_CURVE('',#3601,#3189,#3611,.T.);
#3611 = B_SPLINE_CURVE_WITH_KNOTS('',4,(#3612,#3613,#3614,#3615,#3616,
    #3617,#3618,#3619),.UNSPECIFIED.,.F.,.F.,(5,3,5),(0.,0.499957326962,
    1.),.UNSPECIFIED.);
#3612 = CARTESIAN_POINT('',(-34.7,3.7,0.));
#3613 = CARTESIAN_POINT('',(-34.75241093214,3.7,1.000060160234));
#3614 = CARTESIAN_POINT('',(-34.80481961628,3.7,2.000077425915));
#3615 = CARTESIAN_POINT('',(-34.85722585623,3.7,3.000048053593));
#3616 = CARTESIAN_POINT('',(-34.96204190681,3.7,5.000057441818));
#3617 = CARTESIAN_POINT('',(-35.01445171591,3.7,6.000096172982));
#3618 = CARTESIAN_POINT('',(-35.06685859297,3.7,7.000078957644));
#3619 = CARTESIAN_POINT('',(-35.11926223426,3.7,8.));
#3620 = ORIENTED_EDGE('',*,*,#3196,.F.);
#3621 = B_SPLINE_SURFACE_WITH_KNOTS('',1,1,(
    (#3622,#3623)
    ,(#3624,#3625
    )),.UNSPECIFIED.,.F.,.F.,.F.,(2,2),(2,2),(0.,11.9),(0.,1.),
  .PIECEWISE_BEZIER_KNOTS.);
#3622 = CARTESIAN_POINT('',(-34.7,4.75,0.));
#3623 = CARTESIAN_POINT('',(-35.11926223426,4.330737765736,8.));
#3624 = CARTESIAN_POINT('',(-34.7,-7.15,0.));
#3625 = CARTESIAN_POINT('',(-35.11926223426,-6.730737765736,8.));
#3626 = ADVANCED_FACE('',(#3627),#3668,.T.);
#3627 = FACE_BOUND('',#3628,.T.);
#3628 = EDGE_LOOP('',(#3629,#3630,#3631,#3632,#3633,#3646,#3656,#3667));
#3629 = ORIENTED_EDGE('',*,*,#3442,.F.);
#3630 = ORIENTED_EDGE('',*,*,#2906,.T.);
#3631 = ORIENTED_EDGE('',*,*,#3244,.T.);
#3632 = ORIENTED_EDGE('',*,*,#3275,.F.);
#3633 = ORIENTED_EDGE('',*,*,#3634,.F.);
#3634 = EDGE_CURVE('',#3635,#3258,#3637,.T.);
#3635 = VERTEX_POINT('',#3636);
#3636 = CARTESIAN_POINT('',(35.096819276108,3.7,7.571762847741));
#3637 = B_SPLINE_CURVE_WITH_KNOTS('',4,(#3638,#3639,#3640,#3641,#3642,
    #3643,#3644,#3645),.UNSPECIFIED.,.F.,.F.,(5,3,5),(0.,0.499957326962,
    1.),.UNSPECIFIED.);
#3638 = CARTESIAN_POINT('',(34.7,3.7,0.));
#3639 = CARTESIAN_POINT('',(34.752410932147,3.7,1.000060160234));
#3640 = CARTESIAN_POINT('',(34.804819616286,3.7,2.000077425915));
#3641 = CARTESIAN_POINT('',(34.857225856231,3.7,3.000048053593));
#3642 = CARTESIAN_POINT('',(34.962041906813,3.7,5.000057441818));
#3643 = CARTESIAN_POINT('',(35.014451715911,3.7,6.000096172982));
#3644 = CARTESIAN_POINT('',(35.066858592976,3.7,7.000078957644));
#3645 = CARTESIAN_POINT('',(35.119262234264,3.7,8.));
#3646 = ORIENTED_EDGE('',*,*,#3647,.T.);
#3647 = EDGE_CURVE('',#3635,#3648,#3650,.T.);
#3648 = VERTEX_POINT('',#3649);
#3649 = CARTESIAN_POINT('',(35.096819276108,-6.1,7.571762847741));
#3650 = B_SPLINE_CURVE_WITH_KNOTS('',4,(#3651,#3652,#3653,#3654,#3655),
  .UNSPECIFIED.,.F.,.F.,(5,5),(0.,1.),.PIECEWISE_BEZIER_KNOTS.);
#3651 = CARTESIAN_POINT('',(35.096819276108,3.700180565493,
    7.571762847741));
#3652 = CARTESIAN_POINT('',(35.096819276108,1.250090282747,
    7.571762847741));
#3653 = CARTESIAN_POINT('',(35.096819276108,-1.2,7.571762847741));
#3654 = CARTESIAN_POINT('',(35.096819276108,-3.650090282747,
    7.571762847741));
#3655 = CARTESIAN_POINT('',(35.096819276108,-6.100180565493,
    7.571762847741));
#3656 = ORIENTED_EDGE('',*,*,#3657,.T.);
#3657 = EDGE_CURVE('',#3648,#3420,#3658,.T.);
#3658 = B_SPLINE_CURVE_WITH_KNOTS('',4,(#3659,#3660,#3661,#3662,#3663,
    #3664,#3665,#3666),.UNSPECIFIED.,.F.,.F.,(5,3,5),(0.,0.499957326962,
    1.),.UNSPECIFIED.);
#3659 = CARTESIAN_POINT('',(34.7,-6.1,0.));
#3660 = CARTESIAN_POINT('',(34.752410932147,-6.1,1.000060160234));
#3661 = CARTESIAN_POINT('',(34.804819616286,-6.1,2.000077425915));
#3662 = CARTESIAN_POINT('',(34.857225856231,-6.1,3.000048053593));
#3663 = CARTESIAN_POINT('',(34.962041906813,-6.1,5.000057441818));
#3664 = CARTESIAN_POINT('',(35.014451715911,-6.1,6.000096172982));
#3665 = CARTESIAN_POINT('',(35.066858592976,-6.1,7.000078957644));
#3666 = CARTESIAN_POINT('',(35.119262234264,-6.1,8.));
#3667 = ORIENTED_EDGE('',*,*,#3427,.F.);
#3668 = B_SPLINE_SURFACE_WITH_KNOTS('',1,1,(
    (#3669,#3670)
    ,(#3671,#3672
    )),.UNSPECIFIED.,.F.,.F.,.F.,(2,2),(2,2),(0.,11.9),(0.,1.),
  .PIECEWISE_BEZIER_KNOTS.);
#3669 = CARTESIAN_POINT('',(34.7,-7.15,0.));
#3670 = CARTESIAN_POINT('',(35.119262234264,-6.730737765736,8.));
#3671 = CARTESIAN_POINT('',(34.7,4.75,0.));
#3672 = CARTESIAN_POINT('',(35.119262234264,4.330737765736,8.));
#3673 = ADVANCED_FACE('',(#3674),#3693,.T.);
#3674 = FACE_BOUND('',#3675,.F.);
#3675 = EDGE_LOOP('',(#3676,#3684,#3691,#3692));
#3676 = ORIENTED_EDGE('',*,*,#3677,.T.);
#3677 = EDGE_CURVE('',#2950,#3678,#3680,.T.);
#3678 = VERTEX_POINT('',#3679);
#3679 = CARTESIAN_POINT('',(31.4,-0.35,-2.15));
#3680 = LINE('',#3681,#3682);
#3681 = CARTESIAN_POINT('',(31.4,-0.35,0.));
#3682 = VECTOR('',#3683,1.);
#3683 = DIRECTION('',(0.,0.,-1.));
#3684 = ORIENTED_EDGE('',*,*,#3685,.T.);
#3685 = EDGE_CURVE('',#3678,#3678,#3686,.T.);
#3686 = CIRCLE('',#3687,1.4);
#3687 = AXIS2_PLACEMENT_3D('',#3688,#3689,#3690);
#3688 = CARTESIAN_POINT('',(30.,-0.35,-2.15));
#3689 = DIRECTION('',(0.,0.,-1.));
#3690 = DIRECTION('',(1.,0.,0.));
#3691 = ORIENTED_EDGE('',*,*,#3677,.F.);
#3692 = ORIENTED_EDGE('',*,*,#2949,.F.);
#3693 = CYLINDRICAL_SURFACE('',#3694,1.4);
#3694 = AXIS2_PLACEMENT_3D('',#3695,#3696,#3697);
#3695 = CARTESIAN_POINT('',(30.,-0.35,0.));
#3696 = DIRECTION('',(0.,0.,1.));
#3697 = DIRECTION('',(1.,0.,0.));
#3698 = ADVANCED_FACE('',(#3699),#3724,.F.);
#3699 = FACE_BOUND('',#3700,.F.);
#3700 = EDGE_LOOP('',(#3701,#3709,#3717,#3723));
#3701 = ORIENTED_EDGE('',*,*,#3702,.T.);
#3702 = EDGE_CURVE('',#2961,#3703,#3705,.T.);
#3703 = VERTEX_POINT('',#3704);
#3704 = CARTESIAN_POINT('',(26.,-6.5,16.));
#3705 = LINE('',#3706,#3707);
#3706 = CARTESIAN_POINT('',(26.,-6.5,0.));
#3707 = VECTOR('',#3708,1.);
#3708 = DIRECTION('',(0.,0.,1.));
#3709 = ORIENTED_EDGE('',*,*,#3710,.T.);
#3710 = EDGE_CURVE('',#3703,#3711,#3713,.T.);
#3711 = VERTEX_POINT('',#3712);
#3712 = CARTESIAN_POINT('',(-26.,-6.5,16.));
#3713 = LINE('',#3714,#3715);
#3714 = CARTESIAN_POINT('',(26.,-6.5,16.));
#3715 = VECTOR('',#3716,1.);
#3716 = DIRECTION('',(-1.,0.,0.));
#3717 = ORIENTED_EDGE('',*,*,#3718,.F.);
#3718 = EDGE_CURVE('',#2963,#3711,#3719,.T.);
#3719 = LINE('',#3720,#3721);
#3720 = CARTESIAN_POINT('',(-26.,-6.5,0.));
#3721 = VECTOR('',#3722,1.);
#3722 = DIRECTION('',(0.,0.,1.));
#3723 = ORIENTED_EDGE('',*,*,#2960,.F.);
#3724 = PLANE('',#3725);
#3725 = AXIS2_PLACEMENT_3D('',#3726,#3727,#3728);
#3726 = CARTESIAN_POINT('',(26.,-6.5,0.));
#3727 = DIRECTION('',(0.,-1.,0.));
#3728 = DIRECTION('',(-1.,0.,0.));
#3729 = ADVANCED_FACE('',(#3730),#3748,.F.);
#3730 = FACE_BOUND('',#3731,.F.);
#3731 = EDGE_LOOP('',(#3732,#3740,#3746,#3747));
#3732 = ORIENTED_EDGE('',*,*,#3733,.T.);
#3733 = EDGE_CURVE('',#2971,#3734,#3736,.T.);
#3734 = VERTEX_POINT('',#3735);
#3735 = CARTESIAN_POINT('',(26.,4.,16.));
#3736 = LINE('',#3737,#3738);
#3737 = CARTESIAN_POINT('',(26.,4.,0.));
#3738 = VECTOR('',#3739,1.);
#3739 = DIRECTION('',(0.,0.,1.));
#3740 = ORIENTED_EDGE('',*,*,#3741,.T.);
#3741 = EDGE_CURVE('',#3734,#3703,#3742,.T.);
#3742 = LINE('',#3743,#3744);
#3743 = CARTESIAN_POINT('',(26.,4.,16.));
#3744 = VECTOR('',#3745,1.);
#3745 = DIRECTION('',(0.,-1.,0.));
#3746 = ORIENTED_EDGE('',*,*,#3702,.F.);
#3747 = ORIENTED_EDGE('',*,*,#2970,.F.);
#3748 = PLANE('',#3749);
#3749 = AXIS2_PLACEMENT_3D('',#3750,#3751,#3752);
#3750 = CARTESIAN_POINT('',(26.,4.,0.));
#3751 = DIRECTION('',(1.,0.,0.));
#3752 = DIRECTION('',(0.,-1.,0.));
#3753 = ADVANCED_FACE('',(#3754),#3772,.F.);
#3754 = FACE_BOUND('',#3755,.F.);
#3755 = EDGE_LOOP('',(#3756,#3757,#3765,#3771));
#3756 = ORIENTED_EDGE('',*,*,#3718,.T.);
#3757 = ORIENTED_EDGE('',*,*,#3758,.T.);
#3758 = EDGE_CURVE('',#3711,#3759,#3761,.T.);
#3759 = VERTEX_POINT('',#3760);
#3760 = CARTESIAN_POINT('',(-26.,4.,16.));
#3761 = LINE('',#3762,#3763);
#3762 = CARTESIAN_POINT('',(-26.,-6.5,16.));
#3763 = VECTOR('',#3764,1.);
#3764 = DIRECTION('',(0.,1.,0.));
#3765 = ORIENTED_EDGE('',*,*,#3766,.F.);
#3766 = EDGE_CURVE('',#2979,#3759,#3767,.T.);
#3767 = LINE('',#3768,#3769);
#3768 = CARTESIAN_POINT('',(-26.,4.,0.));
#3769 = VECTOR('',#3770,1.);
#3770 = DIRECTION('',(0.,0.,1.));
#3771 = ORIENTED_EDGE('',*,*,#2986,.F.);
#3772 = PLANE('',#3773);
#3773 = AXIS2_PLACEMENT_3D('',#3774,#3775,#3776);
#3774 = CARTESIAN_POINT('',(-26.,-6.5,0.));
#3775 = DIRECTION('',(-1.,0.,0.));
#3776 = DIRECTION('',(0.,1.,0.));
#3777 = ADVANCED_FACE('',(#3778),#3789,.F.);
#3778 = FACE_BOUND('',#3779,.F.);
#3779 = EDGE_LOOP('',(#3780,#3781,#3787,#3788));
#3780 = ORIENTED_EDGE('',*,*,#3766,.T.);
#3781 = ORIENTED_EDGE('',*,*,#3782,.T.);
#3782 = EDGE_CURVE('',#3759,#3734,#3783,.T.);
#3783 = LINE('',#3784,#3785);
#3784 = CARTESIAN_POINT('',(-26.,4.,16.));
#3785 = VECTOR('',#3786,1.);
#3786 = DIRECTION('',(1.,0.,0.));
#3787 = ORIENTED_EDGE('',*,*,#3733,.F.);
#3788 = ORIENTED_EDGE('',*,*,#2978,.F.);
#3789 = PLANE('',#3790);
#3790 = AXIS2_PLACEMENT_3D('',#3791,#3792,#3793);
#3791 = CARTESIAN_POINT('',(-26.,4.,0.));
#3792 = DIRECTION('',(0.,1.,0.));
#3793 = DIRECTION('',(1.,0.,0.));
#3794 = ADVANCED_FACE('',(#3795),#3814,.T.);
#3795 = FACE_BOUND('',#3796,.F.);
#3796 = EDGE_LOOP('',(#3797,#3805,#3812,#3813));
#3797 = ORIENTED_EDGE('',*,*,#3798,.T.);
#3798 = EDGE_CURVE('',#2995,#3799,#3801,.T.);
#3799 = VERTEX_POINT('',#3800);
#3800 = CARTESIAN_POINT('',(-28.6,-0.35,-2.15));
#3801 = LINE('',#3802,#3803);
#3802 = CARTESIAN_POINT('',(-28.6,-0.35,0.));
#3803 = VECTOR('',#3804,1.);
#3804 = DIRECTION('',(0.,0.,-1.));
#3805 = ORIENTED_EDGE('',*,*,#3806,.T.);
#3806 = EDGE_CURVE('',#3799,#3799,#3807,.T.);
#3807 = CIRCLE('',#3808,1.4);
#3808 = AXIS2_PLACEMENT_3D('',#3809,#3810,#3811);
#3809 = CARTESIAN_POINT('',(-30.,-0.35,-2.15));
#3810 = DIRECTION('',(0.,0.,-1.));
#3811 = DIRECTION('',(1.,0.,0.));
#3812 = ORIENTED_EDGE('',*,*,#3798,.F.);
#3813 = ORIENTED_EDGE('',*,*,#2994,.F.);
#3814 = CYLINDRICAL_SURFACE('',#3815,1.4);
#3815 = AXIS2_PLACEMENT_3D('',#3816,#3817,#3818);
#3816 = CARTESIAN_POINT('',(-30.,-0.35,0.));
#3817 = DIRECTION('',(0.,0.,1.));
#3818 = DIRECTION('',(1.,0.,0.));
#3819 = ADVANCED_FACE('',(#3820),#3839,.F.);
#3820 = FACE_BOUND('',#3821,.F.);
#3821 = EDGE_LOOP('',(#3822,#3830,#3831,#3832));
#3822 = ORIENTED_EDGE('',*,*,#3823,.F.);
#3823 = EDGE_CURVE('',#3045,#3824,#3826,.T.);
#3824 = VERTEX_POINT('',#3825);
#3825 = CARTESIAN_POINT('',(-36.18796110358,-6.1,5.));
#3826 = LINE('',#3827,#3828);
#3827 = CARTESIAN_POINT('',(-36.11478544311,-6.1,6.396274779587));
#3828 = VECTOR('',#3829,1.);
#3829 = DIRECTION('',(-5.233595624294E-02,-1.364555695453E-16,
    -0.998629534755));
#3830 = ORIENTED_EDGE('',*,*,#3044,.T.);
#3831 = ORIENTED_EDGE('',*,*,#3587,.F.);
#3832 = ORIENTED_EDGE('',*,*,#3833,.T.);
#3833 = EDGE_CURVE('',#3588,#3824,#3834,.T.);
#3834 = CIRCLE('',#3835,4.085936964584);
#3835 = AXIS2_PLACEMENT_3D('',#3836,#3837,#3838);
#3836 = CARTESIAN_POINT('',(-32.1076237736,-6.1,4.78615858181));
#3837 = DIRECTION('',(0.,-1.,2.22044604925E-16));
#3838 = DIRECTION('',(1.,0.,0.));
#3839 = PLANE('',#3840);
#3840 = AXIS2_PLACEMENT_3D('',#3841,#3842,#3843);
#3841 = CARTESIAN_POINT('',(6.151259262331E-15,-6.1,1.700111766667));
#3842 = DIRECTION('',(0.,1.,0.));
#3843 = DIRECTION('',(0.,0.,1.));
#3844 = ADVANCED_FACE('',(#3845),#3856,.T.);
#3845 = FACE_BOUND('',#3846,.T.);
#3846 = EDGE_LOOP('',(#3847,#3848,#3854,#3855));
#3847 = ORIENTED_EDGE('',*,*,#3138,.F.);
#3848 = ORIENTED_EDGE('',*,*,#3849,.T.);
#3849 = EDGE_CURVE('',#3139,#3067,#3850,.T.);
#3850 = LINE('',#3851,#3852);
#3851 = CARTESIAN_POINT('',(-38.21203889641,3.7,-5.));
#3852 = VECTOR('',#3853,1.);
#3853 = DIRECTION('',(0.,-1.,2.22044604925E-16));
#3854 = ORIENTED_EDGE('',*,*,#3066,.T.);
#3855 = ORIENTED_EDGE('',*,*,#3122,.F.);
#3856 = PLANE('',#3857);
#3857 = AXIS2_PLACEMENT_3D('',#3858,#3859,#3860);
#3858 = CARTESIAN_POINT('',(-38.21203889641,3.7,-5.));
#3859 = DIRECTION('',(-0.939605421828,-7.599690333365E-17,
    -0.342259625535));
#3860 = DIRECTION('',(-0.342259625535,2.086343146752E-16,0.939605421828)
  );
#3861 = ADVANCED_FACE('',(#3862),#3872,.F.);
#3862 = FACE_BOUND('',#3863,.F.);
#3863 = EDGE_LOOP('',(#3864,#3870,#3871));
#3864 = ORIENTED_EDGE('',*,*,#3865,.F.);
#3865 = EDGE_CURVE('',#3085,#3824,#3866,.T.);
#3866 = LINE('',#3867,#3868);
#3867 = CARTESIAN_POINT('',(-36.18796110358,3.7,5.));
#3868 = VECTOR('',#3869,1.);
#3869 = DIRECTION('',(0.,-1.,2.22044604925E-16));
#3870 = ORIENTED_EDGE('',*,*,#3092,.T.);
#3871 = ORIENTED_EDGE('',*,*,#3823,.T.);
#3872 = PLANE('',#3873);
#3873 = AXIS2_PLACEMENT_3D('',#3874,#3875,#3876);
#3874 = CARTESIAN_POINT('',(-36.18796110358,3.7,5.));
#3875 = DIRECTION('',(0.998629534755,-1.162091672734E-17,
    -5.233595624294E-02));
#3876 = DIRECTION('',(-5.233595624294E-02,-2.21740300511E-16,
    -0.998629534755));
#3877 = ADVANCED_FACE('',(#3878),#3894,.T.);
#3878 = FACE_BOUND('',#3879,.T.);
#3879 = EDGE_LOOP('',(#3880,#3881,#3887,#3888));
#3880 = ORIENTED_EDGE('',*,*,#3154,.T.);
#3881 = ORIENTED_EDGE('',*,*,#3882,.T.);
#3882 = EDGE_CURVE('',#3155,#3085,#3883,.T.);
#3883 = LINE('',#3884,#3885);
#3884 = CARTESIAN_POINT('',(-36.18796110358,3.7,5.));
#3885 = VECTOR('',#3886,1.);
#3886 = DIRECTION('',(0.,-1.,2.22044604925E-16));
#3887 = ORIENTED_EDGE('',*,*,#3084,.F.);
#3888 = ORIENTED_EDGE('',*,*,#3889,.F.);
#3889 = EDGE_CURVE('',#3147,#3077,#3890,.T.);
#3890 = LINE('',#3891,#3892);
#3891 = CARTESIAN_POINT('',(-36.71203889641,3.7,-5.));
#3892 = VECTOR('',#3893,1.);
#3893 = DIRECTION('',(0.,-1.,2.22044604925E-16));
#3894 = PLANE('',#3895);
#3895 = AXIS2_PLACEMENT_3D('',#3896,#3897,#3898);
#3896 = CARTESIAN_POINT('',(-36.18796110358,3.7,5.));
#3897 = DIRECTION('',(0.998629534755,-1.162091672734E-17,
    -5.233595624294E-02));
#3898 = DIRECTION('',(-5.233595624294E-02,-2.21740300511E-16,
    -0.998629534755));
#3899 = ADVANCED_FACE('',(#3900),#3906,.T.);
#3900 = FACE_BOUND('',#3901,.T.);
#3901 = EDGE_LOOP('',(#3902,#3903,#3904,#3905));
#3902 = ORIENTED_EDGE('',*,*,#3146,.T.);
#3903 = ORIENTED_EDGE('',*,*,#3889,.T.);
#3904 = ORIENTED_EDGE('',*,*,#3076,.F.);
#3905 = ORIENTED_EDGE('',*,*,#3849,.F.);
#3906 = PLANE('',#3907);
#3907 = AXIS2_PLACEMENT_3D('',#3908,#3909,#3910);
#3908 = CARTESIAN_POINT('',(-36.71203889641,3.7,-5.));
#3909 = DIRECTION('',(-0.,-2.22044604925E-16,-1.));
#3910 = DIRECTION('',(-1.,0.,0.));
#3911 = ADVANCED_FACE('',(#3912),#3929,.F.);
#3912 = FACE_BOUND('',#3913,.F.);
#3913 = EDGE_LOOP('',(#3914,#3922,#3923));
#3914 = ORIENTED_EDGE('',*,*,#3915,.F.);
#3915 = EDGE_CURVE('',#3163,#3916,#3918,.T.);
#3916 = VERTEX_POINT('',#3917);
#3917 = CARTESIAN_POINT('',(-36.18796110358,3.7,5.));
#3918 = LINE('',#3919,#3920);
#3919 = CARTESIAN_POINT('',(-36.11478544311,3.7,6.396274779587));
#3920 = VECTOR('',#3921,1.);
#3921 = DIRECTION('',(-5.233595624294E-02,-6.822778477263E-17,
    -0.998629534755));
#3922 = ORIENTED_EDGE('',*,*,#3162,.F.);
#3923 = ORIENTED_EDGE('',*,*,#3924,.F.);
#3924 = EDGE_CURVE('',#3916,#3155,#3925,.T.);
#3925 = LINE('',#3926,#3927);
#3926 = CARTESIAN_POINT('',(-36.18796110358,3.7,5.));
#3927 = VECTOR('',#3928,1.);
#3928 = DIRECTION('',(0.,-1.,2.22044604925E-16));
#3929 = PLANE('',#3930);
#3930 = AXIS2_PLACEMENT_3D('',#3931,#3932,#3933);
#3931 = CARTESIAN_POINT('',(-36.18796110358,3.7,5.));
#3932 = DIRECTION('',(0.998629534755,-1.162091672734E-17,
    -5.233595624294E-02));
#3933 = DIRECTION('',(-5.233595624294E-02,-2.21740300511E-16,
    -0.998629534755));
#3934 = ADVANCED_FACE('',(#3935),#3947,.T.);
#3935 = FACE_BOUND('',#3936,.T.);
#3936 = EDGE_LOOP('',(#3937,#3938,#3939,#3940));
#3937 = ORIENTED_EDGE('',*,*,#3915,.F.);
#3938 = ORIENTED_EDGE('',*,*,#3188,.T.);
#3939 = ORIENTED_EDGE('',*,*,#3610,.F.);
#3940 = ORIENTED_EDGE('',*,*,#3941,.T.);
#3941 = EDGE_CURVE('',#3601,#3916,#3942,.T.);
#3942 = CIRCLE('',#3943,4.085936964584);
#3943 = AXIS2_PLACEMENT_3D('',#3944,#3945,#3946);
#3944 = CARTESIAN_POINT('',(-32.1076237736,3.7,4.78615858181));
#3945 = DIRECTION('',(0.,-1.,2.22044604925E-16));
#3946 = DIRECTION('',(1.,0.,0.));
#3947 = PLANE('',#3948);
#3948 = AXIS2_PLACEMENT_3D('',#3949,#3950,#3951);
#3949 = CARTESIAN_POINT('',(6.151259262331E-15,3.7,1.700111766667));
#3950 = DIRECTION('',(0.,1.,0.));
#3951 = DIRECTION('',(0.,0.,1.));
#3952 = ADVANCED_FACE('',(#3953),#3972,.T.);
#3953 = FACE_BOUND('',#3954,.T.);
#3954 = EDGE_LOOP('',(#3955,#3956,#3957,#3965));
#3955 = ORIENTED_EDGE('',*,*,#3634,.T.);
#3956 = ORIENTED_EDGE('',*,*,#3257,.T.);
#3957 = ORIENTED_EDGE('',*,*,#3958,.T.);
#3958 = EDGE_CURVE('',#3260,#3959,#3961,.T.);
#3959 = VERTEX_POINT('',#3960);
#3960 = CARTESIAN_POINT('',(36.187961103585,3.7,5.));
#3961 = LINE('',#3962,#3963);
#3962 = CARTESIAN_POINT('',(36.376824339533,3.7,1.396274779587));
#3963 = VECTOR('',#3964,1.);
#3964 = DIRECTION('',(5.233595624294E-02,-6.822778477263E-17,
    -0.998629534755));
#3965 = ORIENTED_EDGE('',*,*,#3966,.T.);
#3966 = EDGE_CURVE('',#3959,#3635,#3967,.T.);
#3967 = CIRCLE('',#3968,4.085936964584);
#3968 = AXIS2_PLACEMENT_3D('',#3969,#3970,#3971);
#3969 = CARTESIAN_POINT('',(32.107623773606,3.7,4.78615858181));
#3970 = DIRECTION('',(0.,-1.,2.22044604925E-16));
#3971 = DIRECTION('',(1.,0.,0.));
#3972 = PLANE('',#3973);
#3973 = AXIS2_PLACEMENT_3D('',#3974,#3975,#3976);
#3974 = CARTESIAN_POINT('',(6.151259262331E-15,3.7,1.700111766667));
#3975 = DIRECTION('',(0.,1.,0.));
#3976 = DIRECTION('',(0.,0.,1.));
#3977 = ADVANCED_FACE('',(#3978),#3989,.T.);
#3978 = FACE_BOUND('',#3979,.T.);
#3979 = EDGE_LOOP('',(#3980,#3981,#3982,#3983));
#3980 = ORIENTED_EDGE('',*,*,#3289,.T.);
#3981 = ORIENTED_EDGE('',*,*,#3347,.T.);
#3982 = ORIENTED_EDGE('',*,*,#3361,.F.);
#3983 = ORIENTED_EDGE('',*,*,#3984,.F.);
#3984 = EDGE_CURVE('',#3290,#3362,#3985,.T.);
#3985 = LINE('',#3986,#3987);
#3986 = CARTESIAN_POINT('',(38.212038896415,3.7,-5.));
#3987 = VECTOR('',#3988,1.);
#3988 = DIRECTION('',(0.,-1.,2.22044604925E-16));
#3989 = PLANE('',#3990);
#3990 = AXIS2_PLACEMENT_3D('',#3991,#3992,#3993);
#3991 = CARTESIAN_POINT('',(39.304815558566,3.7,-2.));
#3992 = DIRECTION('',(0.939605421828,-7.599690333365E-17,-0.342259625535
    ));
#3993 = DIRECTION('',(-0.342259625535,-2.086343146752E-16,
    -0.939605421828));
#3994 = ADVANCED_FACE('',(#3995),#4005,.F.);
#3995 = FACE_BOUND('',#3996,.F.);
#3996 = EDGE_LOOP('',(#3997,#4003,#4004));
#3997 = ORIENTED_EDGE('',*,*,#3998,.T.);
#3998 = EDGE_CURVE('',#3959,#3308,#3999,.T.);
#3999 = LINE('',#4000,#4001);
#4000 = CARTESIAN_POINT('',(36.187961103585,3.7,5.));
#4001 = VECTOR('',#4002,1.);
#4002 = DIRECTION('',(0.,-1.,2.22044604925E-16));
#4003 = ORIENTED_EDGE('',*,*,#3315,.T.);
#4004 = ORIENTED_EDGE('',*,*,#3958,.T.);
#4005 = PLANE('',#4006);
#4006 = AXIS2_PLACEMENT_3D('',#4007,#4008,#4009);
#4007 = CARTESIAN_POINT('',(36.712038896415,3.7,-5.));
#4008 = DIRECTION('',(-0.998629534755,-1.162091672734E-17,
    -5.233595624294E-02));
#4009 = DIRECTION('',(-5.233595624294E-02,2.21740300511E-16,
    0.998629534755));
#4010 = ADVANCED_FACE('',(#4011),#4027,.T.);
#4011 = FACE_BOUND('',#4012,.T.);
#4012 = EDGE_LOOP('',(#4013,#4014,#4020,#4021));
#4013 = ORIENTED_EDGE('',*,*,#3307,.F.);
#4014 = ORIENTED_EDGE('',*,*,#4015,.T.);
#4015 = EDGE_CURVE('',#3300,#3370,#4016,.T.);
#4016 = LINE('',#4017,#4018);
#4017 = CARTESIAN_POINT('',(36.712038896415,3.7,-5.));
#4018 = VECTOR('',#4019,1.);
#4019 = DIRECTION('',(0.,-1.,2.22044604925E-16));
#4020 = ORIENTED_EDGE('',*,*,#3377,.T.);
#4021 = ORIENTED_EDGE('',*,*,#4022,.F.);
#4022 = EDGE_CURVE('',#3308,#3378,#4023,.T.);
#4023 = LINE('',#4024,#4025);
#4024 = CARTESIAN_POINT('',(36.187961103585,3.7,5.));
#4025 = VECTOR('',#4026,1.);
#4026 = DIRECTION('',(0.,-1.,2.22044604925E-16));
#4027 = PLANE('',#4028);
#4028 = AXIS2_PLACEMENT_3D('',#4029,#4030,#4031);
#4029 = CARTESIAN_POINT('',(36.712038896415,3.7,-5.));
#4030 = DIRECTION('',(-0.998629534755,-1.162091672734E-17,
    -5.233595624294E-02));
#4031 = DIRECTION('',(-5.233595624294E-02,2.21740300511E-16,
    0.998629534755));
#4032 = ADVANCED_FACE('',(#4033),#4039,.T.);
#4033 = FACE_BOUND('',#4034,.T.);
#4034 = EDGE_LOOP('',(#4035,#4036,#4037,#4038));
#4035 = ORIENTED_EDGE('',*,*,#3299,.F.);
#4036 = ORIENTED_EDGE('',*,*,#3984,.T.);
#4037 = ORIENTED_EDGE('',*,*,#3369,.T.);
#4038 = ORIENTED_EDGE('',*,*,#4015,.F.);
#4039 = PLANE('',#4040);
#4040 = AXIS2_PLACEMENT_3D('',#4041,#4042,#4043);
#4041 = CARTESIAN_POINT('',(38.212038896415,3.7,-5.));
#4042 = DIRECTION('',(-0.,-2.22044604925E-16,-1.));
#4043 = DIRECTION('',(-1.,0.,0.));
#4044 = ADVANCED_FACE('',(#4045),#4062,.F.);
#4045 = FACE_BOUND('',#4046,.F.);
#4046 = EDGE_LOOP('',(#4047,#4055,#4056));
#4047 = ORIENTED_EDGE('',*,*,#4048,.F.);
#4048 = EDGE_CURVE('',#3386,#4049,#4051,.T.);
#4049 = VERTEX_POINT('',#4050);
#4050 = CARTESIAN_POINT('',(36.187961103585,-6.1,5.));
#4051 = LINE('',#4052,#4053);
#4052 = CARTESIAN_POINT('',(36.376824339533,-6.1,1.396274779587));
#4053 = VECTOR('',#4054,1.);
#4054 = DIRECTION('',(5.233595624294E-02,-1.364555695453E-16,
    -0.998629534755));
#4055 = ORIENTED_EDGE('',*,*,#3385,.F.);
#4056 = ORIENTED_EDGE('',*,*,#4057,.T.);
#4057 = EDGE_CURVE('',#3378,#4049,#4058,.T.);
#4058 = LINE('',#4059,#4060);
#4059 = CARTESIAN_POINT('',(36.187961103585,3.7,5.));
#4060 = VECTOR('',#4061,1.);
#4061 = DIRECTION('',(0.,-1.,2.22044604925E-16));
#4062 = PLANE('',#4063);
#4063 = AXIS2_PLACEMENT_3D('',#4064,#4065,#4066);
#4064 = CARTESIAN_POINT('',(36.712038896415,3.7,-5.));
#4065 = DIRECTION('',(-0.998629534755,-1.162091672734E-17,
    -5.233595624294E-02));
#4066 = DIRECTION('',(-5.233595624294E-02,2.21740300511E-16,
    0.998629534755));
#4067 = ADVANCED_FACE('',(#4068),#4080,.F.);
#4068 = FACE_BOUND('',#4069,.F.);
#4069 = EDGE_LOOP('',(#4070,#4071,#4072,#4073));
#4070 = ORIENTED_EDGE('',*,*,#3657,.T.);
#4071 = ORIENTED_EDGE('',*,*,#3419,.T.);
#4072 = ORIENTED_EDGE('',*,*,#4048,.T.);
#4073 = ORIENTED_EDGE('',*,*,#4074,.T.);
#4074 = EDGE_CURVE('',#4049,#3648,#4075,.T.);
#4075 = CIRCLE('',#4076,4.085936964584);
#4076 = AXIS2_PLACEMENT_3D('',#4077,#4078,#4079);
#4077 = CARTESIAN_POINT('',(32.107623773606,-6.1,4.78615858181));
#4078 = DIRECTION('',(0.,-1.,2.22044604925E-16));
#4079 = DIRECTION('',(1.,0.,0.));
#4080 = PLANE('',#4081);
#4081 = AXIS2_PLACEMENT_3D('',#4082,#4083,#4084);
#4082 = CARTESIAN_POINT('',(6.151259262331E-15,-6.1,1.700111766667));
#4083 = DIRECTION('',(0.,1.,0.));
#4084 = DIRECTION('',(0.,0.,1.));
#4085 = ADVANCED_FACE('',(#4086),#4118,.F.);
#4086 = FACE_BOUND('',#4087,.F.);
#4087 = EDGE_LOOP('',(#4088,#4089,#4097,#4105,#4111,#4112));
#4088 = ORIENTED_EDGE('',*,*,#3479,.F.);
#4089 = ORIENTED_EDGE('',*,*,#4090,.T.);
#4090 = EDGE_CURVE('',#3480,#4091,#4093,.T.);
#4091 = VERTEX_POINT('',#4092);
#4092 = CARTESIAN_POINT('',(-20.75,-1.E-01,16.));
#4093 = LINE('',#4094,#4095);
#4094 = CARTESIAN_POINT('',(-20.75,-1.E-01,18.5));
#4095 = VECTOR('',#4096,1.);
#4096 = DIRECTION('',(-0.,-0.,-1.));
#4097 = ORIENTED_EDGE('',*,*,#4098,.T.);
#4098 = EDGE_CURVE('',#4091,#4099,#4101,.T.);
#4099 = VERTEX_POINT('',#4100);
#4100 = CARTESIAN_POINT('',(-20.75,-2.4,16.));
#4101 = LINE('',#4102,#4103);
#4102 = CARTESIAN_POINT('',(-20.75,-0.675,16.));
#4103 = VECTOR('',#4104,1.);
#4104 = DIRECTION('',(0.,-1.,0.));
#4105 = ORIENTED_EDGE('',*,*,#4106,.F.);
#4106 = EDGE_CURVE('',#3538,#4099,#4107,.T.);
#4107 = LINE('',#4108,#4109);
#4108 = CARTESIAN_POINT('',(-20.75,-2.4,18.5));
#4109 = VECTOR('',#4110,1.);
#4110 = DIRECTION('',(-0.,-0.,-1.));
#4111 = ORIENTED_EDGE('',*,*,#3545,.F.);
#4112 = ORIENTED_EDGE('',*,*,#4113,.F.);
#4113 = EDGE_CURVE('',#3482,#3546,#4114,.T.);
#4114 = LINE('',#4115,#4116);
#4115 = CARTESIAN_POINT('',(-20.75,-1.E-01,18.5));
#4116 = VECTOR('',#4117,1.);
#4117 = DIRECTION('',(0.,-1.,0.));
#4118 = PLANE('',#4119);
#4119 = AXIS2_PLACEMENT_3D('',#4120,#4121,#4122);
#4120 = CARTESIAN_POINT('',(-20.75,-1.E-01,18.5));
#4121 = DIRECTION('',(-1.,0.,0.));
#4122 = DIRECTION('',(0.,-1.,0.));
#4123 = ADVANCED_FACE('',(#4124),#4149,.T.);
#4124 = FACE_BOUND('',#4125,.T.);
#4125 = EDGE_LOOP('',(#4126,#4133,#4143,#4148));
#4126 = ORIENTED_EDGE('',*,*,#4127,.T.);
#4127 = EDGE_CURVE('',#3562,#4128,#4130,.T.);
#4128 = VERTEX_POINT('',#4129);
#4129 = CARTESIAN_POINT('',(-26.65294160991,-0.447058390084,
    24.060471443862));
#4130 = B_SPLINE_CURVE_WITH_KNOTS('',1,(#4131,#4132),.UNSPECIFIED.,.F.,
  .F.,(2,2),(0.,1.),.PIECEWISE_BEZIER_KNOTS.);
#4131 = CARTESIAN_POINT('',(-26.74999999999,-0.35,18.5));
#4132 = CARTESIAN_POINT('',(-26.64265135069,-0.457348649309,24.65));
#4133 = ORIENTED_EDGE('',*,*,#4134,.F.);
#4134 = EDGE_CURVE('',#4135,#4128,#4137,.T.);
#4135 = VERTEX_POINT('',#4136);
#4136 = CARTESIAN_POINT('',(-20.84705839008,-0.447058390084,
    24.060471443862));
#4137 = B_SPLINE_CURVE_WITH_KNOTS('',2,(#4138,#4139,#4140,#4141,#4142),
  .UNSPECIFIED.,.F.,.F.,(3,1,1,3),(-0.364350784549,-1.029025922443E-02,
    5.795592960606,6.149653485931),.UNSPECIFIED.);
#4138 = CARTESIAN_POINT('',(-20.49299786476,-0.447058390084,
    24.060471443862));
#4139 = CARTESIAN_POINT('',(-20.67002812742,-0.447058390084,
    24.060471443862));
#4140 = CARTESIAN_POINT('',(-23.74999999999,-0.447058390084,
    24.060471443862));
#4141 = CARTESIAN_POINT('',(-26.82997187257,-0.447058390084,
    24.060471443862));
#4142 = CARTESIAN_POINT('',(-27.00700213523,-0.447058390084,
    24.060471443862));
#4143 = ORIENTED_EDGE('',*,*,#4144,.F.);
#4144 = EDGE_CURVE('',#3482,#4135,#4145,.T.);
#4145 = B_SPLINE_CURVE_WITH_KNOTS('',1,(#4146,#4147),.UNSPECIFIED.,.F.,
  .F.,(2,2),(0.,1.),.PIECEWISE_BEZIER_KNOTS.);
#4146 = CARTESIAN_POINT('',(-20.75,-0.35,18.5));
#4147 = CARTESIAN_POINT('',(-20.8573486493,-0.457348649309,24.65));
#4148 = ORIENTED_EDGE('',*,*,#3569,.T.);
#4149 = B_SPLINE_SURFACE_WITH_KNOTS('',1,1,(
    (#4150,#4151)
    ,(#4152,#4153
    )),.UNSPECIFIED.,.F.,.F.,.F.,(2,2),(2,2),(0.,5.999999999999),(0.,1.)
  ,.PIECEWISE_BEZIER_KNOTS.);
#4150 = CARTESIAN_POINT('',(-20.75,-0.35,18.5));
#4151 = CARTESIAN_POINT('',(-20.8573486493,-0.457348649309,24.65));
#4152 = CARTESIAN_POINT('',(-26.74999999999,-0.35,18.5));
#4153 = CARTESIAN_POINT('',(-26.64265135069,-0.457348649309,24.65));
#4154 = ADVANCED_FACE('',(#4155),#4234,.T.);
#4155 = FACE_BOUND('',#4156,.T.);
#4156 = EDGE_LOOP('',(#4157,#4164,#4195,#4203,#4232,#4233));
#4157 = ORIENTED_EDGE('',*,*,#4158,.T.);
#4158 = EDGE_CURVE('',#3554,#4159,#4161,.T.);
#4159 = VERTEX_POINT('',#4160);
#4160 = CARTESIAN_POINT('',(-26.65294160991,-2.052941609916,
    24.060471443862));
#4161 = B_SPLINE_CURVE_WITH_KNOTS('',1,(#4162,#4163),.UNSPECIFIED.,.F.,
  .F.,(2,2),(0.,1.),.PIECEWISE_BEZIER_KNOTS.);
#4162 = CARTESIAN_POINT('',(-26.74999999999,-2.15,18.5));
#4163 = CARTESIAN_POINT('',(-26.64265135069,-2.042651350691,24.65));
#4164 = ORIENTED_EDGE('',*,*,#4165,.T.);
#4165 = EDGE_CURVE('',#4159,#4166,#4168,.T.);
#4166 = VERTEX_POINT('',#4167);
#4167 = CARTESIAN_POINT('',(-26.64265135069,-1.453032992822,24.65));
#4168 = B_SPLINE_CURVE_WITH_KNOTS('',7,(#4169,#4170,#4171,#4172,#4173,
    #4174,#4175,#4176,#4177,#4178,#4179,#4180,#4181,#4182,#4183,#4184,
    #4185,#4186,#4187,#4188,#4189,#4190,#4191,#4192,#4193,#4194),
  .UNSPECIFIED.,.F.,.F.,(8,6,6,6,8),(0.,0.132007664668,0.291886618848,
    0.582288888742,1.),.UNSPECIFIED.);
#4169 = CARTESIAN_POINT('',(-26.65294160991,-2.052941609916,
    24.060471443862));
#4170 = CARTESIAN_POINT('',(-26.65266194544,-2.052661945437,
    24.076493410665));
#4171 = CARTESIAN_POINT('',(-26.65237894325,-2.051879569319,
    24.092706595207));
#4172 = CARTESIAN_POINT('',(-26.6520930275,-2.05057247278,
    24.109086697311));
#4173 = CARTESIAN_POINT('',(-26.65180467729,-2.048720137259,
    24.125606270245));
#4174 = CARTESIAN_POINT('',(-26.65151442255,-2.046304130833,
    24.142234952949));
#4175 = CARTESIAN_POINT('',(-26.65122284007,-2.043308704623,
    24.158939702262));
#4176 = CARTESIAN_POINT('',(-26.6505765462,-2.035376669994,
    24.195965852916));
#4177 = CARTESIAN_POINT('',(-26.65022150252,-2.030163755279,
    24.216306292023));
#4178 = CARTESIAN_POINT('',(-26.64986651638,-2.024060339036,
    24.23664343422));
#4179 = CARTESIAN_POINT('',(-26.64951277473,-2.017051425753,
    24.256909280005));
#4180 = CARTESIAN_POINT('',(-26.64916152381,-2.009130245863,
    24.277032431564));
#4181 = CARTESIAN_POINT('',(-26.64881403965,-2.00029917118,
    24.296939785705));
#4182 = CARTESIAN_POINT('',(-26.64784959235,-1.972899822039,
    24.352192934645));
#4183 = CARTESIAN_POINT('',(-26.64724419875,-1.952267246703,
    24.386875910645));
#4184 = CARTESIAN_POINT('',(-26.64666306987,-1.928746146901,
    24.420168761846));
#4185 = CARTESIAN_POINT('',(-26.64611376808,-1.902514943293,
    24.451638240461));
#4186 = CARTESIAN_POINT('',(-26.64560293728,-1.873853998015,
    24.480903717534));
#4187 = CARTESIAN_POINT('',(-26.64513576331,-1.843121973889,
    24.507668096214));
#4188 = CARTESIAN_POINT('',(-26.64411154316,-1.764093372363,
    24.566345629439));
#4189 = CARTESIAN_POINT('',(-26.64360489596,-1.714004068532,
    24.595371427969));
#4190 = CARTESIAN_POINT('',(-26.64320603131,-1.661604860191,
    24.618222368218));
#4191 = CARTESIAN_POINT('',(-26.64291814173,-1.608211964468,
    24.634715551207));
#4192 = CARTESIAN_POINT('',(-26.6427364025,-1.555053642413,
    24.64512738474));
#4193 = CARTESIAN_POINT('',(-26.64265135069,-1.503092128326,
    24.649999999999));
#4194 = CARTESIAN_POINT('',(-26.64265135069,-1.453032992822,24.65));
#4195 = ORIENTED_EDGE('',*,*,#4196,.F.);
#4196 = EDGE_CURVE('',#4197,#4166,#4199,.T.);
#4197 = VERTEX_POINT('',#4198);
#4198 = CARTESIAN_POINT('',(-26.64265135069,-1.046967007178,24.65));
#4199 = LINE('',#4200,#4201);
#4200 = CARTESIAN_POINT('',(-26.64265135069,-0.35,24.65));
#4201 = VECTOR('',#4202,1.);
#4202 = DIRECTION('',(0.,-1.,0.));
#4203 = ORIENTED_EDGE('',*,*,#4204,.F.);
#4204 = EDGE_CURVE('',#4128,#4197,#4205,.T.);
#4205 = B_SPLINE_CURVE_WITH_KNOTS('',7,(#4206,#4207,#4208,#4209,#4210,
    #4211,#4212,#4213,#4214,#4215,#4216,#4217,#4218,#4219,#4220,#4221,
    #4222,#4223,#4224,#4225,#4226,#4227,#4228,#4229,#4230,#4231),
  .UNSPECIFIED.,.F.,.F.,(8,6,6,6,8),(0.,0.132659875421,0.291956240205,
    0.583304966533,1.),.UNSPECIFIED.);
#4206 = CARTESIAN_POINT('',(-26.65294160991,-0.447058390084,
    24.060471443862));
#4207 = CARTESIAN_POINT('',(-26.65266056374,-0.447339436262,
    24.076572568152));
#4208 = CARTESIAN_POINT('',(-26.65237614679,-0.448128173686,
    24.092866804305));
#4209 = CARTESIAN_POINT('',(-26.65208878953,-0.449446939053,
    24.109329490689));
#4210 = CARTESIAN_POINT('',(-26.65179897847,-0.451316549012,
    24.125932755416));
#4211 = CARTESIAN_POINT('',(-26.65150725197,-0.453755689006,
    24.142645755333));
#4212 = CARTESIAN_POINT('',(-26.6512141961,-0.456780302112,
    24.159434915006));
#4213 = CARTESIAN_POINT('',(-26.6505677022,-0.464753042892,
    24.196472525245));
#4214 = CARTESIAN_POINT('',(-26.65021395328,-0.469965435595,
    24.216738787624));
#4215 = CARTESIAN_POINT('',(-26.64986028116,-0.476062104771,
    24.237000649674));
#4216 = CARTESIAN_POINT('',(-26.64950786063,-0.483057779408,
    24.257190808363));
#4217 = CARTESIAN_POINT('',(-26.64915792469,-0.490959072516,
    24.277238625224));
#4218 = CARTESIAN_POINT('',(-26.64881173549,-0.499763584936,
    24.297071790785));
#4219 = CARTESIAN_POINT('',(-26.64784654609,-0.527191676809,
    24.352367454848));
#4220 = CARTESIAN_POINT('',(-26.64723926693,-0.547905361192,
    24.387158454131));
#4221 = CARTESIAN_POINT('',(-26.64665644508,-0.571526007107,
    24.420548295637));
#4222 = CARTESIAN_POINT('',(-26.64610571643,-0.59787297594,
    24.452099518996));
#4223 = CARTESIAN_POINT('',(-26.64559378268,-0.626662401073,
    24.481428183925));
#4224 = CARTESIAN_POINT('',(-26.64512586418,-0.65753129248,
    24.508235217124));
#4225 = CARTESIAN_POINT('',(-26.64410415826,-0.736637874151,
    24.566768709961));
#4226 = CARTESIAN_POINT('',(-26.64360005137,-0.786633284894,
    24.595648973918));
#4227 = CARTESIAN_POINT('',(-26.64320323397,-0.838914646333,
    24.618382627743));
#4228 = CARTESIAN_POINT('',(-26.6429168173,-0.89217591486,
    24.634791428057));
#4229 = CARTESIAN_POINT('',(-26.64273598924,-0.945199128923,
    24.645151060603));
#4230 = CARTESIAN_POINT('',(-26.64265135069,-0.997029635474,24.65));
#4231 = CARTESIAN_POINT('',(-26.64265135069,-1.046967007178,24.65));
#4232 = ORIENTED_EDGE('',*,*,#4127,.F.);
#4233 = ORIENTED_EDGE('',*,*,#3561,.T.);
#4234 = B_SPLINE_SURFACE_WITH_KNOTS('',1,1,(
    (#4235,#4236)
    ,(#4237,#4238
    )),.UNSPECIFIED.,.F.,.F.,.F.,(2,2),(2,2),(0.,1.8),(0.,1.),
  .PIECEWISE_BEZIER_KNOTS.);
#4235 = CARTESIAN_POINT('',(-26.74999999999,-0.35,18.5));
#4236 = CARTESIAN_POINT('',(-26.64265135069,-0.457348649309,24.65));
#4237 = CARTESIAN_POINT('',(-26.74999999999,-2.15,18.5));
#4238 = CARTESIAN_POINT('',(-26.64265135069,-2.042651350691,24.65));
#4239 = ADVANCED_FACE('',(#4240),#4259,.T.);
#4240 = FACE_BOUND('',#4241,.T.);
#4241 = EDGE_LOOP('',(#4242,#4249,#4257,#4258));
#4242 = ORIENTED_EDGE('',*,*,#4243,.T.);
#4243 = EDGE_CURVE('',#3546,#4244,#4246,.T.);
#4244 = VERTEX_POINT('',#4245);
#4245 = CARTESIAN_POINT('',(-20.84705839008,-2.052941609916,
    24.060471443862));
#4246 = B_SPLINE_CURVE_WITH_KNOTS('',1,(#4247,#4248),.UNSPECIFIED.,.F.,
  .F.,(2,2),(0.,1.),.PIECEWISE_BEZIER_KNOTS.);
#4247 = CARTESIAN_POINT('',(-20.75,-2.15,18.5));
#4248 = CARTESIAN_POINT('',(-20.8573486493,-2.042651350691,24.65));
#4249 = ORIENTED_EDGE('',*,*,#4250,.F.);
#4250 = EDGE_CURVE('',#4159,#4244,#4251,.T.);
#4251 = B_SPLINE_CURVE_WITH_KNOTS('',2,(#4252,#4253,#4254,#4255,#4256),
  .UNSPECIFIED.,.F.,.F.,(3,1,1,3),(-0.364350784549,-1.029025922452E-02,
    5.795592960606,6.149653485931),.UNSPECIFIED.);
#4252 = CARTESIAN_POINT('',(-27.00700213523,-2.052941609916,
    24.060471443862));
#4253 = CARTESIAN_POINT('',(-26.82997187257,-2.052941609916,
    24.060471443862));
#4254 = CARTESIAN_POINT('',(-23.74999999999,-2.052941609916,
    24.060471443862));
#4255 = CARTESIAN_POINT('',(-20.67002812742,-2.052941609916,
    24.060471443862));
#4256 = CARTESIAN_POINT('',(-20.49299786476,-2.052941609916,
    24.060471443862));
#4257 = ORIENTED_EDGE('',*,*,#4158,.F.);
#4258 = ORIENTED_EDGE('',*,*,#3553,.T.);
#4259 = B_SPLINE_SURFACE_WITH_KNOTS('',1,1,(
    (#4260,#4261)
    ,(#4262,#4263
    )),.UNSPECIFIED.,.F.,.F.,.F.,(2,2),(2,2),(0.,5.999999999999),(0.,1.)
  ,.PIECEWISE_BEZIER_KNOTS.);
#4260 = CARTESIAN_POINT('',(-26.74999999999,-2.15,18.5));
#4261 = CARTESIAN_POINT('',(-26.64265135069,-2.042651350691,24.65));
#4262 = CARTESIAN_POINT('',(-20.75,-2.15,18.5));
#4263 = CARTESIAN_POINT('',(-20.8573486493,-2.042651350691,24.65));
#4264 = ADVANCED_FACE('',(#4265),#4283,.F.);
#4265 = FACE_BOUND('',#4266,.F.);
#4266 = EDGE_LOOP('',(#4267,#4268,#4269,#4277));
#4267 = ORIENTED_EDGE('',*,*,#3537,.F.);
#4268 = ORIENTED_EDGE('',*,*,#4106,.T.);
#4269 = ORIENTED_EDGE('',*,*,#4270,.T.);
#4270 = EDGE_CURVE('',#4099,#4271,#4273,.T.);
#4271 = VERTEX_POINT('',#4272);
#4272 = CARTESIAN_POINT('',(20.75,-2.4,16.));
#4273 = LINE('',#4274,#4275);
#4274 = CARTESIAN_POINT('',(-10.375,-2.4,16.));
#4275 = VECTOR('',#4276,1.);
#4276 = DIRECTION('',(1.,0.,0.));
#4277 = ORIENTED_EDGE('',*,*,#4278,.F.);
#4278 = EDGE_CURVE('',#3530,#4271,#4279,.T.);
#4279 = LINE('',#4280,#4281);
#4280 = CARTESIAN_POINT('',(20.75,-2.4,18.5));
#4281 = VECTOR('',#4282,1.);
#4282 = DIRECTION('',(-0.,-0.,-1.));
#4283 = PLANE('',#4284);
#4284 = AXIS2_PLACEMENT_3D('',#4285,#4286,#4287);
#4285 = CARTESIAN_POINT('',(-20.75,-2.4,18.5));
#4286 = DIRECTION('',(0.,-1.,0.));
#4287 = DIRECTION('',(1.,0.,0.));
#4288 = ADVANCED_FACE('',(#4289),#4314,.F.);
#4289 = FACE_BOUND('',#4290,.F.);
#4290 = EDGE_LOOP('',(#4291,#4292,#4293,#4301,#4307,#4308));
#4291 = ORIENTED_EDGE('',*,*,#3529,.F.);
#4292 = ORIENTED_EDGE('',*,*,#4278,.T.);
#4293 = ORIENTED_EDGE('',*,*,#4294,.T.);
#4294 = EDGE_CURVE('',#4271,#4295,#4297,.T.);
#4295 = VERTEX_POINT('',#4296);
#4296 = CARTESIAN_POINT('',(20.75,-1.E-01,16.));
#4297 = LINE('',#4298,#4299);
#4298 = CARTESIAN_POINT('',(20.75,-1.825,16.));
#4299 = VECTOR('',#4300,1.);
#4300 = DIRECTION('',(0.,1.,0.));
#4301 = ORIENTED_EDGE('',*,*,#4302,.F.);
#4302 = EDGE_CURVE('',#3490,#4295,#4303,.T.);
#4303 = LINE('',#4304,#4305);
#4304 = CARTESIAN_POINT('',(20.75,-1.E-01,18.5));
#4305 = VECTOR('',#4306,1.);
#4306 = DIRECTION('',(-0.,-0.,-1.));
#4307 = ORIENTED_EDGE('',*,*,#3497,.F.);
#4308 = ORIENTED_EDGE('',*,*,#4309,.F.);
#4309 = EDGE_CURVE('',#3522,#3498,#4310,.T.);
#4310 = LINE('',#4311,#4312);
#4311 = CARTESIAN_POINT('',(20.75,-2.4,18.5));
#4312 = VECTOR('',#4313,1.);
#4313 = DIRECTION('',(0.,1.,0.));
#4314 = PLANE('',#4315);
#4315 = AXIS2_PLACEMENT_3D('',#4316,#4317,#4318);
#4316 = CARTESIAN_POINT('',(20.75,-2.4,18.5));
#4317 = DIRECTION('',(1.,0.,0.));
#4318 = DIRECTION('',(0.,1.,0.));
#4319 = ADVANCED_FACE('',(#4320),#4345,.T.);
#4320 = FACE_BOUND('',#4321,.T.);
#4321 = EDGE_LOOP('',(#4322,#4329,#4339,#4344));
#4322 = ORIENTED_EDGE('',*,*,#4323,.T.);
#4323 = EDGE_CURVE('',#3514,#4324,#4326,.T.);
#4324 = VERTEX_POINT('',#4325);
#4325 = CARTESIAN_POINT('',(26.652941609916,-2.052941609916,
    24.060471443862));
#4326 = B_SPLINE_CURVE_WITH_KNOTS('',1,(#4327,#4328),.UNSPECIFIED.,.F.,
  .F.,(2,2),(0.,1.),.PIECEWISE_BEZIER_KNOTS.);
#4327 = CARTESIAN_POINT('',(26.75,-2.15,18.5));
#4328 = CARTESIAN_POINT('',(26.642651350691,-2.042651350691,24.65));
#4329 = ORIENTED_EDGE('',*,*,#4330,.F.);
#4330 = EDGE_CURVE('',#4331,#4324,#4333,.T.);
#4331 = VERTEX_POINT('',#4332);
#4332 = CARTESIAN_POINT('',(20.847058390084,-2.052941609916,
    24.060471443862));
#4333 = B_SPLINE_CURVE_WITH_KNOTS('',2,(#4334,#4335,#4336,#4337,#4338),
  .UNSPECIFIED.,.F.,.F.,(3,1,1,3),(-0.364350784549,-1.029025922445E-02,
    5.795592960607,6.149653485932),.UNSPECIFIED.);
#4334 = CARTESIAN_POINT('',(20.492997864759,-2.052941609916,
    24.060471443862));
#4335 = CARTESIAN_POINT('',(20.670028127422,-2.052941609916,
    24.060471443862));
#4336 = CARTESIAN_POINT('',(23.75,-2.052941609916,24.060471443862));
#4337 = CARTESIAN_POINT('',(26.829971872578,-2.052941609916,
    24.060471443862));
#4338 = CARTESIAN_POINT('',(27.007002135241,-2.052941609916,
    24.060471443862));
#4339 = ORIENTED_EDGE('',*,*,#4340,.F.);
#4340 = EDGE_CURVE('',#3522,#4331,#4341,.T.);
#4341 = B_SPLINE_CURVE_WITH_KNOTS('',1,(#4342,#4343),.UNSPECIFIED.,.F.,
  .F.,(2,2),(0.,1.),.PIECEWISE_BEZIER_KNOTS.);
#4342 = CARTESIAN_POINT('',(20.75,-2.15,18.5));
#4343 = CARTESIAN_POINT('',(20.857348649309,-2.042651350691,24.65));
#4344 = ORIENTED_EDGE('',*,*,#3521,.T.);
#4345 = B_SPLINE_SURFACE_WITH_KNOTS('',1,1,(
    (#4346,#4347)
    ,(#4348,#4349
    )),.UNSPECIFIED.,.F.,.F.,.F.,(2,2),(2,2),(0.,6.),(0.,1.),
  .PIECEWISE_BEZIER_KNOTS.);
#4346 = CARTESIAN_POINT('',(20.75,-2.15,18.5));
#4347 = CARTESIAN_POINT('',(20.857348649309,-2.042651350691,24.65));
#4348 = CARTESIAN_POINT('',(26.75,-2.15,18.5));
#4349 = CARTESIAN_POINT('',(26.642651350691,-2.042651350691,24.65));
#4350 = ADVANCED_FACE('',(#4351),#4430,.T.);
#4351 = FACE_BOUND('',#4352,.T.);
#4352 = EDGE_LOOP('',(#4353,#4360,#4391,#4399,#4428,#4429));
#4353 = ORIENTED_EDGE('',*,*,#4354,.T.);
#4354 = EDGE_CURVE('',#3506,#4355,#4357,.T.);
#4355 = VERTEX_POINT('',#4356);
#4356 = CARTESIAN_POINT('',(26.652941609916,-0.447058390084,
    24.060471443862));
#4357 = B_SPLINE_CURVE_WITH_KNOTS('',1,(#4358,#4359),.UNSPECIFIED.,.F.,
  .F.,(2,2),(0.,1.),.PIECEWISE_BEZIER_KNOTS.);
#4358 = CARTESIAN_POINT('',(26.75,-0.35,18.5));
#4359 = CARTESIAN_POINT('',(26.642651350691,-0.457348649309,24.65));
#4360 = ORIENTED_EDGE('',*,*,#4361,.T.);
#4361 = EDGE_CURVE('',#4355,#4362,#4364,.T.);
#4362 = VERTEX_POINT('',#4363);
#4363 = CARTESIAN_POINT('',(26.642651350691,-1.046967007178,24.65));
#4364 = B_SPLINE_CURVE_WITH_KNOTS('',7,(#4365,#4366,#4367,#4368,#4369,
    #4370,#4371,#4372,#4373,#4374,#4375,#4376,#4377,#4378,#4379,#4380,
    #4381,#4382,#4383,#4384,#4385,#4386,#4387,#4388,#4389,#4390),
  .UNSPECIFIED.,.F.,.F.,(8,6,6,6,8),(0.,0.132007664667,0.291886618846,
    0.58228888874,1.),.UNSPECIFIED.);
#4365 = CARTESIAN_POINT('',(26.652941609916,-0.447058390084,
    24.060471443862));
#4366 = CARTESIAN_POINT('',(26.652661945445,-0.447338054563,
    24.076493410665));
#4367 = CARTESIAN_POINT('',(26.652378943256,-0.448120430681,
    24.092706595207));
#4368 = CARTESIAN_POINT('',(26.65209302751,-0.44942752722,
    24.109086697311));
#4369 = CARTESIAN_POINT('',(26.651804677292,-0.451279862741,
    24.125606270245));
#4370 = CARTESIAN_POINT('',(26.651514422556,-0.453695869167,
    24.142234952949));
#4371 = CARTESIAN_POINT('',(26.651222840072,-0.456691295377,
    24.158939702262));
#4372 = CARTESIAN_POINT('',(26.650576546208,-0.464623330006,
    24.195965852916));
#4373 = CARTESIAN_POINT('',(26.650221502523,-0.469836244721,
    24.216306292023));
#4374 = CARTESIAN_POINT('',(26.649866516386,-0.475939660964,
    24.23664343422));
#4375 = CARTESIAN_POINT('',(26.649512774732,-0.482948574247,
    24.256909280005));
#4376 = CARTESIAN_POINT('',(26.649161523815,-0.490869754137,
    24.277032431564));
#4377 = CARTESIAN_POINT('',(26.648814039656,-0.49970082882,
    24.296939785705));
#4378 = CARTESIAN_POINT('',(26.647849592353,-0.527100177961,
    24.352192934645));
#4379 = CARTESIAN_POINT('',(26.647244198755,-0.547732753297,
    24.386875910645));
#4380 = CARTESIAN_POINT('',(26.646663069876,-0.5712538531,
    24.420168761846));
#4381 = CARTESIAN_POINT('',(26.646113768083,-0.597485056707,
    24.451638240461));
#4382 = CARTESIAN_POINT('',(26.645602937281,-0.626146001985,
    24.480903717534));
#4383 = CARTESIAN_POINT('',(26.645135763313,-0.656878026111,
    24.507668096214));
#4384 = CARTESIAN_POINT('',(26.644111543161,-0.735906627637,
    24.566345629439));
#4385 = CARTESIAN_POINT('',(26.643604895963,-0.785995931467,
    24.595371427968));
#4386 = CARTESIAN_POINT('',(26.643206031317,-0.838395139811,
    24.618222368219));
#4387 = CARTESIAN_POINT('',(26.642918141738,-0.891788035529,
    24.634715551207));
#4388 = CARTESIAN_POINT('',(26.642736402507,-0.944946357589,
    24.64512738474));
#4389 = CARTESIAN_POINT('',(26.642651350691,-0.996907871673,
    24.649999999999));
#4390 = CARTESIAN_POINT('',(26.642651350691,-1.046967007178,24.65));
#4391 = ORIENTED_EDGE('',*,*,#4392,.F.);
#4392 = EDGE_CURVE('',#4393,#4362,#4395,.T.);
#4393 = VERTEX_POINT('',#4394);
#4394 = CARTESIAN_POINT('',(26.642651350691,-1.453032992822,24.65));
#4395 = LINE('',#4396,#4397);
#4396 = CARTESIAN_POINT('',(26.642651350691,-2.15,24.65));
#4397 = VECTOR('',#4398,1.);
#4398 = DIRECTION('',(0.,1.,0.));
#4399 = ORIENTED_EDGE('',*,*,#4400,.F.);
#4400 = EDGE_CURVE('',#4324,#4393,#4401,.T.);
#4401 = B_SPLINE_CURVE_WITH_KNOTS('',7,(#4402,#4403,#4404,#4405,#4406,
    #4407,#4408,#4409,#4410,#4411,#4412,#4413,#4414,#4415,#4416,#4417,
    #4418,#4419,#4420,#4421,#4422,#4423,#4424,#4425,#4426,#4427),
  .UNSPECIFIED.,.F.,.F.,(8,6,6,6,8),(0.,0.132659875421,0.291956240205,
    0.583304966533,1.),.UNSPECIFIED.);
#4402 = CARTESIAN_POINT('',(26.652941609916,-2.052941609916,
    24.060471443862));
#4403 = CARTESIAN_POINT('',(26.652660563746,-2.052660563738,
    24.076572568152));
#4404 = CARTESIAN_POINT('',(26.652376146796,-2.051871826314,
    24.092866804305));
#4405 = CARTESIAN_POINT('',(26.652088789536,-2.050553060947,
    24.109329490689));
#4406 = CARTESIAN_POINT('',(26.651798978472,-2.048683450988,
    24.125932755416));
#4407 = CARTESIAN_POINT('',(26.651507251974,-2.046244310994,
    24.142645755333));
#4408 = CARTESIAN_POINT('',(26.651214196102,-2.043219697888,
    24.159434915006));
#4409 = CARTESIAN_POINT('',(26.65056770221,-2.035246957108,
    24.196472525245));
#4410 = CARTESIAN_POINT('',(26.650213953284,-2.030034564405,
    24.216738787624));
#4411 = CARTESIAN_POINT('',(26.649860281167,-2.023937895229,
    24.237000649674));
#4412 = CARTESIAN_POINT('',(26.649507860636,-2.016942220592,
    24.257190808363));
#4413 = CARTESIAN_POINT('',(26.649157924691,-2.009040927484,
    24.277238625224));
#4414 = CARTESIAN_POINT('',(26.648811735498,-2.000236415064,
    24.297071790785));
#4415 = CARTESIAN_POINT('',(26.647846546092,-1.972808323191,
    24.352367454848));
#4416 = CARTESIAN_POINT('',(26.64723926694,-1.952094638808,
    24.387158454131));
#4417 = CARTESIAN_POINT('',(26.646656445089,-1.928473992893,
    24.420548295637));
#4418 = CARTESIAN_POINT('',(26.646105716437,-1.90212702406,
    24.452099518996));
#4419 = CARTESIAN_POINT('',(26.645593782686,-1.873337598927,
    24.481428183924));
#4420 = CARTESIAN_POINT('',(26.645125864181,-1.84246870752,
    24.508235217124));
#4421 = CARTESIAN_POINT('',(26.644104158263,-1.763362125849,
    24.566768709961));
#4422 = CARTESIAN_POINT('',(26.643600051381,-1.713366715106,
    24.595648973918));
#4423 = CARTESIAN_POINT('',(26.643203233977,-1.661085353667,
    24.618382627743));
#4424 = CARTESIAN_POINT('',(26.642916817302,-1.60782408514,
    24.634791428057));
#4425 = CARTESIAN_POINT('',(26.642735989243,-1.554800871077,
    24.645151060603));
#4426 = CARTESIAN_POINT('',(26.642651350691,-1.502970364526,24.65));
#4427 = CARTESIAN_POINT('',(26.642651350691,-1.453032992822,24.65));
#4428 = ORIENTED_EDGE('',*,*,#4323,.F.);
#4429 = ORIENTED_EDGE('',*,*,#3513,.T.);
#4430 = B_SPLINE_SURFACE_WITH_KNOTS('',1,1,(
    (#4431,#4432)
    ,(#4433,#4434
    )),.UNSPECIFIED.,.F.,.F.,.F.,(2,2),(2,2),(0.,1.8),(0.,1.),
  .PIECEWISE_BEZIER_KNOTS.);
#4431 = CARTESIAN_POINT('',(26.75,-2.15,18.5));
#4432 = CARTESIAN_POINT('',(26.642651350691,-2.042651350691,24.65));
#4433 = CARTESIAN_POINT('',(26.75,-0.35,18.5));
#4434 = CARTESIAN_POINT('',(26.642651350691,-0.457348649309,24.65));
#4435 = ADVANCED_FACE('',(#4436),#4455,.T.);
#4436 = FACE_BOUND('',#4437,.T.);
#4437 = EDGE_LOOP('',(#4438,#4445,#4453,#4454));
#4438 = ORIENTED_EDGE('',*,*,#4439,.T.);
#4439 = EDGE_CURVE('',#3498,#4440,#4442,.T.);
#4440 = VERTEX_POINT('',#4441);
#4441 = CARTESIAN_POINT('',(20.847058390084,-0.447058390084,
    24.060471443862));
#4442 = B_SPLINE_CURVE_WITH_KNOTS('',1,(#4443,#4444),.UNSPECIFIED.,.F.,
  .F.,(2,2),(0.,1.),.PIECEWISE_BEZIER_KNOTS.);
#4443 = CARTESIAN_POINT('',(20.75,-0.35,18.5));
#4444 = CARTESIAN_POINT('',(20.857348649309,-0.457348649309,24.65));
#4445 = ORIENTED_EDGE('',*,*,#4446,.F.);
#4446 = EDGE_CURVE('',#4355,#4440,#4447,.T.);
#4447 = B_SPLINE_CURVE_WITH_KNOTS('',2,(#4448,#4449,#4450,#4451,#4452),
  .UNSPECIFIED.,.F.,.F.,(3,1,1,3),(-0.364350784549,-1.029025922435E-02,
    5.795592960607,6.149653485932),.UNSPECIFIED.);
#4448 = CARTESIAN_POINT('',(27.007002135241,-0.447058390084,
    24.060471443862));
#4449 = CARTESIAN_POINT('',(26.829971872578,-0.447058390084,
    24.060471443862));
#4450 = CARTESIAN_POINT('',(23.75,-0.447058390084,24.060471443862));
#4451 = CARTESIAN_POINT('',(20.670028127422,-0.447058390084,
    24.060471443862));
#4452 = CARTESIAN_POINT('',(20.492997864759,-0.447058390084,
    24.060471443862));
#4453 = ORIENTED_EDGE('',*,*,#4354,.F.);
#4454 = ORIENTED_EDGE('',*,*,#3505,.T.);
#4455 = B_SPLINE_SURFACE_WITH_KNOTS('',1,1,(
    (#4456,#4457)
    ,(#4458,#4459
    )),.UNSPECIFIED.,.F.,.F.,.F.,(2,2),(2,2),(0.,6.),(0.,1.),
  .PIECEWISE_BEZIER_KNOTS.);
#4456 = CARTESIAN_POINT('',(26.75,-0.35,18.5));
#4457 = CARTESIAN_POINT('',(26.642651350691,-0.457348649309,24.65));
#4458 = CARTESIAN_POINT('',(20.75,-0.35,18.5));
#4459 = CARTESIAN_POINT('',(20.857348649309,-0.457348649309,24.65));
#4460 = ADVANCED_FACE('',(#4461),#4472,.F.);
#4461 = FACE_BOUND('',#4462,.F.);
#4462 = EDGE_LOOP('',(#4463,#4464,#4465,#4471));
#4463 = ORIENTED_EDGE('',*,*,#3489,.F.);
#4464 = ORIENTED_EDGE('',*,*,#4302,.T.);
#4465 = ORIENTED_EDGE('',*,*,#4466,.T.);
#4466 = EDGE_CURVE('',#4295,#4091,#4467,.T.);
#4467 = LINE('',#4468,#4469);
#4468 = CARTESIAN_POINT('',(10.375,-1.E-01,16.));
#4469 = VECTOR('',#4470,1.);
#4470 = DIRECTION('',(-1.,0.,0.));
#4471 = ORIENTED_EDGE('',*,*,#4090,.F.);
#4472 = PLANE('',#4473);
#4473 = AXIS2_PLACEMENT_3D('',#4474,#4475,#4476);
#4474 = CARTESIAN_POINT('',(20.75,-1.E-01,18.5));
#4475 = DIRECTION('',(0.,1.,0.));
#4476 = DIRECTION('',(-1.,0.,0.));
#4477 = ADVANCED_FACE('',(#4478),#4486,.F.);
#4478 = FACE_BOUND('',#4479,.T.);
#4479 = EDGE_LOOP('',(#4480,#4481,#4482,#4483,#4484,#4485));
#4480 = ORIENTED_EDGE('',*,*,#3941,.F.);
#4481 = ORIENTED_EDGE('',*,*,#3600,.F.);
#4482 = ORIENTED_EDGE('',*,*,#3833,.T.);
#4483 = ORIENTED_EDGE('',*,*,#3865,.F.);
#4484 = ORIENTED_EDGE('',*,*,#3882,.F.);
#4485 = ORIENTED_EDGE('',*,*,#3924,.F.);
#4486 = CYLINDRICAL_SURFACE('',#4487,4.085936964584);
#4487 = AXIS2_PLACEMENT_3D('',#4488,#4489,#4490);
#4488 = CARTESIAN_POINT('',(-32.1076237736,3.7,4.78615858181));
#4489 = DIRECTION('',(0.,1.,-2.22044604925E-16));
#4490 = DIRECTION('',(1.,0.,0.));
#4491 = ADVANCED_FACE('',(#4492),#4500,.F.);
#4492 = FACE_BOUND('',#4493,.T.);
#4493 = EDGE_LOOP('',(#4494,#4495,#4496,#4497,#4498,#4499));
#4494 = ORIENTED_EDGE('',*,*,#3966,.F.);
#4495 = ORIENTED_EDGE('',*,*,#3998,.T.);
#4496 = ORIENTED_EDGE('',*,*,#4022,.T.);
#4497 = ORIENTED_EDGE('',*,*,#4057,.T.);
#4498 = ORIENTED_EDGE('',*,*,#4074,.T.);
#4499 = ORIENTED_EDGE('',*,*,#3647,.F.);
#4500 = CYLINDRICAL_SURFACE('',#4501,4.085936964584);
#4501 = AXIS2_PLACEMENT_3D('',#4502,#4503,#4504);
#4502 = CARTESIAN_POINT('',(32.107623773606,3.7,4.78615858181));
#4503 = DIRECTION('',(0.,1.,-2.22044604925E-16));
#4504 = DIRECTION('',(1.,0.,0.));
#4505 = ADVANCED_FACE('',(#4506),#4525,.T.);
#4506 = FACE_BOUND('',#4507,.T.);
#4507 = EDGE_LOOP('',(#4508,#4516,#4517,#4518));
#4508 = ORIENTED_EDGE('',*,*,#4509,.F.);
#4509 = EDGE_CURVE('',#3678,#4510,#4512,.T.);
#4510 = VERTEX_POINT('',#4511);
#4511 = CARTESIAN_POINT('',(30.65,-0.35,-2.9));
#4512 = LINE('',#4513,#4514);
#4513 = CARTESIAN_POINT('',(31.4,-0.35,-2.15));
#4514 = VECTOR('',#4515,1.);
#4515 = DIRECTION('',(-0.707106781187,0.,-0.707106781187));
#4516 = ORIENTED_EDGE('',*,*,#3685,.T.);
#4517 = ORIENTED_EDGE('',*,*,#4509,.T.);
#4518 = ORIENTED_EDGE('',*,*,#4519,.F.);
#4519 = EDGE_CURVE('',#4510,#4510,#4520,.T.);
#4520 = CIRCLE('',#4521,0.65);
#4521 = AXIS2_PLACEMENT_3D('',#4522,#4523,#4524);
#4522 = CARTESIAN_POINT('',(30.,-0.35,-2.9));
#4523 = DIRECTION('',(0.,0.,-1.));
#4524 = DIRECTION('',(1.,0.,0.));
#4525 = CONICAL_SURFACE('',#4526,1.4,0.785398163397);
#4526 = AXIS2_PLACEMENT_3D('',#4527,#4528,#4529);
#4527 = CARTESIAN_POINT('',(30.,-0.35,-2.15));
#4528 = DIRECTION('',(0.,0.,1.));
#4529 = DIRECTION('',(1.,0.,0.));
#4530 = ADVANCED_FACE('',(#4531,#4537),#4543,.F.);
#4531 = FACE_BOUND('',#4532,.F.);
#4532 = EDGE_LOOP('',(#4533,#4534,#4535,#4536));
#4533 = ORIENTED_EDGE('',*,*,#3758,.F.);
#4534 = ORIENTED_EDGE('',*,*,#3710,.F.);
#4535 = ORIENTED_EDGE('',*,*,#3741,.F.);
#4536 = ORIENTED_EDGE('',*,*,#3782,.F.);
#4537 = FACE_BOUND('',#4538,.F.);
#4538 = EDGE_LOOP('',(#4539,#4540,#4541,#4542));
#4539 = ORIENTED_EDGE('',*,*,#4098,.F.);
#4540 = ORIENTED_EDGE('',*,*,#4466,.F.);
#4541 = ORIENTED_EDGE('',*,*,#4294,.F.);
#4542 = ORIENTED_EDGE('',*,*,#4270,.F.);
#4543 = PLANE('',#4544);
#4544 = AXIS2_PLACEMENT_3D('',#4545,#4546,#4547);
#4545 = CARTESIAN_POINT('',(0.,-1.25,16.));
#4546 = DIRECTION('',(0.,0.,1.));
#4547 = DIRECTION('',(1.,0.,0.));
#4548 = ADVANCED_FACE('',(#4549),#4568,.T.);
#4549 = FACE_BOUND('',#4550,.T.);
#4550 = EDGE_LOOP('',(#4551,#4559,#4560,#4561));
#4551 = ORIENTED_EDGE('',*,*,#4552,.F.);
#4552 = EDGE_CURVE('',#3799,#4553,#4555,.T.);
#4553 = VERTEX_POINT('',#4554);
#4554 = CARTESIAN_POINT('',(-29.35,-0.35,-2.9));
#4555 = LINE('',#4556,#4557);
#4556 = CARTESIAN_POINT('',(-28.6,-0.35,-2.15));
#4557 = VECTOR('',#4558,1.);
#4558 = DIRECTION('',(-0.707106781187,0.,-0.707106781187));
#4559 = ORIENTED_EDGE('',*,*,#3806,.T.);
#4560 = ORIENTED_EDGE('',*,*,#4552,.T.);
#4561 = ORIENTED_EDGE('',*,*,#4562,.F.);
#4562 = EDGE_CURVE('',#4553,#4553,#4563,.T.);
#4563 = CIRCLE('',#4564,0.65);
#4564 = AXIS2_PLACEMENT_3D('',#4565,#4566,#4567);
#4565 = CARTESIAN_POINT('',(-30.,-0.35,-2.9));
#4566 = DIRECTION('',(0.,0.,-1.));
#4567 = DIRECTION('',(1.,0.,0.));
#4568 = CONICAL_SURFACE('',#4569,1.4,0.785398163397);
#4569 = AXIS2_PLACEMENT_3D('',#4570,#4571,#4572);
#4570 = CARTESIAN_POINT('',(-30.,-0.35,-2.15));
#4571 = DIRECTION('',(0.,0.,1.));
#4572 = DIRECTION('',(1.,0.,0.));
#4573 = ADVANCED_FACE('',(#4574),#4647,.T.);
#4574 = FACE_BOUND('',#4575,.T.);
#4575 = EDGE_LOOP('',(#4576,#4577,#4608,#4616,#4645,#4646));
#4576 = ORIENTED_EDGE('',*,*,#4144,.T.);
#4577 = ORIENTED_EDGE('',*,*,#4578,.T.);
#4578 = EDGE_CURVE('',#4135,#4579,#4581,.T.);
#4579 = VERTEX_POINT('',#4580);
#4580 = CARTESIAN_POINT('',(-20.8573486493,-1.046967007178,24.65));
#4581 = B_SPLINE_CURVE_WITH_KNOTS('',7,(#4582,#4583,#4584,#4585,#4586,
    #4587,#4588,#4589,#4590,#4591,#4592,#4593,#4594,#4595,#4596,#4597,
    #4598,#4599,#4600,#4601,#4602,#4603,#4604,#4605,#4606,#4607),
  .UNSPECIFIED.,.F.,.F.,(8,6,6,6,8),(0.,0.132007664824,0.291886618975,
    0.582288888817,1.),.UNSPECIFIED.);
#4582 = CARTESIAN_POINT('',(-20.84705839008,-0.447058390084,
    24.060471443862));
#4583 = CARTESIAN_POINT('',(-20.84733805455,-0.44733805456,
    24.076493410596));
#4584 = CARTESIAN_POINT('',(-20.84762105674,-0.448120430676,
    24.092706595153));
#4585 = CARTESIAN_POINT('',(-20.84790697248,-0.449427527217,
    24.109086697292));
#4586 = CARTESIAN_POINT('',(-20.8481953227,-0.451279862741,
    24.125606270244));
#4587 = CARTESIAN_POINT('',(-20.84848557744,-0.453695869166,
    24.14223495294));
#4588 = CARTESIAN_POINT('',(-20.84877715992,-0.456691295372,
    24.158939702239));
#4589 = CARTESIAN_POINT('',(-20.84942345379,-0.464623330006,
    24.195965852916));
#4590 = CARTESIAN_POINT('',(-20.84977849747,-0.469836244721,
    24.216306292023));
#4591 = CARTESIAN_POINT('',(-20.85013348361,-0.475939660964,
    24.23664343422));
#4592 = CARTESIAN_POINT('',(-20.85048722526,-0.482948574247,
    24.256909280005));
#4593 = CARTESIAN_POINT('',(-20.85083847618,-0.490869754137,
    24.277032431564));
#4594 = CARTESIAN_POINT('',(-20.85118596034,-0.49970082882,
    24.296939785705));
#4595 = CARTESIAN_POINT('',(-20.85215040764,-0.527100177961,
    24.352192934645));
#4596 = CARTESIAN_POINT('',(-20.85275580124,-0.547732753297,
    24.386875910645));
#4597 = CARTESIAN_POINT('',(-20.85333693012,-0.571253853099,
    24.420168761846));
#4598 = CARTESIAN_POINT('',(-20.85388623191,-0.597485056707,
    24.451638240461));
#4599 = CARTESIAN_POINT('',(-20.85439706271,-0.626146001985,
    24.480903717534));
#4600 = CARTESIAN_POINT('',(-20.85486423668,-0.656878026111,
    24.507668096214));
#4601 = CARTESIAN_POINT('',(-20.85588845683,-0.735906627637,
    24.566345629439));
#4602 = CARTESIAN_POINT('',(-20.85639510403,-0.785995931467,
    24.595371427968));
#4603 = CARTESIAN_POINT('',(-20.85679396868,-0.83839513981,
    24.618222368218));
#4604 = CARTESIAN_POINT('',(-20.85708185826,-0.89178803553,
    24.634715551207));
#4605 = CARTESIAN_POINT('',(-20.85726359749,-0.944946357588,
    24.64512738474));
#4606 = CARTESIAN_POINT('',(-20.8573486493,-0.996907871674,
    24.649999999999));
#4607 = CARTESIAN_POINT('',(-20.8573486493,-1.046967007178,24.65));
#4608 = ORIENTED_EDGE('',*,*,#4609,.F.);
#4609 = EDGE_CURVE('',#4610,#4579,#4612,.T.);
#4610 = VERTEX_POINT('',#4611);
#4611 = CARTESIAN_POINT('',(-20.8573486493,-1.453032992822,24.65));
#4612 = LINE('',#4613,#4614);
#4613 = CARTESIAN_POINT('',(-20.8573486493,-2.15,24.65));
#4614 = VECTOR('',#4615,1.);
#4615 = DIRECTION('',(0.,1.,0.));
#4616 = ORIENTED_EDGE('',*,*,#4617,.F.);
#4617 = EDGE_CURVE('',#4244,#4610,#4618,.T.);
#4618 = B_SPLINE_CURVE_WITH_KNOTS('',7,(#4619,#4620,#4621,#4622,#4623,
    #4624,#4625,#4626,#4627,#4628,#4629,#4630,#4631,#4632,#4633,#4634,
    #4635,#4636,#4637,#4638,#4639,#4640,#4641,#4642,#4643,#4644),
  .UNSPECIFIED.,.F.,.F.,(8,6,6,6,8),(0.,0.132659875347,0.291956240144,
    0.583304966497,1.),.UNSPECIFIED.);
#4619 = CARTESIAN_POINT('',(-20.84705839008,-2.052941609916,
    24.060471443862));
#4620 = CARTESIAN_POINT('',(-20.84733943625,-2.052660563738,
    24.076572568181));
#4621 = CARTESIAN_POINT('',(-20.8476238532,-2.051871826312,
    24.092866804327));
#4622 = CARTESIAN_POINT('',(-20.84791121046,-2.050553060945,
    24.109329490695));
#4623 = CARTESIAN_POINT('',(-20.84820102152,-2.048683450988,
    24.125932755414));
#4624 = CARTESIAN_POINT('',(-20.84849274802,-2.046244310994,
    24.142645755336));
#4625 = CARTESIAN_POINT('',(-20.84878580389,-2.043219697886,
    24.159434915017));
#4626 = CARTESIAN_POINT('',(-20.84943229779,-2.035246957108,
    24.196472525245));
#4627 = CARTESIAN_POINT('',(-20.84978604671,-2.030034564405,
    24.216738787624));
#4628 = CARTESIAN_POINT('',(-20.85013971883,-2.023937895229,
    24.237000649674));
#4629 = CARTESIAN_POINT('',(-20.85049213936,-2.016942220592,
    24.257190808363));
#4630 = CARTESIAN_POINT('',(-20.8508420753,-2.009040927484,
    24.277238625224));
#4631 = CARTESIAN_POINT('',(-20.8511882645,-2.000236415064,
    24.297071790785));
#4632 = CARTESIAN_POINT('',(-20.8521534539,-1.972808323191,
    24.352367454848));
#4633 = CARTESIAN_POINT('',(-20.85276073306,-1.952094638808,
    24.387158454131));
#4634 = CARTESIAN_POINT('',(-20.85334355491,-1.928473992893,
    24.420548295637));
#4635 = CARTESIAN_POINT('',(-20.85389428356,-1.90212702406,
    24.452099518996));
#4636 = CARTESIAN_POINT('',(-20.85440621731,-1.873337598927,
    24.481428183925));
#4637 = CARTESIAN_POINT('',(-20.85487413581,-1.84246870752,
    24.508235217124));
#4638 = CARTESIAN_POINT('',(-20.85589584173,-1.763362125849,
    24.566768709961));
#4639 = CARTESIAN_POINT('',(-20.85639994861,-1.713366715106,
    24.595648973917));
#4640 = CARTESIAN_POINT('',(-20.85679676602,-1.661085353666,
    24.618382627746));
#4641 = CARTESIAN_POINT('',(-20.85708318269,-1.607824085142,
    24.634791428053));
#4642 = CARTESIAN_POINT('',(-20.85726401075,-1.554800871075,
    24.645151060607));
#4643 = CARTESIAN_POINT('',(-20.8573486493,-1.502970364527,
    24.649999999999));
#4644 = CARTESIAN_POINT('',(-20.8573486493,-1.453032992822,24.65));
#4645 = ORIENTED_EDGE('',*,*,#4243,.F.);
#4646 = ORIENTED_EDGE('',*,*,#4113,.F.);
#4647 = B_SPLINE_SURFACE_WITH_KNOTS('',1,1,(
    (#4648,#4649)
    ,(#4650,#4651
    )),.UNSPECIFIED.,.F.,.F.,.F.,(2,2),(2,2),(0.,1.8),(0.,1.),
  .PIECEWISE_BEZIER_KNOTS.);
#4648 = CARTESIAN_POINT('',(-20.75,-2.15,18.5));
#4649 = CARTESIAN_POINT('',(-20.8573486493,-2.042651350691,24.65));
#4650 = CARTESIAN_POINT('',(-20.75,-0.35,18.5));
#4651 = CARTESIAN_POINT('',(-20.8573486493,-0.457348649309,24.65));
#4652 = ADVANCED_FACE('',(#4653),#4666,.F.);
#4653 = FACE_BOUND('',#4654,.F.);
#4654 = EDGE_LOOP('',(#4655,#4656,#4664,#4665));
#4655 = ORIENTED_EDGE('',*,*,#4578,.T.);
#4656 = ORIENTED_EDGE('',*,*,#4657,.T.);
#4657 = EDGE_CURVE('',#4579,#4197,#4658,.T.);
#4658 = B_SPLINE_CURVE_WITH_KNOTS('',2,(#4659,#4660,#4661,#4662,#4663),
  .UNSPECIFIED.,.F.,.F.,(3,1,1,3),(-0.364350784549,-1.029025922443E-02,
    5.795592960606,6.149653485931),.UNSPECIFIED.);
#4659 = CARTESIAN_POINT('',(-20.49299786476,-1.046967007178,24.65));
#4660 = CARTESIAN_POINT('',(-20.67002812742,-1.046967007178,24.65));
#4661 = CARTESIAN_POINT('',(-23.74999999999,-1.046967007178,24.65));
#4662 = CARTESIAN_POINT('',(-26.82997187257,-1.046967007178,24.65));
#4663 = CARTESIAN_POINT('',(-27.00700213523,-1.046967007178,24.65));
#4664 = ORIENTED_EDGE('',*,*,#4204,.F.);
#4665 = ORIENTED_EDGE('',*,*,#4134,.F.);
#4666 = ( BOUNDED_SURFACE() B_SPLINE_SURFACE(2,2,(
    (#4667,#4668,#4669,#4670,#4671)
    ,(#4672,#4673,#4674,#4675,#4676)
    ,(#4677,#4678,#4679,#4680,#4681
)),.UNSPECIFIED.,.F.,.F.,.F.) B_SPLINE_SURFACE_WITH_KNOTS((3,3),(3,1,1,3
    ),(0.,5.805883219831),(-0.364350784549,-1.029025922443E-02,
    5.795592960606,6.149653485931),.UNSPECIFIED.) 
GEOMETRIC_REPRESENTATION_ITEM() RATIONAL_B_SPLINE_SURFACE((
    (1.,1.,1.,1.,1.)
    ,(0.713250449154,0.713250449154,0.713250449154,0.713250449154
      ,0.713250449154)
,(1.,1.,1.,1.,1.))) REPRESENTATION_ITEM('') SURFACE() );
#4667 = CARTESIAN_POINT('',(-20.49299786476,-0.447058390084,
    24.060471443862));
#4668 = CARTESIAN_POINT('',(-20.67002812742,-0.447058390084,
    24.060471443862));
#4669 = CARTESIAN_POINT('',(-23.74999999999,-0.447058390084,
    24.060471443862));
#4670 = CARTESIAN_POINT('',(-26.82997187257,-0.447058390084,
    24.060471443862));
#4671 = CARTESIAN_POINT('',(-27.00700213523,-0.447058390084,
    24.060471443862));
#4672 = CARTESIAN_POINT('',(-20.49299786476,-0.457348649309,24.65));
#4673 = CARTESIAN_POINT('',(-20.67002812742,-0.457348649309,24.65));
#4674 = CARTESIAN_POINT('',(-23.74999999999,-0.457348649309,24.65));
#4675 = CARTESIAN_POINT('',(-26.82997187257,-0.457348649309,24.65));
#4676 = CARTESIAN_POINT('',(-27.00700213523,-0.457348649309,24.65));
#4677 = CARTESIAN_POINT('',(-20.49299786476,-1.046967007178,24.65));
#4678 = CARTESIAN_POINT('',(-20.67002812742,-1.046967007178,24.65));
#4679 = CARTESIAN_POINT('',(-23.74999999999,-1.046967007178,24.65));
#4680 = CARTESIAN_POINT('',(-26.82997187257,-1.046967007178,24.65));
#4681 = CARTESIAN_POINT('',(-27.00700213523,-1.046967007178,24.65));
#4682 = ADVANCED_FACE('',(#4683),#4696,.F.);
#4683 = FACE_BOUND('',#4684,.F.);
#4684 = EDGE_LOOP('',(#4685,#4686,#4694,#4695));
#4685 = ORIENTED_EDGE('',*,*,#4165,.T.);
#4686 = ORIENTED_EDGE('',*,*,#4687,.T.);
#4687 = EDGE_CURVE('',#4166,#4610,#4688,.T.);
#4688 = B_SPLINE_CURVE_WITH_KNOTS('',2,(#4689,#4690,#4691,#4692,#4693),
  .UNSPECIFIED.,.F.,.F.,(3,1,1,3),(-0.364350784549,-1.029025922452E-02,
    5.795592960606,6.149653485931),.UNSPECIFIED.);
#4689 = CARTESIAN_POINT('',(-27.00700213523,-1.453032992822,24.65));
#4690 = CARTESIAN_POINT('',(-26.82997187257,-1.453032992822,24.65));
#4691 = CARTESIAN_POINT('',(-23.74999999999,-1.453032992822,24.65));
#4692 = CARTESIAN_POINT('',(-20.67002812742,-1.453032992822,24.65));
#4693 = CARTESIAN_POINT('',(-20.49299786476,-1.453032992822,24.65));
#4694 = ORIENTED_EDGE('',*,*,#4617,.F.);
#4695 = ORIENTED_EDGE('',*,*,#4250,.F.);
#4696 = ( BOUNDED_SURFACE() B_SPLINE_SURFACE(2,2,(
    (#4697,#4698,#4699,#4700,#4701)
    ,(#4702,#4703,#4704,#4705,#4706)
    ,(#4707,#4708,#4709,#4710,#4711
)),.UNSPECIFIED.,.F.,.F.,.F.) B_SPLINE_SURFACE_WITH_KNOTS((3,3),(3,1,1,3
    ),(0.,5.805883219831),(-0.364350784549,-1.029025922452E-02,
    5.795592960606,6.149653485931),.UNSPECIFIED.) 
GEOMETRIC_REPRESENTATION_ITEM() RATIONAL_B_SPLINE_SURFACE((
    (1.,1.,1.,1.,1.)
    ,(0.713250449154,0.713250449154,0.713250449154,0.713250449154
      ,0.713250449154)
,(1.,1.,1.,1.,1.))) REPRESENTATION_ITEM('') SURFACE() );
#4697 = CARTESIAN_POINT('',(-27.00700213523,-2.052941609916,
    24.060471443862));
#4698 = CARTESIAN_POINT('',(-26.82997187257,-2.052941609916,
    24.060471443862));
#4699 = CARTESIAN_POINT('',(-23.74999999999,-2.052941609916,
    24.060471443862));
#4700 = CARTESIAN_POINT('',(-20.67002812742,-2.052941609916,
    24.060471443862));
#4701 = CARTESIAN_POINT('',(-20.49299786476,-2.052941609916,
    24.060471443862));
#4702 = CARTESIAN_POINT('',(-27.00700213523,-2.042651350691,24.65));
#4703 = CARTESIAN_POINT('',(-26.82997187257,-2.042651350691,24.65));
#4704 = CARTESIAN_POINT('',(-23.74999999999,-2.042651350691,24.65));
#4705 = CARTESIAN_POINT('',(-20.67002812742,-2.042651350691,24.65));
#4706 = CARTESIAN_POINT('',(-20.49299786476,-2.042651350691,24.65));
#4707 = CARTESIAN_POINT('',(-27.00700213523,-1.453032992822,24.65));
#4708 = CARTESIAN_POINT('',(-26.82997187257,-1.453032992822,24.65));
#4709 = CARTESIAN_POINT('',(-23.74999999999,-1.453032992822,24.65));
#4710 = CARTESIAN_POINT('',(-20.67002812742,-1.453032992822,24.65));
#4711 = CARTESIAN_POINT('',(-20.49299786476,-1.453032992822,24.65));
#4712 = ADVANCED_FACE('',(#4713),#4719,.F.);
#4713 = FACE_BOUND('',#4714,.F.);
#4714 = EDGE_LOOP('',(#4715,#4716,#4717,#4718));
#4715 = ORIENTED_EDGE('',*,*,#4196,.F.);
#4716 = ORIENTED_EDGE('',*,*,#4657,.F.);
#4717 = ORIENTED_EDGE('',*,*,#4609,.F.);
#4718 = ORIENTED_EDGE('',*,*,#4687,.F.);
#4719 = PLANE('',#4720);
#4720 = AXIS2_PLACEMENT_3D('',#4721,#4722,#4723);
#4721 = CARTESIAN_POINT('',(-20.8573486493,-0.457348649309,24.65));
#4722 = DIRECTION('',(0.,0.,-1.));
#4723 = DIRECTION('',(-0.964446039237,-0.264279846753,0.));
#4724 = ADVANCED_FACE('',(#4725),#4798,.T.);
#4725 = FACE_BOUND('',#4726,.T.);
#4726 = EDGE_LOOP('',(#4727,#4728,#4759,#4767,#4796,#4797));
#4727 = ORIENTED_EDGE('',*,*,#4340,.T.);
#4728 = ORIENTED_EDGE('',*,*,#4729,.T.);
#4729 = EDGE_CURVE('',#4331,#4730,#4732,.T.);
#4730 = VERTEX_POINT('',#4731);
#4731 = CARTESIAN_POINT('',(20.857348649309,-1.453032992822,24.65));
#4732 = B_SPLINE_CURVE_WITH_KNOTS('',7,(#4733,#4734,#4735,#4736,#4737,
    #4738,#4739,#4740,#4741,#4742,#4743,#4744,#4745,#4746,#4747,#4748,
    #4749,#4750,#4751,#4752,#4753,#4754,#4755,#4756,#4757,#4758),
  .UNSPECIFIED.,.F.,.F.,(8,6,6,6,8),(0.,0.132007664667,0.291886618846,
    0.582288888739,1.),.UNSPECIFIED.);
#4733 = CARTESIAN_POINT('',(20.847058390084,-2.052941609916,
    24.060471443862));
#4734 = CARTESIAN_POINT('',(20.847338054555,-2.052661945437,
    24.076493410665));
#4735 = CARTESIAN_POINT('',(20.847621056744,-2.051879569319,
    24.092706595207));
#4736 = CARTESIAN_POINT('',(20.84790697249,-2.05057247278,
    24.109086697311));
#4737 = CARTESIAN_POINT('',(20.848195322708,-2.048720137259,
    24.125606270245));
#4738 = CARTESIAN_POINT('',(20.848485577444,-2.046304130833,
    24.142234952949));
#4739 = CARTESIAN_POINT('',(20.848777159928,-2.043308704623,
    24.158939702262));
#4740 = CARTESIAN_POINT('',(20.849423453792,-2.035376669994,
    24.195965852916));
#4741 = CARTESIAN_POINT('',(20.849778497477,-2.030163755279,
    24.216306292023));
#4742 = CARTESIAN_POINT('',(20.850133483614,-2.024060339036,
    24.23664343422));
#4743 = CARTESIAN_POINT('',(20.850487225268,-2.017051425753,
    24.256909280005));
#4744 = CARTESIAN_POINT('',(20.850838476185,-2.009130245863,
    24.277032431564));
#4745 = CARTESIAN_POINT('',(20.851185960344,-2.00029917118,
    24.296939785705));
#4746 = CARTESIAN_POINT('',(20.852150407647,-1.972899822039,
    24.352192934645));
#4747 = CARTESIAN_POINT('',(20.852755801245,-1.952267246703,
    24.386875910645));
#4748 = CARTESIAN_POINT('',(20.853336930124,-1.9287461469,
    24.420168761846));
#4749 = CARTESIAN_POINT('',(20.853886231917,-1.902514943293,
    24.451638240461));
#4750 = CARTESIAN_POINT('',(20.854397062719,-1.873853998015,
    24.480903717534));
#4751 = CARTESIAN_POINT('',(20.854864236687,-1.843121973889,
    24.507668096214));
#4752 = CARTESIAN_POINT('',(20.855888456839,-1.764093372363,
    24.566345629439));
#4753 = CARTESIAN_POINT('',(20.856395104037,-1.714004068533,
    24.595371427968));
#4754 = CARTESIAN_POINT('',(20.856793968683,-1.661604860189,
    24.618222368219));
#4755 = CARTESIAN_POINT('',(20.857081858262,-1.608211964471,
    24.634715551207));
#4756 = CARTESIAN_POINT('',(20.857263597493,-1.555053642411,
    24.64512738474));
#4757 = CARTESIAN_POINT('',(20.857348649309,-1.503092128327,
    24.649999999999));
#4758 = CARTESIAN_POINT('',(20.857348649309,-1.453032992822,24.65));
#4759 = ORIENTED_EDGE('',*,*,#4760,.F.);
#4760 = EDGE_CURVE('',#4761,#4730,#4763,.T.);
#4761 = VERTEX_POINT('',#4762);
#4762 = CARTESIAN_POINT('',(20.857348649309,-1.046967007178,24.65));
#4763 = LINE('',#4764,#4765);
#4764 = CARTESIAN_POINT('',(20.857348649309,-0.35,24.65));
#4765 = VECTOR('',#4766,1.);
#4766 = DIRECTION('',(0.,-1.,0.));
#4767 = ORIENTED_EDGE('',*,*,#4768,.F.);
#4768 = EDGE_CURVE('',#4440,#4761,#4769,.T.);
#4769 = B_SPLINE_CURVE_WITH_KNOTS('',7,(#4770,#4771,#4772,#4773,#4774,
    #4775,#4776,#4777,#4778,#4779,#4780,#4781,#4782,#4783,#4784,#4785,
    #4786,#4787,#4788,#4789,#4790,#4791,#4792,#4793,#4794,#4795),
  .UNSPECIFIED.,.F.,.F.,(8,6,6,6,8),(0.,0.132659875421,0.291956240204,
    0.583304966531,1.),.UNSPECIFIED.);
#4770 = CARTESIAN_POINT('',(20.847058390084,-0.447058390084,
    24.060471443862));
#4771 = CARTESIAN_POINT('',(20.847339436254,-0.447339436262,
    24.076572568152));
#4772 = CARTESIAN_POINT('',(20.847623853204,-0.448128173686,
    24.092866804305));
#4773 = CARTESIAN_POINT('',(20.847911210464,-0.449446939053,
    24.109329490689));
#4774 = CARTESIAN_POINT('',(20.848201021528,-0.451316549012,
    24.125932755416));
#4775 = CARTESIAN_POINT('',(20.848492748026,-0.453755689006,
    24.142645755333));
#4776 = CARTESIAN_POINT('',(20.848785803898,-0.456780302112,
    24.159434915006));
#4777 = CARTESIAN_POINT('',(20.84943229779,-0.464753042892,
    24.196472525245));
#4778 = CARTESIAN_POINT('',(20.849786046716,-0.469965435595,
    24.216738787624));
#4779 = CARTESIAN_POINT('',(20.850139718833,-0.476062104771,
    24.237000649674));
#4780 = CARTESIAN_POINT('',(20.850492139364,-0.483057779408,
    24.257190808363));
#4781 = CARTESIAN_POINT('',(20.850842075309,-0.490959072516,
    24.277238625224));
#4782 = CARTESIAN_POINT('',(20.851188264502,-0.499763584936,
    24.297071790785));
#4783 = CARTESIAN_POINT('',(20.852153453908,-0.527191676809,
    24.352367454848));
#4784 = CARTESIAN_POINT('',(20.85276073306,-0.547905361192,
    24.387158454131));
#4785 = CARTESIAN_POINT('',(20.853343554911,-0.571526007107,
    24.420548295637));
#4786 = CARTESIAN_POINT('',(20.853894283563,-0.59787297594,
    24.452099518996));
#4787 = CARTESIAN_POINT('',(20.854406217314,-0.626662401073,
    24.481428183924));
#4788 = CARTESIAN_POINT('',(20.854874135819,-0.65753129248,
    24.508235217124));
#4789 = CARTESIAN_POINT('',(20.855895841737,-0.736637874152,
    24.566768709961));
#4790 = CARTESIAN_POINT('',(20.856399948619,-0.786633284893,
    24.595648973917));
#4791 = CARTESIAN_POINT('',(20.856796766023,-0.838914646335,
    24.618382627746));
#4792 = CARTESIAN_POINT('',(20.857083182698,-0.892175914858,
    24.634791428053));
#4793 = CARTESIAN_POINT('',(20.857264010757,-0.945199128925,
    24.645151060606));
#4794 = CARTESIAN_POINT('',(20.857348649309,-0.997029635473,
    24.649999999999));
#4795 = CARTESIAN_POINT('',(20.857348649309,-1.046967007178,24.65));
#4796 = ORIENTED_EDGE('',*,*,#4439,.F.);
#4797 = ORIENTED_EDGE('',*,*,#4309,.F.);
#4798 = B_SPLINE_SURFACE_WITH_KNOTS('',1,1,(
    (#4799,#4800)
    ,(#4801,#4802
    )),.UNSPECIFIED.,.F.,.F.,.F.,(2,2),(2,2),(0.,1.8),(0.,1.),
  .PIECEWISE_BEZIER_KNOTS.);
#4799 = CARTESIAN_POINT('',(20.75,-0.35,18.5));
#4800 = CARTESIAN_POINT('',(20.857348649309,-0.457348649309,24.65));
#4801 = CARTESIAN_POINT('',(20.75,-2.15,18.5));
#4802 = CARTESIAN_POINT('',(20.857348649309,-2.042651350691,24.65));
#4803 = ADVANCED_FACE('',(#4804),#4817,.F.);
#4804 = FACE_BOUND('',#4805,.F.);
#4805 = EDGE_LOOP('',(#4806,#4807,#4815,#4816));
#4806 = ORIENTED_EDGE('',*,*,#4729,.T.);
#4807 = ORIENTED_EDGE('',*,*,#4808,.T.);
#4808 = EDGE_CURVE('',#4730,#4393,#4809,.T.);
#4809 = B_SPLINE_CURVE_WITH_KNOTS('',2,(#4810,#4811,#4812,#4813,#4814),
  .UNSPECIFIED.,.F.,.F.,(3,1,1,3),(-0.364350784549,-1.029025922445E-02,
    5.795592960607,6.149653485932),.UNSPECIFIED.);
#4810 = CARTESIAN_POINT('',(20.492997864759,-1.453032992822,24.65));
#4811 = CARTESIAN_POINT('',(20.670028127422,-1.453032992822,24.65));
#4812 = CARTESIAN_POINT('',(23.75,-1.453032992822,24.65));
#4813 = CARTESIAN_POINT('',(26.829971872578,-1.453032992822,24.65));
#4814 = CARTESIAN_POINT('',(27.007002135241,-1.453032992822,24.65));
#4815 = ORIENTED_EDGE('',*,*,#4400,.F.);
#4816 = ORIENTED_EDGE('',*,*,#4330,.F.);
#4817 = ( BOUNDED_SURFACE() B_SPLINE_SURFACE(2,2,(
    (#4818,#4819,#4820,#4821,#4822)
    ,(#4823,#4824,#4825,#4826,#4827)
    ,(#4828,#4829,#4830,#4831,#4832
)),.UNSPECIFIED.,.F.,.F.,.F.) B_SPLINE_SURFACE_WITH_KNOTS((3,3),(3,1,1,3
    ),(0.,5.805883219832),(-0.364350784549,-1.029025922445E-02,
    5.795592960607,6.149653485932),.UNSPECIFIED.) 
GEOMETRIC_REPRESENTATION_ITEM() RATIONAL_B_SPLINE_SURFACE((
    (1.,1.,1.,1.,1.)
    ,(0.713250449154,0.713250449154,0.713250449154,0.713250449154
      ,0.713250449154)
,(1.,1.,1.,1.,1.))) REPRESENTATION_ITEM('') SURFACE() );
#4818 = CARTESIAN_POINT('',(20.492997864759,-2.052941609916,
    24.060471443862));
#4819 = CARTESIAN_POINT('',(20.670028127422,-2.052941609916,
    24.060471443862));
#4820 = CARTESIAN_POINT('',(23.75,-2.052941609916,24.060471443862));
#4821 = CARTESIAN_POINT('',(26.829971872578,-2.052941609916,
    24.060471443862));
#4822 = CARTESIAN_POINT('',(27.007002135241,-2.052941609916,
    24.060471443862));
#4823 = CARTESIAN_POINT('',(20.492997864759,-2.042651350691,24.65));
#4824 = CARTESIAN_POINT('',(20.670028127422,-2.042651350691,24.65));
#4825 = CARTESIAN_POINT('',(23.75,-2.042651350691,24.65));
#4826 = CARTESIAN_POINT('',(26.829971872578,-2.042651350691,24.65));
#4827 = CARTESIAN_POINT('',(27.007002135241,-2.042651350691,24.65));
#4828 = CARTESIAN_POINT('',(20.492997864759,-1.453032992822,24.65));
#4829 = CARTESIAN_POINT('',(20.670028127422,-1.453032992822,24.65));
#4830 = CARTESIAN_POINT('',(23.75,-1.453032992822,24.65));
#4831 = CARTESIAN_POINT('',(26.829971872578,-1.453032992822,24.65));
#4832 = CARTESIAN_POINT('',(27.007002135241,-1.453032992822,24.65));
#4833 = ADVANCED_FACE('',(#4834),#4847,.F.);
#4834 = FACE_BOUND('',#4835,.F.);
#4835 = EDGE_LOOP('',(#4836,#4837,#4845,#4846));
#4836 = ORIENTED_EDGE('',*,*,#4361,.T.);
#4837 = ORIENTED_EDGE('',*,*,#4838,.T.);
#4838 = EDGE_CURVE('',#4362,#4761,#4839,.T.);
#4839 = B_SPLINE_CURVE_WITH_KNOTS('',2,(#4840,#4841,#4842,#4843,#4844),
  .UNSPECIFIED.,.F.,.F.,(3,1,1,3),(-0.364350784549,-1.029025922435E-02,
    5.795592960607,6.149653485932),.UNSPECIFIED.);
#4840 = CARTESIAN_POINT('',(27.007002135241,-1.046967007178,24.65));
#4841 = CARTESIAN_POINT('',(26.829971872578,-1.046967007178,24.65));
#4842 = CARTESIAN_POINT('',(23.75,-1.046967007178,24.65));
#4843 = CARTESIAN_POINT('',(20.670028127422,-1.046967007178,24.65));
#4844 = CARTESIAN_POINT('',(20.492997864759,-1.046967007178,24.65));
#4845 = ORIENTED_EDGE('',*,*,#4768,.F.);
#4846 = ORIENTED_EDGE('',*,*,#4446,.F.);
#4847 = ( BOUNDED_SURFACE() B_SPLINE_SURFACE(2,2,(
    (#4848,#4849,#4850,#4851,#4852)
    ,(#4853,#4854,#4855,#4856,#4857)
    ,(#4858,#4859,#4860,#4861,#4862
)),.UNSPECIFIED.,.F.,.F.,.F.) B_SPLINE_SURFACE_WITH_KNOTS((3,3),(3,1,1,3
    ),(0.,5.805883219832),(-0.364350784549,-1.029025922435E-02,
    5.795592960607,6.149653485932),.UNSPECIFIED.) 
GEOMETRIC_REPRESENTATION_ITEM() RATIONAL_B_SPLINE_SURFACE((
    (1.,1.,1.,1.,1.)
    ,(0.713250449154,0.713250449154,0.713250449154,0.713250449154
      ,0.713250449154)
,(1.,1.,1.,1.,1.))) REPRESENTATION_ITEM('') SURFACE() );
#4848 = CARTESIAN_POINT('',(27.007002135241,-0.447058390084,
    24.060471443862));
#4849 = CARTESIAN_POINT('',(26.829971872578,-0.447058390084,
    24.060471443862));
#4850 = CARTESIAN_POINT('',(23.75,-0.447058390084,24.060471443862));
#4851 = CARTESIAN_POINT('',(20.670028127422,-0.447058390084,
    24.060471443862));
#4852 = CARTESIAN_POINT('',(20.492997864759,-0.447058390084,
    24.060471443862));
#4853 = CARTESIAN_POINT('',(27.007002135241,-0.457348649309,24.65));
#4854 = CARTESIAN_POINT('',(26.829971872578,-0.457348649309,24.65));
#4855 = CARTESIAN_POINT('',(23.75,-0.457348649309,24.65));
#4856 = CARTESIAN_POINT('',(20.670028127422,-0.457348649309,24.65));
#4857 = CARTESIAN_POINT('',(20.492997864759,-0.457348649309,24.65));
#4858 = CARTESIAN_POINT('',(27.007002135241,-1.046967007178,24.65));
#4859 = CARTESIAN_POINT('',(26.829971872578,-1.046967007178,24.65));
#4860 = CARTESIAN_POINT('',(23.75,-1.046967007178,24.65));
#4861 = CARTESIAN_POINT('',(20.670028127422,-1.046967007178,24.65));
#4862 = CARTESIAN_POINT('',(20.492997864759,-1.046967007178,24.65));
#4863 = ADVANCED_FACE('',(#4864),#4870,.F.);
#4864 = FACE_BOUND('',#4865,.F.);
#4865 = EDGE_LOOP('',(#4866,#4867,#4868,#4869));
#4866 = ORIENTED_EDGE('',*,*,#4760,.F.);
#4867 = ORIENTED_EDGE('',*,*,#4838,.F.);
#4868 = ORIENTED_EDGE('',*,*,#4392,.F.);
#4869 = ORIENTED_EDGE('',*,*,#4808,.F.);
#4870 = PLANE('',#4871);
#4871 = AXIS2_PLACEMENT_3D('',#4872,#4873,#4874);
#4872 = CARTESIAN_POINT('',(20.857348649309,-0.457348649309,24.65));
#4873 = DIRECTION('',(0.,0.,-1.));
#4874 = DIRECTION('',(0.964446039237,-0.264279846753,0.));
#4875 = ADVANCED_FACE('',(#4876),#4879,.F.);
#4876 = FACE_BOUND('',#4877,.F.);
#4877 = EDGE_LOOP('',(#4878));
#4878 = ORIENTED_EDGE('',*,*,#4519,.F.);
#4879 = PLANE('',#4880);
#4880 = AXIS2_PLACEMENT_3D('',#4881,#4882,#4883);
#4881 = CARTESIAN_POINT('',(4.883714759069E-16,-0.35,-2.9));
#4882 = DIRECTION('',(0.,0.,1.));
#4883 = DIRECTION('',(1.,0.,0.));
#4884 = ADVANCED_FACE('',(#4885),#4888,.F.);
#4885 = FACE_BOUND('',#4886,.F.);
#4886 = EDGE_LOOP('',(#4887));
#4887 = ORIENTED_EDGE('',*,*,#4562,.F.);
#4888 = PLANE('',#4889);
#4889 = AXIS2_PLACEMENT_3D('',#4890,#4891,#4892);
#4890 = CARTESIAN_POINT('',(4.883714759069E-16,-0.35,-2.9));
#4891 = DIRECTION('',(0.,0.,1.));
#4892 = DIRECTION('',(1.,0.,0.));
#4893 = ( GEOMETRIC_REPRESENTATION_CONTEXT(3) 
GLOBAL_UNCERTAINTY_ASSIGNED_CONTEXT((#4897)) 
GLOBAL_UNIT_ASSIGNED_CONTEXT((#4894,#4895,#4896)) REPRESENTATION_CONTEXT
('Context #1','3D Context with UNIT and UNCERTAINTY') );
#4894 = ( LENGTH_UNIT() NAMED_UNIT(*) SI_UNIT(.MILLI.,.METRE.) );
#4895 = ( NAMED_UNIT(*) PLANE_ANGLE_UNIT() SI_UNIT($,.RADIAN.) );
#4896 = ( NAMED_UNIT(*) SI_UNIT($,.STERADIAN.) SOLID_ANGLE_UNIT() );
#4897 = UNCERTAINTY_MEASURE_WITH_UNIT(LENGTH_MEASURE(2.E-05),#4894,
  'distance_accuracy_value','confusion accuracy');
#4898 = PRODUCT_RELATED_PRODUCT_CATEGORY('part',$,(#7));
#4899 = MECHANICAL_DESIGN_GEOMETRIC_PRESENTATION_REPRESENTATION('',(
    #4900),#4893);
#4900 = STYLED_ITEM('color',(#4901),#15);
#4901 = PRESENTATION_STYLE_ASSIGNMENT((#4902,#4908));
#4902 = SURFACE_STYLE_USAGE(.BOTH.,#4903);
#4903 = SURFACE_SIDE_STYLE('',(#4904));
#4904 = SURFACE_STYLE_FILL_AREA(#4905);
#4905 = FILL_AREA_STYLE('',(#4906));
#4906 = FILL_AREA_STYLE_COLOUR('',#4907);
#4907 = COLOUR_RGB('',0.447058818107,0.474509808674,0.501960817233);
#4908 = CURVE_STYLE('',#4909,POSITIVE_LENGTH_MEASURE(0.1),#4910);
#4909 = DRAUGHTING_PRE_DEFINED_CURVE_FONT('continuous');
#4910 = COLOUR_RGB('',9.803921802644E-02,9.803921802644E-02,
  9.803921802644E-02);
ENDSEC;
END-ISO-10303-21;
