ISO-10303-21;
HEADER;
FILE_DESCRIPTION(('FreeCAD Model'),'2;1');
FILE_NAME('Open CASCADE Shape Model','2026-09-28T22:39:09',(''),(''),
  'Open CASCADE STEP processor 7.8','FreeCAD','Unknown');
FILE_SCHEMA(('AUTOMOTIVE_DESIGN { 1 0 10303 214 1 1 1 1 }'));
ENDSEC;
DATA;
#1 = APPLICATION_PROTOCOL_DEFINITION('international standard',
  'automotive_design',2000,#2);
#2 = APPLICATION_CONTEXT(
  'core data for automotive mechanical design processes');
#3 = SHAPE_DEFINITION_REPRESENTATION(#4,#10);
#4 = PRODUCT_DEFINITION_SHAPE('','',#5);
#5 = PRODUCT_DEFINITION('design','',#6,#9);
#6 = PRODUCT_DEFINITION_FORMATION('','',#7);
#7 = PRODUCT('Body','Body','',(#8));
#8 = PRODUCT_CONTEXT('',#2,'mechanical');
#9 = PRODUCT_DEFINITION_CONTEXT('part definition',#2,'design');
#10 = ADVANCED_BREP_SHAPE_REPRESENTATION('',(#11,#15),#11375);
#11 = AXIS2_PLACEMENT_3D('',#12,#13,#14);
#12 = CARTESIAN_POINT('',(0.,0.,0.));
#13 = DIRECTION('',(0.,0.,1.));
#14 = DIRECTION('',(1.,0.,-0.));
#15 = MANIFOLD_SOLID_BREP('',#16);
#16 = CLOSED_SHELL('',(#17,#59,#2786,#2830,#2861,#2905,#2936,#2961,#2978
    ,#3002,#3027,#3051,#3075,#3099,#3124,#3149,#3173,#3197,#3222,#3247,
    #3270,#3294,#3327,#3352,#3382,#3406,#3424,#3456,#3480,#3505,#3522,
    #3553,#3577,#3601,#3625,#3649,#3673,#3697,#3721,#3745,#3769,#3793,
    #3810,#3841,#3865,#3889,#3906,#3937,#3961,#3985,#4002,#4033,#4057,
    #4081,#4098,#4129,#4153,#4177,#4194,#4225,#4249,#4273,#4290,#4321,
    #4345,#4369,#4386,#4417,#4441,#4465,#4482,#4513,#4537,#4561,#4578,
    #4609,#4633,#4657,#4674,#4705,#4729,#4753,#4770,#4801,#4825,#4849,
    #4866,#4897,#4921,#4945,#4962,#4993,#5017,#5041,#5058,#5089,#5113,
    #5137,#5154,#5185,#5209,#5233,#5250,#5281,#5305,#5329,#5346,#5377,
    #5401,#5425,#5442,#5473,#5497,#5521,#5538,#5569,#5593,#5617,#5634,
    #5665,#5689,#5713,#5730,#5761,#5785,#5809,#5826,#5857,#5881,#5905,
    #5922,#5953,#5977,#6001,#6018,#6049,#6073,#6097,#6114,#6146,#6170,
    #6195,#6212,#6243,#6267,#6291,#6308,#6339,#6363,#6387,#6404,#6435,
    #6459,#6483,#6500,#6531,#6555,#6579,#6596,#6627,#6651,#6675,#6692,
    #6723,#6747,#6771,#6788,#6819,#6843,#6867,#6891,#6915,#6939,#6963,
    #6987,#7011,#7035,#7059,#7076,#7107,#7131,#7155,#7172,#7203,#7227,
    #7251,#7268,#7299,#7323,#7347,#7364,#7395,#7419,#7443,#7460,#7491,
    #7515,#7539,#7556,#7587,#7611,#7635,#7652,#7683,#7707,#7731,#7748,
    #7779,#7803,#7827,#7844,#7875,#7899,#7923,#7940,#7971,#7995,#8019,
    #8036,#8067,#8091,#8115,#8132,#8163,#8187,#8211,#8228,#8259,#8283,
    #8307,#8324,#8355,#8379,#8403,#8420,#8451,#8475,#8499,#8516,#8547,
    #8571,#8595,#8612,#8643,#8667,#8691,#8708,#8739,#8763,#8787,#8804,
    #8835,#8859,#8883,#8900,#8931,#8955,#8979,#8996,#9027,#9051,#9075,
    #9092,#9123,#9147,#9171,#9188,#9219,#9243,#9267,#9284,#9315,#9339,
    #9363,#9380,#9411,#9435,#9459,#9476,#9507,#9531,#9555,#9572,#9603,
    #9627,#9651,#9675,#9699,#9723,#9747,#9771,#9795,#9819,#9843,#9860,
    #9885,#9916,#9940,#9964,#9981,#10006,#10031,#10056,#10087,#10111,
    #10135,#10152,#10177,#10202,#10233,#10257,#10281,#10298,#10323,
    #10354,#10378,#10402,#10419,#10444,#10469,#10500,#10524,#10548,
    #10565,#10590,#10614,#10636,#10660,#10677,#11162,#11200,#11231,
    #11269,#11281,#11298,#11322,#11346,#11363));
#17 = ADVANCED_FACE('',(#18),#54,.F.);
#18 = FACE_BOUND('',#19,.F.);
#19 = EDGE_LOOP('',(#20,#30,#39,#47));
#20 = ORIENTED_EDGE('',*,*,#21,.F.);
#21 = EDGE_CURVE('',#22,#24,#26,.T.);
#22 = VERTEX_POINT('',#23);
#23 = CARTESIAN_POINT('',(275.76112488441,1.342189319482,0.));
#24 = VERTEX_POINT('',#25);
#25 = CARTESIAN_POINT('',(52.561205795529,1.342189319482,0.));
#26 = LINE('',#27,#28);
#27 = CARTESIAN_POINT('',(52.561205795529,1.342189319482,0.));
#28 = VECTOR('',#29,1.);
#29 = DIRECTION('',(-1.,-0.,-0.));
#30 = ORIENTED_EDGE('',*,*,#31,.F.);
#31 = EDGE_CURVE('',#32,#22,#34,.T.);
#32 = VERTEX_POINT('',#33);
#33 = CARTESIAN_POINT('',(275.76112488441,4.092189319482,-2.75));
#34 = CIRCLE('',#35,2.75);
#35 = AXIS2_PLACEMENT_3D('',#36,#37,#38);
#36 = CARTESIAN_POINT('',(275.76112488441,1.342189319482,-2.75));
#37 = DIRECTION('',(1.,-0.,0.));
#38 = DIRECTION('',(0.,1.,-3.2E-16));
#39 = ORIENTED_EDGE('',*,*,#40,.F.);
#40 = EDGE_CURVE('',#41,#32,#43,.T.);
#41 = VERTEX_POINT('',#42);
#42 = CARTESIAN_POINT('',(52.561205795529,4.092189319482,-2.75));
#43 = LINE('',#44,#45);
#44 = CARTESIAN_POINT('',(52.561205795529,4.092189319482,-2.75));
#45 = VECTOR('',#46,1.);
#46 = DIRECTION('',(1.,0.,0.));
#47 = ORIENTED_EDGE('',*,*,#48,.F.);
#48 = EDGE_CURVE('',#24,#41,#49,.T.);
#49 = CIRCLE('',#50,2.75);
#50 = AXIS2_PLACEMENT_3D('',#51,#52,#53);
#51 = CARTESIAN_POINT('',(52.561205795529,1.342189319482,-2.75));
#52 = DIRECTION('',(-1.,0.,0.));
#53 = DIRECTION('',(0.,-4.8E-16,1.));
#54 = CYLINDRICAL_SURFACE('',#55,2.75);
#55 = AXIS2_PLACEMENT_3D('',#56,#57,#58);
#56 = CARTESIAN_POINT('',(52.561205795529,1.342189319482,-2.75));
#57 = DIRECTION('',(-1.,-0.,-0.));
#58 = DIRECTION('',(0.,0.,-1.));
#59 = ADVANCED_FACE('',(#60,#231,#267,#365,#399,#433,#467,#501,#535,#569
    ,#603,#637,#671,#705,#739,#773,#807,#841,#875,#909,#943,#977,#1011,
    #1045,#1079,#1113,#1147,#1181,#1217,#1251,#1285,#1319,#1353,#1387,
    #1421,#1519,#1553,#1587,#1621,#1655,#1689,#1723,#1757,#1791,#1825,
    #1859,#1893,#1927,#1961,#1995,#2029,#2063,#2097,#2131,#2165,#2199,
    #2233,#2267,#2301,#2335,#2369,#2403,#2501,#2512,#2546,#2557,#2568,
    #2579,#2613,#2624,#2635,#2669,#2680,#2714,#2725,#2736,#2770),#2781,
  .F.);
#60 = FACE_BOUND('',#61,.F.);
#61 = EDGE_LOOP('',(#62,#72,#81,#88,#97,#104,#113,#120,#129,#137,#145,
    #153,#162,#169,#178,#185,#194,#201,#210,#218,#224,#225));
#62 = ORIENTED_EDGE('',*,*,#63,.F.);
#63 = EDGE_CURVE('',#64,#66,#68,.T.);
#64 = VERTEX_POINT('',#65);
#65 = CARTESIAN_POINT('',(2.561205795529,1.092189319482,0.));
#66 = VERTEX_POINT('',#67);
#67 = CARTESIAN_POINT('',(52.561205795529,1.092189319482,0.));
#68 = LINE('',#69,#70);
#69 = CARTESIAN_POINT('',(2.561205795529,1.092189319482,0.));
#70 = VECTOR('',#71,1.);
#71 = DIRECTION('',(1.,0.,0.));
#72 = ORIENTED_EDGE('',*,*,#73,.T.);
#73 = EDGE_CURVE('',#64,#74,#76,.T.);
#74 = VERTEX_POINT('',#75);
#75 = CARTESIAN_POINT('',(-0.43879098225,-1.907807458297,0.));
#76 = CIRCLE('',#77,2.999996777778);
#77 = AXIS2_PLACEMENT_3D('',#78,#79,#80);
#78 = CARTESIAN_POINT('',(2.561205795529,-1.907807458297,0.));
#79 = DIRECTION('',(0.,0.,1.));
#80 = DIRECTION('',(1.,0.,0.));
#81 = ORIENTED_EDGE('',*,*,#82,.T.);
#82 = EDGE_CURVE('',#74,#83,#85,.T.);
#83 = VERTEX_POINT('',#84);
#84 = CARTESIAN_POINT('',(-0.43879098225,-108.2977798885,0.));
#85 = B_SPLINE_CURVE_WITH_KNOTS('',1,(#86,#87),.UNSPECIFIED.,.F.,.F.,(2,
    2),(0.,301.57795),.PIECEWISE_BEZIER_KNOTS.);
#86 = CARTESIAN_POINT('',(-0.43879098225,-1.907807458297,0.));
#87 = CARTESIAN_POINT('',(-0.43879098225,-108.2977798885,0.));
#88 = ORIENTED_EDGE('',*,*,#89,.T.);
#89 = EDGE_CURVE('',#83,#90,#92,.T.);
#90 = VERTEX_POINT('',#91);
#91 = CARTESIAN_POINT('',(2.561205795529,-111.2977801941,0.));
#92 = CIRCLE('',#93,3.000000305557);
#93 = AXIS2_PLACEMENT_3D('',#94,#95,#96);
#94 = CARTESIAN_POINT('',(2.561209323308,-108.2977798885,0.));
#95 = DIRECTION('',(0.,0.,1.));
#96 = DIRECTION('',(1.,0.,0.));
#97 = ORIENTED_EDGE('',*,*,#98,.T.);
#98 = EDGE_CURVE('',#90,#99,#101,.T.);
#99 = VERTEX_POINT('',#100);
#100 = CARTESIAN_POINT('',(59.585990706001,-111.2977801941,0.));
#101 = B_SPLINE_CURVE_WITH_KNOTS('',1,(#102,#103),.UNSPECIFIED.,.F.,.F.,
  (2,2),(0.,161.6451),.PIECEWISE_BEZIER_KNOTS.);
#102 = CARTESIAN_POINT('',(2.561205795529,-111.2977801941,0.));
#103 = CARTESIAN_POINT('',(59.585990705996,-111.2977801941,0.));
#104 = ORIENTED_EDGE('',*,*,#105,.F.);
#105 = EDGE_CURVE('',#106,#99,#108,.T.);
#106 = VERTEX_POINT('',#107);
#107 = CARTESIAN_POINT('',(61.707292342342,-112.1764823911,0.));
#108 = CIRCLE('',#109,2.999900422119);
#109 = AXIS2_PLACEMENT_3D('',#110,#111,#112);
#110 = CARTESIAN_POINT('',(59.585990706005,-114.2976806162,0.));
#111 = DIRECTION('',(0.,0.,1.));
#112 = DIRECTION('',(1.,0.,0.));
#113 = ORIENTED_EDGE('',*,*,#114,.T.);
#114 = EDGE_CURVE('',#106,#115,#117,.T.);
#115 = VERTEX_POINT('',#116);
#116 = CARTESIAN_POINT('',(78.60988745002,-129.0790774988,0.));
#117 = B_SPLINE_CURVE_WITH_KNOTS('',1,(#118,#119),.UNSPECIFIED.,.F.,.F.,
  (2,2),(0.,67.759044708355),.PIECEWISE_BEZIER_KNOTS.);
#118 = CARTESIAN_POINT('',(61.707292342337,-112.1764823911,0.));
#119 = CARTESIAN_POINT('',(78.60988745002,-129.0790774988,0.));
#120 = ORIENTED_EDGE('',*,*,#121,.T.);
#121 = EDGE_CURVE('',#115,#122,#124,.T.);
#122 = VERTEX_POINT('',#123);
#123 = CARTESIAN_POINT('',(80.731189086361,-129.957776168,0.));
#124 = CIRCLE('',#125,2.999908938258);
#125 = AXIS2_PLACEMENT_3D('',#126,#127,#128);
#126 = CARTESIAN_POINT('',(80.731189086361,-126.9578672297,0.));
#127 = DIRECTION('',(0.,0.,1.));
#128 = DIRECTION('',(1.,0.,0.));
#129 = ORIENTED_EDGE('',*,*,#130,.F.);
#130 = EDGE_CURVE('',#131,#122,#133,.T.);
#131 = VERTEX_POINT('',#132);
#132 = CARTESIAN_POINT('',(80.731189086361,-130.207776168,1.E-15));
#133 = LINE('',#134,#135);
#134 = CARTESIAN_POINT('',(80.731189086361,-138.957776168,0.));
#135 = VECTOR('',#136,1.);
#136 = DIRECTION('',(0.,1.,0.));
#137 = ORIENTED_EDGE('',*,*,#138,.T.);
#138 = EDGE_CURVE('',#131,#139,#141,.T.);
#139 = VERTEX_POINT('',#140);
#140 = CARTESIAN_POINT('',(248.30114549941,-130.207776168,2.E-15));
#141 = LINE('',#142,#143);
#142 = CARTESIAN_POINT('',(80.731189086361,-130.207776168,0.));
#143 = VECTOR('',#144,1.);
#144 = DIRECTION('',(1.,0.,0.));
#145 = ORIENTED_EDGE('',*,*,#146,.F.);
#146 = EDGE_CURVE('',#147,#139,#149,.T.);
#147 = VERTEX_POINT('',#148);
#148 = CARTESIAN_POINT('',(248.30114549941,-129.957776168,0.));
#149 = LINE('',#150,#151);
#150 = CARTESIAN_POINT('',(248.30114549941,-129.957776168,0.));
#151 = VECTOR('',#152,1.);
#152 = DIRECTION('',(0.,-1.,0.));
#153 = ORIENTED_EDGE('',*,*,#154,.T.);
#154 = EDGE_CURVE('',#147,#155,#157,.T.);
#155 = VERTEX_POINT('',#156);
#156 = CARTESIAN_POINT('',(250.42244360798,-129.0790774988,0.));
#157 = CIRCLE('',#158,2.999900421718);
#158 = AXIS2_PLACEMENT_3D('',#159,#160,#161);
#159 = CARTESIAN_POINT('',(248.30114549941,-126.9578757463,0.));
#160 = DIRECTION('',(0.,0.,1.));
#161 = DIRECTION('',(1.,0.,0.));
#162 = ORIENTED_EDGE('',*,*,#163,.T.);
#163 = EDGE_CURVE('',#155,#164,#166,.T.);
#164 = VERTEX_POINT('',#165);
#165 = CARTESIAN_POINT('',(267.32503871568,-112.1764823911,0.));
#166 = B_SPLINE_CURVE_WITH_KNOTS('',1,(#167,#168),.UNSPECIFIED.,.F.,.F.,
  (2,2),(0.,67.759044708355),.PIECEWISE_BEZIER_KNOTS.);
#167 = CARTESIAN_POINT('',(250.42244360798,-129.0790774988,0.));
#168 = CARTESIAN_POINT('',(267.32503871566,-112.1764823911,0.));
#169 = ORIENTED_EDGE('',*,*,#170,.F.);
#170 = EDGE_CURVE('',#171,#164,#173,.T.);
#171 = VERTEX_POINT('',#172);
#172 = CARTESIAN_POINT('',(269.44634035202,-111.2977801941,0.));
#173 = CIRCLE('',#174,2.999900422117);
#174 = AXIS2_PLACEMENT_3D('',#175,#176,#177);
#175 = CARTESIAN_POINT('',(269.44634035203,-114.2976806162,0.));
#176 = DIRECTION('',(0.,0.,1.));
#177 = DIRECTION('',(1.,0.,0.));
#178 = ORIENTED_EDGE('',*,*,#179,.T.);
#179 = EDGE_CURVE('',#171,#180,#182,.T.);
#180 = VERTEX_POINT('',#181);
#181 = CARTESIAN_POINT('',(325.76112488441,-111.2977801941,0.));
#182 = B_SPLINE_CURVE_WITH_KNOTS('',1,(#183,#184),.UNSPECIFIED.,.F.,.F.,
  (2,2),(0.,159.6325),.PIECEWISE_BEZIER_KNOTS.);
#183 = CARTESIAN_POINT('',(269.446340352,-111.2977801941,0.));
#184 = CARTESIAN_POINT('',(325.76112488441,-111.2977801941,0.));
#185 = ORIENTED_EDGE('',*,*,#186,.T.);
#186 = EDGE_CURVE('',#180,#187,#189,.T.);
#187 = VERTEX_POINT('',#188);
#188 = CARTESIAN_POINT('',(328.76112518997,-108.2977798885,0.));
#189 = CIRCLE('',#190,3.000000305555);
#190 = AXIS2_PLACEMENT_3D('',#191,#192,#193);
#191 = CARTESIAN_POINT('',(325.76112488441,-108.2977798885,0.));
#192 = DIRECTION('',(0.,0.,1.));
#193 = DIRECTION('',(1.,0.,0.));
#194 = ORIENTED_EDGE('',*,*,#195,.F.);
#195 = EDGE_CURVE('',#196,#187,#198,.T.);
#196 = VERTEX_POINT('',#197);
#197 = CARTESIAN_POINT('',(328.76112518997,-1.907807458297,0.));
#198 = B_SPLINE_CURVE_WITH_KNOTS('',1,(#199,#200),.UNSPECIFIED.,.F.,.F.,
  (2,2),(0.,301.57795),.PIECEWISE_BEZIER_KNOTS.);
#199 = CARTESIAN_POINT('',(328.76112518997,-1.907807458297,0.));
#200 = CARTESIAN_POINT('',(328.76112518997,-108.2977798885,0.));
#201 = ORIENTED_EDGE('',*,*,#202,.T.);
#202 = EDGE_CURVE('',#196,#203,#205,.T.);
#203 = VERTEX_POINT('',#204);
#204 = CARTESIAN_POINT('',(325.76112488441,1.092189319482,0.));
#205 = CIRCLE('',#206,2.99999677778);
#206 = AXIS2_PLACEMENT_3D('',#207,#208,#209);
#207 = CARTESIAN_POINT('',(325.76112841219,-1.907807458297,0.));
#208 = DIRECTION('',(0.,0.,1.));
#209 = DIRECTION('',(1.,0.,0.));
#210 = ORIENTED_EDGE('',*,*,#211,.T.);
#211 = EDGE_CURVE('',#203,#212,#214,.T.);
#212 = VERTEX_POINT('',#213);
#213 = CARTESIAN_POINT('',(275.76112488441,1.092189319482,0.));
#214 = LINE('',#215,#216);
#215 = CARTESIAN_POINT('',(325.76112488441,1.092189319482,0.));
#216 = VECTOR('',#217,1.);
#217 = DIRECTION('',(-1.,-1.E-17,0.));
#218 = ORIENTED_EDGE('',*,*,#219,.F.);
#219 = EDGE_CURVE('',#22,#212,#220,.T.);
#220 = LINE('',#221,#222);
#221 = CARTESIAN_POINT('',(275.76112488441,10.092189319482,0.));
#222 = VECTOR('',#223,1.);
#223 = DIRECTION('',(0.,-1.,0.));
#224 = ORIENTED_EDGE('',*,*,#21,.T.);
#225 = ORIENTED_EDGE('',*,*,#226,.F.);
#226 = EDGE_CURVE('',#66,#24,#227,.T.);
#227 = LINE('',#228,#229);
#228 = CARTESIAN_POINT('',(52.561205795529,1.092189319482,0.));
#229 = VECTOR('',#230,1.);
#230 = DIRECTION('',(0.,1.,0.));
#231 = FACE_BOUND('',#232,.F.);
#232 = EDGE_LOOP('',(#233,#244,#252,#261));
#233 = ORIENTED_EDGE('',*,*,#234,.F.);
#234 = EDGE_CURVE('',#235,#237,#239,.T.);
#235 = VERTEX_POINT('',#236);
#236 = CARTESIAN_POINT('',(13.717446774503,-97.55778400275,0.));
#237 = VERTEX_POINT('',#238);
#238 = CARTESIAN_POINT('',(13.717446774407,-101.4577840027,0.));
#239 = CIRCLE('',#240,1.949999999982);
#240 = AXIS2_PLACEMENT_3D('',#241,#242,#243);
#241 = CARTESIAN_POINT('',(13.717446774503,-99.50778400274,0.));
#242 = DIRECTION('',(0.,0.,1.));
#243 = DIRECTION('',(1.,0.,0.));
#244 = ORIENTED_EDGE('',*,*,#245,.T.);
#245 = EDGE_CURVE('',#235,#246,#248,.T.);
#246 = VERTEX_POINT('',#247);
#247 = CARTESIAN_POINT('',(14.71744677454,-97.55778400275,0.));
#248 = LINE('',#249,#250);
#249 = CARTESIAN_POINT('',(88.945597703636,-97.55778400275,0.));
#250 = VECTOR('',#251,1.);
#251 = DIRECTION('',(1.,0.,0.));
#252 = ORIENTED_EDGE('',*,*,#253,.F.);
#253 = EDGE_CURVE('',#254,#246,#256,.T.);
#254 = VERTEX_POINT('',#255);
#255 = CARTESIAN_POINT('',(14.717446774473,-101.4577840027,0.));
#256 = CIRCLE('',#257,1.949999999982);
#257 = AXIS2_PLACEMENT_3D('',#258,#259,#260);
#258 = CARTESIAN_POINT('',(14.71744677454,-99.50778400274,0.));
#259 = DIRECTION('',(0.,0.,1.));
#260 = DIRECTION('',(1.,0.,0.));
#261 = ORIENTED_EDGE('',*,*,#262,.F.);
#262 = EDGE_CURVE('',#237,#254,#263,.T.);
#263 = LINE('',#264,#265);
#264 = CARTESIAN_POINT('',(88.945597703586,-101.4577840027,0.));
#265 = VECTOR('',#266,1.);
#266 = DIRECTION('',(1.,-1.136868377141E-13,0.));
#267 = FACE_BOUND('',#268,.F.);
#268 = EDGE_LOOP('',(#269,#279,#287,#295,#303,#311,#319,#327,#335,#343,
    #351,#359));
#269 = ORIENTED_EDGE('',*,*,#270,.T.);
#270 = EDGE_CURVE('',#271,#273,#275,.T.);
#271 = VERTEX_POINT('',#272);
#272 = CARTESIAN_POINT('',(35.86744841341,-93.36098553944,0.));
#273 = VERTEX_POINT('',#274);
#274 = CARTESIAN_POINT('',(35.86744841341,-92.50778564163,0.));
#275 = LINE('',#276,#277);
#276 = CARTESIAN_POINT('',(35.86744841341,-76.56515955738,0.));
#277 = VECTOR('',#278,1.);
#278 = DIRECTION('',(0.,1.,0.));
#279 = ORIENTED_EDGE('',*,*,#280,.T.);
#280 = EDGE_CURVE('',#273,#281,#283,.T.);
#281 = VERTEX_POINT('',#282);
#282 = CARTESIAN_POINT('',(49.867445135633,-92.50778564163,0.));
#283 = LINE('',#284,#285);
#284 = CARTESIAN_POINT('',(100.02059852309,-92.50778564163,0.));
#285 = VECTOR('',#286,1.);
#286 = DIRECTION('',(1.,0.,0.));
#287 = ORIENTED_EDGE('',*,*,#288,.T.);
#288 = EDGE_CURVE('',#281,#289,#291,.T.);
#289 = VERTEX_POINT('',#290);
#290 = CARTESIAN_POINT('',(49.867445135633,-93.36098553944,0.));
#291 = LINE('',#292,#293);
#292 = CARTESIAN_POINT('',(49.867445135633,-76.13855960847,0.));
#293 = VECTOR('',#294,1.);
#294 = DIRECTION('',(0.,-1.,0.));
#295 = ORIENTED_EDGE('',*,*,#296,.T.);
#296 = EDGE_CURVE('',#289,#297,#299,.T.);
#297 = VERTEX_POINT('',#298);
#298 = CARTESIAN_POINT('',(58.135442929744,-93.36098553944,0.));
#299 = LINE('',#300,#301);
#300 = CARTESIAN_POINT('',(107.0205968842,-93.36098553944,0.));
#301 = VECTOR('',#302,1.);
#302 = DIRECTION('',(1.,0.,0.));
#303 = ORIENTED_EDGE('',*,*,#304,.T.);
#304 = EDGE_CURVE('',#297,#305,#307,.T.);
#305 = VERTEX_POINT('',#306);
#306 = CARTESIAN_POINT('',(58.135442929744,-105.654582466,0.));
#307 = LINE('',#308,#309);
#308 = CARTESIAN_POINT('',(58.135442929744,-76.56515955738,0.));
#309 = VECTOR('',#310,1.);
#310 = DIRECTION('',(0.,-1.,0.));
#311 = ORIENTED_EDGE('',*,*,#312,.T.);
#312 = EDGE_CURVE('',#305,#313,#315,.T.);
#313 = VERTEX_POINT('',#314);
#314 = CARTESIAN_POINT('',(49.867445135633,-105.654582466,0.));
#315 = LINE('',#316,#317);
#316 = CARTESIAN_POINT('',(111.15459578125,-105.654582466,0.));
#317 = VECTOR('',#318,1.);
#318 = DIRECTION('',(-1.,0.,0.));
#319 = ORIENTED_EDGE('',*,*,#320,.T.);
#320 = EDGE_CURVE('',#313,#321,#323,.T.);
#321 = VERTEX_POINT('',#322);
#322 = CARTESIAN_POINT('',(49.867445135633,-106.5077823638,0.));
#323 = LINE('',#324,#325);
#324 = CARTESIAN_POINT('',(49.867445135632,-82.71195802068,0.));
#325 = VECTOR('',#326,1.);
#326 = DIRECTION('',(1.666E-14,-1.,0.));
#327 = ORIENTED_EDGE('',*,*,#328,.T.);
#328 = EDGE_CURVE('',#321,#329,#331,.T.);
#329 = VERTEX_POINT('',#330);
#330 = CARTESIAN_POINT('',(35.86744841341,-106.5077823638,0.));
#331 = LINE('',#332,#333);
#332 = CARTESIAN_POINT('',(107.0205968842,-106.5077823638,0.));
#333 = VECTOR('',#334,1.);
#334 = DIRECTION('',(-1.,1.02E-15,0.));
#335 = ORIENTED_EDGE('',*,*,#336,.T.);
#336 = EDGE_CURVE('',#329,#337,#339,.T.);
#337 = VERTEX_POINT('',#338);
#338 = CARTESIAN_POINT('',(35.86744841341,-105.654582466,0.));
#339 = LINE('',#340,#341);
#340 = CARTESIAN_POINT('',(35.86744841341,-83.13855796958,0.));
#341 = VECTOR('',#342,1.);
#342 = DIRECTION('',(0.,1.,0.));
#343 = ORIENTED_EDGE('',*,*,#344,.T.);
#344 = EDGE_CURVE('',#337,#345,#347,.T.);
#345 = VERTEX_POINT('',#346);
#346 = CARTESIAN_POINT('',(27.599450619299,-105.654582466,0.));
#347 = LINE('',#348,#349);
#348 = CARTESIAN_POINT('',(100.02059852309,-105.654582466,0.));
#349 = VECTOR('',#350,1.);
#350 = DIRECTION('',(-1.,-1.72E-15,0.));
#351 = ORIENTED_EDGE('',*,*,#352,.T.);
#352 = EDGE_CURVE('',#345,#353,#355,.T.);
#353 = VERTEX_POINT('',#354);
#354 = CARTESIAN_POINT('',(27.599450619299,-93.36098553944,0.));
#355 = LINE('',#356,#357);
#356 = CARTESIAN_POINT('',(27.599450619299,-82.71195802068,0.));
#357 = VECTOR('',#358,1.);
#358 = DIRECTION('',(2.9E-16,1.,0.));
#359 = ORIENTED_EDGE('',*,*,#360,.T.);
#360 = EDGE_CURVE('',#353,#271,#361,.T.);
#361 = LINE('',#362,#363);
#362 = CARTESIAN_POINT('',(95.886599626034,-93.36098553944,0.));
#363 = VECTOR('',#364,1.);
#364 = DIRECTION('',(1.,0.,0.));
#365 = FACE_BOUND('',#366,.F.);
#366 = EDGE_LOOP('',(#367,#377,#385,#393));
#367 = ORIENTED_EDGE('',*,*,#368,.F.);
#368 = EDGE_CURVE('',#369,#371,#373,.T.);
#369 = VERTEX_POINT('',#370);
#370 = CARTESIAN_POINT('',(66.823690674348,-92.50778564163,0.));
#371 = VERTEX_POINT('',#372);
#372 = CARTESIAN_POINT('',(66.823690674348,-106.5077823638,0.));
#373 = LINE('',#374,#375);
#374 = CARTESIAN_POINT('',(66.823690674348,-76.13855960847,0.));
#375 = VECTOR('',#376,1.);
#376 = DIRECTION('',(0.,-1.,0.));
#377 = ORIENTED_EDGE('',*,*,#378,.F.);
#378 = EDGE_CURVE('',#379,#369,#381,.T.);
#379 = VERTEX_POINT('',#380);
#380 = CARTESIAN_POINT('',(80.82368739657,-92.50778564163,0.));
#381 = LINE('',#382,#383);
#382 = CARTESIAN_POINT('',(122.49871801467,-92.50778564163,0.));
#383 = VECTOR('',#384,1.);
#384 = DIRECTION('',(-1.,0.,0.));
#385 = ORIENTED_EDGE('',*,*,#386,.F.);
#386 = EDGE_CURVE('',#387,#379,#389,.T.);
#387 = VERTEX_POINT('',#388);
#388 = CARTESIAN_POINT('',(80.82368739657,-106.5077823638,0.));
#389 = LINE('',#390,#391);
#390 = CARTESIAN_POINT('',(80.82368739657,-83.13855796958,0.));
#391 = VECTOR('',#392,1.);
#392 = DIRECTION('',(0.,1.,0.));
#393 = ORIENTED_EDGE('',*,*,#394,.F.);
#394 = EDGE_CURVE('',#371,#387,#395,.T.);
#395 = LINE('',#396,#397);
#396 = CARTESIAN_POINT('',(115.49871965355,-106.5077823638,0.));
#397 = VECTOR('',#398,1.);
#398 = DIRECTION('',(1.,0.,0.));
#399 = FACE_BOUND('',#400,.F.);
#400 = EDGE_LOOP('',(#401,#411,#419,#427));
#401 = ORIENTED_EDGE('',*,*,#402,.F.);
#402 = EDGE_CURVE('',#403,#405,#407,.T.);
#403 = VERTEX_POINT('',#404);
#404 = CARTESIAN_POINT('',(84.683061209504,-111.5577808791,0.));
#405 = VERTEX_POINT('',#406);
#406 = CARTESIAN_POINT('',(84.683061209504,-125.5577776013,0.));
#407 = LINE('',#408,#409);
#408 = CARTESIAN_POINT('',(84.683061209504,-85.66355722722,0.));
#409 = VECTOR('',#410,1.);
#410 = DIRECTION('',(0.,-1.,0.));
#411 = ORIENTED_EDGE('',*,*,#412,.F.);
#412 = EDGE_CURVE('',#413,#403,#415,.T.);
#413 = VERTEX_POINT('',#414);
#414 = CARTESIAN_POINT('',(98.683057931726,-111.5577808791,0.));
#415 = LINE('',#416,#417);
#416 = CARTESIAN_POINT('',(131.42840328224,-111.5577808791,0.));
#417 = VECTOR('',#418,1.);
#418 = DIRECTION('',(-1.,0.,0.));
#419 = ORIENTED_EDGE('',*,*,#420,.F.);
#420 = EDGE_CURVE('',#421,#413,#423,.T.);
#421 = VERTEX_POINT('',#422);
#422 = CARTESIAN_POINT('',(98.683057931726,-125.5577776013,0.));
#423 = LINE('',#424,#425);
#424 = CARTESIAN_POINT('',(98.683057931726,-92.66355558833,0.));
#425 = VECTOR('',#426,1.);
#426 = DIRECTION('',(0.,1.,0.));
#427 = ORIENTED_EDGE('',*,*,#428,.F.);
#428 = EDGE_CURVE('',#405,#421,#429,.T.);
#429 = LINE('',#430,#431);
#430 = CARTESIAN_POINT('',(124.42840492113,-125.5577776013,0.));
#431 = VECTOR('',#432,1.);
#432 = DIRECTION('',(1.,0.,0.));
#433 = FACE_BOUND('',#434,.F.);
#434 = EDGE_LOOP('',(#435,#445,#453,#461));
#435 = ORIENTED_EDGE('',*,*,#436,.F.);
#436 = EDGE_CURVE('',#437,#439,#441,.T.);
#437 = VERTEX_POINT('',#438);
#438 = CARTESIAN_POINT('',(110.98118099608,-112.4109807769,0.));
#439 = VERTEX_POINT('',#440);
#440 = CARTESIAN_POINT('',(110.98118099608,-124.7045777035,0.));
#441 = LINE('',#442,#443);
#442 = CARTESIAN_POINT('',(110.98118099608,-86.09015717613,0.));
#443 = VECTOR('',#444,1.);
#444 = DIRECTION('',(0.,-1.,0.));
#445 = ORIENTED_EDGE('',*,*,#446,.F.);
#446 = EDGE_CURVE('',#447,#437,#449,.T.);
#447 = VERTEX_POINT('',#448);
#448 = CARTESIAN_POINT('',(117.63857930395,-112.4109807769,0.));
#449 = LINE('',#450,#451);
#450 = CARTESIAN_POINT('',(140.90616396836,-112.4109807769,0.));
#451 = VECTOR('',#452,1.);
#452 = DIRECTION('',(-1.,0.,0.));
#453 = ORIENTED_EDGE('',*,*,#454,.F.);
#454 = EDGE_CURVE('',#455,#447,#457,.T.);
#455 = VERTEX_POINT('',#456);
#456 = CARTESIAN_POINT('',(117.63857930395,-124.7045777035,0.));
#457 = LINE('',#458,#459);
#458 = CARTESIAN_POINT('',(117.63857930395,-92.23695563943,0.));
#459 = VECTOR('',#460,1.);
#460 = DIRECTION('',(0.,1.,0.));
#461 = ORIENTED_EDGE('',*,*,#462,.F.);
#462 = EDGE_CURVE('',#439,#455,#463,.T.);
#463 = LINE('',#464,#465);
#464 = CARTESIAN_POINT('',(137.57746481442,-124.7045777035,0.));
#465 = VECTOR('',#466,1.);
#466 = DIRECTION('',(1.,0.,0.));
#467 = FACE_BOUND('',#468,.F.);
#468 = EDGE_LOOP('',(#469,#479,#487,#495));
#469 = ORIENTED_EDGE('',*,*,#470,.F.);
#470 = EDGE_CURVE('',#471,#473,#475,.T.);
#471 = VERTEX_POINT('',#472);
#472 = CARTESIAN_POINT('',(85.873685911848,-92.50778564163,0.));
#473 = VERTEX_POINT('',#474);
#474 = CARTESIAN_POINT('',(85.873685911848,-106.5077823638,0.));
#475 = LINE('',#476,#477);
#476 = CARTESIAN_POINT('',(85.873685911848,-76.13855960847,0.));
#477 = VECTOR('',#478,1.);
#478 = DIRECTION('',(0.,-1.,0.));
#479 = ORIENTED_EDGE('',*,*,#480,.F.);
#480 = EDGE_CURVE('',#481,#471,#483,.T.);
#481 = VERTEX_POINT('',#482);
#482 = CARTESIAN_POINT('',(99.87368263407,-92.50778564163,0.));
#483 = LINE('',#484,#485);
#484 = CARTESIAN_POINT('',(132.02371563342,-92.50778564163,0.));
#485 = VECTOR('',#486,1.);
#486 = DIRECTION('',(-1.,0.,0.));
#487 = ORIENTED_EDGE('',*,*,#488,.F.);
#488 = EDGE_CURVE('',#489,#481,#491,.T.);
#489 = VERTEX_POINT('',#490);
#490 = CARTESIAN_POINT('',(99.87368263407,-106.5077823638,0.));
#491 = LINE('',#492,#493);
#492 = CARTESIAN_POINT('',(99.87368263407,-83.13855796958,0.));
#493 = VECTOR('',#494,1.);
#494 = DIRECTION('',(0.,1.,0.));
#495 = ORIENTED_EDGE('',*,*,#496,.F.);
#496 = EDGE_CURVE('',#473,#489,#497,.T.);
#497 = LINE('',#498,#499);
#498 = CARTESIAN_POINT('',(125.0237172723,-106.5077823638,0.));
#499 = VECTOR('',#500,1.);
#500 = DIRECTION('',(1.,0.,0.));
#501 = FACE_BOUND('',#502,.F.);
#502 = EDGE_LOOP('',(#503,#513,#521,#529));
#503 = ORIENTED_EDGE('',*,*,#504,.F.);
#504 = EDGE_CURVE('',#505,#507,#509,.T.);
#505 = VERTEX_POINT('',#506);
#506 = CARTESIAN_POINT('',(104.92368114934,-92.50778564163,0.));
#507 = VERTEX_POINT('',#508);
#508 = CARTESIAN_POINT('',(104.92368114934,-106.5077823638,0.));
#509 = LINE('',#510,#511);
#510 = CARTESIAN_POINT('',(104.92368114934,-76.13855960847,0.));
#511 = VECTOR('',#512,1.);
#512 = DIRECTION('',(0.,-1.,0.));
#513 = ORIENTED_EDGE('',*,*,#514,.F.);
#514 = EDGE_CURVE('',#515,#505,#517,.T.);
#515 = VERTEX_POINT('',#516);
#516 = CARTESIAN_POINT('',(118.92367787157,-92.50778564163,0.));
#517 = LINE('',#518,#519);
#518 = CARTESIAN_POINT('',(141.54871325217,-92.50778564163,0.));
#519 = VECTOR('',#520,1.);
#520 = DIRECTION('',(-1.,0.,0.));
#521 = ORIENTED_EDGE('',*,*,#522,.F.);
#522 = EDGE_CURVE('',#523,#515,#525,.T.);
#523 = VERTEX_POINT('',#524);
#524 = CARTESIAN_POINT('',(118.92367787157,-106.5077823638,0.));
#525 = LINE('',#526,#527);
#526 = CARTESIAN_POINT('',(118.92367787157,-83.13855796958,0.));
#527 = VECTOR('',#528,1.);
#528 = DIRECTION('',(0.,1.,0.));
#529 = ORIENTED_EDGE('',*,*,#530,.F.);
#530 = EDGE_CURVE('',#507,#523,#531,.T.);
#531 = LINE('',#532,#533);
#532 = CARTESIAN_POINT('',(134.54871489105,-106.5077823638,0.));
#533 = VECTOR('',#534,1.);
#534 = DIRECTION('',(1.,0.,0.));
#535 = FACE_BOUND('',#536,.F.);
#536 = EDGE_LOOP('',(#537,#547,#555,#563));
#537 = ORIENTED_EDGE('',*,*,#538,.F.);
#538 = EDGE_CURVE('',#539,#541,#543,.T.);
#539 = VERTEX_POINT('',#540);
#540 = CARTESIAN_POINT('',(123.97367638684,-92.50778564163,0.));
#541 = VERTEX_POINT('',#542);
#542 = CARTESIAN_POINT('',(123.97367638684,-106.5077823638,0.));
#543 = LINE('',#544,#545);
#544 = CARTESIAN_POINT('',(123.97367638684,-76.13855960847,0.));
#545 = VECTOR('',#546,1.);
#546 = DIRECTION('',(0.,-1.,0.));
#547 = ORIENTED_EDGE('',*,*,#548,.F.);
#548 = EDGE_CURVE('',#549,#539,#551,.T.);
#549 = VERTEX_POINT('',#550);
#550 = CARTESIAN_POINT('',(137.97367310907,-92.50778564163,0.));
#551 = LINE('',#552,#553);
#552 = CARTESIAN_POINT('',(151.07371087092,-92.50778564163,0.));
#553 = VECTOR('',#554,1.);
#554 = DIRECTION('',(-1.,0.,0.));
#555 = ORIENTED_EDGE('',*,*,#556,.F.);
#556 = EDGE_CURVE('',#557,#549,#559,.T.);
#557 = VERTEX_POINT('',#558);
#558 = CARTESIAN_POINT('',(137.97367310907,-106.5077823638,0.));
#559 = LINE('',#560,#561);
#560 = CARTESIAN_POINT('',(137.97367310907,-83.13855796958,0.));
#561 = VECTOR('',#562,1.);
#562 = DIRECTION('',(0.,1.,0.));
#563 = ORIENTED_EDGE('',*,*,#564,.F.);
#564 = EDGE_CURVE('',#541,#557,#565,.T.);
#565 = LINE('',#566,#567);
#566 = CARTESIAN_POINT('',(144.0737125098,-106.5077823638,0.));
#567 = VECTOR('',#568,1.);
#568 = DIRECTION('',(1.,0.,0.));
#569 = FACE_BOUND('',#570,.F.);
#570 = EDGE_LOOP('',(#571,#581,#589,#597));
#571 = ORIENTED_EDGE('',*,*,#572,.F.);
#572 = EDGE_CURVE('',#573,#575,#577,.T.);
#573 = VERTEX_POINT('',#574);
#574 = CARTESIAN_POINT('',(143.02367162434,-92.50778564163,0.));
#575 = VERTEX_POINT('',#576);
#576 = CARTESIAN_POINT('',(143.02367162434,-106.5077823638,0.));
#577 = LINE('',#578,#579);
#578 = CARTESIAN_POINT('',(143.02367162434,-76.13855960847,0.));
#579 = VECTOR('',#580,1.);
#580 = DIRECTION('',(0.,-1.,0.));
#581 = ORIENTED_EDGE('',*,*,#582,.F.);
#582 = EDGE_CURVE('',#583,#573,#585,.T.);
#583 = VERTEX_POINT('',#584);
#584 = CARTESIAN_POINT('',(157.02366834657,-92.50778564163,0.));
#585 = LINE('',#586,#587);
#586 = CARTESIAN_POINT('',(160.59870848967,-92.50778564163,0.));
#587 = VECTOR('',#588,1.);
#588 = DIRECTION('',(-1.,0.,0.));
#589 = ORIENTED_EDGE('',*,*,#590,.F.);
#590 = EDGE_CURVE('',#591,#583,#593,.T.);
#591 = VERTEX_POINT('',#592);
#592 = CARTESIAN_POINT('',(157.02366834657,-106.5077823638,0.));
#593 = LINE('',#594,#595);
#594 = CARTESIAN_POINT('',(157.02366834657,-83.13855796958,0.));
#595 = VECTOR('',#596,1.);
#596 = DIRECTION('',(0.,1.,0.));
#597 = ORIENTED_EDGE('',*,*,#598,.F.);
#598 = EDGE_CURVE('',#575,#591,#599,.T.);
#599 = LINE('',#600,#601);
#600 = CARTESIAN_POINT('',(153.59871012855,-106.5077823638,0.));
#601 = VECTOR('',#602,1.);
#602 = DIRECTION('',(1.,0.,0.));
#603 = FACE_BOUND('',#604,.F.);
#604 = EDGE_LOOP('',(#605,#615,#623,#631));
#605 = ORIENTED_EDGE('',*,*,#606,.F.);
#606 = EDGE_CURVE('',#607,#609,#611,.T.);
#607 = VERTEX_POINT('',#608);
#608 = CARTESIAN_POINT('',(31.104949604035,-73.45779040413,0.));
#609 = VERTEX_POINT('',#610);
#610 = CARTESIAN_POINT('',(31.104949604035,-87.45778712635,0.));
#611 = LINE('',#612,#613);
#612 = CARTESIAN_POINT('',(31.104949604035,-66.61356198972,0.));
#613 = VECTOR('',#614,1.);
#614 = DIRECTION('',(0.,-1.,0.));
#615 = ORIENTED_EDGE('',*,*,#616,.F.);
#616 = EDGE_CURVE('',#617,#607,#619,.T.);
#617 = VERTEX_POINT('',#618);
#618 = CARTESIAN_POINT('',(45.104946326258,-73.45779040413,0.));
#619 = LINE('',#620,#621);
#620 = CARTESIAN_POINT('',(104.63934747951,-73.45779040413,0.));
#621 = VECTOR('',#622,1.);
#622 = DIRECTION('',(-1.,0.,0.));
#623 = ORIENTED_EDGE('',*,*,#624,.F.);
#624 = EDGE_CURVE('',#625,#617,#627,.T.);
#625 = VERTEX_POINT('',#626);
#626 = CARTESIAN_POINT('',(45.104946326258,-87.45778712635,0.));
#627 = LINE('',#628,#629);
#628 = CARTESIAN_POINT('',(45.104946326258,-73.61356035083,0.));
#629 = VECTOR('',#630,1.);
#630 = DIRECTION('',(0.,1.,0.));
#631 = ORIENTED_EDGE('',*,*,#632,.F.);
#632 = EDGE_CURVE('',#609,#625,#633,.T.);
#633 = LINE('',#634,#635);
#634 = CARTESIAN_POINT('',(97.639349118402,-87.45778712635,0.));
#635 = VECTOR('',#636,1.);
#636 = DIRECTION('',(1.,0.,0.));
#637 = FACE_BOUND('',#638,.F.);
#638 = EDGE_LOOP('',(#639,#649,#657,#665));
#639 = ORIENTED_EDGE('',*,*,#640,.F.);
#640 = EDGE_CURVE('',#641,#643,#645,.T.);
#641 = VERTEX_POINT('',#642);
#642 = CARTESIAN_POINT('',(57.298693055598,-73.45779040413,0.));
#643 = VERTEX_POINT('',#644);
#644 = CARTESIAN_POINT('',(57.298693055598,-87.45778712635,0.));
#645 = LINE('',#646,#647);
#646 = CARTESIAN_POINT('',(57.298693055598,-66.61356198972,0.));
#647 = VECTOR('',#648,1.);
#648 = DIRECTION('',(0.,-1.,0.));
#649 = ORIENTED_EDGE('',*,*,#650,.F.);
#650 = EDGE_CURVE('',#651,#641,#653,.T.);
#651 = VERTEX_POINT('',#652);
#652 = CARTESIAN_POINT('',(71.29868977782,-73.45779040413,0.));
#653 = LINE('',#654,#655);
#654 = CARTESIAN_POINT('',(117.73621920529,-73.45779040413,0.));
#655 = VECTOR('',#656,1.);
#656 = DIRECTION('',(-1.,0.,0.));
#657 = ORIENTED_EDGE('',*,*,#658,.F.);
#658 = EDGE_CURVE('',#659,#651,#661,.T.);
#659 = VERTEX_POINT('',#660);
#660 = CARTESIAN_POINT('',(71.29868977782,-87.45778712635,0.));
#661 = LINE('',#662,#663);
#662 = CARTESIAN_POINT('',(71.29868977782,-73.61356035083,0.));
#663 = VECTOR('',#664,1.);
#664 = DIRECTION('',(0.,1.,0.));
#665 = ORIENTED_EDGE('',*,*,#666,.F.);
#666 = EDGE_CURVE('',#643,#659,#667,.T.);
#667 = LINE('',#668,#669);
#668 = CARTESIAN_POINT('',(110.73622084418,-87.45778712635,0.));
#669 = VECTOR('',#670,1.);
#670 = DIRECTION('',(1.,0.,0.));
#671 = FACE_BOUND('',#672,.F.);
#672 = EDGE_LOOP('',(#673,#683,#691,#699));
#673 = ORIENTED_EDGE('',*,*,#674,.F.);
#674 = EDGE_CURVE('',#675,#677,#679,.T.);
#675 = VERTEX_POINT('',#676);
#676 = CARTESIAN_POINT('',(76.348688293098,-73.45779040413,0.));
#677 = VERTEX_POINT('',#678);
#678 = CARTESIAN_POINT('',(76.348688293098,-87.45778712635,0.));
#679 = LINE('',#680,#681);
#680 = CARTESIAN_POINT('',(76.348688293098,-66.61356198972,0.));
#681 = VECTOR('',#682,1.);
#682 = DIRECTION('',(0.,-1.,0.));
#683 = ORIENTED_EDGE('',*,*,#684,.F.);
#684 = EDGE_CURVE('',#685,#675,#687,.T.);
#685 = VERTEX_POINT('',#686);
#686 = CARTESIAN_POINT('',(90.34868501532,-73.45779040413,0.));
#687 = LINE('',#688,#689);
#688 = CARTESIAN_POINT('',(127.26121682404,-73.45779040413,0.));
#689 = VECTOR('',#690,1.);
#690 = DIRECTION('',(-1.,0.,0.));
#691 = ORIENTED_EDGE('',*,*,#692,.F.);
#692 = EDGE_CURVE('',#693,#685,#695,.T.);
#693 = VERTEX_POINT('',#694);
#694 = CARTESIAN_POINT('',(90.34868501532,-87.45778712635,0.));
#695 = LINE('',#696,#697);
#696 = CARTESIAN_POINT('',(90.34868501532,-73.61356035083,0.));
#697 = VECTOR('',#698,1.);
#698 = DIRECTION('',(0.,1.,0.));
#699 = ORIENTED_EDGE('',*,*,#700,.F.);
#700 = EDGE_CURVE('',#677,#693,#701,.T.);
#701 = LINE('',#702,#703);
#702 = CARTESIAN_POINT('',(120.26121846293,-87.45778712635,0.));
#703 = VECTOR('',#704,1.);
#704 = DIRECTION('',(1.,0.,0.));
#705 = FACE_BOUND('',#706,.F.);
#706 = EDGE_LOOP('',(#707,#717,#725,#733));
#707 = ORIENTED_EDGE('',*,*,#708,.F.);
#708 = EDGE_CURVE('',#709,#711,#713,.T.);
#709 = VERTEX_POINT('',#710);
#710 = CARTESIAN_POINT('',(95.398683530598,-73.45779040413,0.));
#711 = VERTEX_POINT('',#712);
#712 = CARTESIAN_POINT('',(95.398683530598,-87.45778712635,0.));
#713 = LINE('',#714,#715);
#714 = CARTESIAN_POINT('',(95.398683530598,-66.61356198972,0.));
#715 = VECTOR('',#716,1.);
#716 = DIRECTION('',(0.,-1.,0.));
#717 = ORIENTED_EDGE('',*,*,#718,.F.);
#718 = EDGE_CURVE('',#719,#709,#721,.T.);
#719 = VERTEX_POINT('',#720);
#720 = CARTESIAN_POINT('',(109.39868025282,-73.45779040413,0.));
#721 = LINE('',#722,#723);
#722 = CARTESIAN_POINT('',(136.78621444279,-73.45779040413,0.));
#723 = VECTOR('',#724,1.);
#724 = DIRECTION('',(-1.,0.,0.));
#725 = ORIENTED_EDGE('',*,*,#726,.F.);
#726 = EDGE_CURVE('',#727,#719,#729,.T.);
#727 = VERTEX_POINT('',#728);
#728 = CARTESIAN_POINT('',(109.39868025282,-87.45778712635,0.));
#729 = LINE('',#730,#731);
#730 = CARTESIAN_POINT('',(109.39868025282,-73.61356035083,0.));
#731 = VECTOR('',#732,1.);
#732 = DIRECTION('',(0.,1.,0.));
#733 = ORIENTED_EDGE('',*,*,#734,.F.);
#734 = EDGE_CURVE('',#711,#727,#735,.T.);
#735 = LINE('',#736,#737);
#736 = CARTESIAN_POINT('',(129.78621608168,-87.45778712635,0.));
#737 = VECTOR('',#738,1.);
#738 = DIRECTION('',(1.,0.,0.));
#739 = FACE_BOUND('',#740,.F.);
#740 = EDGE_LOOP('',(#741,#751,#759,#767));
#741 = ORIENTED_EDGE('',*,*,#742,.F.);
#742 = EDGE_CURVE('',#743,#745,#747,.T.);
#743 = VERTEX_POINT('',#744);
#744 = CARTESIAN_POINT('',(114.44867876809,-73.45779040413,0.));
#745 = VERTEX_POINT('',#746);
#746 = CARTESIAN_POINT('',(114.44867876809,-87.45778712635,0.));
#747 = LINE('',#748,#749);
#748 = CARTESIAN_POINT('',(114.44867876809,-66.61356198972,0.));
#749 = VECTOR('',#750,1.);
#750 = DIRECTION('',(0.,-1.,0.));
#751 = ORIENTED_EDGE('',*,*,#752,.F.);
#752 = EDGE_CURVE('',#753,#743,#755,.T.);
#753 = VERTEX_POINT('',#754);
#754 = CARTESIAN_POINT('',(128.44867549032,-73.45779040413,0.));
#755 = LINE('',#756,#757);
#756 = CARTESIAN_POINT('',(146.31121206154,-73.45779040413,0.));
#757 = VECTOR('',#758,1.);
#758 = DIRECTION('',(-1.,0.,0.));
#759 = ORIENTED_EDGE('',*,*,#760,.F.);
#760 = EDGE_CURVE('',#761,#753,#763,.T.);
#761 = VERTEX_POINT('',#762);
#762 = CARTESIAN_POINT('',(128.44867549032,-87.45778712635,0.));
#763 = LINE('',#764,#765);
#764 = CARTESIAN_POINT('',(128.44867549032,-73.61356035083,0.));
#765 = VECTOR('',#766,1.);
#766 = DIRECTION('',(0.,1.,0.));
#767 = ORIENTED_EDGE('',*,*,#768,.F.);
#768 = EDGE_CURVE('',#745,#761,#769,.T.);
#769 = LINE('',#770,#771);
#770 = CARTESIAN_POINT('',(139.31121370043,-87.45778712635,0.));
#771 = VECTOR('',#772,1.);
#772 = DIRECTION('',(1.,0.,0.));
#773 = FACE_BOUND('',#774,.F.);
#774 = EDGE_LOOP('',(#775,#785,#793,#801));
#775 = ORIENTED_EDGE('',*,*,#776,.F.);
#776 = EDGE_CURVE('',#777,#779,#781,.T.);
#777 = VERTEX_POINT('',#778);
#778 = CARTESIAN_POINT('',(133.49867400559,-73.45779040413,0.));
#779 = VERTEX_POINT('',#780);
#780 = CARTESIAN_POINT('',(133.49867400559,-87.45778712635,0.));
#781 = LINE('',#782,#783);
#782 = CARTESIAN_POINT('',(133.49867400559,-66.61356198972,0.));
#783 = VECTOR('',#784,1.);
#784 = DIRECTION('',(0.,-1.,0.));
#785 = ORIENTED_EDGE('',*,*,#786,.F.);
#786 = EDGE_CURVE('',#787,#777,#789,.T.);
#787 = VERTEX_POINT('',#788);
#788 = CARTESIAN_POINT('',(147.49867072782,-73.45779040413,0.));
#789 = LINE('',#790,#791);
#790 = CARTESIAN_POINT('',(155.83620968029,-73.45779040413,0.));
#791 = VECTOR('',#792,1.);
#792 = DIRECTION('',(-1.,0.,0.));
#793 = ORIENTED_EDGE('',*,*,#794,.F.);
#794 = EDGE_CURVE('',#795,#787,#797,.T.);
#795 = VERTEX_POINT('',#796);
#796 = CARTESIAN_POINT('',(147.49867072782,-87.45778712635,0.));
#797 = LINE('',#798,#799);
#798 = CARTESIAN_POINT('',(147.49867072782,-73.61356035083,0.));
#799 = VECTOR('',#800,1.);
#800 = DIRECTION('',(0.,1.,0.));
#801 = ORIENTED_EDGE('',*,*,#802,.F.);
#802 = EDGE_CURVE('',#779,#795,#803,.T.);
#803 = LINE('',#804,#805);
#804 = CARTESIAN_POINT('',(148.83621131918,-87.45778712635,0.));
#805 = VECTOR('',#806,1.);
#806 = DIRECTION('',(1.,0.,0.));
#807 = FACE_BOUND('',#808,.F.);
#808 = EDGE_LOOP('',(#809,#819,#827,#835));
#809 = ORIENTED_EDGE('',*,*,#810,.F.);
#810 = EDGE_CURVE('',#811,#813,#815,.T.);
#811 = VERTEX_POINT('',#812);
#812 = CARTESIAN_POINT('',(152.54866924309,-73.45779040413,0.));
#813 = VERTEX_POINT('',#814);
#814 = CARTESIAN_POINT('',(152.54866924309,-87.45778712635,0.));
#815 = LINE('',#816,#817);
#816 = CARTESIAN_POINT('',(152.54866924309,-66.61356198972,0.));
#817 = VECTOR('',#818,1.);
#818 = DIRECTION('',(0.,-1.,0.));
#819 = ORIENTED_EDGE('',*,*,#820,.F.);
#820 = EDGE_CURVE('',#821,#811,#823,.T.);
#821 = VERTEX_POINT('',#822);
#822 = CARTESIAN_POINT('',(166.54866596532,-73.45779040413,0.));
#823 = LINE('',#824,#825);
#824 = CARTESIAN_POINT('',(165.36120729904,-73.45779040413,0.));
#825 = VECTOR('',#826,1.);
#826 = DIRECTION('',(-1.,0.,0.));
#827 = ORIENTED_EDGE('',*,*,#828,.F.);
#828 = EDGE_CURVE('',#829,#821,#831,.T.);
#829 = VERTEX_POINT('',#830);
#830 = CARTESIAN_POINT('',(166.54866596532,-87.45778712635,0.));
#831 = LINE('',#832,#833);
#832 = CARTESIAN_POINT('',(166.54866596532,-73.61356035083,0.));
#833 = VECTOR('',#834,1.);
#834 = DIRECTION('',(0.,1.,0.));
#835 = ORIENTED_EDGE('',*,*,#836,.F.);
#836 = EDGE_CURVE('',#813,#829,#837,.T.);
#837 = LINE('',#838,#839);
#838 = CARTESIAN_POINT('',(158.36120893793,-87.45778712635,0.));
#839 = VECTOR('',#840,1.);
#840 = DIRECTION('',(1.,0.,0.));
#841 = FACE_BOUND('',#842,.F.);
#842 = EDGE_LOOP('',(#843,#853,#861,#869));
#843 = ORIENTED_EDGE('',*,*,#844,.F.);
#844 = EDGE_CURVE('',#845,#847,#849,.T.);
#845 = VERTEX_POINT('',#846);
#846 = CARTESIAN_POINT('',(157.31116805247,-111.5577808791,0.));
#847 = VERTEX_POINT('',#848);
#848 = CARTESIAN_POINT('',(157.31116805247,-125.5577776013,0.));
#849 = LINE('',#850,#851);
#850 = CARTESIAN_POINT('',(157.31116805247,-85.66355722722,0.));
#851 = VECTOR('',#852,1.);
#852 = DIRECTION('',(0.,-1.,0.));
#853 = ORIENTED_EDGE('',*,*,#854,.F.);
#854 = EDGE_CURVE('',#855,#845,#857,.T.);
#855 = VERTEX_POINT('',#856);
#856 = CARTESIAN_POINT('',(171.31116477469,-111.5577808791,0.));
#857 = LINE('',#858,#859);
#858 = CARTESIAN_POINT('',(167.74245670373,-111.5577808791,0.));
#859 = VECTOR('',#860,1.);
#860 = DIRECTION('',(-1.,0.,0.));
#861 = ORIENTED_EDGE('',*,*,#862,.F.);
#862 = EDGE_CURVE('',#863,#855,#865,.T.);
#863 = VERTEX_POINT('',#864);
#864 = CARTESIAN_POINT('',(171.31116477469,-125.5577776013,0.));
#865 = LINE('',#866,#867);
#866 = CARTESIAN_POINT('',(171.31116477469,-92.66355558833,0.));
#867 = VECTOR('',#868,1.);
#868 = DIRECTION('',(0.,1.,0.));
#869 = ORIENTED_EDGE('',*,*,#870,.F.);
#870 = EDGE_CURVE('',#847,#863,#871,.T.);
#871 = LINE('',#872,#873);
#872 = CARTESIAN_POINT('',(160.74245834262,-125.5577776013,0.));
#873 = VECTOR('',#874,1.);
#874 = DIRECTION('',(1.,0.,0.));
#875 = FACE_BOUND('',#876,.F.);
#876 = EDGE_LOOP('',(#877,#887,#895,#903));
#877 = ORIENTED_EDGE('',*,*,#878,.F.);
#878 = EDGE_CURVE('',#879,#881,#883,.T.);
#879 = VERTEX_POINT('',#880);
#880 = CARTESIAN_POINT('',(210.98115355164,-112.4109807769,0.));
#881 = VERTEX_POINT('',#882);
#882 = CARTESIAN_POINT('',(210.98115355164,-124.7045777035,0.));
#883 = LINE('',#884,#885);
#884 = CARTESIAN_POINT('',(210.98115355164,-86.09015717613,0.));
#885 = VECTOR('',#886,1.);
#886 = DIRECTION('',(0.,-1.,0.));
#887 = ORIENTED_EDGE('',*,*,#888,.F.);
#888 = EDGE_CURVE('',#889,#879,#891,.T.);
#889 = VERTEX_POINT('',#890);
#890 = CARTESIAN_POINT('',(217.63855185951,-112.4109807769,0.));
#891 = LINE('',#892,#893);
#892 = CARTESIAN_POINT('',(190.90615024614,-112.4109807769,0.));
#893 = VECTOR('',#894,1.);
#894 = DIRECTION('',(-1.,0.,0.));
#895 = ORIENTED_EDGE('',*,*,#896,.F.);
#896 = EDGE_CURVE('',#897,#889,#899,.T.);
#897 = VERTEX_POINT('',#898);
#898 = CARTESIAN_POINT('',(217.63855185951,-124.7045777035,0.));
#899 = LINE('',#900,#901);
#900 = CARTESIAN_POINT('',(217.63855185951,-92.23695563943,0.));
#901 = VECTOR('',#902,1.);
#902 = DIRECTION('',(0.,1.,0.));
#903 = ORIENTED_EDGE('',*,*,#904,.F.);
#904 = EDGE_CURVE('',#881,#897,#905,.T.);
#905 = LINE('',#906,#907);
#906 = CARTESIAN_POINT('',(187.5774510922,-124.7045777035,0.));
#907 = VECTOR('',#908,1.);
#908 = DIRECTION('',(1.,0.,0.));
#909 = FACE_BOUND('',#910,.F.);
#910 = EDGE_LOOP('',(#911,#921,#929,#937));
#911 = ORIENTED_EDGE('',*,*,#912,.F.);
#912 = EDGE_CURVE('',#913,#915,#917,.T.);
#913 = VERTEX_POINT('',#914);
#914 = CARTESIAN_POINT('',(229.93927489544,-111.5577808791,0.));
#915 = VERTEX_POINT('',#916);
#916 = CARTESIAN_POINT('',(229.93927489544,-125.5577776013,0.));
#917 = LINE('',#918,#919);
#918 = CARTESIAN_POINT('',(229.93927489544,-85.66355722722,0.));
#919 = VECTOR('',#920,1.);
#920 = DIRECTION('',(0.,-1.,0.));
#921 = ORIENTED_EDGE('',*,*,#922,.F.);
#922 = EDGE_CURVE('',#923,#913,#925,.T.);
#923 = VERTEX_POINT('',#924);
#924 = CARTESIAN_POINT('',(243.93927161766,-111.5577808791,0.));
#925 = LINE('',#926,#927);
#926 = CARTESIAN_POINT('',(204.05651012521,-111.5577808791,0.));
#927 = VECTOR('',#928,1.);
#928 = DIRECTION('',(-1.,0.,0.));
#929 = ORIENTED_EDGE('',*,*,#930,.F.);
#930 = EDGE_CURVE('',#931,#923,#933,.T.);
#931 = VERTEX_POINT('',#932);
#932 = CARTESIAN_POINT('',(243.93927161766,-125.5577776013,0.));
#933 = LINE('',#934,#935);
#934 = CARTESIAN_POINT('',(243.93927161766,-92.66355558833,0.));
#935 = VECTOR('',#936,1.);
#936 = DIRECTION('',(0.,1.,0.));
#937 = ORIENTED_EDGE('',*,*,#938,.F.);
#938 = EDGE_CURVE('',#915,#931,#939,.T.);
#939 = LINE('',#940,#941);
#940 = CARTESIAN_POINT('',(197.0565117641,-125.5577776013,0.));
#941 = VECTOR('',#942,1.);
#942 = DIRECTION('',(1.,0.,0.));
#943 = FACE_BOUND('',#944,.F.);
#944 = EDGE_LOOP('',(#945,#955,#963,#971));
#945 = ORIENTED_EDGE('',*,*,#946,.F.);
#946 = EDGE_CURVE('',#947,#949,#951,.T.);
#947 = VERTEX_POINT('',#948);
#948 = CARTESIAN_POINT('',(162.07366686184,-92.50778564163,0.));
#949 = VERTEX_POINT('',#950);
#950 = CARTESIAN_POINT('',(162.07366686184,-106.5077823638,0.));
#951 = LINE('',#952,#953);
#952 = CARTESIAN_POINT('',(162.07366686184,-76.13855960847,0.));
#953 = VECTOR('',#954,1.);
#954 = DIRECTION('',(0.,-1.,0.));
#955 = ORIENTED_EDGE('',*,*,#956,.F.);
#956 = EDGE_CURVE('',#957,#947,#959,.T.);
#957 = VERTEX_POINT('',#958);
#958 = CARTESIAN_POINT('',(176.07366358407,-92.50778564163,0.));
#959 = LINE('',#960,#961);
#960 = CARTESIAN_POINT('',(170.12370610842,-92.50778564163,0.));
#961 = VECTOR('',#962,1.);
#962 = DIRECTION('',(-1.,0.,0.));
#963 = ORIENTED_EDGE('',*,*,#964,.F.);
#964 = EDGE_CURVE('',#965,#957,#967,.T.);
#965 = VERTEX_POINT('',#966);
#966 = CARTESIAN_POINT('',(176.07366358407,-106.5077823638,0.));
#967 = LINE('',#968,#969);
#968 = CARTESIAN_POINT('',(176.07366358407,-83.13855796958,0.));
#969 = VECTOR('',#970,1.);
#970 = DIRECTION('',(0.,1.,0.));
#971 = ORIENTED_EDGE('',*,*,#972,.F.);
#972 = EDGE_CURVE('',#949,#965,#973,.T.);
#973 = LINE('',#974,#975);
#974 = CARTESIAN_POINT('',(163.1237077473,-106.5077823638,0.));
#975 = VECTOR('',#976,1.);
#976 = DIRECTION('',(1.,0.,0.));
#977 = FACE_BOUND('',#978,.F.);
#978 = EDGE_LOOP('',(#979,#989,#997,#1005));
#979 = ORIENTED_EDGE('',*,*,#980,.F.);
#980 = EDGE_CURVE('',#981,#983,#985,.T.);
#981 = VERTEX_POINT('',#982);
#982 = CARTESIAN_POINT('',(181.12366209934,-92.50778564163,0.));
#983 = VERTEX_POINT('',#984);
#984 = CARTESIAN_POINT('',(181.12366209934,-106.5077823638,0.));
#985 = LINE('',#986,#987);
#986 = CARTESIAN_POINT('',(181.12366209934,-76.13855960847,0.));
#987 = VECTOR('',#988,1.);
#988 = DIRECTION('',(0.,-1.,0.));
#989 = ORIENTED_EDGE('',*,*,#990,.F.);
#990 = EDGE_CURVE('',#991,#981,#993,.T.);
#991 = VERTEX_POINT('',#992);
#992 = CARTESIAN_POINT('',(195.12365882157,-92.50778564163,0.));
#993 = LINE('',#994,#995);
#994 = CARTESIAN_POINT('',(179.64870372717,-92.50778564163,0.));
#995 = VECTOR('',#996,1.);
#996 = DIRECTION('',(-1.,0.,0.));
#997 = ORIENTED_EDGE('',*,*,#998,.F.);
#998 = EDGE_CURVE('',#999,#991,#1001,.T.);
#999 = VERTEX_POINT('',#1000);
#1000 = CARTESIAN_POINT('',(195.12365882157,-106.5077823638,0.));
#1001 = LINE('',#1002,#1003);
#1002 = CARTESIAN_POINT('',(195.12365882157,-83.13855796958,0.));
#1003 = VECTOR('',#1004,1.);
#1004 = DIRECTION('',(0.,1.,0.));
#1005 = ORIENTED_EDGE('',*,*,#1006,.F.);
#1006 = EDGE_CURVE('',#983,#999,#1007,.T.);
#1007 = LINE('',#1008,#1009);
#1008 = CARTESIAN_POINT('',(172.64870536605,-106.5077823638,0.));
#1009 = VECTOR('',#1010,1.);
#1010 = DIRECTION('',(1.,0.,0.));
#1011 = FACE_BOUND('',#1012,.F.);
#1012 = EDGE_LOOP('',(#1013,#1023,#1031,#1039));
#1013 = ORIENTED_EDGE('',*,*,#1014,.F.);
#1014 = EDGE_CURVE('',#1015,#1017,#1019,.T.);
#1015 = VERTEX_POINT('',#1016);
#1016 = CARTESIAN_POINT('',(200.17365733684,-92.50778564163,0.));
#1017 = VERTEX_POINT('',#1018);
#1018 = CARTESIAN_POINT('',(200.17365733684,-106.5077823638,0.));
#1019 = LINE('',#1020,#1021);
#1020 = CARTESIAN_POINT('',(200.17365733684,-76.13855960847,0.));
#1021 = VECTOR('',#1022,1.);
#1022 = DIRECTION('',(0.,-1.,0.));
#1023 = ORIENTED_EDGE('',*,*,#1024,.F.);
#1024 = EDGE_CURVE('',#1025,#1015,#1027,.T.);
#1025 = VERTEX_POINT('',#1026);
#1026 = CARTESIAN_POINT('',(214.17365405907,-92.50778564163,0.));
#1027 = LINE('',#1028,#1029);
#1028 = CARTESIAN_POINT('',(189.17370134592,-92.50778564163,0.));
#1029 = VECTOR('',#1030,1.);
#1030 = DIRECTION('',(-1.,0.,0.));
#1031 = ORIENTED_EDGE('',*,*,#1032,.F.);
#1032 = EDGE_CURVE('',#1033,#1025,#1035,.T.);
#1033 = VERTEX_POINT('',#1034);
#1034 = CARTESIAN_POINT('',(214.17365405907,-106.5077823638,0.));
#1035 = LINE('',#1036,#1037);
#1036 = CARTESIAN_POINT('',(214.17365405907,-83.13855796958,0.));
#1037 = VECTOR('',#1038,1.);
#1038 = DIRECTION('',(0.,1.,0.));
#1039 = ORIENTED_EDGE('',*,*,#1040,.F.);
#1040 = EDGE_CURVE('',#1017,#1033,#1041,.T.);
#1041 = LINE('',#1042,#1043);
#1042 = CARTESIAN_POINT('',(182.1737029848,-106.5077823638,0.));
#1043 = VECTOR('',#1044,1.);
#1044 = DIRECTION('',(1.,0.,0.));
#1045 = FACE_BOUND('',#1046,.F.);
#1046 = EDGE_LOOP('',(#1047,#1057,#1065,#1073));
#1047 = ORIENTED_EDGE('',*,*,#1048,.F.);
#1048 = EDGE_CURVE('',#1049,#1051,#1053,.T.);
#1049 = VERTEX_POINT('',#1050);
#1050 = CARTESIAN_POINT('',(219.22365257434,-92.50778564163,0.));
#1051 = VERTEX_POINT('',#1052);
#1052 = CARTESIAN_POINT('',(219.22365257434,-106.5077823638,0.));
#1053 = LINE('',#1054,#1055);
#1054 = CARTESIAN_POINT('',(219.22365257434,-76.13855960847,0.));
#1055 = VECTOR('',#1056,1.);
#1056 = DIRECTION('',(0.,-1.,0.));
#1057 = ORIENTED_EDGE('',*,*,#1058,.F.);
#1058 = EDGE_CURVE('',#1059,#1049,#1061,.T.);
#1059 = VERTEX_POINT('',#1060);
#1060 = CARTESIAN_POINT('',(233.22364929657,-92.50778564163,0.));
#1061 = LINE('',#1062,#1063);
#1062 = CARTESIAN_POINT('',(198.69869896467,-92.50778564163,0.));
#1063 = VECTOR('',#1064,1.);
#1064 = DIRECTION('',(-1.,0.,0.));
#1065 = ORIENTED_EDGE('',*,*,#1066,.F.);
#1066 = EDGE_CURVE('',#1067,#1059,#1069,.T.);
#1067 = VERTEX_POINT('',#1068);
#1068 = CARTESIAN_POINT('',(233.22364929657,-106.5077823638,0.));
#1069 = LINE('',#1070,#1071);
#1070 = CARTESIAN_POINT('',(233.22364929657,-83.13855796958,0.));
#1071 = VECTOR('',#1072,1.);
#1072 = DIRECTION('',(0.,1.,0.));
#1073 = ORIENTED_EDGE('',*,*,#1074,.F.);
#1074 = EDGE_CURVE('',#1051,#1067,#1075,.T.);
#1075 = LINE('',#1076,#1077);
#1076 = CARTESIAN_POINT('',(191.69870060355,-106.5077823638,0.));
#1077 = VECTOR('',#1078,1.);
#1078 = DIRECTION('',(1.,0.,0.));
#1079 = FACE_BOUND('',#1080,.F.);
#1080 = EDGE_LOOP('',(#1081,#1091,#1099,#1107));
#1081 = ORIENTED_EDGE('',*,*,#1082,.F.);
#1082 = EDGE_CURVE('',#1083,#1085,#1087,.T.);
#1083 = VERTEX_POINT('',#1084);
#1084 = CARTESIAN_POINT('',(238.27364781184,-92.50778564163,0.));
#1085 = VERTEX_POINT('',#1086);
#1086 = CARTESIAN_POINT('',(238.27364781184,-106.5077823638,0.));
#1087 = LINE('',#1088,#1089);
#1088 = CARTESIAN_POINT('',(238.27364781184,-76.13855960847,0.));
#1089 = VECTOR('',#1090,1.);
#1090 = DIRECTION('',(0.,-1.,0.));
#1091 = ORIENTED_EDGE('',*,*,#1092,.F.);
#1092 = EDGE_CURVE('',#1093,#1083,#1095,.T.);
#1093 = VERTEX_POINT('',#1094);
#1094 = CARTESIAN_POINT('',(252.27364453407,-92.50778564163,0.));
#1095 = LINE('',#1096,#1097);
#1096 = CARTESIAN_POINT('',(208.22369658342,-92.50778564163,0.));
#1097 = VECTOR('',#1098,1.);
#1098 = DIRECTION('',(-1.,0.,0.));
#1099 = ORIENTED_EDGE('',*,*,#1100,.F.);
#1100 = EDGE_CURVE('',#1101,#1093,#1103,.T.);
#1101 = VERTEX_POINT('',#1102);
#1102 = CARTESIAN_POINT('',(252.27364453407,-106.5077823638,0.));
#1103 = LINE('',#1104,#1105);
#1104 = CARTESIAN_POINT('',(252.27364453407,-83.13855796958,0.));
#1105 = VECTOR('',#1106,1.);
#1106 = DIRECTION('',(0.,1.,0.));
#1107 = ORIENTED_EDGE('',*,*,#1108,.F.);
#1108 = EDGE_CURVE('',#1085,#1101,#1109,.T.);
#1109 = LINE('',#1110,#1111);
#1110 = CARTESIAN_POINT('',(201.2236982223,-106.5077823638,0.));
#1111 = VECTOR('',#1112,1.);
#1112 = DIRECTION('',(1.,0.,0.));
#1113 = FACE_BOUND('',#1114,.F.);
#1114 = EDGE_LOOP('',(#1115,#1125,#1133,#1141));
#1115 = ORIENTED_EDGE('',*,*,#1116,.F.);
#1116 = EDGE_CURVE('',#1117,#1119,#1121,.T.);
#1117 = VERTEX_POINT('',#1118);
#1118 = CARTESIAN_POINT('',(264.46739126341,-92.50778564163,0.));
#1119 = VERTEX_POINT('',#1120);
#1120 = CARTESIAN_POINT('',(264.46739126341,-106.5077823638,0.));
#1121 = LINE('',#1122,#1123);
#1122 = CARTESIAN_POINT('',(264.46739126341,-76.13855960847,0.));
#1123 = VECTOR('',#1124,1.);
#1124 = DIRECTION('',(0.,-1.,0.));
#1125 = ORIENTED_EDGE('',*,*,#1126,.F.);
#1126 = EDGE_CURVE('',#1127,#1117,#1129,.T.);
#1127 = VERTEX_POINT('',#1128);
#1128 = CARTESIAN_POINT('',(278.46738798563,-92.50778564163,0.));
#1129 = LINE('',#1130,#1131);
#1130 = CARTESIAN_POINT('',(221.3205683092,-92.50778564163,0.));
#1131 = VECTOR('',#1132,1.);
#1132 = DIRECTION('',(-1.,0.,0.));
#1133 = ORIENTED_EDGE('',*,*,#1134,.F.);
#1134 = EDGE_CURVE('',#1135,#1127,#1137,.T.);
#1135 = VERTEX_POINT('',#1136);
#1136 = CARTESIAN_POINT('',(278.46738798563,-106.5077823638,0.));
#1137 = LINE('',#1138,#1139);
#1138 = CARTESIAN_POINT('',(278.46738798563,-83.13855796958,0.));
#1139 = VECTOR('',#1140,1.);
#1140 = DIRECTION('',(0.,1.,0.));
#1141 = ORIENTED_EDGE('',*,*,#1142,.F.);
#1142 = EDGE_CURVE('',#1119,#1135,#1143,.T.);
#1143 = LINE('',#1144,#1145);
#1144 = CARTESIAN_POINT('',(214.32056994809,-106.5077823638,0.));
#1145 = VECTOR('',#1146,1.);
#1146 = DIRECTION('',(1.,0.,0.));
#1147 = FACE_BOUND('',#1148,.F.);
#1148 = EDGE_LOOP('',(#1149,#1159,#1167,#1175));
#1149 = ORIENTED_EDGE('',*,*,#1150,.F.);
#1150 = EDGE_CURVE('',#1151,#1153,#1155,.T.);
#1151 = VERTEX_POINT('',#1152);
#1152 = CARTESIAN_POINT('',(290.66113471497,-92.50778564163,0.));
#1153 = VERTEX_POINT('',#1154);
#1154 = CARTESIAN_POINT('',(290.66113471497,-106.5077823638,0.));
#1155 = LINE('',#1156,#1157);
#1156 = CARTESIAN_POINT('',(290.66113471497,-76.13855960847,0.));
#1157 = VECTOR('',#1158,1.);
#1158 = DIRECTION('',(0.,-1.,0.));
#1159 = ORIENTED_EDGE('',*,*,#1160,.F.);
#1160 = EDGE_CURVE('',#1161,#1151,#1163,.T.);
#1161 = VERTEX_POINT('',#1162);
#1162 = CARTESIAN_POINT('',(304.66113143719,-92.50778564163,0.));
#1163 = LINE('',#1164,#1165);
#1164 = CARTESIAN_POINT('',(234.41744003498,-92.50778564163,0.));
#1165 = VECTOR('',#1166,1.);
#1166 = DIRECTION('',(-1.,0.,0.));
#1167 = ORIENTED_EDGE('',*,*,#1168,.F.);
#1168 = EDGE_CURVE('',#1169,#1161,#1171,.T.);
#1169 = VERTEX_POINT('',#1170);
#1170 = CARTESIAN_POINT('',(304.66113143719,-106.5077823638,0.));
#1171 = LINE('',#1172,#1173);
#1172 = CARTESIAN_POINT('',(304.66113143719,-83.13855796958,0.));
#1173 = VECTOR('',#1174,1.);
#1174 = DIRECTION('',(0.,1.,0.));
#1175 = ORIENTED_EDGE('',*,*,#1176,.F.);
#1176 = EDGE_CURVE('',#1153,#1169,#1177,.T.);
#1177 = LINE('',#1178,#1179);
#1178 = CARTESIAN_POINT('',(227.41744167387,-106.5077823638,0.));
#1179 = VECTOR('',#1180,1.);
#1180 = DIRECTION('',(1.,0.,0.));
#1181 = FACE_BOUND('',#1182,.F.);
#1182 = EDGE_LOOP('',(#1183,#1194,#1202,#1211));
#1183 = ORIENTED_EDGE('',*,*,#1184,.F.);
#1184 = EDGE_CURVE('',#1185,#1187,#1189,.T.);
#1185 = VERTEX_POINT('',#1186);
#1186 = CARTESIAN_POINT('',(313.82113307606,-97.55778400275,0.));
#1187 = VERTEX_POINT('',#1188);
#1188 = CARTESIAN_POINT('',(313.82113307606,-101.4577840027,0.));
#1189 = CIRCLE('',#1190,1.949999999982);
#1190 = AXIS2_PLACEMENT_3D('',#1191,#1192,#1193);
#1191 = CARTESIAN_POINT('',(313.82113307606,-99.50778400274,0.));
#1192 = DIRECTION('',(0.,0.,1.));
#1193 = DIRECTION('',(1.,0.,0.));
#1194 = ORIENTED_EDGE('',*,*,#1195,.T.);
#1195 = EDGE_CURVE('',#1185,#1196,#1198,.T.);
#1196 = VERTEX_POINT('',#1197);
#1197 = CARTESIAN_POINT('',(314.8211330761,-97.55778400275,0.));
#1198 = LINE('',#1199,#1200);
#1199 = CARTESIAN_POINT('',(238.99744085441,-97.55778400275,0.));
#1200 = VECTOR('',#1201,1.);
#1201 = DIRECTION('',(1.,0.,0.));
#1202 = ORIENTED_EDGE('',*,*,#1203,.F.);
#1203 = EDGE_CURVE('',#1204,#1196,#1206,.T.);
#1204 = VERTEX_POINT('',#1205);
#1205 = CARTESIAN_POINT('',(314.8211330761,-101.4577840027,0.));
#1206 = CIRCLE('',#1207,1.949999999982);
#1207 = AXIS2_PLACEMENT_3D('',#1208,#1209,#1210);
#1208 = CARTESIAN_POINT('',(314.8211330761,-99.50778400274,0.));
#1209 = DIRECTION('',(0.,0.,1.));
#1210 = DIRECTION('',(1.,0.,0.));
#1211 = ORIENTED_EDGE('',*,*,#1212,.F.);
#1212 = EDGE_CURVE('',#1187,#1204,#1213,.T.);
#1213 = LINE('',#1214,#1215);
#1214 = CARTESIAN_POINT('',(238.99744085441,-101.4577840027,0.));
#1215 = VECTOR('',#1216,1.);
#1216 = DIRECTION('',(1.,0.,0.));
#1217 = FACE_BOUND('',#1218,.F.);
#1218 = EDGE_LOOP('',(#1219,#1229,#1237,#1245));
#1219 = ORIENTED_EDGE('',*,*,#1220,.F.);
#1220 = EDGE_CURVE('',#1221,#1223,#1225,.T.);
#1221 = VERTEX_POINT('',#1222);
#1222 = CARTESIAN_POINT('',(171.59866448059,-73.45779040413,0.));
#1223 = VERTEX_POINT('',#1224);
#1224 = CARTESIAN_POINT('',(171.59866448059,-87.45778712635,0.));
#1225 = LINE('',#1226,#1227);
#1226 = CARTESIAN_POINT('',(171.59866448059,-66.61356198972,0.));
#1227 = VECTOR('',#1228,1.);
#1228 = DIRECTION('',(0.,-1.,0.));
#1229 = ORIENTED_EDGE('',*,*,#1230,.F.);
#1230 = EDGE_CURVE('',#1231,#1221,#1233,.T.);
#1231 = VERTEX_POINT('',#1232);
#1232 = CARTESIAN_POINT('',(185.59866120282,-73.45779040413,0.));
#1233 = LINE('',#1234,#1235);
#1234 = CARTESIAN_POINT('',(174.88620491779,-73.45779040413,0.));
#1235 = VECTOR('',#1236,1.);
#1236 = DIRECTION('',(-1.,0.,0.));
#1237 = ORIENTED_EDGE('',*,*,#1238,.F.);
#1238 = EDGE_CURVE('',#1239,#1231,#1241,.T.);
#1239 = VERTEX_POINT('',#1240);
#1240 = CARTESIAN_POINT('',(185.59866120282,-87.45778712635,0.));
#1241 = LINE('',#1242,#1243);
#1242 = CARTESIAN_POINT('',(185.59866120282,-73.61356035083,0.));
#1243 = VECTOR('',#1244,1.);
#1244 = DIRECTION('',(0.,1.,0.));
#1245 = ORIENTED_EDGE('',*,*,#1246,.F.);
#1246 = EDGE_CURVE('',#1223,#1239,#1247,.T.);
#1247 = LINE('',#1248,#1249);
#1248 = CARTESIAN_POINT('',(167.88620655668,-87.45778712635,0.));
#1249 = VECTOR('',#1250,1.);
#1250 = DIRECTION('',(1.,0.,0.));
#1251 = FACE_BOUND('',#1252,.F.);
#1252 = EDGE_LOOP('',(#1253,#1263,#1271,#1279));
#1253 = ORIENTED_EDGE('',*,*,#1254,.F.);
#1254 = EDGE_CURVE('',#1255,#1257,#1259,.T.);
#1255 = VERTEX_POINT('',#1256);
#1256 = CARTESIAN_POINT('',(190.64865971809,-73.45779040413,0.));
#1257 = VERTEX_POINT('',#1258);
#1258 = CARTESIAN_POINT('',(190.64865971809,-87.45778712635,0.));
#1259 = LINE('',#1260,#1261);
#1260 = CARTESIAN_POINT('',(190.64865971809,-66.61356198972,0.));
#1261 = VECTOR('',#1262,1.);
#1262 = DIRECTION('',(0.,-1.,0.));
#1263 = ORIENTED_EDGE('',*,*,#1264,.F.);
#1264 = EDGE_CURVE('',#1265,#1255,#1267,.T.);
#1265 = VERTEX_POINT('',#1266);
#1266 = CARTESIAN_POINT('',(204.64865644032,-73.45779040413,0.));
#1267 = LINE('',#1268,#1269);
#1268 = CARTESIAN_POINT('',(184.41120253654,-73.45779040413,0.));
#1269 = VECTOR('',#1270,1.);
#1270 = DIRECTION('',(-1.,0.,0.));
#1271 = ORIENTED_EDGE('',*,*,#1272,.F.);
#1272 = EDGE_CURVE('',#1273,#1265,#1275,.T.);
#1273 = VERTEX_POINT('',#1274);
#1274 = CARTESIAN_POINT('',(204.64865644032,-87.45778712635,0.));
#1275 = LINE('',#1276,#1277);
#1276 = CARTESIAN_POINT('',(204.64865644032,-73.61356035083,0.));
#1277 = VECTOR('',#1278,1.);
#1278 = DIRECTION('',(0.,1.,0.));
#1279 = ORIENTED_EDGE('',*,*,#1280,.F.);
#1280 = EDGE_CURVE('',#1257,#1273,#1281,.T.);
#1281 = LINE('',#1282,#1283);
#1282 = CARTESIAN_POINT('',(177.41120417543,-87.45778712635,0.));
#1283 = VECTOR('',#1284,1.);
#1284 = DIRECTION('',(1.,0.,0.));
#1285 = FACE_BOUND('',#1286,.F.);
#1286 = EDGE_LOOP('',(#1287,#1297,#1305,#1313));
#1287 = ORIENTED_EDGE('',*,*,#1288,.F.);
#1288 = EDGE_CURVE('',#1289,#1291,#1293,.T.);
#1289 = VERTEX_POINT('',#1290);
#1290 = CARTESIAN_POINT('',(209.69865495559,-73.45779040413,0.));
#1291 = VERTEX_POINT('',#1292);
#1292 = CARTESIAN_POINT('',(209.69865495559,-87.45778712635,0.));
#1293 = LINE('',#1294,#1295);
#1294 = CARTESIAN_POINT('',(209.69865495559,-66.61356198972,0.));
#1295 = VECTOR('',#1296,1.);
#1296 = DIRECTION('',(0.,-1.,0.));
#1297 = ORIENTED_EDGE('',*,*,#1298,.F.);
#1298 = EDGE_CURVE('',#1299,#1289,#1301,.T.);
#1299 = VERTEX_POINT('',#1300);
#1300 = CARTESIAN_POINT('',(223.69865167782,-73.45779040413,0.));
#1301 = LINE('',#1302,#1303);
#1302 = CARTESIAN_POINT('',(193.93620015529,-73.45779040413,0.));
#1303 = VECTOR('',#1304,1.);
#1304 = DIRECTION('',(-1.,0.,0.));
#1305 = ORIENTED_EDGE('',*,*,#1306,.F.);
#1306 = EDGE_CURVE('',#1307,#1299,#1309,.T.);
#1307 = VERTEX_POINT('',#1308);
#1308 = CARTESIAN_POINT('',(223.69865167782,-87.45778712635,0.));
#1309 = LINE('',#1310,#1311);
#1310 = CARTESIAN_POINT('',(223.69865167782,-73.61356035083,0.));
#1311 = VECTOR('',#1312,1.);
#1312 = DIRECTION('',(0.,1.,0.));
#1313 = ORIENTED_EDGE('',*,*,#1314,.F.);
#1314 = EDGE_CURVE('',#1291,#1307,#1315,.T.);
#1315 = LINE('',#1316,#1317);
#1316 = CARTESIAN_POINT('',(186.93620179418,-87.45778712635,0.));
#1317 = VECTOR('',#1318,1.);
#1318 = DIRECTION('',(1.,0.,0.));
#1319 = FACE_BOUND('',#1320,.F.);
#1320 = EDGE_LOOP('',(#1321,#1331,#1339,#1347));
#1321 = ORIENTED_EDGE('',*,*,#1322,.F.);
#1322 = EDGE_CURVE('',#1323,#1325,#1327,.T.);
#1323 = VERTEX_POINT('',#1324);
#1324 = CARTESIAN_POINT('',(228.74865019309,-73.45779040413,0.));
#1325 = VERTEX_POINT('',#1326);
#1326 = CARTESIAN_POINT('',(228.74865019309,-87.45778712635,0.));
#1327 = LINE('',#1328,#1329);
#1328 = CARTESIAN_POINT('',(228.74865019309,-66.61356198972,0.));
#1329 = VECTOR('',#1330,1.);
#1330 = DIRECTION('',(0.,-1.,0.));
#1331 = ORIENTED_EDGE('',*,*,#1332,.F.);
#1332 = EDGE_CURVE('',#1333,#1323,#1335,.T.);
#1333 = VERTEX_POINT('',#1334);
#1334 = CARTESIAN_POINT('',(242.74864691532,-73.45779040413,0.));
#1335 = LINE('',#1336,#1337);
#1336 = CARTESIAN_POINT('',(203.46119777404,-73.45779040413,0.));
#1337 = VECTOR('',#1338,1.);
#1338 = DIRECTION('',(-1.,0.,0.));
#1339 = ORIENTED_EDGE('',*,*,#1340,.F.);
#1340 = EDGE_CURVE('',#1341,#1333,#1343,.T.);
#1341 = VERTEX_POINT('',#1342);
#1342 = CARTESIAN_POINT('',(242.74864691532,-87.45778712635,0.));
#1343 = LINE('',#1344,#1345);
#1344 = CARTESIAN_POINT('',(242.74864691532,-73.61356035083,0.));
#1345 = VECTOR('',#1346,1.);
#1346 = DIRECTION('',(0.,1.,0.));
#1347 = ORIENTED_EDGE('',*,*,#1348,.F.);
#1348 = EDGE_CURVE('',#1325,#1341,#1349,.T.);
#1349 = LINE('',#1350,#1351);
#1350 = CARTESIAN_POINT('',(196.46119941293,-87.45778712635,0.));
#1351 = VECTOR('',#1352,1.);
#1352 = DIRECTION('',(1.,0.,0.));
#1353 = FACE_BOUND('',#1354,.F.);
#1354 = EDGE_LOOP('',(#1355,#1365,#1373,#1381));
#1355 = ORIENTED_EDGE('',*,*,#1356,.F.);
#1356 = EDGE_CURVE('',#1357,#1359,#1361,.T.);
#1357 = VERTEX_POINT('',#1358);
#1358 = CARTESIAN_POINT('',(247.79864543059,-73.45779040413,0.));
#1359 = VERTEX_POINT('',#1360);
#1360 = CARTESIAN_POINT('',(247.79864543059,-87.45778712635,0.));
#1361 = LINE('',#1362,#1363);
#1362 = CARTESIAN_POINT('',(247.79864543059,-66.61356198972,0.));
#1363 = VECTOR('',#1364,1.);
#1364 = DIRECTION('',(0.,-1.,0.));
#1365 = ORIENTED_EDGE('',*,*,#1366,.F.);
#1366 = EDGE_CURVE('',#1367,#1357,#1369,.T.);
#1367 = VERTEX_POINT('',#1368);
#1368 = CARTESIAN_POINT('',(261.79864215282,-73.45779040413,0.));
#1369 = LINE('',#1370,#1371);
#1370 = CARTESIAN_POINT('',(212.98619539279,-73.45779040413,0.));
#1371 = VECTOR('',#1372,1.);
#1372 = DIRECTION('',(-1.,0.,0.));
#1373 = ORIENTED_EDGE('',*,*,#1374,.F.);
#1374 = EDGE_CURVE('',#1375,#1367,#1377,.T.);
#1375 = VERTEX_POINT('',#1376);
#1376 = CARTESIAN_POINT('',(261.79864215282,-87.45778712635,0.));
#1377 = LINE('',#1378,#1379);
#1378 = CARTESIAN_POINT('',(261.79864215282,-73.61356035083,0.));
#1379 = VECTOR('',#1380,1.);
#1380 = DIRECTION('',(0.,1.,0.));
#1381 = ORIENTED_EDGE('',*,*,#1382,.F.);
#1382 = EDGE_CURVE('',#1359,#1375,#1383,.T.);
#1383 = LINE('',#1384,#1385);
#1384 = CARTESIAN_POINT('',(205.98619703168,-87.45778712635,0.));
#1385 = VECTOR('',#1386,1.);
#1386 = DIRECTION('',(1.,0.,0.));
#1387 = FACE_BOUND('',#1388,.F.);
#1388 = EDGE_LOOP('',(#1389,#1399,#1407,#1415));
#1389 = ORIENTED_EDGE('',*,*,#1390,.F.);
#1390 = EDGE_CURVE('',#1391,#1393,#1395,.T.);
#1391 = VERTEX_POINT('',#1392);
#1392 = CARTESIAN_POINT('',(266.84864066809,-73.45779040413,0.));
#1393 = VERTEX_POINT('',#1394);
#1394 = CARTESIAN_POINT('',(266.84864066809,-87.45778712635,0.));
#1395 = LINE('',#1396,#1397);
#1396 = CARTESIAN_POINT('',(266.84864066809,-66.61356198972,0.));
#1397 = VECTOR('',#1398,1.);
#1398 = DIRECTION('',(0.,-1.,0.));
#1399 = ORIENTED_EDGE('',*,*,#1400,.F.);
#1400 = EDGE_CURVE('',#1401,#1391,#1403,.T.);
#1401 = VERTEX_POINT('',#1402);
#1402 = CARTESIAN_POINT('',(280.84863739032,-73.45779040413,0.));
#1403 = LINE('',#1404,#1405);
#1404 = CARTESIAN_POINT('',(222.51119301154,-73.45779040413,0.));
#1405 = VECTOR('',#1406,1.);
#1406 = DIRECTION('',(-1.,0.,0.));
#1407 = ORIENTED_EDGE('',*,*,#1408,.F.);
#1408 = EDGE_CURVE('',#1409,#1401,#1411,.T.);
#1409 = VERTEX_POINT('',#1410);
#1410 = CARTESIAN_POINT('',(280.84863739032,-87.45778712635,0.));
#1411 = LINE('',#1412,#1413);
#1412 = CARTESIAN_POINT('',(280.84863739032,-73.61356035083,0.));
#1413 = VECTOR('',#1414,1.);
#1414 = DIRECTION('',(0.,1.,0.));
#1415 = ORIENTED_EDGE('',*,*,#1416,.F.);
#1416 = EDGE_CURVE('',#1393,#1409,#1417,.T.);
#1417 = LINE('',#1418,#1419);
#1418 = CARTESIAN_POINT('',(215.51119465043,-87.45778712635,0.));
#1419 = VECTOR('',#1420,1.);
#1420 = DIRECTION('',(1.,0.,0.));
#1421 = FACE_BOUND('',#1422,.F.);
#1422 = EDGE_LOOP('',(#1423,#1433,#1441,#1449,#1457,#1465,#1473,#1481,
    #1489,#1497,#1505,#1513));
#1423 = ORIENTED_EDGE('',*,*,#1424,.T.);
#1424 = EDGE_CURVE('',#1425,#1427,#1429,.T.);
#1425 = VERTEX_POINT('',#1426);
#1426 = CARTESIAN_POINT('',(289.13308520809,-63.93279278538,0.));
#1427 = VERTEX_POINT('',#1428);
#1428 = CARTESIAN_POINT('',(289.13308520809,-55.60279431232,0.));
#1429 = LINE('',#1430,#1431);
#1430 = CARTESIAN_POINT('',(289.13308520809,-61.85106318035,0.));
#1431 = VECTOR('',#1432,1.);
#1432 = DIRECTION('',(0.,1.,0.));
#1433 = ORIENTED_EDGE('',*,*,#1434,.T.);
#1434 = EDGE_CURVE('',#1427,#1435,#1437,.T.);
#1435 = VERTEX_POINT('',#1436);
#1436 = CARTESIAN_POINT('',(301.42668213469,-55.60279431232,0.));
#1437 = LINE('',#1438,#1439);
#1438 = CARTESIAN_POINT('',(226.65341692043,-55.60279431232,0.));
#1439 = VECTOR('',#1440,1.);
#1440 = DIRECTION('',(1.,5.8E-16,0.));
#1441 = ORIENTED_EDGE('',*,*,#1442,.T.);
#1442 = EDGE_CURVE('',#1435,#1443,#1445,.T.);
#1443 = VERTEX_POINT('',#1444);
#1444 = CARTESIAN_POINT('',(301.42668213469,-63.93279278538,0.));
#1445 = LINE('',#1446,#1447);
#1446 = CARTESIAN_POINT('',(301.42668213469,-57.68606394382,0.));
#1447 = VECTOR('',#1448,1.);
#1448 = DIRECTION('',(6.82E-15,-1.,0.));
#1449 = ORIENTED_EDGE('',*,*,#1450,.T.);
#1450 = EDGE_CURVE('',#1443,#1451,#1453,.T.);
#1451 = VERTEX_POINT('',#1452);
#1452 = CARTESIAN_POINT('',(302.2798820325,-63.93279278538,0.));
#1453 = LINE('',#1454,#1455);
#1454 = CARTESIAN_POINT('',(232.80021538373,-63.93279278537,0.));
#1455 = VECTOR('',#1456,1.);
#1456 = DIRECTION('',(1.,-2.498E-14,0.));
#1457 = ORIENTED_EDGE('',*,*,#1458,.T.);
#1458 = EDGE_CURVE('',#1451,#1459,#1461,.T.);
#1459 = VERTEX_POINT('',#1460);
#1460 = CARTESIAN_POINT('',(302.2798820325,-77.9327895076,0.));
#1461 = LINE('',#1462,#1463);
#1462 = CARTESIAN_POINT('',(302.2798820325,-61.85106318035,0.));
#1463 = VECTOR('',#1464,1.);
#1464 = DIRECTION('',(0.,-1.,0.));
#1465 = ORIENTED_EDGE('',*,*,#1466,.T.);
#1466 = EDGE_CURVE('',#1459,#1467,#1469,.T.);
#1467 = VERTEX_POINT('',#1468);
#1468 = CARTESIAN_POINT('',(301.42668213469,-77.9327895076,0.));
#1469 = LINE('',#1470,#1471);
#1470 = CARTESIAN_POINT('',(233.22681533263,-77.9327895076,0.));
#1471 = VECTOR('',#1472,1.);
#1472 = DIRECTION('',(-1.,0.,0.));
#1473 = ORIENTED_EDGE('',*,*,#1474,.T.);
#1474 = EDGE_CURVE('',#1467,#1475,#1477,.T.);
#1475 = VERTEX_POINT('',#1476);
#1476 = CARTESIAN_POINT('',(301.42668213469,-86.26278798065,0.));
#1477 = LINE('',#1478,#1479);
#1478 = CARTESIAN_POINT('',(301.42668213469,-68.85106154146,0.));
#1479 = VECTOR('',#1480,1.);
#1480 = DIRECTION('',(-1.365E-14,-1.,0.));
#1481 = ORIENTED_EDGE('',*,*,#1482,.T.);
#1482 = EDGE_CURVE('',#1475,#1483,#1485,.T.);
#1483 = VERTEX_POINT('',#1484);
#1484 = CARTESIAN_POINT('',(289.13308520809,-86.26278798065,0.));
#1485 = LINE('',#1486,#1487);
#1486 = CARTESIAN_POINT('',(232.80021538373,-86.26278798065,0.));
#1487 = VECTOR('',#1488,1.);
#1488 = DIRECTION('',(-1.,0.,0.));
#1489 = ORIENTED_EDGE('',*,*,#1490,.T.);
#1490 = EDGE_CURVE('',#1483,#1491,#1493,.T.);
#1491 = VERTEX_POINT('',#1492);
#1492 = CARTESIAN_POINT('',(289.13308520809,-77.9327895076,0.));
#1493 = LINE('',#1494,#1495);
#1494 = CARTESIAN_POINT('',(289.13308520809,-73.01606077798,0.));
#1495 = VECTOR('',#1496,1.);
#1496 = DIRECTION('',(0.,1.,0.));
#1497 = ORIENTED_EDGE('',*,*,#1498,.T.);
#1498 = EDGE_CURVE('',#1491,#1499,#1501,.T.);
#1499 = VERTEX_POINT('',#1500);
#1500 = CARTESIAN_POINT('',(288.27988531028,-77.9327895076,0.));
#1501 = LINE('',#1502,#1503);
#1502 = CARTESIAN_POINT('',(226.65341692043,-77.9327895076,0.));
#1503 = VECTOR('',#1504,1.);
#1504 = DIRECTION('',(-1.,0.,0.));
#1505 = ORIENTED_EDGE('',*,*,#1506,.T.);
#1506 = EDGE_CURVE('',#1499,#1507,#1509,.T.);
#1507 = VERTEX_POINT('',#1508);
#1508 = CARTESIAN_POINT('',(288.27988531028,-63.93279278538,0.));
#1509 = LINE('',#1510,#1511);
#1510 = CARTESIAN_POINT('',(288.27988531028,-68.85106154146,0.));
#1511 = VECTOR('',#1512,1.);
#1512 = DIRECTION('',(4.06E-15,1.,0.));
#1513 = ORIENTED_EDGE('',*,*,#1514,.T.);
#1514 = EDGE_CURVE('',#1507,#1425,#1515,.T.);
#1515 = LINE('',#1516,#1517);
#1516 = CARTESIAN_POINT('',(226.22681697152,-63.93279278538,0.));
#1517 = VECTOR('',#1518,1.);
#1518 = DIRECTION('',(1.,0.,0.));
#1519 = FACE_BOUND('',#1520,.F.);
#1520 = EDGE_LOOP('',(#1521,#1531,#1539,#1547));
#1521 = ORIENTED_EDGE('',*,*,#1522,.F.);
#1522 = EDGE_CURVE('',#1523,#1525,#1527,.T.);
#1523 = VERTEX_POINT('',#1524);
#1524 = CARTESIAN_POINT('',(28.723700199348,-54.40779516663,0.));
#1525 = VERTEX_POINT('',#1526);
#1526 = CARTESIAN_POINT('',(28.723700199348,-68.40779188885,0.));
#1527 = LINE('',#1528,#1529);
#1528 = CARTESIAN_POINT('',(28.723700199348,-57.08856437097,0.));
#1529 = VECTOR('',#1530,1.);
#1530 = DIRECTION('',(0.,-1.,0.));
#1531 = ORIENTED_EDGE('',*,*,#1532,.F.);
#1532 = EDGE_CURVE('',#1533,#1523,#1535,.T.);
#1533 = VERTEX_POINT('',#1534);
#1534 = CARTESIAN_POINT('',(42.72369692157,-54.40779516663,0.));
#1535 = LINE('',#1536,#1537);
#1536 = CARTESIAN_POINT('',(103.44872277717,-54.40779516663,0.));
#1537 = VECTOR('',#1538,1.);
#1538 = DIRECTION('',(-1.,0.,0.));
#1539 = ORIENTED_EDGE('',*,*,#1540,.F.);
#1540 = EDGE_CURVE('',#1541,#1533,#1543,.T.);
#1541 = VERTEX_POINT('',#1542);
#1542 = CARTESIAN_POINT('',(42.72369692157,-68.40779188885,0.));
#1543 = LINE('',#1544,#1545);
#1544 = CARTESIAN_POINT('',(42.72369692157,-64.08856273208,0.));
#1545 = VECTOR('',#1546,1.);
#1546 = DIRECTION('',(0.,1.,0.));
#1547 = ORIENTED_EDGE('',*,*,#1548,.F.);
#1548 = EDGE_CURVE('',#1525,#1541,#1549,.T.);
#1549 = LINE('',#1550,#1551);
#1550 = CARTESIAN_POINT('',(96.448724416059,-68.40779188885,0.));
#1551 = VECTOR('',#1552,1.);
#1552 = DIRECTION('',(1.,0.,0.));
#1553 = FACE_BOUND('',#1554,.F.);
#1554 = EDGE_LOOP('',(#1555,#1565,#1573,#1581));
#1555 = ORIENTED_EDGE('',*,*,#1556,.F.);
#1556 = EDGE_CURVE('',#1557,#1559,#1561,.T.);
#1557 = VERTEX_POINT('',#1558);
#1558 = CARTESIAN_POINT('',(52.536194246223,-54.40779516663,0.));
#1559 = VERTEX_POINT('',#1560);
#1560 = CARTESIAN_POINT('',(52.536194246223,-68.40779188885,0.));
#1561 = LINE('',#1562,#1563);
#1562 = CARTESIAN_POINT('',(52.536194246223,-57.08856437097,0.));
#1563 = VECTOR('',#1564,1.);
#1564 = DIRECTION('',(0.,-1.,0.));
#1565 = ORIENTED_EDGE('',*,*,#1566,.F.);
#1566 = EDGE_CURVE('',#1567,#1557,#1569,.T.);
#1567 = VERTEX_POINT('',#1568);
#1568 = CARTESIAN_POINT('',(66.536190968445,-54.40779516663,0.));
#1569 = LINE('',#1570,#1571);
#1570 = CARTESIAN_POINT('',(115.3549698006,-54.40779516663,0.));
#1571 = VECTOR('',#1572,1.);
#1572 = DIRECTION('',(-1.,0.,0.));
#1573 = ORIENTED_EDGE('',*,*,#1574,.F.);
#1574 = EDGE_CURVE('',#1575,#1567,#1577,.T.);
#1575 = VERTEX_POINT('',#1576);
#1576 = CARTESIAN_POINT('',(66.536190968445,-68.40779188885,0.));
#1577 = LINE('',#1578,#1579);
#1578 = CARTESIAN_POINT('',(66.536190968445,-64.08856273208,0.));
#1579 = VECTOR('',#1580,1.);
#1580 = DIRECTION('',(0.,1.,0.));
#1581 = ORIENTED_EDGE('',*,*,#1582,.F.);
#1582 = EDGE_CURVE('',#1559,#1575,#1583,.T.);
#1583 = LINE('',#1584,#1585);
#1584 = CARTESIAN_POINT('',(108.35497143949,-68.40779188885,0.));
#1585 = VECTOR('',#1586,1.);
#1586 = DIRECTION('',(1.,0.,0.));
#1587 = FACE_BOUND('',#1588,.F.);
#1588 = EDGE_LOOP('',(#1589,#1599,#1607,#1615));
#1589 = ORIENTED_EDGE('',*,*,#1590,.F.);
#1590 = EDGE_CURVE('',#1591,#1593,#1595,.T.);
#1591 = VERTEX_POINT('',#1592);
#1592 = CARTESIAN_POINT('',(71.586189483723,-54.40779516663,0.));
#1593 = VERTEX_POINT('',#1594);
#1594 = CARTESIAN_POINT('',(71.586189483723,-68.40779188885,0.));
#1595 = LINE('',#1596,#1597);
#1596 = CARTESIAN_POINT('',(71.586189483723,-57.08856437097,0.));
#1597 = VECTOR('',#1598,1.);
#1598 = DIRECTION('',(0.,-1.,0.));
#1599 = ORIENTED_EDGE('',*,*,#1600,.F.);
#1600 = EDGE_CURVE('',#1601,#1591,#1603,.T.);
#1601 = VERTEX_POINT('',#1602);
#1602 = CARTESIAN_POINT('',(85.586186205945,-54.40779516663,0.));
#1603 = LINE('',#1604,#1605);
#1604 = CARTESIAN_POINT('',(124.87996741935,-54.40779516663,0.));
#1605 = VECTOR('',#1606,1.);
#1606 = DIRECTION('',(-1.,0.,0.));
#1607 = ORIENTED_EDGE('',*,*,#1608,.F.);
#1608 = EDGE_CURVE('',#1609,#1601,#1611,.T.);
#1609 = VERTEX_POINT('',#1610);
#1610 = CARTESIAN_POINT('',(85.586186205945,-68.40779188885,0.));
#1611 = LINE('',#1612,#1613);
#1612 = CARTESIAN_POINT('',(85.586186205945,-64.08856273208,0.));
#1613 = VECTOR('',#1614,1.);
#1614 = DIRECTION('',(0.,1.,0.));
#1615 = ORIENTED_EDGE('',*,*,#1616,.F.);
#1616 = EDGE_CURVE('',#1593,#1609,#1617,.T.);
#1617 = LINE('',#1618,#1619);
#1618 = CARTESIAN_POINT('',(117.87996905824,-68.40779188885,0.));
#1619 = VECTOR('',#1620,1.);
#1620 = DIRECTION('',(1.,0.,0.));
#1621 = FACE_BOUND('',#1622,.F.);
#1622 = EDGE_LOOP('',(#1623,#1633,#1641,#1649));
#1623 = ORIENTED_EDGE('',*,*,#1624,.F.);
#1624 = EDGE_CURVE('',#1625,#1627,#1629,.T.);
#1625 = VERTEX_POINT('',#1626);
#1626 = CARTESIAN_POINT('',(23.961201389973,-35.35779992913,0.));
#1627 = VERTEX_POINT('',#1628);
#1628 = CARTESIAN_POINT('',(23.961201389973,-49.35779665135,0.));
#1629 = LINE('',#1630,#1631);
#1630 = CARTESIAN_POINT('',(23.961201389973,-47.56356675222,0.));
#1631 = VECTOR('',#1632,1.);
#1632 = DIRECTION('',(0.,-1.,0.));
#1633 = ORIENTED_EDGE('',*,*,#1634,.F.);
#1634 = EDGE_CURVE('',#1635,#1625,#1637,.T.);
#1635 = VERTEX_POINT('',#1636);
#1636 = CARTESIAN_POINT('',(37.961198112195,-35.35779992913,0.));
#1637 = LINE('',#1638,#1639);
#1638 = CARTESIAN_POINT('',(101.06747337248,-35.35779992913,0.));
#1639 = VECTOR('',#1640,1.);
#1640 = DIRECTION('',(-1.,0.,0.));
#1641 = ORIENTED_EDGE('',*,*,#1642,.F.);
#1642 = EDGE_CURVE('',#1643,#1635,#1645,.T.);
#1643 = VERTEX_POINT('',#1644);
#1644 = CARTESIAN_POINT('',(37.961198112195,-49.35779665135,0.));
#1645 = LINE('',#1646,#1647);
#1646 = CARTESIAN_POINT('',(37.961198112195,-54.56356511333,0.));
#1647 = VECTOR('',#1648,1.);
#1648 = DIRECTION('',(0.,1.,0.));
#1649 = ORIENTED_EDGE('',*,*,#1650,.F.);
#1650 = EDGE_CURVE('',#1627,#1643,#1651,.T.);
#1651 = LINE('',#1652,#1653);
#1652 = CARTESIAN_POINT('',(94.067475011371,-49.35779665135,0.));
#1653 = VECTOR('',#1654,1.);
#1654 = DIRECTION('',(1.,0.,0.));
#1655 = FACE_BOUND('',#1656,.F.);
#1656 = EDGE_LOOP('',(#1657,#1667,#1675,#1683));
#1657 = ORIENTED_EDGE('',*,*,#1658,.F.);
#1658 = EDGE_CURVE('',#1659,#1661,#1663,.T.);
#1659 = VERTEX_POINT('',#1660);
#1660 = CARTESIAN_POINT('',(43.011196627473,-35.35779992913,0.));
#1661 = VERTEX_POINT('',#1662);
#1662 = CARTESIAN_POINT('',(43.011196627473,-49.35779665135,0.));
#1663 = LINE('',#1664,#1665);
#1664 = CARTESIAN_POINT('',(43.011196627473,-47.56356675222,0.));
#1665 = VECTOR('',#1666,1.);
#1666 = DIRECTION('',(0.,-1.,0.));
#1667 = ORIENTED_EDGE('',*,*,#1668,.F.);
#1668 = EDGE_CURVE('',#1669,#1659,#1671,.T.);
#1669 = VERTEX_POINT('',#1670);
#1670 = CARTESIAN_POINT('',(57.011193349695,-35.35779992913,0.));
#1671 = LINE('',#1672,#1673);
#1672 = CARTESIAN_POINT('',(110.59247099123,-35.35779992913,0.));
#1673 = VECTOR('',#1674,1.);
#1674 = DIRECTION('',(-1.,0.,0.));
#1675 = ORIENTED_EDGE('',*,*,#1676,.F.);
#1676 = EDGE_CURVE('',#1677,#1669,#1679,.T.);
#1677 = VERTEX_POINT('',#1678);
#1678 = CARTESIAN_POINT('',(57.011193349695,-49.35779665135,0.));
#1679 = LINE('',#1680,#1681);
#1680 = CARTESIAN_POINT('',(57.011193349695,-54.56356511333,0.));
#1681 = VECTOR('',#1682,1.);
#1682 = DIRECTION('',(0.,1.,0.));
#1683 = ORIENTED_EDGE('',*,*,#1684,.F.);
#1684 = EDGE_CURVE('',#1661,#1677,#1685,.T.);
#1685 = LINE('',#1686,#1687);
#1686 = CARTESIAN_POINT('',(103.59247263012,-49.35779665135,0.));
#1687 = VECTOR('',#1688,1.);
#1688 = DIRECTION('',(1.,0.,0.));
#1689 = FACE_BOUND('',#1690,.F.);
#1690 = EDGE_LOOP('',(#1691,#1701,#1709,#1717));
#1691 = ORIENTED_EDGE('',*,*,#1692,.F.);
#1692 = EDGE_CURVE('',#1693,#1695,#1697,.T.);
#1693 = VERTEX_POINT('',#1694);
#1694 = CARTESIAN_POINT('',(62.061191864973,-35.35779992913,0.));
#1695 = VERTEX_POINT('',#1696);
#1696 = CARTESIAN_POINT('',(62.061191864973,-49.35779665135,0.));
#1697 = LINE('',#1698,#1699);
#1698 = CARTESIAN_POINT('',(62.061191864973,-47.56356675222,0.));
#1699 = VECTOR('',#1700,1.);
#1700 = DIRECTION('',(0.,-1.,0.));
#1701 = ORIENTED_EDGE('',*,*,#1702,.F.);
#1702 = EDGE_CURVE('',#1703,#1693,#1705,.T.);
#1703 = VERTEX_POINT('',#1704);
#1704 = CARTESIAN_POINT('',(76.061188587195,-35.35779992913,0.));
#1705 = LINE('',#1706,#1707);
#1706 = CARTESIAN_POINT('',(120.11746860998,-35.35779992913,0.));
#1707 = VECTOR('',#1708,1.);
#1708 = DIRECTION('',(-1.,0.,0.));
#1709 = ORIENTED_EDGE('',*,*,#1710,.F.);
#1710 = EDGE_CURVE('',#1711,#1703,#1713,.T.);
#1711 = VERTEX_POINT('',#1712);
#1712 = CARTESIAN_POINT('',(76.061188587195,-49.35779665135,0.));
#1713 = LINE('',#1714,#1715);
#1714 = CARTESIAN_POINT('',(76.061188587195,-54.56356511333,0.));
#1715 = VECTOR('',#1716,1.);
#1716 = DIRECTION('',(0.,1.,0.));
#1717 = ORIENTED_EDGE('',*,*,#1718,.F.);
#1718 = EDGE_CURVE('',#1695,#1711,#1719,.T.);
#1719 = LINE('',#1720,#1721);
#1720 = CARTESIAN_POINT('',(113.11747024887,-49.35779665135,0.));
#1721 = VECTOR('',#1722,1.);
#1722 = DIRECTION('',(1.,0.,0.));
#1723 = FACE_BOUND('',#1724,.F.);
#1724 = EDGE_LOOP('',(#1725,#1735,#1743,#1751));
#1725 = ORIENTED_EDGE('',*,*,#1726,.F.);
#1726 = EDGE_CURVE('',#1727,#1729,#1731,.T.);
#1727 = VERTEX_POINT('',#1728);
#1728 = CARTESIAN_POINT('',(90.636184721223,-54.40779516663,0.));
#1729 = VERTEX_POINT('',#1730);
#1730 = CARTESIAN_POINT('',(90.636184721223,-68.40779188885,0.));
#1731 = LINE('',#1732,#1733);
#1732 = CARTESIAN_POINT('',(90.636184721223,-57.08856437097,0.));
#1733 = VECTOR('',#1734,1.);
#1734 = DIRECTION('',(0.,-1.,0.));
#1735 = ORIENTED_EDGE('',*,*,#1736,.F.);
#1736 = EDGE_CURVE('',#1737,#1727,#1739,.T.);
#1737 = VERTEX_POINT('',#1738);
#1738 = CARTESIAN_POINT('',(104.63618144344,-54.40779516663,0.));
#1739 = LINE('',#1740,#1741);
#1740 = CARTESIAN_POINT('',(134.4049650381,-54.40779516663,0.));
#1741 = VECTOR('',#1742,1.);
#1742 = DIRECTION('',(-1.,0.,0.));
#1743 = ORIENTED_EDGE('',*,*,#1744,.F.);
#1744 = EDGE_CURVE('',#1745,#1737,#1747,.T.);
#1745 = VERTEX_POINT('',#1746);
#1746 = CARTESIAN_POINT('',(104.63618144344,-68.40779188885,0.));
#1747 = LINE('',#1748,#1749);
#1748 = CARTESIAN_POINT('',(104.63618144344,-64.08856273208,0.));
#1749 = VECTOR('',#1750,1.);
#1750 = DIRECTION('',(0.,1.,0.));
#1751 = ORIENTED_EDGE('',*,*,#1752,.F.);
#1752 = EDGE_CURVE('',#1729,#1745,#1753,.T.);
#1753 = LINE('',#1754,#1755);
#1754 = CARTESIAN_POINT('',(127.40496667699,-68.40779188885,0.));
#1755 = VECTOR('',#1756,1.);
#1756 = DIRECTION('',(1.,0.,0.));
#1757 = FACE_BOUND('',#1758,.F.);
#1758 = EDGE_LOOP('',(#1759,#1769,#1777,#1785));
#1759 = ORIENTED_EDGE('',*,*,#1760,.F.);
#1760 = EDGE_CURVE('',#1761,#1763,#1765,.T.);
#1761 = VERTEX_POINT('',#1762);
#1762 = CARTESIAN_POINT('',(109.68617995872,-54.40779516663,0.));
#1763 = VERTEX_POINT('',#1764);
#1764 = CARTESIAN_POINT('',(109.68617995872,-68.40779188885,0.));
#1765 = LINE('',#1766,#1767);
#1766 = CARTESIAN_POINT('',(109.68617995872,-57.08856437097,0.));
#1767 = VECTOR('',#1768,1.);
#1768 = DIRECTION('',(0.,-1.,0.));
#1769 = ORIENTED_EDGE('',*,*,#1770,.F.);
#1770 = EDGE_CURVE('',#1771,#1761,#1773,.T.);
#1771 = VERTEX_POINT('',#1772);
#1772 = CARTESIAN_POINT('',(123.68617668094,-54.40779516663,0.));
#1773 = LINE('',#1774,#1775);
#1774 = CARTESIAN_POINT('',(143.92996265685,-54.40779516663,0.));
#1775 = VECTOR('',#1776,1.);
#1776 = DIRECTION('',(-1.,0.,0.));
#1777 = ORIENTED_EDGE('',*,*,#1778,.F.);
#1778 = EDGE_CURVE('',#1779,#1771,#1781,.T.);
#1779 = VERTEX_POINT('',#1780);
#1780 = CARTESIAN_POINT('',(123.68617668094,-68.40779188885,0.));
#1781 = LINE('',#1782,#1783);
#1782 = CARTESIAN_POINT('',(123.68617668094,-64.08856273208,0.));
#1783 = VECTOR('',#1784,1.);
#1784 = DIRECTION('',(0.,1.,0.));
#1785 = ORIENTED_EDGE('',*,*,#1786,.F.);
#1786 = EDGE_CURVE('',#1763,#1779,#1787,.T.);
#1787 = LINE('',#1788,#1789);
#1788 = CARTESIAN_POINT('',(136.92996429574,-68.40779188885,0.));
#1789 = VECTOR('',#1790,1.);
#1790 = DIRECTION('',(1.,0.,0.));
#1791 = FACE_BOUND('',#1792,.F.);
#1792 = EDGE_LOOP('',(#1793,#1803,#1811,#1819));
#1793 = ORIENTED_EDGE('',*,*,#1794,.F.);
#1794 = EDGE_CURVE('',#1795,#1797,#1799,.T.);
#1795 = VERTEX_POINT('',#1796);
#1796 = CARTESIAN_POINT('',(128.73617519622,-54.40779516663,0.));
#1797 = VERTEX_POINT('',#1798);
#1798 = CARTESIAN_POINT('',(128.73617519622,-68.40779188885,0.));
#1799 = LINE('',#1800,#1801);
#1800 = CARTESIAN_POINT('',(128.73617519622,-57.08856437097,0.));
#1801 = VECTOR('',#1802,1.);
#1802 = DIRECTION('',(0.,-1.,0.));
#1803 = ORIENTED_EDGE('',*,*,#1804,.F.);
#1804 = EDGE_CURVE('',#1805,#1795,#1807,.T.);
#1805 = VERTEX_POINT('',#1806);
#1806 = CARTESIAN_POINT('',(142.73617191844,-54.40779516663,0.));
#1807 = LINE('',#1808,#1809);
#1808 = CARTESIAN_POINT('',(153.4549602756,-54.40779516663,0.));
#1809 = VECTOR('',#1810,1.);
#1810 = DIRECTION('',(-1.,0.,0.));
#1811 = ORIENTED_EDGE('',*,*,#1812,.F.);
#1812 = EDGE_CURVE('',#1813,#1805,#1815,.T.);
#1813 = VERTEX_POINT('',#1814);
#1814 = CARTESIAN_POINT('',(142.73617191844,-68.40779188885,0.));
#1815 = LINE('',#1816,#1817);
#1816 = CARTESIAN_POINT('',(142.73617191844,-64.08856273208,0.));
#1817 = VECTOR('',#1818,1.);
#1818 = DIRECTION('',(0.,1.,0.));
#1819 = ORIENTED_EDGE('',*,*,#1820,.F.);
#1820 = EDGE_CURVE('',#1797,#1813,#1821,.T.);
#1821 = LINE('',#1822,#1823);
#1822 = CARTESIAN_POINT('',(146.45496191449,-68.40779188885,0.));
#1823 = VECTOR('',#1824,1.);
#1824 = DIRECTION('',(1.,0.,0.));
#1825 = FACE_BOUND('',#1826,.F.);
#1826 = EDGE_LOOP('',(#1827,#1837,#1845,#1853));
#1827 = ORIENTED_EDGE('',*,*,#1828,.F.);
#1828 = EDGE_CURVE('',#1829,#1831,#1833,.T.);
#1829 = VERTEX_POINT('',#1830);
#1830 = CARTESIAN_POINT('',(147.78617043372,-54.40779516663,0.));
#1831 = VERTEX_POINT('',#1832);
#1832 = CARTESIAN_POINT('',(147.78617043372,-68.40779188885,0.));
#1833 = LINE('',#1834,#1835);
#1834 = CARTESIAN_POINT('',(147.78617043372,-57.08856437097,0.));
#1835 = VECTOR('',#1836,1.);
#1836 = DIRECTION('',(0.,-1.,0.));
#1837 = ORIENTED_EDGE('',*,*,#1838,.F.);
#1838 = EDGE_CURVE('',#1839,#1829,#1841,.T.);
#1839 = VERTEX_POINT('',#1840);
#1840 = CARTESIAN_POINT('',(161.78616715594,-54.40779516663,0.));
#1841 = LINE('',#1842,#1843);
#1842 = CARTESIAN_POINT('',(162.97995789435,-54.40779516663,0.));
#1843 = VECTOR('',#1844,1.);
#1844 = DIRECTION('',(-1.,0.,0.));
#1845 = ORIENTED_EDGE('',*,*,#1846,.F.);
#1846 = EDGE_CURVE('',#1847,#1839,#1849,.T.);
#1847 = VERTEX_POINT('',#1848);
#1848 = CARTESIAN_POINT('',(161.78616715594,-68.40779188885,0.));
#1849 = LINE('',#1850,#1851);
#1850 = CARTESIAN_POINT('',(161.78616715594,-64.08856273208,0.));
#1851 = VECTOR('',#1852,1.);
#1852 = DIRECTION('',(0.,1.,0.));
#1853 = ORIENTED_EDGE('',*,*,#1854,.F.);
#1854 = EDGE_CURVE('',#1831,#1847,#1855,.T.);
#1855 = LINE('',#1856,#1857);
#1856 = CARTESIAN_POINT('',(155.97995953324,-68.40779188885,0.));
#1857 = VECTOR('',#1858,1.);
#1858 = DIRECTION('',(1.,0.,0.));
#1859 = FACE_BOUND('',#1860,.F.);
#1860 = EDGE_LOOP('',(#1861,#1871,#1879,#1887));
#1861 = ORIENTED_EDGE('',*,*,#1862,.F.);
#1862 = EDGE_CURVE('',#1863,#1865,#1867,.T.);
#1863 = VERTEX_POINT('',#1864);
#1864 = CARTESIAN_POINT('',(81.111187102473,-35.35779992913,0.));
#1865 = VERTEX_POINT('',#1866);
#1866 = CARTESIAN_POINT('',(81.111187102473,-49.35779665135,0.));
#1867 = LINE('',#1868,#1869);
#1868 = CARTESIAN_POINT('',(81.111187102473,-47.56356675222,0.));
#1869 = VECTOR('',#1870,1.);
#1870 = DIRECTION('',(0.,-1.,0.));
#1871 = ORIENTED_EDGE('',*,*,#1872,.F.);
#1872 = EDGE_CURVE('',#1873,#1863,#1875,.T.);
#1873 = VERTEX_POINT('',#1874);
#1874 = CARTESIAN_POINT('',(95.111183824695,-35.35779992913,0.));
#1875 = LINE('',#1876,#1877);
#1876 = CARTESIAN_POINT('',(129.64246622873,-35.35779992913,0.));
#1877 = VECTOR('',#1878,1.);
#1878 = DIRECTION('',(-1.,0.,0.));
#1879 = ORIENTED_EDGE('',*,*,#1880,.F.);
#1880 = EDGE_CURVE('',#1881,#1873,#1883,.T.);
#1881 = VERTEX_POINT('',#1882);
#1882 = CARTESIAN_POINT('',(95.111183824695,-49.35779665135,0.));
#1883 = LINE('',#1884,#1885);
#1884 = CARTESIAN_POINT('',(95.111183824695,-54.56356511333,0.));
#1885 = VECTOR('',#1886,1.);
#1886 = DIRECTION('',(0.,1.,0.));
#1887 = ORIENTED_EDGE('',*,*,#1888,.F.);
#1888 = EDGE_CURVE('',#1865,#1881,#1889,.T.);
#1889 = LINE('',#1890,#1891);
#1890 = CARTESIAN_POINT('',(122.64246786762,-49.35779665135,0.));
#1891 = VECTOR('',#1892,1.);
#1892 = DIRECTION('',(1.,0.,0.));
#1893 = FACE_BOUND('',#1894,.F.);
#1894 = EDGE_LOOP('',(#1895,#1905,#1913,#1921));
#1895 = ORIENTED_EDGE('',*,*,#1896,.F.);
#1896 = EDGE_CURVE('',#1897,#1899,#1901,.T.);
#1897 = VERTEX_POINT('',#1898);
#1898 = CARTESIAN_POINT('',(100.16118233997,-35.35779992913,0.));
#1899 = VERTEX_POINT('',#1900);
#1900 = CARTESIAN_POINT('',(100.16118233997,-49.35779665135,0.));
#1901 = LINE('',#1902,#1903);
#1902 = CARTESIAN_POINT('',(100.16118233997,-47.56356675222,0.));
#1903 = VECTOR('',#1904,1.);
#1904 = DIRECTION('',(0.,-1.,0.));
#1905 = ORIENTED_EDGE('',*,*,#1906,.F.);
#1906 = EDGE_CURVE('',#1907,#1897,#1909,.T.);
#1907 = VERTEX_POINT('',#1908);
#1908 = CARTESIAN_POINT('',(114.16117906219,-35.35779992913,0.));
#1909 = LINE('',#1910,#1911);
#1910 = CARTESIAN_POINT('',(139.16746384748,-35.35779992913,0.));
#1911 = VECTOR('',#1912,1.);
#1912 = DIRECTION('',(-1.,0.,0.));
#1913 = ORIENTED_EDGE('',*,*,#1914,.F.);
#1914 = EDGE_CURVE('',#1915,#1907,#1917,.T.);
#1915 = VERTEX_POINT('',#1916);
#1916 = CARTESIAN_POINT('',(114.16117906219,-49.35779665135,0.));
#1917 = LINE('',#1918,#1919);
#1918 = CARTESIAN_POINT('',(114.16117906219,-54.56356511333,0.));
#1919 = VECTOR('',#1920,1.);
#1920 = DIRECTION('',(0.,1.,0.));
#1921 = ORIENTED_EDGE('',*,*,#1922,.F.);
#1922 = EDGE_CURVE('',#1899,#1915,#1923,.T.);
#1923 = LINE('',#1924,#1925);
#1924 = CARTESIAN_POINT('',(132.16746548637,-49.35779665135,0.));
#1925 = VECTOR('',#1926,1.);
#1926 = DIRECTION('',(1.,0.,0.));
#1927 = FACE_BOUND('',#1928,.F.);
#1928 = EDGE_LOOP('',(#1929,#1939,#1947,#1955));
#1929 = ORIENTED_EDGE('',*,*,#1930,.F.);
#1930 = EDGE_CURVE('',#1931,#1933,#1935,.T.);
#1931 = VERTEX_POINT('',#1932);
#1932 = CARTESIAN_POINT('',(119.21117757747,-35.35779992913,0.));
#1933 = VERTEX_POINT('',#1934);
#1934 = CARTESIAN_POINT('',(119.21117757747,-49.35779665135,0.));
#1935 = LINE('',#1936,#1937);
#1936 = CARTESIAN_POINT('',(119.21117757747,-47.56356675222,0.));
#1937 = VECTOR('',#1938,1.);
#1938 = DIRECTION('',(0.,-1.,0.));
#1939 = ORIENTED_EDGE('',*,*,#1940,.F.);
#1940 = EDGE_CURVE('',#1941,#1931,#1943,.T.);
#1941 = VERTEX_POINT('',#1942);
#1942 = CARTESIAN_POINT('',(133.21117429969,-35.35779992913,0.));
#1943 = LINE('',#1944,#1945);
#1944 = CARTESIAN_POINT('',(148.69246146623,-35.35779992913,0.));
#1945 = VECTOR('',#1946,1.);
#1946 = DIRECTION('',(-1.,0.,0.));
#1947 = ORIENTED_EDGE('',*,*,#1948,.F.);
#1948 = EDGE_CURVE('',#1949,#1941,#1951,.T.);
#1949 = VERTEX_POINT('',#1950);
#1950 = CARTESIAN_POINT('',(133.21117429969,-49.35779665135,0.));
#1951 = LINE('',#1952,#1953);
#1952 = CARTESIAN_POINT('',(133.21117429969,-54.56356511333,0.));
#1953 = VECTOR('',#1954,1.);
#1954 = DIRECTION('',(0.,1.,0.));
#1955 = ORIENTED_EDGE('',*,*,#1956,.F.);
#1956 = EDGE_CURVE('',#1933,#1949,#1957,.T.);
#1957 = LINE('',#1958,#1959);
#1958 = CARTESIAN_POINT('',(141.69246310512,-49.35779665135,0.));
#1959 = VECTOR('',#1960,1.);
#1960 = DIRECTION('',(1.,0.,0.));
#1961 = FACE_BOUND('',#1962,.F.);
#1962 = EDGE_LOOP('',(#1963,#1973,#1981,#1989));
#1963 = ORIENTED_EDGE('',*,*,#1964,.F.);
#1964 = EDGE_CURVE('',#1965,#1967,#1969,.T.);
#1965 = VERTEX_POINT('',#1966);
#1966 = CARTESIAN_POINT('',(138.26117281497,-35.35779992913,0.));
#1967 = VERTEX_POINT('',#1968);
#1968 = CARTESIAN_POINT('',(138.26117281497,-49.35779665135,0.));
#1969 = LINE('',#1970,#1971);
#1970 = CARTESIAN_POINT('',(138.26117281497,-47.56356675222,0.));
#1971 = VECTOR('',#1972,1.);
#1972 = DIRECTION('',(0.,-1.,0.));
#1973 = ORIENTED_EDGE('',*,*,#1974,.F.);
#1974 = EDGE_CURVE('',#1975,#1965,#1977,.T.);
#1975 = VERTEX_POINT('',#1976);
#1976 = CARTESIAN_POINT('',(152.26116953719,-35.35779992913,0.));
#1977 = LINE('',#1978,#1979);
#1978 = CARTESIAN_POINT('',(158.21745908498,-35.35779992913,0.));
#1979 = VECTOR('',#1980,1.);
#1980 = DIRECTION('',(-1.,0.,0.));
#1981 = ORIENTED_EDGE('',*,*,#1982,.F.);
#1982 = EDGE_CURVE('',#1983,#1975,#1985,.T.);
#1983 = VERTEX_POINT('',#1984);
#1984 = CARTESIAN_POINT('',(152.26116953719,-49.35779665135,0.));
#1985 = LINE('',#1986,#1987);
#1986 = CARTESIAN_POINT('',(152.26116953719,-54.56356511333,0.));
#1987 = VECTOR('',#1988,1.);
#1988 = DIRECTION('',(0.,1.,0.));
#1989 = ORIENTED_EDGE('',*,*,#1990,.F.);
#1990 = EDGE_CURVE('',#1967,#1983,#1991,.T.);
#1991 = LINE('',#1992,#1993);
#1992 = CARTESIAN_POINT('',(151.21746072387,-49.35779665135,0.));
#1993 = VECTOR('',#1994,1.);
#1994 = DIRECTION('',(1.,0.,0.));
#1995 = FACE_BOUND('',#1996,.F.);
#1996 = EDGE_LOOP('',(#1997,#2007,#2015,#2023));
#1997 = ORIENTED_EDGE('',*,*,#1998,.F.);
#1998 = EDGE_CURVE('',#1999,#2001,#2003,.T.);
#1999 = VERTEX_POINT('',#2000);
#2000 = CARTESIAN_POINT('',(166.83616567122,-54.40779516663,0.));
#2001 = VERTEX_POINT('',#2002);
#2002 = CARTESIAN_POINT('',(166.83616567122,-68.40779188885,0.));
#2003 = LINE('',#2004,#2005);
#2004 = CARTESIAN_POINT('',(166.83616567122,-57.08856437097,0.));
#2005 = VECTOR('',#2006,1.);
#2006 = DIRECTION('',(0.,-1.,0.));
#2007 = ORIENTED_EDGE('',*,*,#2008,.F.);
#2008 = EDGE_CURVE('',#2009,#1999,#2011,.T.);
#2009 = VERTEX_POINT('',#2010);
#2010 = CARTESIAN_POINT('',(180.83616239344,-54.40779516663,0.));
#2011 = LINE('',#2012,#2013);
#2012 = CARTESIAN_POINT('',(172.5049555131,-54.40779516663,0.));
#2013 = VECTOR('',#2014,1.);
#2014 = DIRECTION('',(-1.,0.,0.));
#2015 = ORIENTED_EDGE('',*,*,#2016,.F.);
#2016 = EDGE_CURVE('',#2017,#2009,#2019,.T.);
#2017 = VERTEX_POINT('',#2018);
#2018 = CARTESIAN_POINT('',(180.83616239344,-68.40779188885,0.));
#2019 = LINE('',#2020,#2021);
#2020 = CARTESIAN_POINT('',(180.83616239344,-64.08856273208,0.));
#2021 = VECTOR('',#2022,1.);
#2022 = DIRECTION('',(0.,1.,0.));
#2023 = ORIENTED_EDGE('',*,*,#2024,.F.);
#2024 = EDGE_CURVE('',#2001,#2017,#2025,.T.);
#2025 = LINE('',#2026,#2027);
#2026 = CARTESIAN_POINT('',(165.50495715199,-68.40779188885,0.));
#2027 = VECTOR('',#2028,1.);
#2028 = DIRECTION('',(1.,0.,0.));
#2029 = FACE_BOUND('',#2030,.F.);
#2030 = EDGE_LOOP('',(#2031,#2041,#2049,#2057));
#2031 = ORIENTED_EDGE('',*,*,#2032,.F.);
#2032 = EDGE_CURVE('',#2033,#2035,#2037,.T.);
#2033 = VERTEX_POINT('',#2034);
#2034 = CARTESIAN_POINT('',(185.88616090872,-54.40779516663,0.));
#2035 = VERTEX_POINT('',#2036);
#2036 = CARTESIAN_POINT('',(185.88616090872,-68.40779188885,0.));
#2037 = LINE('',#2038,#2039);
#2038 = CARTESIAN_POINT('',(185.88616090872,-57.08856437097,0.));
#2039 = VECTOR('',#2040,1.);
#2040 = DIRECTION('',(0.,-1.,0.));
#2041 = ORIENTED_EDGE('',*,*,#2042,.F.);
#2042 = EDGE_CURVE('',#2043,#2033,#2045,.T.);
#2043 = VERTEX_POINT('',#2044);
#2044 = CARTESIAN_POINT('',(199.88615763094,-54.40779516663,0.));
#2045 = LINE('',#2046,#2047);
#2046 = CARTESIAN_POINT('',(182.02995313185,-54.40779516663,0.));
#2047 = VECTOR('',#2048,1.);
#2048 = DIRECTION('',(-1.,0.,0.));
#2049 = ORIENTED_EDGE('',*,*,#2050,.F.);
#2050 = EDGE_CURVE('',#2051,#2043,#2053,.T.);
#2051 = VERTEX_POINT('',#2052);
#2052 = CARTESIAN_POINT('',(199.88615763094,-68.40779188885,0.));
#2053 = LINE('',#2054,#2055);
#2054 = CARTESIAN_POINT('',(199.88615763094,-64.08856273208,0.));
#2055 = VECTOR('',#2056,1.);
#2056 = DIRECTION('',(0.,1.,0.));
#2057 = ORIENTED_EDGE('',*,*,#2058,.F.);
#2058 = EDGE_CURVE('',#2035,#2051,#2059,.T.);
#2059 = LINE('',#2060,#2061);
#2060 = CARTESIAN_POINT('',(175.02995477074,-68.40779188885,0.));
#2061 = VECTOR('',#2062,1.);
#2062 = DIRECTION('',(1.,0.,0.));
#2063 = FACE_BOUND('',#2064,.F.);
#2064 = EDGE_LOOP('',(#2065,#2075,#2083,#2091));
#2065 = ORIENTED_EDGE('',*,*,#2066,.F.);
#2066 = EDGE_CURVE('',#2067,#2069,#2071,.T.);
#2067 = VERTEX_POINT('',#2068);
#2068 = CARTESIAN_POINT('',(204.93615614622,-54.40779516663,0.));
#2069 = VERTEX_POINT('',#2070);
#2070 = CARTESIAN_POINT('',(204.93615614622,-68.40779188885,0.));
#2071 = LINE('',#2072,#2073);
#2072 = CARTESIAN_POINT('',(204.93615614622,-57.08856437097,0.));
#2073 = VECTOR('',#2074,1.);
#2074 = DIRECTION('',(0.,-1.,0.));
#2075 = ORIENTED_EDGE('',*,*,#2076,.F.);
#2076 = EDGE_CURVE('',#2077,#2067,#2079,.T.);
#2077 = VERTEX_POINT('',#2078);
#2078 = CARTESIAN_POINT('',(218.93615286844,-54.40779516663,0.));
#2079 = LINE('',#2080,#2081);
#2080 = CARTESIAN_POINT('',(191.5549507506,-54.40779516663,0.));
#2081 = VECTOR('',#2082,1.);
#2082 = DIRECTION('',(-1.,0.,0.));
#2083 = ORIENTED_EDGE('',*,*,#2084,.F.);
#2084 = EDGE_CURVE('',#2085,#2077,#2087,.T.);
#2085 = VERTEX_POINT('',#2086);
#2086 = CARTESIAN_POINT('',(218.93615286844,-68.40779188885,0.));
#2087 = LINE('',#2088,#2089);
#2088 = CARTESIAN_POINT('',(218.93615286844,-64.08856273208,0.));
#2089 = VECTOR('',#2090,1.);
#2090 = DIRECTION('',(0.,1.,0.));
#2091 = ORIENTED_EDGE('',*,*,#2092,.F.);
#2092 = EDGE_CURVE('',#2069,#2085,#2093,.T.);
#2093 = LINE('',#2094,#2095);
#2094 = CARTESIAN_POINT('',(184.55495238949,-68.40779188885,0.));
#2095 = VECTOR('',#2096,1.);
#2096 = DIRECTION('',(1.,0.,0.));
#2097 = FACE_BOUND('',#2098,.F.);
#2098 = EDGE_LOOP('',(#2099,#2109,#2117,#2125));
#2099 = ORIENTED_EDGE('',*,*,#2100,.F.);
#2100 = EDGE_CURVE('',#2101,#2103,#2105,.T.);
#2101 = VERTEX_POINT('',#2102);
#2102 = CARTESIAN_POINT('',(223.98615138372,-54.40779516663,0.));
#2103 = VERTEX_POINT('',#2104);
#2104 = CARTESIAN_POINT('',(223.98615138372,-68.40779188885,0.));
#2105 = LINE('',#2106,#2107);
#2106 = CARTESIAN_POINT('',(223.98615138372,-57.08856437097,0.));
#2107 = VECTOR('',#2108,1.);
#2108 = DIRECTION('',(0.,-1.,0.));
#2109 = ORIENTED_EDGE('',*,*,#2110,.F.);
#2110 = EDGE_CURVE('',#2111,#2101,#2113,.T.);
#2111 = VERTEX_POINT('',#2112);
#2112 = CARTESIAN_POINT('',(237.98614810594,-54.40779516663,0.));
#2113 = LINE('',#2114,#2115);
#2114 = CARTESIAN_POINT('',(201.07994836935,-54.40779516663,0.));
#2115 = VECTOR('',#2116,1.);
#2116 = DIRECTION('',(-1.,0.,0.));
#2117 = ORIENTED_EDGE('',*,*,#2118,.F.);
#2118 = EDGE_CURVE('',#2119,#2111,#2121,.T.);
#2119 = VERTEX_POINT('',#2120);
#2120 = CARTESIAN_POINT('',(237.98614810594,-68.40779188885,0.));
#2121 = LINE('',#2122,#2123);
#2122 = CARTESIAN_POINT('',(237.98614810594,-64.08856273208,0.));
#2123 = VECTOR('',#2124,1.);
#2124 = DIRECTION('',(0.,1.,0.));
#2125 = ORIENTED_EDGE('',*,*,#2126,.F.);
#2126 = EDGE_CURVE('',#2103,#2119,#2127,.T.);
#2127 = LINE('',#2128,#2129);
#2128 = CARTESIAN_POINT('',(194.07995000824,-68.40779188885,0.));
#2129 = VECTOR('',#2130,1.);
#2130 = DIRECTION('',(1.,0.,0.));
#2131 = FACE_BOUND('',#2132,.F.);
#2132 = EDGE_LOOP('',(#2133,#2143,#2151,#2159));
#2133 = ORIENTED_EDGE('',*,*,#2134,.F.);
#2134 = EDGE_CURVE('',#2135,#2137,#2139,.T.);
#2135 = VERTEX_POINT('',#2136);
#2136 = CARTESIAN_POINT('',(157.31116805247,-35.35779992913,0.));
#2137 = VERTEX_POINT('',#2138);
#2138 = CARTESIAN_POINT('',(157.31116805247,-49.35779665135,0.));
#2139 = LINE('',#2140,#2141);
#2140 = CARTESIAN_POINT('',(157.31116805247,-47.56356675222,0.));
#2141 = VECTOR('',#2142,1.);
#2142 = DIRECTION('',(0.,-1.,0.));
#2143 = ORIENTED_EDGE('',*,*,#2144,.F.);
#2144 = EDGE_CURVE('',#2145,#2135,#2147,.T.);
#2145 = VERTEX_POINT('',#2146);
#2146 = CARTESIAN_POINT('',(171.31116477469,-35.35779992913,0.));
#2147 = LINE('',#2148,#2149);
#2148 = CARTESIAN_POINT('',(167.74245670373,-35.35779992913,0.));
#2149 = VECTOR('',#2150,1.);
#2150 = DIRECTION('',(-1.,0.,0.));
#2151 = ORIENTED_EDGE('',*,*,#2152,.F.);
#2152 = EDGE_CURVE('',#2153,#2145,#2155,.T.);
#2153 = VERTEX_POINT('',#2154);
#2154 = CARTESIAN_POINT('',(171.31116477469,-49.35779665135,0.));
#2155 = LINE('',#2156,#2157);
#2156 = CARTESIAN_POINT('',(171.31116477469,-54.56356511333,0.));
#2157 = VECTOR('',#2158,1.);
#2158 = DIRECTION('',(0.,1.,0.));
#2159 = ORIENTED_EDGE('',*,*,#2160,.F.);
#2160 = EDGE_CURVE('',#2137,#2153,#2161,.T.);
#2161 = LINE('',#2162,#2163);
#2162 = CARTESIAN_POINT('',(160.74245834262,-49.35779665135,0.));
#2163 = VECTOR('',#2164,1.);
#2164 = DIRECTION('',(1.,0.,0.));
#2165 = FACE_BOUND('',#2166,.F.);
#2166 = EDGE_LOOP('',(#2167,#2177,#2185,#2193));
#2167 = ORIENTED_EDGE('',*,*,#2168,.F.);
#2168 = EDGE_CURVE('',#2169,#2171,#2173,.T.);
#2169 = VERTEX_POINT('',#2170);
#2170 = CARTESIAN_POINT('',(176.36116328997,-35.35779992913,0.));
#2171 = VERTEX_POINT('',#2172);
#2172 = CARTESIAN_POINT('',(176.36116328997,-49.35779665135,0.));
#2173 = LINE('',#2174,#2175);
#2174 = CARTESIAN_POINT('',(176.36116328997,-47.56356675222,0.));
#2175 = VECTOR('',#2176,1.);
#2176 = DIRECTION('',(0.,-1.,0.));
#2177 = ORIENTED_EDGE('',*,*,#2178,.F.);
#2178 = EDGE_CURVE('',#2179,#2169,#2181,.T.);
#2179 = VERTEX_POINT('',#2180);
#2180 = CARTESIAN_POINT('',(190.36116001219,-35.35779992913,0.));
#2181 = LINE('',#2182,#2183);
#2182 = CARTESIAN_POINT('',(177.26745432248,-35.35779992913,0.));
#2183 = VECTOR('',#2184,1.);
#2184 = DIRECTION('',(-1.,0.,0.));
#2185 = ORIENTED_EDGE('',*,*,#2186,.F.);
#2186 = EDGE_CURVE('',#2187,#2179,#2189,.T.);
#2187 = VERTEX_POINT('',#2188);
#2188 = CARTESIAN_POINT('',(190.36116001219,-49.35779665135,0.));
#2189 = LINE('',#2190,#2191);
#2190 = CARTESIAN_POINT('',(190.36116001219,-54.56356511333,0.));
#2191 = VECTOR('',#2192,1.);
#2192 = DIRECTION('',(0.,1.,0.));
#2193 = ORIENTED_EDGE('',*,*,#2194,.F.);
#2194 = EDGE_CURVE('',#2171,#2187,#2195,.T.);
#2195 = LINE('',#2196,#2197);
#2196 = CARTESIAN_POINT('',(170.26745596137,-49.35779665135,0.));
#2197 = VECTOR('',#2198,1.);
#2198 = DIRECTION('',(1.,0.,0.));
#2199 = FACE_BOUND('',#2200,.F.);
#2200 = EDGE_LOOP('',(#2201,#2211,#2219,#2227));
#2201 = ORIENTED_EDGE('',*,*,#2202,.F.);
#2202 = EDGE_CURVE('',#2203,#2205,#2207,.T.);
#2203 = VERTEX_POINT('',#2204);
#2204 = CARTESIAN_POINT('',(195.41115852747,-35.35779992913,0.));
#2205 = VERTEX_POINT('',#2206);
#2206 = CARTESIAN_POINT('',(195.41115852747,-49.35779665135,0.));
#2207 = LINE('',#2208,#2209);
#2208 = CARTESIAN_POINT('',(195.41115852747,-47.56356675222,0.));
#2209 = VECTOR('',#2210,1.);
#2210 = DIRECTION('',(0.,-1.,0.));
#2211 = ORIENTED_EDGE('',*,*,#2212,.F.);
#2212 = EDGE_CURVE('',#2213,#2203,#2215,.T.);
#2213 = VERTEX_POINT('',#2214);
#2214 = CARTESIAN_POINT('',(209.41115524969,-35.35779992913,0.));
#2215 = LINE('',#2216,#2217);
#2216 = CARTESIAN_POINT('',(186.79245194123,-35.35779992913,0.));
#2217 = VECTOR('',#2218,1.);
#2218 = DIRECTION('',(-1.,0.,0.));
#2219 = ORIENTED_EDGE('',*,*,#2220,.F.);
#2220 = EDGE_CURVE('',#2221,#2213,#2223,.T.);
#2221 = VERTEX_POINT('',#2222);
#2222 = CARTESIAN_POINT('',(209.41115524969,-49.35779665135,0.));
#2223 = LINE('',#2224,#2225);
#2224 = CARTESIAN_POINT('',(209.41115524969,-54.56356511333,0.));
#2225 = VECTOR('',#2226,1.);
#2226 = DIRECTION('',(0.,1.,0.));
#2227 = ORIENTED_EDGE('',*,*,#2228,.F.);
#2228 = EDGE_CURVE('',#2205,#2221,#2229,.T.);
#2229 = LINE('',#2230,#2231);
#2230 = CARTESIAN_POINT('',(179.79245358012,-49.35779665135,0.));
#2231 = VECTOR('',#2232,1.);
#2232 = DIRECTION('',(1.,0.,0.));
#2233 = FACE_BOUND('',#2234,.F.);
#2234 = EDGE_LOOP('',(#2235,#2245,#2253,#2261));
#2235 = ORIENTED_EDGE('',*,*,#2236,.F.);
#2236 = EDGE_CURVE('',#2237,#2239,#2241,.T.);
#2237 = VERTEX_POINT('',#2238);
#2238 = CARTESIAN_POINT('',(214.46115376497,-35.35779992913,0.));
#2239 = VERTEX_POINT('',#2240);
#2240 = CARTESIAN_POINT('',(214.46115376497,-49.35779665135,0.));
#2241 = LINE('',#2242,#2243);
#2242 = CARTESIAN_POINT('',(214.46115376497,-47.56356675222,0.));
#2243 = VECTOR('',#2244,1.);
#2244 = DIRECTION('',(0.,-1.,0.));
#2245 = ORIENTED_EDGE('',*,*,#2246,.F.);
#2246 = EDGE_CURVE('',#2247,#2237,#2249,.T.);
#2247 = VERTEX_POINT('',#2248);
#2248 = CARTESIAN_POINT('',(228.46115048719,-35.35779992913,0.));
#2249 = LINE('',#2250,#2251);
#2250 = CARTESIAN_POINT('',(196.31744955998,-35.35779992913,0.));
#2251 = VECTOR('',#2252,1.);
#2252 = DIRECTION('',(-1.,0.,0.));
#2253 = ORIENTED_EDGE('',*,*,#2254,.F.);
#2254 = EDGE_CURVE('',#2255,#2247,#2257,.T.);
#2255 = VERTEX_POINT('',#2256);
#2256 = CARTESIAN_POINT('',(228.46115048719,-49.35779665135,0.));
#2257 = LINE('',#2258,#2259);
#2258 = CARTESIAN_POINT('',(228.46115048719,-54.56356511333,0.));
#2259 = VECTOR('',#2260,1.);
#2260 = DIRECTION('',(0.,1.,0.));
#2261 = ORIENTED_EDGE('',*,*,#2262,.F.);
#2262 = EDGE_CURVE('',#2239,#2255,#2263,.T.);
#2263 = LINE('',#2264,#2265);
#2264 = CARTESIAN_POINT('',(189.31745119887,-49.35779665135,0.));
#2265 = VECTOR('',#2266,1.);
#2266 = DIRECTION('',(1.,0.,0.));
#2267 = FACE_BOUND('',#2268,.F.);
#2268 = EDGE_LOOP('',(#2269,#2279,#2287,#2295));
#2269 = ORIENTED_EDGE('',*,*,#2270,.F.);
#2270 = EDGE_CURVE('',#2271,#2273,#2275,.T.);
#2271 = VERTEX_POINT('',#2272);
#2272 = CARTESIAN_POINT('',(233.51114900247,-35.35779992913,0.));
#2273 = VERTEX_POINT('',#2274);
#2274 = CARTESIAN_POINT('',(233.51114900247,-49.35779665135,0.));
#2275 = LINE('',#2276,#2277);
#2276 = CARTESIAN_POINT('',(233.51114900247,-47.56356675222,0.));
#2277 = VECTOR('',#2278,1.);
#2278 = DIRECTION('',(0.,-1.,0.));
#2279 = ORIENTED_EDGE('',*,*,#2280,.F.);
#2280 = EDGE_CURVE('',#2281,#2271,#2283,.T.);
#2281 = VERTEX_POINT('',#2282);
#2282 = CARTESIAN_POINT('',(247.51114572469,-35.35779992913,0.));
#2283 = LINE('',#2284,#2285);
#2284 = CARTESIAN_POINT('',(205.84244717873,-35.35779992913,0.));
#2285 = VECTOR('',#2286,1.);
#2286 = DIRECTION('',(-1.,0.,0.));
#2287 = ORIENTED_EDGE('',*,*,#2288,.F.);
#2288 = EDGE_CURVE('',#2289,#2281,#2291,.T.);
#2289 = VERTEX_POINT('',#2290);
#2290 = CARTESIAN_POINT('',(247.51114572469,-49.35779665135,0.));
#2291 = LINE('',#2292,#2293);
#2292 = CARTESIAN_POINT('',(247.51114572469,-54.56356511333,0.));
#2293 = VECTOR('',#2294,1.);
#2294 = DIRECTION('',(0.,1.,0.));
#2295 = ORIENTED_EDGE('',*,*,#2296,.F.);
#2296 = EDGE_CURVE('',#2273,#2289,#2297,.T.);
#2297 = LINE('',#2298,#2299);
#2298 = CARTESIAN_POINT('',(198.84244881762,-49.35779665135,0.));
#2299 = VECTOR('',#2300,1.);
#2300 = DIRECTION('',(1.,0.,0.));
#2301 = FACE_BOUND('',#2302,.F.);
#2302 = EDGE_LOOP('',(#2303,#2313,#2321,#2329));
#2303 = ORIENTED_EDGE('',*,*,#2304,.F.);
#2304 = EDGE_CURVE('',#2305,#2307,#2309,.T.);
#2305 = VERTEX_POINT('',#2306);
#2306 = CARTESIAN_POINT('',(243.03614662122,-54.40779516663,0.));
#2307 = VERTEX_POINT('',#2308);
#2308 = CARTESIAN_POINT('',(243.03614662122,-68.40779188885,0.));
#2309 = LINE('',#2310,#2311);
#2310 = CARTESIAN_POINT('',(243.03614662122,-57.08856437097,0.));
#2311 = VECTOR('',#2312,1.);
#2312 = DIRECTION('',(0.,-1.,0.));
#2313 = ORIENTED_EDGE('',*,*,#2314,.F.);
#2314 = EDGE_CURVE('',#2315,#2305,#2317,.T.);
#2315 = VERTEX_POINT('',#2316);
#2316 = CARTESIAN_POINT('',(257.03614334344,-54.40779516663,0.));
#2317 = LINE('',#2318,#2319);
#2318 = CARTESIAN_POINT('',(210.6049459881,-54.40779516663,0.));
#2319 = VECTOR('',#2320,1.);
#2320 = DIRECTION('',(-1.,0.,0.));
#2321 = ORIENTED_EDGE('',*,*,#2322,.F.);
#2322 = EDGE_CURVE('',#2323,#2315,#2325,.T.);
#2323 = VERTEX_POINT('',#2324);
#2324 = CARTESIAN_POINT('',(257.03614334344,-68.40779188885,0.));
#2325 = LINE('',#2326,#2327);
#2326 = CARTESIAN_POINT('',(257.03614334344,-64.08856273208,0.));
#2327 = VECTOR('',#2328,1.);
#2328 = DIRECTION('',(0.,1.,0.));
#2329 = ORIENTED_EDGE('',*,*,#2330,.F.);
#2330 = EDGE_CURVE('',#2307,#2323,#2331,.T.);
#2331 = LINE('',#2332,#2333);
#2332 = CARTESIAN_POINT('',(203.60494762699,-68.40779188885,0.));
#2333 = VECTOR('',#2334,1.);
#2334 = DIRECTION('',(1.,0.,0.));
#2335 = FACE_BOUND('',#2336,.F.);
#2336 = EDGE_LOOP('',(#2337,#2347,#2355,#2363));
#2337 = ORIENTED_EDGE('',*,*,#2338,.F.);
#2338 = EDGE_CURVE('',#2339,#2341,#2343,.T.);
#2339 = VERTEX_POINT('',#2340);
#2340 = CARTESIAN_POINT('',(262.08614185872,-54.40779516663,0.));
#2341 = VERTEX_POINT('',#2342);
#2342 = CARTESIAN_POINT('',(262.08614185872,-68.40779188885,0.));
#2343 = LINE('',#2344,#2345);
#2344 = CARTESIAN_POINT('',(262.08614185872,-57.08856437097,0.));
#2345 = VECTOR('',#2346,1.);
#2346 = DIRECTION('',(0.,-1.,0.));
#2347 = ORIENTED_EDGE('',*,*,#2348,.F.);
#2348 = EDGE_CURVE('',#2349,#2339,#2351,.T.);
#2349 = VERTEX_POINT('',#2350);
#2350 = CARTESIAN_POINT('',(276.08613858094,-54.40779516663,0.));
#2351 = LINE('',#2352,#2353);
#2352 = CARTESIAN_POINT('',(220.12994360685,-54.40779516663,0.));
#2353 = VECTOR('',#2354,1.);
#2354 = DIRECTION('',(-1.,0.,0.));
#2355 = ORIENTED_EDGE('',*,*,#2356,.F.);
#2356 = EDGE_CURVE('',#2357,#2349,#2359,.T.);
#2357 = VERTEX_POINT('',#2358);
#2358 = CARTESIAN_POINT('',(276.08613858094,-68.40779188885,0.));
#2359 = LINE('',#2360,#2361);
#2360 = CARTESIAN_POINT('',(276.08613858094,-64.08856273208,0.));
#2361 = VECTOR('',#2362,1.);
#2362 = DIRECTION('',(0.,1.,0.));
#2363 = ORIENTED_EDGE('',*,*,#2364,.F.);
#2364 = EDGE_CURVE('',#2341,#2357,#2365,.T.);
#2365 = LINE('',#2366,#2367);
#2366 = CARTESIAN_POINT('',(213.12994524574,-68.40779188885,0.));
#2367 = VECTOR('',#2368,1.);
#2368 = DIRECTION('',(1.,0.,0.));
#2369 = FACE_BOUND('',#2370,.F.);
#2370 = EDGE_LOOP('',(#2371,#2381,#2389,#2397));
#2371 = ORIENTED_EDGE('',*,*,#2372,.F.);
#2372 = EDGE_CURVE('',#2373,#2375,#2377,.T.);
#2373 = VERTEX_POINT('',#2374);
#2374 = CARTESIAN_POINT('',(252.56114423997,-35.35779992913,0.));
#2375 = VERTEX_POINT('',#2376);
#2376 = CARTESIAN_POINT('',(252.56114423997,-49.35779665135,0.));
#2377 = LINE('',#2378,#2379);
#2378 = CARTESIAN_POINT('',(252.56114423997,-47.56356675222,0.));
#2379 = VECTOR('',#2380,1.);
#2380 = DIRECTION('',(0.,-1.,0.));
#2381 = ORIENTED_EDGE('',*,*,#2382,.F.);
#2382 = EDGE_CURVE('',#2383,#2373,#2385,.T.);
#2383 = VERTEX_POINT('',#2384);
#2384 = CARTESIAN_POINT('',(266.56114096219,-35.35779992913,0.));
#2385 = LINE('',#2386,#2387);
#2386 = CARTESIAN_POINT('',(215.36744479748,-35.35779992913,0.));
#2387 = VECTOR('',#2388,1.);
#2388 = DIRECTION('',(-1.,0.,0.));
#2389 = ORIENTED_EDGE('',*,*,#2390,.F.);
#2390 = EDGE_CURVE('',#2391,#2383,#2393,.T.);
#2391 = VERTEX_POINT('',#2392);
#2392 = CARTESIAN_POINT('',(266.56114096219,-49.35779665135,0.));
#2393 = LINE('',#2394,#2395);
#2394 = CARTESIAN_POINT('',(266.56114096219,-54.56356511333,0.));
#2395 = VECTOR('',#2396,1.);
#2396 = DIRECTION('',(0.,1.,0.));
#2397 = ORIENTED_EDGE('',*,*,#2398,.F.);
#2398 = EDGE_CURVE('',#2375,#2391,#2399,.T.);
#2399 = LINE('',#2400,#2401);
#2400 = CARTESIAN_POINT('',(208.36744643637,-49.35779665135,0.));
#2401 = VECTOR('',#2402,1.);
#2402 = DIRECTION('',(1.,0.,0.));
#2403 = FACE_BOUND('',#2404,.F.);
#2404 = EDGE_LOOP('',(#2405,#2415,#2423,#2431,#2439,#2447,#2455,#2463,
    #2471,#2479,#2487,#2495));
#2405 = ORIENTED_EDGE('',*,*,#2406,.T.);
#2406 = EDGE_CURVE('',#2407,#2409,#2411,.T.);
#2407 = VERTEX_POINT('',#2408);
#2408 = CARTESIAN_POINT('',(272.86813930211,-48.50459675354,0.));
#2409 = VERTEX_POINT('',#2410);
#2410 = CARTESIAN_POINT('',(272.86813930211,-36.21099982694,0.));
#2411 = LINE('',#2412,#2413);
#2412 = CARTESIAN_POINT('',(272.86813930211,-54.13696516443,0.));
#2413 = VECTOR('',#2414,1.);
#2414 = DIRECTION('',(0.,1.,0.));
#2415 = ORIENTED_EDGE('',*,*,#2416,.T.);
#2416 = EDGE_CURVE('',#2409,#2417,#2419,.T.);
#2417 = VERTEX_POINT('',#2418);
#2418 = CARTESIAN_POINT('',(281.13613709622,-36.21099982694,0.));
#2419 = LINE('',#2420,#2421);
#2420 = CARTESIAN_POINT('',(218.52094396744,-36.21099982694,0.));
#2421 = VECTOR('',#2422,1.);
#2422 = DIRECTION('',(1.,0.,0.));
#2423 = ORIENTED_EDGE('',*,*,#2424,.T.);
#2424 = EDGE_CURVE('',#2417,#2425,#2427,.T.);
#2425 = VERTEX_POINT('',#2426);
#2426 = CARTESIAN_POINT('',(281.13613709622,-35.35779992913,0.));
#2427 = LINE('',#2428,#2429);
#2428 = CARTESIAN_POINT('',(281.13613709622,-47.99016670112,0.));
#2429 = VECTOR('',#2430,1.);
#2430 = DIRECTION('',(-6.662E-14,1.,0.));
#2431 = ORIENTED_EDGE('',*,*,#2432,.T.);
#2432 = EDGE_CURVE('',#2425,#2433,#2435,.T.);
#2433 = VERTEX_POINT('',#2434);
#2434 = CARTESIAN_POINT('',(295.13613381844,-35.35779992913,0.));
#2435 = LINE('',#2436,#2437);
#2436 = CARTESIAN_POINT('',(222.65494286449,-35.35779992913,0.));
#2437 = VECTOR('',#2438,1.);
#2438 = DIRECTION('',(1.,5.1E-16,0.));
#2439 = ORIENTED_EDGE('',*,*,#2440,.T.);
#2440 = EDGE_CURVE('',#2433,#2441,#2443,.T.);
#2441 = VERTEX_POINT('',#2442);
#2442 = CARTESIAN_POINT('',(295.13613381844,-36.21099982694,0.));
#2443 = LINE('',#2444,#2445);
#2444 = CARTESIAN_POINT('',(295.13613381844,-47.56356675222,0.));
#2445 = VECTOR('',#2446,1.);
#2446 = DIRECTION('',(0.,-1.,0.));
#2447 = ORIENTED_EDGE('',*,*,#2448,.T.);
#2448 = EDGE_CURVE('',#2441,#2449,#2451,.T.);
#2449 = VERTEX_POINT('',#2450);
#2450 = CARTESIAN_POINT('',(303.40413161255,-36.21099982694,0.));
#2451 = LINE('',#2452,#2453);
#2452 = CARTESIAN_POINT('',(229.6549412256,-36.21099982694,0.));
#2453 = VECTOR('',#2454,1.);
#2454 = DIRECTION('',(1.,0.,0.));
#2455 = ORIENTED_EDGE('',*,*,#2456,.T.);
#2456 = EDGE_CURVE('',#2449,#2457,#2459,.T.);
#2457 = VERTEX_POINT('',#2458);
#2458 = CARTESIAN_POINT('',(303.40413161255,-48.50459675354,0.));
#2459 = LINE('',#2460,#2461);
#2460 = CARTESIAN_POINT('',(303.40413161255,-47.99016670113,0.));
#2461 = VECTOR('',#2462,1.);
#2462 = DIRECTION('',(-4.62E-15,-1.,0.));
#2463 = ORIENTED_EDGE('',*,*,#2464,.T.);
#2464 = EDGE_CURVE('',#2457,#2465,#2467,.T.);
#2465 = VERTEX_POINT('',#2466);
#2466 = CARTESIAN_POINT('',(295.13613381844,-48.50459675354,0.));
#2467 = LINE('',#2468,#2469);
#2468 = CARTESIAN_POINT('',(233.78894012266,-48.50459675354,0.));
#2469 = VECTOR('',#2470,1.);
#2470 = DIRECTION('',(-1.,0.,0.));
#2471 = ORIENTED_EDGE('',*,*,#2472,.T.);
#2472 = EDGE_CURVE('',#2465,#2473,#2475,.T.);
#2473 = VERTEX_POINT('',#2474);
#2474 = CARTESIAN_POINT('',(295.13613381844,-49.35779665135,0.));
#2475 = LINE('',#2476,#2477);
#2476 = CARTESIAN_POINT('',(295.13613381844,-54.13696516443,0.));
#2477 = VECTOR('',#2478,1.);
#2478 = DIRECTION('',(0.,-1.,0.));
#2479 = ORIENTED_EDGE('',*,*,#2480,.T.);
#2480 = EDGE_CURVE('',#2473,#2481,#2483,.T.);
#2481 = VERTEX_POINT('',#2482);
#2482 = CARTESIAN_POINT('',(281.13613709622,-49.35779665135,0.));
#2483 = LINE('',#2484,#2485);
#2484 = CARTESIAN_POINT('',(229.6549412256,-49.35779665135,0.));
#2485 = VECTOR('',#2486,1.);
#2486 = DIRECTION('',(-1.,0.,0.));
#2487 = ORIENTED_EDGE('',*,*,#2488,.T.);
#2488 = EDGE_CURVE('',#2481,#2489,#2491,.T.);
#2489 = VERTEX_POINT('',#2490);
#2490 = CARTESIAN_POINT('',(281.13613709622,-48.50459675354,0.));
#2491 = LINE('',#2492,#2493);
#2492 = CARTESIAN_POINT('',(281.13613709622,-54.56356511333,0.));
#2493 = VECTOR('',#2494,1.);
#2494 = DIRECTION('',(0.,1.,0.));
#2495 = ORIENTED_EDGE('',*,*,#2496,.T.);
#2496 = EDGE_CURVE('',#2489,#2407,#2497,.T.);
#2497 = LINE('',#2498,#2499);
#2498 = CARTESIAN_POINT('',(222.65494286449,-48.50459675354,0.));
#2499 = VECTOR('',#2500,1.);
#2500 = DIRECTION('',(-1.,0.,0.));
#2501 = FACE_BOUND('',#2502,.F.);
#2502 = EDGE_LOOP('',(#2503));
#2503 = ORIENTED_EDGE('',*,*,#2504,.F.);
#2504 = EDGE_CURVE('',#2505,#2505,#2507,.T.);
#2505 = VERTEX_POINT('',#2506);
#2506 = CARTESIAN_POINT('',(179.92366056601,-15.4428043801,0.));
#2507 = CIRCLE('',#2508,2.25);
#2508 = AXIS2_PLACEMENT_3D('',#2509,#2510,#2511);
#2509 = CARTESIAN_POINT('',(177.67366056601,-15.4428043801,0.));
#2510 = DIRECTION('',(0.,0.,1.));
#2511 = DIRECTION('',(1.,0.,0.));
#2512 = FACE_BOUND('',#2513,.F.);
#2513 = EDGE_LOOP('',(#2514,#2524,#2532,#2540));
#2514 = ORIENTED_EDGE('',*,*,#2515,.F.);
#2515 = EDGE_CURVE('',#2516,#2518,#2520,.T.);
#2516 = VERTEX_POINT('',#2517);
#2517 = CARTESIAN_POINT('',(180.99866069309,-4.032809732601,0.));
#2518 = VERTEX_POINT('',#2519);
#2519 = CARTESIAN_POINT('',(180.99866069309,-17.78280701732,0.));
#2520 = LINE('',#2521,#2522);
#2521 = CARTESIAN_POINT('',(180.99866069309,-31.90107165396,0.));
#2522 = VECTOR('',#2523,1.);
#2523 = DIRECTION('',(0.,-1.,0.));
#2524 = ORIENTED_EDGE('',*,*,#2525,.F.);
#2525 = EDGE_CURVE('',#2526,#2516,#2528,.T.);
#2526 = VERTEX_POINT('',#2527);
#2527 = CARTESIAN_POINT('',(194.74865797782,-4.032809732601,0.));
#2528 = LINE('',#2529,#2530);
#2529 = CARTESIAN_POINT('',(179.46120330529,-4.032809732601,0.));
#2530 = VECTOR('',#2531,1.);
#2531 = DIRECTION('',(-1.,0.,0.));
#2532 = ORIENTED_EDGE('',*,*,#2533,.F.);
#2533 = EDGE_CURVE('',#2534,#2526,#2536,.T.);
#2534 = VERTEX_POINT('',#2535);
#2535 = CARTESIAN_POINT('',(194.74865797782,-17.78280701732,0.));
#2536 = LINE('',#2537,#2538);
#2537 = CARTESIAN_POINT('',(194.74865797782,-38.77607029632,0.));
#2538 = VECTOR('',#2539,1.);
#2539 = DIRECTION('',(0.,1.,0.));
#2540 = ORIENTED_EDGE('',*,*,#2541,.F.);
#2541 = EDGE_CURVE('',#2518,#2534,#2542,.T.);
#2542 = LINE('',#2543,#2544);
#2543 = CARTESIAN_POINT('',(172.58620466293,-17.78280701732,0.));
#2544 = VECTOR('',#2545,1.);
#2545 = DIRECTION('',(1.,0.,0.));
#2546 = FACE_BOUND('',#2547,.F.);
#2547 = EDGE_LOOP('',(#2548));
#2548 = ORIENTED_EDGE('',*,*,#2549,.F.);
#2549 = EDGE_CURVE('',#2550,#2550,#2552,.T.);
#2550 = VERTEX_POINT('',#2551);
#2551 = CARTESIAN_POINT('',(201.82365503546,-6.372808842046,0.));
#2552 = CIRCLE('',#2553,2.25);
#2553 = AXIS2_PLACEMENT_3D('',#2554,#2555,#2556);
#2554 = CARTESIAN_POINT('',(199.57365503546,-6.372808842046,0.));
#2555 = DIRECTION('',(0.,0.,1.));
#2556 = DIRECTION('',(1.,0.,0.));
#2557 = FACE_BOUND('',#2558,.F.);
#2558 = EDGE_LOOP('',(#2559));
#2559 = ORIENTED_EDGE('',*,*,#2560,.F.);
#2560 = EDGE_CURVE('',#2561,#2561,#2563,.T.);
#2561 = VERTEX_POINT('',#2562);
#2562 = CARTESIAN_POINT('',(208.49865342226,-15.4428043801,0.));
#2563 = CIRCLE('',#2564,2.25);
#2564 = AXIS2_PLACEMENT_3D('',#2565,#2566,#2567);
#2565 = CARTESIAN_POINT('',(206.24865342226,-15.4428043801,0.));
#2566 = DIRECTION('',(0.,0.,1.));
#2567 = DIRECTION('',(1.,0.,0.));
#2568 = FACE_BOUND('',#2569,.F.);
#2569 = EDGE_LOOP('',(#2570));
#2570 = ORIENTED_EDGE('',*,*,#2571,.F.);
#2571 = EDGE_CURVE('',#2572,#2572,#2574,.T.);
#2572 = VERTEX_POINT('',#2573);
#2573 = CARTESIAN_POINT('',(237.07364627851,-15.4428043801,0.));
#2574 = CIRCLE('',#2575,2.25);
#2575 = AXIS2_PLACEMENT_3D('',#2576,#2577,#2578);
#2576 = CARTESIAN_POINT('',(234.82364627851,-15.4428043801,0.));
#2577 = DIRECTION('',(0.,0.,1.));
#2578 = DIRECTION('',(1.,0.,0.));
#2579 = FACE_BOUND('',#2580,.F.);
#2580 = EDGE_LOOP('',(#2581,#2591,#2599,#2607));
#2581 = ORIENTED_EDGE('',*,*,#2582,.F.);
#2582 = EDGE_CURVE('',#2583,#2585,#2587,.T.);
#2583 = VERTEX_POINT('',#2584);
#2584 = CARTESIAN_POINT('',(209.57866069309,-4.032809732601,0.));
#2585 = VERTEX_POINT('',#2586);
#2586 = CARTESIAN_POINT('',(209.57866069309,-17.78280701732,0.));
#2587 = LINE('',#2588,#2589);
#2588 = CARTESIAN_POINT('',(209.57866069309,-31.90107165396,0.));
#2589 = VECTOR('',#2590,1.);
#2590 = DIRECTION('',(0.,-1.,0.));
#2591 = ORIENTED_EDGE('',*,*,#2592,.F.);
#2592 = EDGE_CURVE('',#2593,#2583,#2595,.T.);
#2593 = VERTEX_POINT('',#2594);
#2594 = CARTESIAN_POINT('',(223.32865797782,-4.032809732601,0.));
#2595 = LINE('',#2596,#2597);
#2596 = CARTESIAN_POINT('',(193.75120330529,-4.032809732601,0.));
#2597 = VECTOR('',#2598,1.);
#2598 = DIRECTION('',(-1.,0.,0.));
#2599 = ORIENTED_EDGE('',*,*,#2600,.F.);
#2600 = EDGE_CURVE('',#2601,#2593,#2603,.T.);
#2601 = VERTEX_POINT('',#2602);
#2602 = CARTESIAN_POINT('',(223.32865797782,-17.78280701732,0.));
#2603 = LINE('',#2604,#2605);
#2604 = CARTESIAN_POINT('',(223.32865797782,-38.77607029632,0.));
#2605 = VECTOR('',#2606,1.);
#2606 = DIRECTION('',(0.,1.,0.));
#2607 = ORIENTED_EDGE('',*,*,#2608,.F.);
#2608 = EDGE_CURVE('',#2585,#2601,#2609,.T.);
#2609 = LINE('',#2610,#2611);
#2610 = CARTESIAN_POINT('',(186.87620466293,-17.78280701732,0.));
#2611 = VECTOR('',#2612,1.);
#2612 = DIRECTION('',(1.,0.,0.));
#2613 = FACE_BOUND('',#2614,.F.);
#2614 = EDGE_LOOP('',(#2615));
#2615 = ORIENTED_EDGE('',*,*,#2616,.F.);
#2616 = EDGE_CURVE('',#2617,#2617,#2619,.T.);
#2617 = VERTEX_POINT('',#2618);
#2618 = CARTESIAN_POINT('',(230.39864789171,-6.372808842046,0.));
#2619 = CIRCLE('',#2620,2.25);
#2620 = AXIS2_PLACEMENT_3D('',#2621,#2622,#2623);
#2621 = CARTESIAN_POINT('',(228.14864789171,-6.372808842046,0.));
#2622 = DIRECTION('',(0.,0.,1.));
#2623 = DIRECTION('',(1.,0.,0.));
#2624 = FACE_BOUND('',#2625,.F.);
#2625 = EDGE_LOOP('',(#2626));
#2626 = ORIENTED_EDGE('',*,*,#2627,.F.);
#2627 = EDGE_CURVE('',#2628,#2628,#2630,.T.);
#2628 = VERTEX_POINT('',#2629);
#2629 = CARTESIAN_POINT('',(265.66114157608,-15.4428043801,0.));
#2630 = CIRCLE('',#2631,2.25);
#2631 = AXIS2_PLACEMENT_3D('',#2632,#2633,#2634);
#2632 = CARTESIAN_POINT('',(263.41114157608,-15.4428043801,0.));
#2633 = DIRECTION('',(0.,0.,1.));
#2634 = DIRECTION('',(1.,0.,0.));
#2635 = FACE_BOUND('',#2636,.F.);
#2636 = EDGE_LOOP('',(#2637,#2647,#2655,#2663));
#2637 = ORIENTED_EDGE('',*,*,#2638,.F.);
#2638 = EDGE_CURVE('',#2639,#2641,#2643,.T.);
#2639 = VERTEX_POINT('',#2640);
#2640 = CARTESIAN_POINT('',(238.15866069309,-4.032809732601,0.));
#2641 = VERTEX_POINT('',#2642);
#2642 = CARTESIAN_POINT('',(238.15866069309,-17.78280701732,0.));
#2643 = LINE('',#2644,#2645);
#2644 = CARTESIAN_POINT('',(238.15866069309,-31.90107165396,0.));
#2645 = VECTOR('',#2646,1.);
#2646 = DIRECTION('',(0.,-1.,0.));
#2647 = ORIENTED_EDGE('',*,*,#2648,.F.);
#2648 = EDGE_CURVE('',#2649,#2639,#2651,.T.);
#2649 = VERTEX_POINT('',#2650);
#2650 = CARTESIAN_POINT('',(251.90865797782,-4.032809732601,0.));
#2651 = LINE('',#2652,#2653);
#2652 = CARTESIAN_POINT('',(208.04120330529,-4.032809732601,0.));
#2653 = VECTOR('',#2654,1.);
#2654 = DIRECTION('',(-1.,0.,0.));
#2655 = ORIENTED_EDGE('',*,*,#2656,.F.);
#2656 = EDGE_CURVE('',#2657,#2649,#2659,.T.);
#2657 = VERTEX_POINT('',#2658);
#2658 = CARTESIAN_POINT('',(251.90865797782,-17.78280701732,0.));
#2659 = LINE('',#2660,#2661);
#2660 = CARTESIAN_POINT('',(251.90865797782,-38.77607029632,0.));
#2661 = VECTOR('',#2662,1.);
#2662 = DIRECTION('',(0.,1.,0.));
#2663 = ORIENTED_EDGE('',*,*,#2664,.F.);
#2664 = EDGE_CURVE('',#2641,#2657,#2665,.T.);
#2665 = LINE('',#2666,#2667);
#2666 = CARTESIAN_POINT('',(201.16620466293,-17.78280701732,0.));
#2667 = VECTOR('',#2668,1.);
#2668 = DIRECTION('',(1.,0.,0.));
#2669 = FACE_BOUND('',#2670,.F.);
#2670 = EDGE_LOOP('',(#2671));
#2671 = ORIENTED_EDGE('',*,*,#2672,.F.);
#2672 = EDGE_CURVE('',#2673,#2673,#2675,.T.);
#2673 = VERTEX_POINT('',#2674);
#2674 = CARTESIAN_POINT('',(258.97364074796,-6.372808842046,0.));
#2675 = CIRCLE('',#2676,2.25);
#2676 = AXIS2_PLACEMENT_3D('',#2677,#2678,#2679);
#2677 = CARTESIAN_POINT('',(256.72364074796,-6.372808842046,0.));
#2678 = DIRECTION('',(0.,0.,1.));
#2679 = DIRECTION('',(1.,0.,0.));
#2680 = FACE_BOUND('',#2681,.F.);
#2681 = EDGE_LOOP('',(#2682,#2692,#2700,#2708));
#2682 = ORIENTED_EDGE('',*,*,#2683,.F.);
#2683 = EDGE_CURVE('',#2684,#2686,#2688,.T.);
#2684 = VERTEX_POINT('',#2685);
#2685 = CARTESIAN_POINT('',(266.73866069309,-4.032809732601,0.));
#2686 = VERTEX_POINT('',#2687);
#2687 = CARTESIAN_POINT('',(266.73866069309,-17.78280701732,0.));
#2688 = LINE('',#2689,#2690);
#2689 = CARTESIAN_POINT('',(266.73866069309,-31.90107165396,0.));
#2690 = VECTOR('',#2691,1.);
#2691 = DIRECTION('',(0.,-1.,0.));
#2692 = ORIENTED_EDGE('',*,*,#2693,.F.);
#2693 = EDGE_CURVE('',#2694,#2684,#2696,.T.);
#2694 = VERTEX_POINT('',#2695);
#2695 = CARTESIAN_POINT('',(280.48865797782,-4.032809732601,0.));
#2696 = LINE('',#2697,#2698);
#2697 = CARTESIAN_POINT('',(222.33120330529,-4.032809732601,0.));
#2698 = VECTOR('',#2699,1.);
#2699 = DIRECTION('',(-1.,0.,0.));
#2700 = ORIENTED_EDGE('',*,*,#2701,.F.);
#2701 = EDGE_CURVE('',#2702,#2694,#2704,.T.);
#2702 = VERTEX_POINT('',#2703);
#2703 = CARTESIAN_POINT('',(280.48865797782,-17.78280701732,0.));
#2704 = LINE('',#2705,#2706);
#2705 = CARTESIAN_POINT('',(280.48865797782,-38.77607029632,0.));
#2706 = VECTOR('',#2707,1.);
#2707 = DIRECTION('',(0.,1.,0.));
#2708 = ORIENTED_EDGE('',*,*,#2709,.F.);
#2709 = EDGE_CURVE('',#2686,#2702,#2710,.T.);
#2710 = LINE('',#2711,#2712);
#2711 = CARTESIAN_POINT('',(215.45620466293,-17.78280701732,0.));
#2712 = VECTOR('',#2713,1.);
#2713 = DIRECTION('',(1.,0.,0.));
#2714 = FACE_BOUND('',#2715,.F.);
#2715 = EDGE_LOOP('',(#2716));
#2716 = ORIENTED_EDGE('',*,*,#2717,.F.);
#2717 = EDGE_CURVE('',#2718,#2718,#2720,.T.);
#2718 = VERTEX_POINT('',#2719);
#2719 = CARTESIAN_POINT('',(294.22363199101,-15.4428043801,0.));
#2720 = CIRCLE('',#2721,2.25);
#2721 = AXIS2_PLACEMENT_3D('',#2722,#2723,#2724);
#2722 = CARTESIAN_POINT('',(291.97363199101,-15.4428043801,0.));
#2723 = DIRECTION('',(0.,0.,1.));
#2724 = DIRECTION('',(1.,0.,0.));
#2725 = FACE_BOUND('',#2726,.F.);
#2726 = EDGE_LOOP('',(#2727));
#2727 = ORIENTED_EDGE('',*,*,#2728,.F.);
#2728 = EDGE_CURVE('',#2729,#2729,#2731,.T.);
#2729 = VERTEX_POINT('',#2730);
#2730 = CARTESIAN_POINT('',(287.56113604552,-6.372808842046,0.));
#2731 = CIRCLE('',#2732,2.25);
#2732 = AXIS2_PLACEMENT_3D('',#2733,#2734,#2735);
#2733 = CARTESIAN_POINT('',(285.31113604552,-6.372808842046,0.));
#2734 = DIRECTION('',(0.,0.,1.));
#2735 = DIRECTION('',(1.,0.,0.));
#2736 = FACE_BOUND('',#2737,.F.);
#2737 = EDGE_LOOP('',(#2738,#2748,#2756,#2764));
#2738 = ORIENTED_EDGE('',*,*,#2739,.F.);
#2739 = EDGE_CURVE('',#2740,#2742,#2744,.T.);
#2740 = VERTEX_POINT('',#2741);
#2741 = CARTESIAN_POINT('',(295.31866069309,-4.032809732601,0.));
#2742 = VERTEX_POINT('',#2743);
#2743 = CARTESIAN_POINT('',(295.31866069309,-17.78280701732,0.));
#2744 = LINE('',#2745,#2746);
#2745 = CARTESIAN_POINT('',(295.31866069309,-31.90107165396,0.));
#2746 = VECTOR('',#2747,1.);
#2747 = DIRECTION('',(0.,-1.,0.));
#2748 = ORIENTED_EDGE('',*,*,#2749,.F.);
#2749 = EDGE_CURVE('',#2750,#2740,#2752,.T.);
#2750 = VERTEX_POINT('',#2751);
#2751 = CARTESIAN_POINT('',(309.06865797781,-4.032809732601,0.));
#2752 = LINE('',#2753,#2754);
#2753 = CARTESIAN_POINT('',(236.62120330529,-4.032809732601,0.));
#2754 = VECTOR('',#2755,1.);
#2755 = DIRECTION('',(-1.,0.,0.));
#2756 = ORIENTED_EDGE('',*,*,#2757,.F.);
#2757 = EDGE_CURVE('',#2758,#2750,#2760,.T.);
#2758 = VERTEX_POINT('',#2759);
#2759 = CARTESIAN_POINT('',(309.06865797781,-17.78280701732,0.));
#2760 = LINE('',#2761,#2762);
#2761 = CARTESIAN_POINT('',(309.06865797781,-38.77607029632,0.));
#2762 = VECTOR('',#2763,1.);
#2763 = DIRECTION('',(0.,1.,0.));
#2764 = ORIENTED_EDGE('',*,*,#2765,.F.);
#2765 = EDGE_CURVE('',#2742,#2758,#2766,.T.);
#2766 = LINE('',#2767,#2768);
#2767 = CARTESIAN_POINT('',(229.74620466293,-17.78280701732,0.));
#2768 = VECTOR('',#2769,1.);
#2769 = DIRECTION('',(1.,0.,0.));
#2770 = FACE_BOUND('',#2771,.F.);
#2771 = EDGE_LOOP('',(#2772));
#2772 = ORIENTED_EDGE('',*,*,#2773,.F.);
#2773 = EDGE_CURVE('',#2774,#2774,#2776,.T.);
#2774 = VERTEX_POINT('',#2775);
#2775 = CARTESIAN_POINT('',(316.12362646045,-6.372808842046,0.));
#2776 = CIRCLE('',#2777,2.25);
#2777 = AXIS2_PLACEMENT_3D('',#2778,#2779,#2780);
#2778 = CARTESIAN_POINT('',(313.87362646045,-6.372808842046,0.));
#2779 = DIRECTION('',(0.,0.,1.));
#2780 = DIRECTION('',(1.,0.,0.));
#2781 = PLANE('',#2782);
#2782 = AXIS2_PLACEMENT_3D('',#2783,#2784,#2785);
#2783 = CARTESIAN_POINT('',(164.17374863276,-59.76933357532,0.));
#2784 = DIRECTION('',(0.,0.,1.));
#2785 = DIRECTION('',(1.,0.,0.));
#2786 = ADVANCED_FACE('',(#2787),#2811,.T.);
#2787 = FACE_BOUND('',#2788,.T.);
#2788 = EDGE_LOOP('',(#2789,#2790,#2797,#2806));
#2789 = ORIENTED_EDGE('',*,*,#31,.F.);
#2790 = ORIENTED_EDGE('',*,*,#2791,.T.);
#2791 = EDGE_CURVE('',#32,#2792,#2794,.T.);
#2792 = VERTEX_POINT('',#2793);
#2793 = CARTESIAN_POINT('',(275.76112488441,5.592189319482,-2.75));
#2794 = B_SPLINE_CURVE_WITH_KNOTS('',1,(#2795,#2796),.UNSPECIFIED.,.F.,
  .F.,(2,2),(0.,1.),.PIECEWISE_BEZIER_KNOTS.);
#2795 = CARTESIAN_POINT('',(275.76112488441,4.092189319482,-2.75));
#2796 = CARTESIAN_POINT('',(275.76112488441,5.592189319482,-2.75));
#2797 = ORIENTED_EDGE('',*,*,#2798,.T.);
#2798 = EDGE_CURVE('',#2792,#2799,#2801,.T.);
#2799 = VERTEX_POINT('',#2800);
#2800 = CARTESIAN_POINT('',(275.76112488441,1.342189319482,1.5));
#2801 = CIRCLE('',#2802,4.25);
#2802 = AXIS2_PLACEMENT_3D('',#2803,#2804,#2805);
#2803 = CARTESIAN_POINT('',(275.76112488441,1.342189319482,-2.75));
#2804 = DIRECTION('',(1.,0.,-0.));
#2805 = DIRECTION('',(0.,1.,2.2E-16));
#2806 = ORIENTED_EDGE('',*,*,#2807,.F.);
#2807 = EDGE_CURVE('',#22,#2799,#2808,.T.);
#2808 = B_SPLINE_CURVE_WITH_KNOTS('',1,(#2809,#2810),.UNSPECIFIED.,.F.,
  .F.,(2,2),(0.,1.),.PIECEWISE_BEZIER_KNOTS.);
#2809 = CARTESIAN_POINT('',(275.76112488441,1.342189319482,-2.2E-16));
#2810 = CARTESIAN_POINT('',(275.76112488441,1.342189319482,1.5));
#2811 = B_SPLINE_SURFACE_WITH_KNOTS('',8,1,(
    (#2812,#2813)
    ,(#2814,#2815)
    ,(#2816,#2817)
    ,(#2818,#2819)
    ,(#2820,#2821)
    ,(#2822,#2823)
    ,(#2824,#2825)
    ,(#2826,#2827)
    ,(#2828,#2829
    )),.UNSPECIFIED.,.F.,.F.,.F.,(9,9),(2,2),(4.712388980385,
    6.28318530718),(0.,1.),.PIECEWISE_BEZIER_KNOTS.);
#2812 = CARTESIAN_POINT('',(275.76112488441,1.342189319482,-5.6E-16));
#2813 = CARTESIAN_POINT('',(275.76112488441,1.342189319482,1.5));
#2814 = CARTESIAN_POINT('',(275.76112488441,1.882150556818,-3.16E-15));
#2815 = CARTESIAN_POINT('',(275.76112488441,2.176674868092,1.5));
#2816 = CARTESIAN_POINT('',(275.76112488442,2.422111964118,
    -0.121167169643));
#2817 = CARTESIAN_POINT('',(275.76112488442,3.011160679375,
    1.312741646915));
#2818 = CARTESIAN_POINT('',(275.76112488441,2.930350713903,
    -0.363500318854));
#2819 = CARTESIAN_POINT('',(275.76112488441,3.796620565406,
    0.938226779954));
#2820 = CARTESIAN_POINT('',(275.76112488441,3.375150897877,
    -0.717038421605));
#2821 = CARTESIAN_POINT('',(275.76112488441,4.484039031546,
    0.391849712065));
#2822 = CARTESIAN_POINT('',(275.76112488442,3.728689000628,
    -1.161838605579));
#2823 = CARTESIAN_POINT('',(275.76112488442,5.030416099435,
    -0.295568754076));
#2824 = CARTESIAN_POINT('',(275.76112488441,3.971022149839,
    -1.670077355363));
#2825 = CARTESIAN_POINT('',(275.76112488441,5.404930966397,
    -1.081028640107));
#2826 = CARTESIAN_POINT('',(275.76112488441,4.092189319482,
    -2.210038762664));
#2827 = CARTESIAN_POINT('',(275.76112488441,5.592189319482,
    -1.91551445139));
#2828 = CARTESIAN_POINT('',(275.76112488441,4.092189319482,-2.75));
#2829 = CARTESIAN_POINT('',(275.76112488441,5.592189319482,-2.75));
#2830 = ADVANCED_FACE('',(#2831),#2856,.F.);
#2831 = FACE_BOUND('',#2832,.F.);
#2832 = EDGE_LOOP('',(#2833,#2841,#2842,#2850));
#2833 = ORIENTED_EDGE('',*,*,#2834,.F.);
#2834 = EDGE_CURVE('',#41,#2835,#2837,.T.);
#2835 = VERTEX_POINT('',#2836);
#2836 = CARTESIAN_POINT('',(52.561205795529,4.092189319482,-6.));
#2837 = LINE('',#2838,#2839);
#2838 = CARTESIAN_POINT('',(52.561205795529,4.092189319482,3.));
#2839 = VECTOR('',#2840,1.);
#2840 = DIRECTION('',(0.,0.,-1.));
#2841 = ORIENTED_EDGE('',*,*,#40,.T.);
#2842 = ORIENTED_EDGE('',*,*,#2843,.F.);
#2843 = EDGE_CURVE('',#2844,#32,#2846,.T.);
#2844 = VERTEX_POINT('',#2845);
#2845 = CARTESIAN_POINT('',(275.76112488441,4.092189319482,-6.));
#2846 = LINE('',#2847,#2848);
#2847 = CARTESIAN_POINT('',(275.76112488441,4.092189319482,-6.));
#2848 = VECTOR('',#2849,1.);
#2849 = DIRECTION('',(0.,0.,1.));
#2850 = ORIENTED_EDGE('',*,*,#2851,.F.);
#2851 = EDGE_CURVE('',#2835,#2844,#2852,.T.);
#2852 = LINE('',#2853,#2854);
#2853 = CARTESIAN_POINT('',(52.561205795529,4.092189319482,-6.));
#2854 = VECTOR('',#2855,1.);
#2855 = DIRECTION('',(1.,0.,0.));
#2856 = PLANE('',#2857);
#2857 = AXIS2_PLACEMENT_3D('',#2858,#2859,#2860);
#2858 = CARTESIAN_POINT('',(164.17374863276,4.092189319482,
    63.861522894803));
#2859 = DIRECTION('',(0.,1.,0.));
#2860 = DIRECTION('',(1.,0.,0.));
#2861 = ADVANCED_FACE('',(#2862),#2886,.T.);
#2862 = FACE_BOUND('',#2863,.T.);
#2863 = EDGE_LOOP('',(#2864,#2865,#2872,#2881));
#2864 = ORIENTED_EDGE('',*,*,#48,.F.);
#2865 = ORIENTED_EDGE('',*,*,#2866,.T.);
#2866 = EDGE_CURVE('',#24,#2867,#2869,.T.);
#2867 = VERTEX_POINT('',#2868);
#2868 = CARTESIAN_POINT('',(52.561205795529,1.342189319482,1.5));
#2869 = B_SPLINE_CURVE_WITH_KNOTS('',1,(#2870,#2871),.UNSPECIFIED.,.F.,
  .F.,(2,2),(0.,1.),.PIECEWISE_BEZIER_KNOTS.);
#2870 = CARTESIAN_POINT('',(52.561205795529,1.342189319482,-2.2E-16));
#2871 = CARTESIAN_POINT('',(52.561205795529,1.342189319482,1.5));
#2872 = ORIENTED_EDGE('',*,*,#2873,.T.);
#2873 = EDGE_CURVE('',#2867,#2874,#2876,.T.);
#2874 = VERTEX_POINT('',#2875);
#2875 = CARTESIAN_POINT('',(52.561205795529,5.592189319482,-2.75));
#2876 = CIRCLE('',#2877,4.25);
#2877 = AXIS2_PLACEMENT_3D('',#2878,#2879,#2880);
#2878 = CARTESIAN_POINT('',(52.561205795529,1.342189319482,-2.75));
#2879 = DIRECTION('',(-1.,0.,0.));
#2880 = DIRECTION('',(0.,-1.2E-16,1.));
#2881 = ORIENTED_EDGE('',*,*,#2882,.F.);
#2882 = EDGE_CURVE('',#41,#2874,#2883,.T.);
#2883 = B_SPLINE_CURVE_WITH_KNOTS('',1,(#2884,#2885),.UNSPECIFIED.,.F.,
  .F.,(2,2),(0.,1.),.PIECEWISE_BEZIER_KNOTS.);
#2884 = CARTESIAN_POINT('',(52.561205795529,4.092189319482,-2.75));
#2885 = CARTESIAN_POINT('',(52.561205795529,5.592189319482,-2.75));
#2886 = B_SPLINE_SURFACE_WITH_KNOTS('',8,1,(
    (#2887,#2888)
    ,(#2889,#2890)
    ,(#2891,#2892)
    ,(#2893,#2894)
    ,(#2895,#2896)
    ,(#2897,#2898)
    ,(#2899,#2900)
    ,(#2901,#2902)
    ,(#2903,#2904
    )),.UNSPECIFIED.,.F.,.F.,.F.,(9,9),(2,2),(4.712388980385,
    6.28318530718),(0.,1.),.PIECEWISE_BEZIER_KNOTS.);
#2887 = CARTESIAN_POINT('',(52.561205795529,4.092189319482,-2.75));
#2888 = CARTESIAN_POINT('',(52.561205795529,5.592189319482,-2.75));
#2889 = CARTESIAN_POINT('',(52.561205795529,4.092189319482,
    -2.210038762664));
#2890 = CARTESIAN_POINT('',(52.561205795529,5.592189319482,
    -1.91551445139));
#2891 = CARTESIAN_POINT('',(52.561205795529,3.971022149839,
    -1.670077355363));
#2892 = CARTESIAN_POINT('',(52.561205795529,5.404930966397,
    -1.081028640107));
#2893 = CARTESIAN_POINT('',(52.561205795529,3.728689000628,
    -1.161838605579));
#2894 = CARTESIAN_POINT('',(52.561205795529,5.030416099435,
    -0.295568754076));
#2895 = CARTESIAN_POINT('',(52.561205795528,3.375150897877,
    -0.717038421605));
#2896 = CARTESIAN_POINT('',(52.561205795528,4.484039031547,
    0.391849712064));
#2897 = CARTESIAN_POINT('',(52.561205795529,2.930350713903,
    -0.363500318854));
#2898 = CARTESIAN_POINT('',(52.561205795529,3.796620565406,
    0.938226779954));
#2899 = CARTESIAN_POINT('',(52.561205795528,2.422111964118,
    -0.121167169643));
#2900 = CARTESIAN_POINT('',(52.561205795528,3.011160679375,
    1.312741646915));
#2901 = CARTESIAN_POINT('',(52.561205795529,1.882150556818,-2.15E-15));
#2902 = CARTESIAN_POINT('',(52.561205795529,2.176674868092,1.5));
#2903 = CARTESIAN_POINT('',(52.561205795529,1.342189319482,-4.4E-16));
#2904 = CARTESIAN_POINT('',(52.561205795529,1.342189319482,1.5));
#2905 = ADVANCED_FACE('',(#2906),#2931,.T.);
#2906 = FACE_BOUND('',#2907,.T.);
#2907 = EDGE_LOOP('',(#2908,#2916,#2924,#2930));
#2908 = ORIENTED_EDGE('',*,*,#2909,.T.);
#2909 = EDGE_CURVE('',#64,#2910,#2912,.T.);
#2910 = VERTEX_POINT('',#2911);
#2911 = CARTESIAN_POINT('',(2.561205795529,1.092189319482,1.5));
#2912 = LINE('',#2913,#2914);
#2913 = CARTESIAN_POINT('',(2.561205795529,1.092189319482,0.));
#2914 = VECTOR('',#2915,1.);
#2915 = DIRECTION('',(0.,0.,1.));
#2916 = ORIENTED_EDGE('',*,*,#2917,.T.);
#2917 = EDGE_CURVE('',#2910,#2918,#2920,.T.);
#2918 = VERTEX_POINT('',#2919);
#2919 = CARTESIAN_POINT('',(52.561205795529,1.092189319482,1.5));
#2920 = LINE('',#2921,#2922);
#2921 = CARTESIAN_POINT('',(2.561205795529,1.092189319482,1.5));
#2922 = VECTOR('',#2923,1.);
#2923 = DIRECTION('',(1.,0.,0.));
#2924 = ORIENTED_EDGE('',*,*,#2925,.F.);
#2925 = EDGE_CURVE('',#66,#2918,#2926,.T.);
#2926 = LINE('',#2927,#2928);
#2927 = CARTESIAN_POINT('',(52.561205795529,1.092189319482,0.));
#2928 = VECTOR('',#2929,1.);
#2929 = DIRECTION('',(0.,0.,1.));
#2930 = ORIENTED_EDGE('',*,*,#63,.F.);
#2931 = PLANE('',#2932);
#2932 = AXIS2_PLACEMENT_3D('',#2933,#2934,#2935);
#2933 = CARTESIAN_POINT('',(2.561205795529,1.092189319482,0.));
#2934 = DIRECTION('',(0.,1.,0.));
#2935 = DIRECTION('',(1.,0.,0.));
#2936 = ADVANCED_FACE('',(#2937),#2956,.T.);
#2937 = FACE_BOUND('',#2938,.F.);
#2938 = EDGE_LOOP('',(#2939,#2940,#2949,#2955));
#2939 = ORIENTED_EDGE('',*,*,#2909,.T.);
#2940 = ORIENTED_EDGE('',*,*,#2941,.T.);
#2941 = EDGE_CURVE('',#2910,#2942,#2944,.T.);
#2942 = VERTEX_POINT('',#2943);
#2943 = CARTESIAN_POINT('',(-0.43879098225,-1.907807458297,1.5));
#2944 = CIRCLE('',#2945,2.999996777778);
#2945 = AXIS2_PLACEMENT_3D('',#2946,#2947,#2948);
#2946 = CARTESIAN_POINT('',(2.561205795529,-1.907807458297,1.5));
#2947 = DIRECTION('',(0.,0.,1.));
#2948 = DIRECTION('',(1.,0.,0.));
#2949 = ORIENTED_EDGE('',*,*,#2950,.F.);
#2950 = EDGE_CURVE('',#74,#2942,#2951,.T.);
#2951 = LINE('',#2952,#2953);
#2952 = CARTESIAN_POINT('',(-0.43879098225,-1.907807458297,0.));
#2953 = VECTOR('',#2954,1.);
#2954 = DIRECTION('',(0.,0.,1.));
#2955 = ORIENTED_EDGE('',*,*,#73,.F.);
#2956 = CYLINDRICAL_SURFACE('',#2957,2.999996777778);
#2957 = AXIS2_PLACEMENT_3D('',#2958,#2959,#2960);
#2958 = CARTESIAN_POINT('',(2.561205795529,-1.907807458297,0.));
#2959 = DIRECTION('',(-0.,-0.,-1.));
#2960 = DIRECTION('',(1.,0.,0.));
#2961 = ADVANCED_FACE('',(#2962),#2973,.T.);
#2962 = FACE_BOUND('',#2963,.T.);
#2963 = EDGE_LOOP('',(#2964,#2965,#2966,#2972));
#2964 = ORIENTED_EDGE('',*,*,#226,.F.);
#2965 = ORIENTED_EDGE('',*,*,#2925,.T.);
#2966 = ORIENTED_EDGE('',*,*,#2967,.T.);
#2967 = EDGE_CURVE('',#2918,#2867,#2968,.T.);
#2968 = LINE('',#2969,#2970);
#2969 = CARTESIAN_POINT('',(52.561205795529,1.092189319482,1.5));
#2970 = VECTOR('',#2971,1.);
#2971 = DIRECTION('',(0.,1.,0.));
#2972 = ORIENTED_EDGE('',*,*,#2866,.F.);
#2973 = PLANE('',#2974);
#2974 = AXIS2_PLACEMENT_3D('',#2975,#2976,#2977);
#2975 = CARTESIAN_POINT('',(52.561205795529,1.092189319482,0.));
#2976 = DIRECTION('',(-1.,0.,0.));
#2977 = DIRECTION('',(0.,1.,0.));
#2978 = ADVANCED_FACE('',(#2979),#2996,.F.);
#2979 = FACE_BOUND('',#2980,.F.);
#2980 = EDGE_LOOP('',(#2981,#2982,#2989,#2995));
#2981 = ORIENTED_EDGE('',*,*,#2950,.T.);
#2982 = ORIENTED_EDGE('',*,*,#2983,.T.);
#2983 = EDGE_CURVE('',#2942,#2984,#2986,.T.);
#2984 = VERTEX_POINT('',#2985);
#2985 = CARTESIAN_POINT('',(-0.43879098225,-108.2977798885,1.5));
#2986 = B_SPLINE_CURVE_WITH_KNOTS('',1,(#2987,#2988),.UNSPECIFIED.,.F.,
  .F.,(2,2),(0.,301.57795),.PIECEWISE_BEZIER_KNOTS.);
#2987 = CARTESIAN_POINT('',(-0.43879098225,-1.907807458297,1.5));
#2988 = CARTESIAN_POINT('',(-0.43879098225,-108.2977798885,1.5));
#2989 = ORIENTED_EDGE('',*,*,#2990,.F.);
#2990 = EDGE_CURVE('',#83,#2984,#2991,.T.);
#2991 = LINE('',#2992,#2993);
#2992 = CARTESIAN_POINT('',(-0.43879098225,-108.2977798885,0.));
#2993 = VECTOR('',#2994,1.);
#2994 = DIRECTION('',(0.,0.,1.));
#2995 = ORIENTED_EDGE('',*,*,#82,.F.);
#2996 = SURFACE_OF_LINEAR_EXTRUSION('',#2997,#3000);
#2997 = B_SPLINE_CURVE_WITH_KNOTS('',1,(#2998,#2999),.UNSPECIFIED.,.F.,
  .F.,(2,2),(0.,301.57795),.PIECEWISE_BEZIER_KNOTS.);
#2998 = CARTESIAN_POINT('',(-0.43879098225,-1.907807458297,0.));
#2999 = CARTESIAN_POINT('',(-0.43879098225,-108.2977798885,0.));
#3000 = VECTOR('',#3001,1.);
#3001 = DIRECTION('',(-0.,-0.,-1.));
#3002 = ADVANCED_FACE('',(#3003),#3022,.T.);
#3003 = FACE_BOUND('',#3004,.F.);
#3004 = EDGE_LOOP('',(#3005,#3006,#3015,#3021));
#3005 = ORIENTED_EDGE('',*,*,#2990,.T.);
#3006 = ORIENTED_EDGE('',*,*,#3007,.T.);
#3007 = EDGE_CURVE('',#2984,#3008,#3010,.T.);
#3008 = VERTEX_POINT('',#3009);
#3009 = CARTESIAN_POINT('',(2.561205795529,-111.2977801941,1.5));
#3010 = CIRCLE('',#3011,3.000000305557);
#3011 = AXIS2_PLACEMENT_3D('',#3012,#3013,#3014);
#3012 = CARTESIAN_POINT('',(2.561209323308,-108.2977798885,1.5));
#3013 = DIRECTION('',(0.,0.,1.));
#3014 = DIRECTION('',(1.,0.,0.));
#3015 = ORIENTED_EDGE('',*,*,#3016,.F.);
#3016 = EDGE_CURVE('',#90,#3008,#3017,.T.);
#3017 = LINE('',#3018,#3019);
#3018 = CARTESIAN_POINT('',(2.561205795529,-111.2977801941,0.));
#3019 = VECTOR('',#3020,1.);
#3020 = DIRECTION('',(0.,0.,1.));
#3021 = ORIENTED_EDGE('',*,*,#89,.F.);
#3022 = CYLINDRICAL_SURFACE('',#3023,3.000000305557);
#3023 = AXIS2_PLACEMENT_3D('',#3024,#3025,#3026);
#3024 = CARTESIAN_POINT('',(2.561209323308,-108.2977798885,0.));
#3025 = DIRECTION('',(-0.,-0.,-1.));
#3026 = DIRECTION('',(1.,0.,0.));
#3027 = ADVANCED_FACE('',(#3028),#3046,.T.);
#3028 = FACE_BOUND('',#3029,.T.);
#3029 = EDGE_LOOP('',(#3030,#3031,#3032,#3040));
#3030 = ORIENTED_EDGE('',*,*,#219,.F.);
#3031 = ORIENTED_EDGE('',*,*,#2807,.T.);
#3032 = ORIENTED_EDGE('',*,*,#3033,.T.);
#3033 = EDGE_CURVE('',#2799,#3034,#3036,.T.);
#3034 = VERTEX_POINT('',#3035);
#3035 = CARTESIAN_POINT('',(275.76112488441,1.092189319482,1.5));
#3036 = LINE('',#3037,#3038);
#3037 = CARTESIAN_POINT('',(275.76112488441,10.092189319482,1.5));
#3038 = VECTOR('',#3039,1.);
#3039 = DIRECTION('',(0.,-1.,0.));
#3040 = ORIENTED_EDGE('',*,*,#3041,.F.);
#3041 = EDGE_CURVE('',#212,#3034,#3042,.T.);
#3042 = LINE('',#3043,#3044);
#3043 = CARTESIAN_POINT('',(275.76112488441,1.092189319482,0.));
#3044 = VECTOR('',#3045,1.);
#3045 = DIRECTION('',(0.,0.,1.));
#3046 = PLANE('',#3047);
#3047 = AXIS2_PLACEMENT_3D('',#3048,#3049,#3050);
#3048 = CARTESIAN_POINT('',(275.76112488441,10.092189319482,0.));
#3049 = DIRECTION('',(1.,0.,0.));
#3050 = DIRECTION('',(0.,-1.,0.));
#3051 = ADVANCED_FACE('',(#3052),#3069,.F.);
#3052 = FACE_BOUND('',#3053,.F.);
#3053 = EDGE_LOOP('',(#3054,#3055,#3062,#3068));
#3054 = ORIENTED_EDGE('',*,*,#3016,.T.);
#3055 = ORIENTED_EDGE('',*,*,#3056,.T.);
#3056 = EDGE_CURVE('',#3008,#3057,#3059,.T.);
#3057 = VERTEX_POINT('',#3058);
#3058 = CARTESIAN_POINT('',(59.585990706001,-111.2977801941,1.5));
#3059 = B_SPLINE_CURVE_WITH_KNOTS('',1,(#3060,#3061),.UNSPECIFIED.,.F.,
  .F.,(2,2),(0.,161.6451),.PIECEWISE_BEZIER_KNOTS.);
#3060 = CARTESIAN_POINT('',(2.561205795529,-111.2977801941,1.5));
#3061 = CARTESIAN_POINT('',(59.585990705996,-111.2977801941,1.5));
#3062 = ORIENTED_EDGE('',*,*,#3063,.F.);
#3063 = EDGE_CURVE('',#99,#3057,#3064,.T.);
#3064 = LINE('',#3065,#3066);
#3065 = CARTESIAN_POINT('',(59.585990706001,-111.2977801941,0.));
#3066 = VECTOR('',#3067,1.);
#3067 = DIRECTION('',(0.,0.,1.));
#3068 = ORIENTED_EDGE('',*,*,#98,.F.);
#3069 = SURFACE_OF_LINEAR_EXTRUSION('',#3070,#3073);
#3070 = B_SPLINE_CURVE_WITH_KNOTS('',1,(#3071,#3072),.UNSPECIFIED.,.F.,
  .F.,(2,2),(0.,161.6451),.PIECEWISE_BEZIER_KNOTS.);
#3071 = CARTESIAN_POINT('',(2.561205795529,-111.2977801941,0.));
#3072 = CARTESIAN_POINT('',(59.585990705996,-111.2977801941,0.));
#3073 = VECTOR('',#3074,1.);
#3074 = DIRECTION('',(-0.,-0.,-1.));
#3075 = ADVANCED_FACE('',(#3076),#3094,.F.);
#3076 = FACE_BOUND('',#3077,.F.);
#3077 = EDGE_LOOP('',(#3078,#3086,#3092,#3093));
#3078 = ORIENTED_EDGE('',*,*,#3079,.T.);
#3079 = EDGE_CURVE('',#203,#3080,#3082,.T.);
#3080 = VERTEX_POINT('',#3081);
#3081 = CARTESIAN_POINT('',(325.76112488441,1.092189319482,1.5));
#3082 = LINE('',#3083,#3084);
#3083 = CARTESIAN_POINT('',(325.76112488441,1.092189319482,0.));
#3084 = VECTOR('',#3085,1.);
#3085 = DIRECTION('',(0.,0.,1.));
#3086 = ORIENTED_EDGE('',*,*,#3087,.T.);
#3087 = EDGE_CURVE('',#3080,#3034,#3088,.T.);
#3088 = LINE('',#3089,#3090);
#3089 = CARTESIAN_POINT('',(325.76112488441,1.092189319482,1.5));
#3090 = VECTOR('',#3091,1.);
#3091 = DIRECTION('',(-1.,-1.E-17,0.));
#3092 = ORIENTED_EDGE('',*,*,#3041,.F.);
#3093 = ORIENTED_EDGE('',*,*,#211,.F.);
#3094 = PLANE('',#3095);
#3095 = AXIS2_PLACEMENT_3D('',#3096,#3097,#3098);
#3096 = CARTESIAN_POINT('',(325.76112488441,1.092189319482,0.));
#3097 = DIRECTION('',(1.E-17,-1.,0.));
#3098 = DIRECTION('',(-1.,-1.E-17,0.));
#3099 = ADVANCED_FACE('',(#3100),#3119,.F.);
#3100 = FACE_BOUND('',#3101,.T.);
#3101 = EDGE_LOOP('',(#3102,#3110,#3117,#3118));
#3102 = ORIENTED_EDGE('',*,*,#3103,.T.);
#3103 = EDGE_CURVE('',#106,#3104,#3106,.T.);
#3104 = VERTEX_POINT('',#3105);
#3105 = CARTESIAN_POINT('',(61.707292342342,-112.1764823911,1.5));
#3106 = LINE('',#3107,#3108);
#3107 = CARTESIAN_POINT('',(61.707292342342,-112.1764823911,0.));
#3108 = VECTOR('',#3109,1.);
#3109 = DIRECTION('',(0.,0.,1.));
#3110 = ORIENTED_EDGE('',*,*,#3111,.T.);
#3111 = EDGE_CURVE('',#3104,#3057,#3112,.T.);
#3112 = CIRCLE('',#3113,2.999900422119);
#3113 = AXIS2_PLACEMENT_3D('',#3114,#3115,#3116);
#3114 = CARTESIAN_POINT('',(59.585990706005,-114.2976806162,1.5));
#3115 = DIRECTION('',(0.,0.,1.));
#3116 = DIRECTION('',(1.,0.,0.));
#3117 = ORIENTED_EDGE('',*,*,#3063,.F.);
#3118 = ORIENTED_EDGE('',*,*,#105,.F.);
#3119 = CYLINDRICAL_SURFACE('',#3120,2.999900422119);
#3120 = AXIS2_PLACEMENT_3D('',#3121,#3122,#3123);
#3121 = CARTESIAN_POINT('',(59.585990706005,-114.2976806162,0.));
#3122 = DIRECTION('',(-0.,-0.,-1.));
#3123 = DIRECTION('',(1.,0.,0.));
#3124 = ADVANCED_FACE('',(#3125),#3144,.T.);
#3125 = FACE_BOUND('',#3126,.F.);
#3126 = EDGE_LOOP('',(#3127,#3135,#3142,#3143));
#3127 = ORIENTED_EDGE('',*,*,#3128,.T.);
#3128 = EDGE_CURVE('',#196,#3129,#3131,.T.);
#3129 = VERTEX_POINT('',#3130);
#3130 = CARTESIAN_POINT('',(328.76112518997,-1.907807458297,1.5));
#3131 = LINE('',#3132,#3133);
#3132 = CARTESIAN_POINT('',(328.76112518997,-1.907807458297,0.));
#3133 = VECTOR('',#3134,1.);
#3134 = DIRECTION('',(0.,0.,1.));
#3135 = ORIENTED_EDGE('',*,*,#3136,.T.);
#3136 = EDGE_CURVE('',#3129,#3080,#3137,.T.);
#3137 = CIRCLE('',#3138,2.99999677778);
#3138 = AXIS2_PLACEMENT_3D('',#3139,#3140,#3141);
#3139 = CARTESIAN_POINT('',(325.76112841219,-1.907807458297,1.5));
#3140 = DIRECTION('',(0.,0.,1.));
#3141 = DIRECTION('',(1.,0.,0.));
#3142 = ORIENTED_EDGE('',*,*,#3079,.F.);
#3143 = ORIENTED_EDGE('',*,*,#202,.F.);
#3144 = CYLINDRICAL_SURFACE('',#3145,2.99999677778);
#3145 = AXIS2_PLACEMENT_3D('',#3146,#3147,#3148);
#3146 = CARTESIAN_POINT('',(325.76112841219,-1.907807458297,0.));
#3147 = DIRECTION('',(-0.,-0.,-1.));
#3148 = DIRECTION('',(1.,0.,0.));
#3149 = ADVANCED_FACE('',(#3150),#3167,.F.);
#3150 = FACE_BOUND('',#3151,.F.);
#3151 = EDGE_LOOP('',(#3152,#3153,#3160,#3166));
#3152 = ORIENTED_EDGE('',*,*,#3103,.T.);
#3153 = ORIENTED_EDGE('',*,*,#3154,.T.);
#3154 = EDGE_CURVE('',#3104,#3155,#3157,.T.);
#3155 = VERTEX_POINT('',#3156);
#3156 = CARTESIAN_POINT('',(78.60988745002,-129.0790774988,1.5));
#3157 = B_SPLINE_CURVE_WITH_KNOTS('',1,(#3158,#3159),.UNSPECIFIED.,.F.,
  .F.,(2,2),(0.,67.759044708355),.PIECEWISE_BEZIER_KNOTS.);
#3158 = CARTESIAN_POINT('',(61.707292342337,-112.1764823911,1.5));
#3159 = CARTESIAN_POINT('',(78.60988745002,-129.0790774988,1.5));
#3160 = ORIENTED_EDGE('',*,*,#3161,.F.);
#3161 = EDGE_CURVE('',#115,#3155,#3162,.T.);
#3162 = LINE('',#3163,#3164);
#3163 = CARTESIAN_POINT('',(78.60988745002,-129.0790774988,0.));
#3164 = VECTOR('',#3165,1.);
#3165 = DIRECTION('',(0.,0.,1.));
#3166 = ORIENTED_EDGE('',*,*,#114,.F.);
#3167 = SURFACE_OF_LINEAR_EXTRUSION('',#3168,#3171);
#3168 = B_SPLINE_CURVE_WITH_KNOTS('',1,(#3169,#3170),.UNSPECIFIED.,.F.,
  .F.,(2,2),(0.,67.759044708355),.PIECEWISE_BEZIER_KNOTS.);
#3169 = CARTESIAN_POINT('',(61.707292342337,-112.1764823911,0.));
#3170 = CARTESIAN_POINT('',(78.60988745002,-129.0790774988,0.));
#3171 = VECTOR('',#3172,1.);
#3172 = DIRECTION('',(-0.,-0.,-1.));
#3173 = ADVANCED_FACE('',(#3174),#3191,.T.);
#3174 = FACE_BOUND('',#3175,.T.);
#3175 = EDGE_LOOP('',(#3176,#3177,#3184,#3190));
#3176 = ORIENTED_EDGE('',*,*,#3128,.T.);
#3177 = ORIENTED_EDGE('',*,*,#3178,.T.);
#3178 = EDGE_CURVE('',#3129,#3179,#3181,.T.);
#3179 = VERTEX_POINT('',#3180);
#3180 = CARTESIAN_POINT('',(328.76112518997,-108.2977798885,1.5));
#3181 = B_SPLINE_CURVE_WITH_KNOTS('',1,(#3182,#3183),.UNSPECIFIED.,.F.,
  .F.,(2,2),(0.,301.57795),.PIECEWISE_BEZIER_KNOTS.);
#3182 = CARTESIAN_POINT('',(328.76112518997,-1.907807458297,1.5));
#3183 = CARTESIAN_POINT('',(328.76112518997,-108.2977798885,1.5));
#3184 = ORIENTED_EDGE('',*,*,#3185,.F.);
#3185 = EDGE_CURVE('',#187,#3179,#3186,.T.);
#3186 = LINE('',#3187,#3188);
#3187 = CARTESIAN_POINT('',(328.76112518997,-108.2977798885,0.));
#3188 = VECTOR('',#3189,1.);
#3189 = DIRECTION('',(0.,0.,1.));
#3190 = ORIENTED_EDGE('',*,*,#195,.F.);
#3191 = SURFACE_OF_LINEAR_EXTRUSION('',#3192,#3195);
#3192 = B_SPLINE_CURVE_WITH_KNOTS('',1,(#3193,#3194),.UNSPECIFIED.,.F.,
  .F.,(2,2),(0.,301.57795),.PIECEWISE_BEZIER_KNOTS.);
#3193 = CARTESIAN_POINT('',(328.76112518997,-1.907807458297,0.));
#3194 = CARTESIAN_POINT('',(328.76112518997,-108.2977798885,0.));
#3195 = VECTOR('',#3196,1.);
#3196 = DIRECTION('',(-0.,-0.,-1.));
#3197 = ADVANCED_FACE('',(#3198),#3217,.T.);
#3198 = FACE_BOUND('',#3199,.F.);
#3199 = EDGE_LOOP('',(#3200,#3201,#3210,#3216));
#3200 = ORIENTED_EDGE('',*,*,#3161,.T.);
#3201 = ORIENTED_EDGE('',*,*,#3202,.T.);
#3202 = EDGE_CURVE('',#3155,#3203,#3205,.T.);
#3203 = VERTEX_POINT('',#3204);
#3204 = CARTESIAN_POINT('',(80.731189086361,-129.957776168,1.5));
#3205 = CIRCLE('',#3206,2.999908938258);
#3206 = AXIS2_PLACEMENT_3D('',#3207,#3208,#3209);
#3207 = CARTESIAN_POINT('',(80.731189086361,-126.9578672297,1.5));
#3208 = DIRECTION('',(0.,0.,1.));
#3209 = DIRECTION('',(1.,0.,0.));
#3210 = ORIENTED_EDGE('',*,*,#3211,.F.);
#3211 = EDGE_CURVE('',#122,#3203,#3212,.T.);
#3212 = LINE('',#3213,#3214);
#3213 = CARTESIAN_POINT('',(80.731189086361,-129.957776168,0.));
#3214 = VECTOR('',#3215,1.);
#3215 = DIRECTION('',(0.,0.,1.));
#3216 = ORIENTED_EDGE('',*,*,#121,.F.);
#3217 = CYLINDRICAL_SURFACE('',#3218,2.999908938258);
#3218 = AXIS2_PLACEMENT_3D('',#3219,#3220,#3221);
#3219 = CARTESIAN_POINT('',(80.731189086361,-126.9578672297,0.));
#3220 = DIRECTION('',(-0.,-0.,-1.));
#3221 = DIRECTION('',(1.,0.,0.));
#3222 = ADVANCED_FACE('',(#3223),#3242,.T.);
#3223 = FACE_BOUND('',#3224,.F.);
#3224 = EDGE_LOOP('',(#3225,#3233,#3240,#3241));
#3225 = ORIENTED_EDGE('',*,*,#3226,.T.);
#3226 = EDGE_CURVE('',#180,#3227,#3229,.T.);
#3227 = VERTEX_POINT('',#3228);
#3228 = CARTESIAN_POINT('',(325.76112488441,-111.2977801941,1.5));
#3229 = LINE('',#3230,#3231);
#3230 = CARTESIAN_POINT('',(325.76112488441,-111.2977801941,0.));
#3231 = VECTOR('',#3232,1.);
#3232 = DIRECTION('',(0.,0.,1.));
#3233 = ORIENTED_EDGE('',*,*,#3234,.T.);
#3234 = EDGE_CURVE('',#3227,#3179,#3235,.T.);
#3235 = CIRCLE('',#3236,3.000000305555);
#3236 = AXIS2_PLACEMENT_3D('',#3237,#3238,#3239);
#3237 = CARTESIAN_POINT('',(325.76112488441,-108.2977798885,1.5));
#3238 = DIRECTION('',(0.,0.,1.));
#3239 = DIRECTION('',(1.,0.,0.));
#3240 = ORIENTED_EDGE('',*,*,#3185,.F.);
#3241 = ORIENTED_EDGE('',*,*,#186,.F.);
#3242 = CYLINDRICAL_SURFACE('',#3243,3.000000305555);
#3243 = AXIS2_PLACEMENT_3D('',#3244,#3245,#3246);
#3244 = CARTESIAN_POINT('',(325.76112488441,-108.2977798885,0.));
#3245 = DIRECTION('',(-0.,-0.,-1.));
#3246 = DIRECTION('',(1.,0.,0.));
#3247 = ADVANCED_FACE('',(#3248),#3265,.T.);
#3248 = FACE_BOUND('',#3249,.T.);
#3249 = EDGE_LOOP('',(#3250,#3251,#3258,#3264));
#3250 = ORIENTED_EDGE('',*,*,#130,.F.);
#3251 = ORIENTED_EDGE('',*,*,#3252,.T.);
#3252 = EDGE_CURVE('',#131,#3253,#3255,.T.);
#3253 = VERTEX_POINT('',#3254);
#3254 = CARTESIAN_POINT('',(80.731189086361,-130.207776168,1.5));
#3255 = B_SPLINE_CURVE_WITH_KNOTS('',1,(#3256,#3257),.UNSPECIFIED.,.F.,
  .F.,(2,2),(0.,1.),.PIECEWISE_BEZIER_KNOTS.);
#3256 = CARTESIAN_POINT('',(80.731189086361,-130.207776168,3.44E-15));
#3257 = CARTESIAN_POINT('',(80.731189086361,-130.207776168,1.5));
#3258 = ORIENTED_EDGE('',*,*,#3259,.T.);
#3259 = EDGE_CURVE('',#3253,#3203,#3260,.T.);
#3260 = LINE('',#3261,#3262);
#3261 = CARTESIAN_POINT('',(80.731189086361,-138.957776168,1.5));
#3262 = VECTOR('',#3263,1.);
#3263 = DIRECTION('',(0.,1.,0.));
#3264 = ORIENTED_EDGE('',*,*,#3211,.F.);
#3265 = PLANE('',#3266);
#3266 = AXIS2_PLACEMENT_3D('',#3267,#3268,#3269);
#3267 = CARTESIAN_POINT('',(80.731189086361,-138.957776168,0.));
#3268 = DIRECTION('',(-1.,0.,0.));
#3269 = DIRECTION('',(0.,1.,0.));
#3270 = ADVANCED_FACE('',(#3271),#3288,.F.);
#3271 = FACE_BOUND('',#3272,.F.);
#3272 = EDGE_LOOP('',(#3273,#3281,#3286,#3287));
#3273 = ORIENTED_EDGE('',*,*,#3274,.T.);
#3274 = EDGE_CURVE('',#171,#3275,#3277,.T.);
#3275 = VERTEX_POINT('',#3276);
#3276 = CARTESIAN_POINT('',(269.44634035202,-111.2977801941,1.5));
#3277 = LINE('',#3278,#3279);
#3278 = CARTESIAN_POINT('',(269.44634035202,-111.2977801941,0.));
#3279 = VECTOR('',#3280,1.);
#3280 = DIRECTION('',(0.,0.,1.));
#3281 = ORIENTED_EDGE('',*,*,#3282,.T.);
#3282 = EDGE_CURVE('',#3275,#3227,#3283,.T.);
#3283 = B_SPLINE_CURVE_WITH_KNOTS('',1,(#3284,#3285),.UNSPECIFIED.,.F.,
  .F.,(2,2),(0.,159.6325),.PIECEWISE_BEZIER_KNOTS.);
#3284 = CARTESIAN_POINT('',(269.446340352,-111.2977801941,1.5));
#3285 = CARTESIAN_POINT('',(325.76112488441,-111.2977801941,1.5));
#3286 = ORIENTED_EDGE('',*,*,#3226,.F.);
#3287 = ORIENTED_EDGE('',*,*,#179,.F.);
#3288 = SURFACE_OF_LINEAR_EXTRUSION('',#3289,#3292);
#3289 = B_SPLINE_CURVE_WITH_KNOTS('',1,(#3290,#3291),.UNSPECIFIED.,.F.,
  .F.,(2,2),(0.,159.6325),.PIECEWISE_BEZIER_KNOTS.);
#3290 = CARTESIAN_POINT('',(269.446340352,-111.2977801941,0.));
#3291 = CARTESIAN_POINT('',(325.76112488441,-111.2977801941,0.));
#3292 = VECTOR('',#3293,1.);
#3293 = DIRECTION('',(-0.,-0.,-1.));
#3294 = ADVANCED_FACE('',(#3295),#3322,.F.);
#3295 = FACE_BOUND('',#3296,.F.);
#3296 = EDGE_LOOP('',(#3297,#3306,#3314,#3321));
#3297 = ORIENTED_EDGE('',*,*,#3298,.F.);
#3298 = EDGE_CURVE('',#3299,#131,#3301,.T.);
#3299 = VERTEX_POINT('',#3300);
#3300 = CARTESIAN_POINT('',(80.731189086361,-132.957776168,-2.75));
#3301 = CIRCLE('',#3302,2.75);
#3302 = AXIS2_PLACEMENT_3D('',#3303,#3304,#3305);
#3303 = CARTESIAN_POINT('',(80.731189086361,-130.207776168,-2.75));
#3304 = DIRECTION('',(-1.,0.,0.));
#3305 = DIRECTION('',(0.,-1.,7.91E-15));
#3306 = ORIENTED_EDGE('',*,*,#3307,.F.);
#3307 = EDGE_CURVE('',#3308,#3299,#3310,.T.);
#3308 = VERTEX_POINT('',#3309);
#3309 = CARTESIAN_POINT('',(248.30114549941,-132.957776168,-2.75));
#3310 = LINE('',#3311,#3312);
#3311 = CARTESIAN_POINT('',(80.731189086361,-132.957776168,-2.75));
#3312 = VECTOR('',#3313,1.);
#3313 = DIRECTION('',(-1.,-0.,-0.));
#3314 = ORIENTED_EDGE('',*,*,#3315,.F.);
#3315 = EDGE_CURVE('',#139,#3308,#3316,.T.);
#3316 = CIRCLE('',#3317,2.75);
#3317 = AXIS2_PLACEMENT_3D('',#3318,#3319,#3320);
#3318 = CARTESIAN_POINT('',(248.30114549941,-130.207776168,-2.75));
#3319 = DIRECTION('',(1.,0.,0.));
#3320 = DIRECTION('',(0.,-1.034E-14,1.));
#3321 = ORIENTED_EDGE('',*,*,#138,.F.);
#3322 = CYLINDRICAL_SURFACE('',#3323,2.75);
#3323 = AXIS2_PLACEMENT_3D('',#3324,#3325,#3326);
#3324 = CARTESIAN_POINT('',(80.731189086361,-130.207776168,-2.75));
#3325 = DIRECTION('',(1.,0.,0.));
#3326 = DIRECTION('',(0.,0.,1.));
#3327 = ADVANCED_FACE('',(#3328),#3347,.F.);
#3328 = FACE_BOUND('',#3329,.T.);
#3329 = EDGE_LOOP('',(#3330,#3331,#3340,#3346));
#3330 = ORIENTED_EDGE('',*,*,#3274,.T.);
#3331 = ORIENTED_EDGE('',*,*,#3332,.T.);
#3332 = EDGE_CURVE('',#3275,#3333,#3335,.T.);
#3333 = VERTEX_POINT('',#3334);
#3334 = CARTESIAN_POINT('',(267.32503871568,-112.1764823911,1.5));
#3335 = CIRCLE('',#3336,2.999900422117);
#3336 = AXIS2_PLACEMENT_3D('',#3337,#3338,#3339);
#3337 = CARTESIAN_POINT('',(269.44634035203,-114.2976806162,1.5));
#3338 = DIRECTION('',(0.,0.,1.));
#3339 = DIRECTION('',(1.,0.,0.));
#3340 = ORIENTED_EDGE('',*,*,#3341,.F.);
#3341 = EDGE_CURVE('',#164,#3333,#3342,.T.);
#3342 = LINE('',#3343,#3344);
#3343 = CARTESIAN_POINT('',(267.32503871568,-112.1764823911,0.));
#3344 = VECTOR('',#3345,1.);
#3345 = DIRECTION('',(0.,0.,1.));
#3346 = ORIENTED_EDGE('',*,*,#170,.F.);
#3347 = CYLINDRICAL_SURFACE('',#3348,2.999900422117);
#3348 = AXIS2_PLACEMENT_3D('',#3349,#3350,#3351);
#3349 = CARTESIAN_POINT('',(269.44634035203,-114.2976806162,0.));
#3350 = DIRECTION('',(-0.,-0.,-1.));
#3351 = DIRECTION('',(1.,0.,0.));
#3352 = ADVANCED_FACE('',(#3353),#3377,.T.);
#3353 = FACE_BOUND('',#3354,.T.);
#3354 = EDGE_LOOP('',(#3355,#3356,#3364,#3372));
#3355 = ORIENTED_EDGE('',*,*,#146,.F.);
#3356 = ORIENTED_EDGE('',*,*,#3357,.T.);
#3357 = EDGE_CURVE('',#147,#3358,#3360,.T.);
#3358 = VERTEX_POINT('',#3359);
#3359 = CARTESIAN_POINT('',(248.30114549941,-129.957776168,1.5));
#3360 = LINE('',#3361,#3362);
#3361 = CARTESIAN_POINT('',(248.30114549941,-129.957776168,0.));
#3362 = VECTOR('',#3363,1.);
#3363 = DIRECTION('',(0.,0.,1.));
#3364 = ORIENTED_EDGE('',*,*,#3365,.T.);
#3365 = EDGE_CURVE('',#3358,#3366,#3368,.T.);
#3366 = VERTEX_POINT('',#3367);
#3367 = CARTESIAN_POINT('',(248.30114549941,-130.207776168,1.5));
#3368 = LINE('',#3369,#3370);
#3369 = CARTESIAN_POINT('',(248.30114549941,-129.957776168,1.5));
#3370 = VECTOR('',#3371,1.);
#3371 = DIRECTION('',(0.,-1.,0.));
#3372 = ORIENTED_EDGE('',*,*,#3373,.F.);
#3373 = EDGE_CURVE('',#139,#3366,#3374,.T.);
#3374 = B_SPLINE_CURVE_WITH_KNOTS('',1,(#3375,#3376),.UNSPECIFIED.,.F.,
  .F.,(2,2),(0.,1.),.PIECEWISE_BEZIER_KNOTS.);
#3375 = CARTESIAN_POINT('',(248.30114549941,-130.207776168,4.33E-15));
#3376 = CARTESIAN_POINT('',(248.30114549941,-130.207776168,1.5));
#3377 = PLANE('',#3378);
#3378 = AXIS2_PLACEMENT_3D('',#3379,#3380,#3381);
#3379 = CARTESIAN_POINT('',(248.30114549941,-129.957776168,0.));
#3380 = DIRECTION('',(1.,0.,0.));
#3381 = DIRECTION('',(0.,-1.,0.));
#3382 = ADVANCED_FACE('',(#3383),#3400,.F.);
#3383 = FACE_BOUND('',#3384,.F.);
#3384 = EDGE_LOOP('',(#3385,#3393,#3398,#3399));
#3385 = ORIENTED_EDGE('',*,*,#3386,.T.);
#3386 = EDGE_CURVE('',#155,#3387,#3389,.T.);
#3387 = VERTEX_POINT('',#3388);
#3388 = CARTESIAN_POINT('',(250.42244360798,-129.0790774988,1.5));
#3389 = LINE('',#3390,#3391);
#3390 = CARTESIAN_POINT('',(250.42244360798,-129.0790774988,0.));
#3391 = VECTOR('',#3392,1.);
#3392 = DIRECTION('',(0.,0.,1.));
#3393 = ORIENTED_EDGE('',*,*,#3394,.T.);
#3394 = EDGE_CURVE('',#3387,#3333,#3395,.T.);
#3395 = B_SPLINE_CURVE_WITH_KNOTS('',1,(#3396,#3397),.UNSPECIFIED.,.F.,
  .F.,(2,2),(0.,67.759044708355),.PIECEWISE_BEZIER_KNOTS.);
#3396 = CARTESIAN_POINT('',(250.42244360798,-129.0790774988,1.5));
#3397 = CARTESIAN_POINT('',(267.32503871566,-112.1764823911,1.5));
#3398 = ORIENTED_EDGE('',*,*,#3341,.F.);
#3399 = ORIENTED_EDGE('',*,*,#163,.F.);
#3400 = SURFACE_OF_LINEAR_EXTRUSION('',#3401,#3404);
#3401 = B_SPLINE_CURVE_WITH_KNOTS('',1,(#3402,#3403),.UNSPECIFIED.,.F.,
  .F.,(2,2),(0.,67.759044708355),.PIECEWISE_BEZIER_KNOTS.);
#3402 = CARTESIAN_POINT('',(250.42244360798,-129.0790774988,0.));
#3403 = CARTESIAN_POINT('',(267.32503871566,-112.1764823911,0.));
#3404 = VECTOR('',#3405,1.);
#3405 = DIRECTION('',(-0.,-0.,-1.));
#3406 = ADVANCED_FACE('',(#3407),#3419,.T.);
#3407 = FACE_BOUND('',#3408,.F.);
#3408 = EDGE_LOOP('',(#3409,#3410,#3417,#3418));
#3409 = ORIENTED_EDGE('',*,*,#3357,.T.);
#3410 = ORIENTED_EDGE('',*,*,#3411,.T.);
#3411 = EDGE_CURVE('',#3358,#3387,#3412,.T.);
#3412 = CIRCLE('',#3413,2.999900421718);
#3413 = AXIS2_PLACEMENT_3D('',#3414,#3415,#3416);
#3414 = CARTESIAN_POINT('',(248.30114549941,-126.9578757463,1.5));
#3415 = DIRECTION('',(0.,0.,1.));
#3416 = DIRECTION('',(1.,0.,0.));
#3417 = ORIENTED_EDGE('',*,*,#3386,.F.);
#3418 = ORIENTED_EDGE('',*,*,#154,.F.);
#3419 = CYLINDRICAL_SURFACE('',#3420,2.999900421718);
#3420 = AXIS2_PLACEMENT_3D('',#3421,#3422,#3423);
#3421 = CARTESIAN_POINT('',(248.30114549941,-126.9578757463,0.));
#3422 = DIRECTION('',(-0.,-0.,-1.));
#3423 = DIRECTION('',(1.,0.,0.));
#3424 = ADVANCED_FACE('',(#3425),#3451,.F.);
#3425 = FACE_BOUND('',#3426,.F.);
#3426 = EDGE_LOOP('',(#3427,#3438,#3444,#3445));
#3427 = ORIENTED_EDGE('',*,*,#3428,.F.);
#3428 = EDGE_CURVE('',#3429,#3431,#3433,.T.);
#3429 = VERTEX_POINT('',#3430);
#3430 = CARTESIAN_POINT('',(13.717446774503,-97.55778400275,1.5));
#3431 = VERTEX_POINT('',#3432);
#3432 = CARTESIAN_POINT('',(13.717446774407,-101.4577840027,1.5));
#3433 = CIRCLE('',#3434,1.949999999982);
#3434 = AXIS2_PLACEMENT_3D('',#3435,#3436,#3437);
#3435 = CARTESIAN_POINT('',(13.717446774503,-99.50778400274,1.5));
#3436 = DIRECTION('',(0.,0.,1.));
#3437 = DIRECTION('',(1.,0.,0.));
#3438 = ORIENTED_EDGE('',*,*,#3439,.T.);
#3439 = EDGE_CURVE('',#3429,#235,#3440,.T.);
#3440 = LINE('',#3441,#3442);
#3441 = CARTESIAN_POINT('',(13.717446774503,-97.55778400275,1.5));
#3442 = VECTOR('',#3443,1.);
#3443 = DIRECTION('',(-0.,-0.,-1.));
#3444 = ORIENTED_EDGE('',*,*,#234,.T.);
#3445 = ORIENTED_EDGE('',*,*,#3446,.F.);
#3446 = EDGE_CURVE('',#3431,#237,#3447,.T.);
#3447 = LINE('',#3448,#3449);
#3448 = CARTESIAN_POINT('',(13.717446774407,-101.4577840027,1.5));
#3449 = VECTOR('',#3450,1.);
#3450 = DIRECTION('',(-0.,-0.,-1.));
#3451 = CYLINDRICAL_SURFACE('',#3452,1.949999999982);
#3452 = AXIS2_PLACEMENT_3D('',#3453,#3454,#3455);
#3453 = CARTESIAN_POINT('',(13.717446774503,-99.50778400274,1.5));
#3454 = DIRECTION('',(0.,0.,1.));
#3455 = DIRECTION('',(1.,0.,0.));
#3456 = ADVANCED_FACE('',(#3457),#3475,.F.);
#3457 = FACE_BOUND('',#3458,.F.);
#3458 = EDGE_LOOP('',(#3459,#3467,#3468,#3469));
#3459 = ORIENTED_EDGE('',*,*,#3460,.F.);
#3460 = EDGE_CURVE('',#3431,#3461,#3463,.T.);
#3461 = VERTEX_POINT('',#3462);
#3462 = CARTESIAN_POINT('',(14.717446774473,-101.4577840027,1.5));
#3463 = LINE('',#3464,#3465);
#3464 = CARTESIAN_POINT('',(13.717446774407,-101.4577840027,1.5));
#3465 = VECTOR('',#3466,1.);
#3466 = DIRECTION('',(1.,-1.136868377141E-13,0.));
#3467 = ORIENTED_EDGE('',*,*,#3446,.T.);
#3468 = ORIENTED_EDGE('',*,*,#262,.T.);
#3469 = ORIENTED_EDGE('',*,*,#3470,.F.);
#3470 = EDGE_CURVE('',#3461,#254,#3471,.T.);
#3471 = LINE('',#3472,#3473);
#3472 = CARTESIAN_POINT('',(14.717446774473,-101.4577840027,1.5));
#3473 = VECTOR('',#3474,1.);
#3474 = DIRECTION('',(-0.,-0.,-1.));
#3475 = PLANE('',#3476);
#3476 = AXIS2_PLACEMENT_3D('',#3477,#3478,#3479);
#3477 = CARTESIAN_POINT('',(13.717446774407,-101.4577840027,1.5));
#3478 = DIRECTION('',(-1.136868377141E-13,-1.,0.));
#3479 = DIRECTION('',(1.,-1.136868377141E-13,0.));
#3480 = ADVANCED_FACE('',(#3481),#3500,.F.);
#3481 = FACE_BOUND('',#3482,.F.);
#3482 = EDGE_LOOP('',(#3483,#3492,#3493,#3494));
#3483 = ORIENTED_EDGE('',*,*,#3484,.F.);
#3484 = EDGE_CURVE('',#3461,#3485,#3487,.T.);
#3485 = VERTEX_POINT('',#3486);
#3486 = CARTESIAN_POINT('',(14.71744677454,-97.55778400275,1.5));
#3487 = CIRCLE('',#3488,1.949999999982);
#3488 = AXIS2_PLACEMENT_3D('',#3489,#3490,#3491);
#3489 = CARTESIAN_POINT('',(14.71744677454,-99.50778400274,1.5));
#3490 = DIRECTION('',(0.,0.,1.));
#3491 = DIRECTION('',(1.,0.,0.));
#3492 = ORIENTED_EDGE('',*,*,#3470,.T.);
#3493 = ORIENTED_EDGE('',*,*,#253,.T.);
#3494 = ORIENTED_EDGE('',*,*,#3495,.F.);
#3495 = EDGE_CURVE('',#3485,#246,#3496,.T.);
#3496 = LINE('',#3497,#3498);
#3497 = CARTESIAN_POINT('',(14.71744677454,-97.55778400275,1.5));
#3498 = VECTOR('',#3499,1.);
#3499 = DIRECTION('',(-0.,-0.,-1.));
#3500 = CYLINDRICAL_SURFACE('',#3501,1.949999999982);
#3501 = AXIS2_PLACEMENT_3D('',#3502,#3503,#3504);
#3502 = CARTESIAN_POINT('',(14.71744677454,-99.50778400274,1.5));
#3503 = DIRECTION('',(0.,0.,1.));
#3504 = DIRECTION('',(1.,0.,0.));
#3505 = ADVANCED_FACE('',(#3506),#3517,.T.);
#3506 = FACE_BOUND('',#3507,.T.);
#3507 = EDGE_LOOP('',(#3508,#3514,#3515,#3516));
#3508 = ORIENTED_EDGE('',*,*,#3509,.F.);
#3509 = EDGE_CURVE('',#3429,#3485,#3510,.T.);
#3510 = LINE('',#3511,#3512);
#3511 = CARTESIAN_POINT('',(13.717446774503,-97.55778400275,1.5));
#3512 = VECTOR('',#3513,1.);
#3513 = DIRECTION('',(1.,0.,0.));
#3514 = ORIENTED_EDGE('',*,*,#3439,.T.);
#3515 = ORIENTED_EDGE('',*,*,#245,.T.);
#3516 = ORIENTED_EDGE('',*,*,#3495,.F.);
#3517 = PLANE('',#3518);
#3518 = AXIS2_PLACEMENT_3D('',#3519,#3520,#3521);
#3519 = CARTESIAN_POINT('',(13.717446774503,-97.55778400275,1.5));
#3520 = DIRECTION('',(0.,-1.,0.));
#3521 = DIRECTION('',(1.,0.,0.));
#3522 = ADVANCED_FACE('',(#3523),#3548,.T.);
#3523 = FACE_BOUND('',#3524,.T.);
#3524 = EDGE_LOOP('',(#3525,#3535,#3541,#3542));
#3525 = ORIENTED_EDGE('',*,*,#3526,.F.);
#3526 = EDGE_CURVE('',#3527,#3529,#3531,.T.);
#3527 = VERTEX_POINT('',#3528);
#3528 = CARTESIAN_POINT('',(35.86744841341,-93.36098553944,1.5));
#3529 = VERTEX_POINT('',#3530);
#3530 = CARTESIAN_POINT('',(35.86744841341,-92.50778564163,1.5));
#3531 = LINE('',#3532,#3533);
#3532 = CARTESIAN_POINT('',(35.86744841341,-93.36098553944,1.5));
#3533 = VECTOR('',#3534,1.);
#3534 = DIRECTION('',(0.,1.,0.));
#3535 = ORIENTED_EDGE('',*,*,#3536,.T.);
#3536 = EDGE_CURVE('',#3527,#271,#3537,.T.);
#3537 = LINE('',#3538,#3539);
#3538 = CARTESIAN_POINT('',(35.86744841341,-93.36098553944,1.5));
#3539 = VECTOR('',#3540,1.);
#3540 = DIRECTION('',(-0.,-0.,-1.));
#3541 = ORIENTED_EDGE('',*,*,#270,.T.);
#3542 = ORIENTED_EDGE('',*,*,#3543,.F.);
#3543 = EDGE_CURVE('',#3529,#273,#3544,.T.);
#3544 = LINE('',#3545,#3546);
#3545 = CARTESIAN_POINT('',(35.86744841341,-92.50778564163,1.5));
#3546 = VECTOR('',#3547,1.);
#3547 = DIRECTION('',(-0.,-0.,-1.));
#3548 = PLANE('',#3549);
#3549 = AXIS2_PLACEMENT_3D('',#3550,#3551,#3552);
#3550 = CARTESIAN_POINT('',(35.86744841341,-93.36098553944,1.5));
#3551 = DIRECTION('',(1.,0.,0.));
#3552 = DIRECTION('',(0.,1.,0.));
#3553 = ADVANCED_FACE('',(#3554),#3572,.T.);
#3554 = FACE_BOUND('',#3555,.T.);
#3555 = EDGE_LOOP('',(#3556,#3564,#3570,#3571));
#3556 = ORIENTED_EDGE('',*,*,#3557,.F.);
#3557 = EDGE_CURVE('',#3558,#3527,#3560,.T.);
#3558 = VERTEX_POINT('',#3559);
#3559 = CARTESIAN_POINT('',(27.599450619299,-93.36098553944,1.5));
#3560 = LINE('',#3561,#3562);
#3561 = CARTESIAN_POINT('',(27.599450619299,-93.36098553944,1.5));
#3562 = VECTOR('',#3563,1.);
#3563 = DIRECTION('',(1.,0.,0.));
#3564 = ORIENTED_EDGE('',*,*,#3565,.T.);
#3565 = EDGE_CURVE('',#3558,#353,#3566,.T.);
#3566 = LINE('',#3567,#3568);
#3567 = CARTESIAN_POINT('',(27.599450619299,-93.36098553944,1.5));
#3568 = VECTOR('',#3569,1.);
#3569 = DIRECTION('',(-0.,-0.,-1.));
#3570 = ORIENTED_EDGE('',*,*,#360,.T.);
#3571 = ORIENTED_EDGE('',*,*,#3536,.F.);
#3572 = PLANE('',#3573);
#3573 = AXIS2_PLACEMENT_3D('',#3574,#3575,#3576);
#3574 = CARTESIAN_POINT('',(27.599450619299,-93.36098553944,1.5));
#3575 = DIRECTION('',(0.,-1.,0.));
#3576 = DIRECTION('',(1.,0.,0.));
#3577 = ADVANCED_FACE('',(#3578),#3596,.T.);
#3578 = FACE_BOUND('',#3579,.T.);
#3579 = EDGE_LOOP('',(#3580,#3588,#3589,#3590));
#3580 = ORIENTED_EDGE('',*,*,#3581,.F.);
#3581 = EDGE_CURVE('',#3529,#3582,#3584,.T.);
#3582 = VERTEX_POINT('',#3583);
#3583 = CARTESIAN_POINT('',(49.867445135633,-92.50778564163,1.5));
#3584 = LINE('',#3585,#3586);
#3585 = CARTESIAN_POINT('',(35.86744841341,-92.50778564163,1.5));
#3586 = VECTOR('',#3587,1.);
#3587 = DIRECTION('',(1.,0.,0.));
#3588 = ORIENTED_EDGE('',*,*,#3543,.T.);
#3589 = ORIENTED_EDGE('',*,*,#280,.T.);
#3590 = ORIENTED_EDGE('',*,*,#3591,.F.);
#3591 = EDGE_CURVE('',#3582,#281,#3592,.T.);
#3592 = LINE('',#3593,#3594);
#3593 = CARTESIAN_POINT('',(49.867445135633,-92.50778564163,1.5));
#3594 = VECTOR('',#3595,1.);
#3595 = DIRECTION('',(-0.,-0.,-1.));
#3596 = PLANE('',#3597);
#3597 = AXIS2_PLACEMENT_3D('',#3598,#3599,#3600);
#3598 = CARTESIAN_POINT('',(35.86744841341,-92.50778564163,1.5));
#3599 = DIRECTION('',(0.,-1.,0.));
#3600 = DIRECTION('',(1.,0.,0.));
#3601 = ADVANCED_FACE('',(#3602),#3620,.T.);
#3602 = FACE_BOUND('',#3603,.T.);
#3603 = EDGE_LOOP('',(#3604,#3612,#3618,#3619));
#3604 = ORIENTED_EDGE('',*,*,#3605,.F.);
#3605 = EDGE_CURVE('',#3606,#3558,#3608,.T.);
#3606 = VERTEX_POINT('',#3607);
#3607 = CARTESIAN_POINT('',(27.599450619299,-105.654582466,1.5));
#3608 = LINE('',#3609,#3610);
#3609 = CARTESIAN_POINT('',(27.599450619299,-105.654582466,1.5));
#3610 = VECTOR('',#3611,1.);
#3611 = DIRECTION('',(2.9E-16,1.,0.));
#3612 = ORIENTED_EDGE('',*,*,#3613,.T.);
#3613 = EDGE_CURVE('',#3606,#345,#3614,.T.);
#3614 = LINE('',#3615,#3616);
#3615 = CARTESIAN_POINT('',(27.599450619299,-105.654582466,1.5));
#3616 = VECTOR('',#3617,1.);
#3617 = DIRECTION('',(-0.,-0.,-1.));
#3618 = ORIENTED_EDGE('',*,*,#352,.T.);
#3619 = ORIENTED_EDGE('',*,*,#3565,.F.);
#3620 = PLANE('',#3621);
#3621 = AXIS2_PLACEMENT_3D('',#3622,#3623,#3624);
#3622 = CARTESIAN_POINT('',(27.599450619299,-105.654582466,1.5));
#3623 = DIRECTION('',(1.,-2.9E-16,0.));
#3624 = DIRECTION('',(2.9E-16,1.,0.));
#3625 = ADVANCED_FACE('',(#3626),#3644,.T.);
#3626 = FACE_BOUND('',#3627,.T.);
#3627 = EDGE_LOOP('',(#3628,#3636,#3637,#3638));
#3628 = ORIENTED_EDGE('',*,*,#3629,.F.);
#3629 = EDGE_CURVE('',#3582,#3630,#3632,.T.);
#3630 = VERTEX_POINT('',#3631);
#3631 = CARTESIAN_POINT('',(49.867445135633,-93.36098553944,1.5));
#3632 = LINE('',#3633,#3634);
#3633 = CARTESIAN_POINT('',(49.867445135633,-92.50778564163,1.5));
#3634 = VECTOR('',#3635,1.);
#3635 = DIRECTION('',(0.,-1.,0.));
#3636 = ORIENTED_EDGE('',*,*,#3591,.T.);
#3637 = ORIENTED_EDGE('',*,*,#288,.T.);
#3638 = ORIENTED_EDGE('',*,*,#3639,.F.);
#3639 = EDGE_CURVE('',#3630,#289,#3640,.T.);
#3640 = LINE('',#3641,#3642);
#3641 = CARTESIAN_POINT('',(49.867445135633,-93.36098553944,1.5));
#3642 = VECTOR('',#3643,1.);
#3643 = DIRECTION('',(-0.,-0.,-1.));
#3644 = PLANE('',#3645);
#3645 = AXIS2_PLACEMENT_3D('',#3646,#3647,#3648);
#3646 = CARTESIAN_POINT('',(49.867445135633,-92.50778564163,1.5));
#3647 = DIRECTION('',(-1.,0.,0.));
#3648 = DIRECTION('',(0.,-1.,0.));
#3649 = ADVANCED_FACE('',(#3650),#3668,.T.);
#3650 = FACE_BOUND('',#3651,.T.);
#3651 = EDGE_LOOP('',(#3652,#3660,#3666,#3667));
#3652 = ORIENTED_EDGE('',*,*,#3653,.F.);
#3653 = EDGE_CURVE('',#3654,#3606,#3656,.T.);
#3654 = VERTEX_POINT('',#3655);
#3655 = CARTESIAN_POINT('',(35.86744841341,-105.654582466,1.5));
#3656 = LINE('',#3657,#3658);
#3657 = CARTESIAN_POINT('',(35.86744841341,-105.654582466,1.5));
#3658 = VECTOR('',#3659,1.);
#3659 = DIRECTION('',(-1.,-1.72E-15,0.));
#3660 = ORIENTED_EDGE('',*,*,#3661,.T.);
#3661 = EDGE_CURVE('',#3654,#337,#3662,.T.);
#3662 = LINE('',#3663,#3664);
#3663 = CARTESIAN_POINT('',(35.86744841341,-105.654582466,1.5));
#3664 = VECTOR('',#3665,1.);
#3665 = DIRECTION('',(-0.,-0.,-1.));
#3666 = ORIENTED_EDGE('',*,*,#344,.T.);
#3667 = ORIENTED_EDGE('',*,*,#3613,.F.);
#3668 = PLANE('',#3669);
#3669 = AXIS2_PLACEMENT_3D('',#3670,#3671,#3672);
#3670 = CARTESIAN_POINT('',(35.86744841341,-105.654582466,1.5));
#3671 = DIRECTION('',(-1.72E-15,1.,0.));
#3672 = DIRECTION('',(-1.,-1.72E-15,0.));
#3673 = ADVANCED_FACE('',(#3674),#3692,.T.);
#3674 = FACE_BOUND('',#3675,.T.);
#3675 = EDGE_LOOP('',(#3676,#3684,#3685,#3686));
#3676 = ORIENTED_EDGE('',*,*,#3677,.F.);
#3677 = EDGE_CURVE('',#3630,#3678,#3680,.T.);
#3678 = VERTEX_POINT('',#3679);
#3679 = CARTESIAN_POINT('',(58.135442929744,-93.36098553944,1.5));
#3680 = LINE('',#3681,#3682);
#3681 = CARTESIAN_POINT('',(49.867445135633,-93.36098553944,1.5));
#3682 = VECTOR('',#3683,1.);
#3683 = DIRECTION('',(1.,0.,0.));
#3684 = ORIENTED_EDGE('',*,*,#3639,.T.);
#3685 = ORIENTED_EDGE('',*,*,#296,.T.);
#3686 = ORIENTED_EDGE('',*,*,#3687,.F.);
#3687 = EDGE_CURVE('',#3678,#297,#3688,.T.);
#3688 = LINE('',#3689,#3690);
#3689 = CARTESIAN_POINT('',(58.135442929744,-93.36098553944,1.5));
#3690 = VECTOR('',#3691,1.);
#3691 = DIRECTION('',(-0.,-0.,-1.));
#3692 = PLANE('',#3693);
#3693 = AXIS2_PLACEMENT_3D('',#3694,#3695,#3696);
#3694 = CARTESIAN_POINT('',(49.867445135633,-93.36098553944,1.5));
#3695 = DIRECTION('',(0.,-1.,0.));
#3696 = DIRECTION('',(1.,0.,0.));
#3697 = ADVANCED_FACE('',(#3698),#3716,.T.);
#3698 = FACE_BOUND('',#3699,.T.);
#3699 = EDGE_LOOP('',(#3700,#3708,#3714,#3715));
#3700 = ORIENTED_EDGE('',*,*,#3701,.F.);
#3701 = EDGE_CURVE('',#3702,#3654,#3704,.T.);
#3702 = VERTEX_POINT('',#3703);
#3703 = CARTESIAN_POINT('',(35.86744841341,-106.5077823638,1.5));
#3704 = LINE('',#3705,#3706);
#3705 = CARTESIAN_POINT('',(35.86744841341,-106.5077823638,1.5));
#3706 = VECTOR('',#3707,1.);
#3707 = DIRECTION('',(0.,1.,0.));
#3708 = ORIENTED_EDGE('',*,*,#3709,.T.);
#3709 = EDGE_CURVE('',#3702,#329,#3710,.T.);
#3710 = LINE('',#3711,#3712);
#3711 = CARTESIAN_POINT('',(35.86744841341,-106.5077823638,1.5));
#3712 = VECTOR('',#3713,1.);
#3713 = DIRECTION('',(-0.,-0.,-1.));
#3714 = ORIENTED_EDGE('',*,*,#336,.T.);
#3715 = ORIENTED_EDGE('',*,*,#3661,.F.);
#3716 = PLANE('',#3717);
#3717 = AXIS2_PLACEMENT_3D('',#3718,#3719,#3720);
#3718 = CARTESIAN_POINT('',(35.86744841341,-106.5077823638,1.5));
#3719 = DIRECTION('',(1.,0.,0.));
#3720 = DIRECTION('',(0.,1.,0.));
#3721 = ADVANCED_FACE('',(#3722),#3740,.T.);
#3722 = FACE_BOUND('',#3723,.T.);
#3723 = EDGE_LOOP('',(#3724,#3732,#3733,#3734));
#3724 = ORIENTED_EDGE('',*,*,#3725,.F.);
#3725 = EDGE_CURVE('',#3678,#3726,#3728,.T.);
#3726 = VERTEX_POINT('',#3727);
#3727 = CARTESIAN_POINT('',(58.135442929744,-105.654582466,1.5));
#3728 = LINE('',#3729,#3730);
#3729 = CARTESIAN_POINT('',(58.135442929744,-93.36098553944,1.5));
#3730 = VECTOR('',#3731,1.);
#3731 = DIRECTION('',(0.,-1.,0.));
#3732 = ORIENTED_EDGE('',*,*,#3687,.T.);
#3733 = ORIENTED_EDGE('',*,*,#304,.T.);
#3734 = ORIENTED_EDGE('',*,*,#3735,.F.);
#3735 = EDGE_CURVE('',#3726,#305,#3736,.T.);
#3736 = LINE('',#3737,#3738);
#3737 = CARTESIAN_POINT('',(58.135442929744,-105.654582466,1.5));
#3738 = VECTOR('',#3739,1.);
#3739 = DIRECTION('',(-0.,-0.,-1.));
#3740 = PLANE('',#3741);
#3741 = AXIS2_PLACEMENT_3D('',#3742,#3743,#3744);
#3742 = CARTESIAN_POINT('',(58.135442929744,-93.36098553944,1.5));
#3743 = DIRECTION('',(-1.,0.,0.));
#3744 = DIRECTION('',(0.,-1.,0.));
#3745 = ADVANCED_FACE('',(#3746),#3764,.T.);
#3746 = FACE_BOUND('',#3747,.T.);
#3747 = EDGE_LOOP('',(#3748,#3756,#3762,#3763));
#3748 = ORIENTED_EDGE('',*,*,#3749,.F.);
#3749 = EDGE_CURVE('',#3750,#3702,#3752,.T.);
#3750 = VERTEX_POINT('',#3751);
#3751 = CARTESIAN_POINT('',(49.867445135633,-106.5077823638,1.5));
#3752 = LINE('',#3753,#3754);
#3753 = CARTESIAN_POINT('',(49.867445135633,-106.5077823638,1.5));
#3754 = VECTOR('',#3755,1.);
#3755 = DIRECTION('',(-1.,1.02E-15,0.));
#3756 = ORIENTED_EDGE('',*,*,#3757,.T.);
#3757 = EDGE_CURVE('',#3750,#321,#3758,.T.);
#3758 = LINE('',#3759,#3760);
#3759 = CARTESIAN_POINT('',(49.867445135633,-106.5077823638,1.5));
#3760 = VECTOR('',#3761,1.);
#3761 = DIRECTION('',(-0.,-0.,-1.));
#3762 = ORIENTED_EDGE('',*,*,#328,.T.);
#3763 = ORIENTED_EDGE('',*,*,#3709,.F.);
#3764 = PLANE('',#3765);
#3765 = AXIS2_PLACEMENT_3D('',#3766,#3767,#3768);
#3766 = CARTESIAN_POINT('',(49.867445135633,-106.5077823638,1.5));
#3767 = DIRECTION('',(1.02E-15,1.,0.));
#3768 = DIRECTION('',(-1.,1.02E-15,0.));
#3769 = ADVANCED_FACE('',(#3770),#3788,.T.);
#3770 = FACE_BOUND('',#3771,.T.);
#3771 = EDGE_LOOP('',(#3772,#3780,#3781,#3782));
#3772 = ORIENTED_EDGE('',*,*,#3773,.F.);
#3773 = EDGE_CURVE('',#3726,#3774,#3776,.T.);
#3774 = VERTEX_POINT('',#3775);
#3775 = CARTESIAN_POINT('',(49.867445135633,-105.654582466,1.5));
#3776 = LINE('',#3777,#3778);
#3777 = CARTESIAN_POINT('',(58.135442929744,-105.654582466,1.5));
#3778 = VECTOR('',#3779,1.);
#3779 = DIRECTION('',(-1.,0.,0.));
#3780 = ORIENTED_EDGE('',*,*,#3735,.T.);
#3781 = ORIENTED_EDGE('',*,*,#312,.T.);
#3782 = ORIENTED_EDGE('',*,*,#3783,.F.);
#3783 = EDGE_CURVE('',#3774,#313,#3784,.T.);
#3784 = LINE('',#3785,#3786);
#3785 = CARTESIAN_POINT('',(49.867445135633,-105.654582466,1.5));
#3786 = VECTOR('',#3787,1.);
#3787 = DIRECTION('',(-0.,-0.,-1.));
#3788 = PLANE('',#3789);
#3789 = AXIS2_PLACEMENT_3D('',#3790,#3791,#3792);
#3790 = CARTESIAN_POINT('',(58.135442929744,-105.654582466,1.5));
#3791 = DIRECTION('',(0.,1.,0.));
#3792 = DIRECTION('',(-1.,0.,0.));
#3793 = ADVANCED_FACE('',(#3794),#3805,.T.);
#3794 = FACE_BOUND('',#3795,.T.);
#3795 = EDGE_LOOP('',(#3796,#3802,#3803,#3804));
#3796 = ORIENTED_EDGE('',*,*,#3797,.F.);
#3797 = EDGE_CURVE('',#3774,#3750,#3798,.T.);
#3798 = LINE('',#3799,#3800);
#3799 = CARTESIAN_POINT('',(49.867445135633,-105.654582466,1.5));
#3800 = VECTOR('',#3801,1.);
#3801 = DIRECTION('',(1.666E-14,-1.,0.));
#3802 = ORIENTED_EDGE('',*,*,#3783,.T.);
#3803 = ORIENTED_EDGE('',*,*,#320,.T.);
#3804 = ORIENTED_EDGE('',*,*,#3757,.F.);
#3805 = PLANE('',#3806);
#3806 = AXIS2_PLACEMENT_3D('',#3807,#3808,#3809);
#3807 = CARTESIAN_POINT('',(49.867445135633,-105.654582466,1.5));
#3808 = DIRECTION('',(-1.,-1.666E-14,0.));
#3809 = DIRECTION('',(1.666E-14,-1.,0.));
#3810 = ADVANCED_FACE('',(#3811),#3836,.F.);
#3811 = FACE_BOUND('',#3812,.F.);
#3812 = EDGE_LOOP('',(#3813,#3823,#3829,#3830));
#3813 = ORIENTED_EDGE('',*,*,#3814,.F.);
#3814 = EDGE_CURVE('',#3815,#3817,#3819,.T.);
#3815 = VERTEX_POINT('',#3816);
#3816 = CARTESIAN_POINT('',(66.823690674348,-92.50778564163,1.5));
#3817 = VERTEX_POINT('',#3818);
#3818 = CARTESIAN_POINT('',(66.823690674348,-106.5077823638,1.5));
#3819 = LINE('',#3820,#3821);
#3820 = CARTESIAN_POINT('',(66.823690674348,-92.50778564163,1.5));
#3821 = VECTOR('',#3822,1.);
#3822 = DIRECTION('',(0.,-1.,0.));
#3823 = ORIENTED_EDGE('',*,*,#3824,.T.);
#3824 = EDGE_CURVE('',#3815,#369,#3825,.T.);
#3825 = LINE('',#3826,#3827);
#3826 = CARTESIAN_POINT('',(66.823690674348,-92.50778564163,1.5));
#3827 = VECTOR('',#3828,1.);
#3828 = DIRECTION('',(-0.,-0.,-1.));
#3829 = ORIENTED_EDGE('',*,*,#368,.T.);
#3830 = ORIENTED_EDGE('',*,*,#3831,.F.);
#3831 = EDGE_CURVE('',#3817,#371,#3832,.T.);
#3832 = LINE('',#3833,#3834);
#3833 = CARTESIAN_POINT('',(66.823690674348,-106.5077823638,1.5));
#3834 = VECTOR('',#3835,1.);
#3835 = DIRECTION('',(-0.,-0.,-1.));
#3836 = PLANE('',#3837);
#3837 = AXIS2_PLACEMENT_3D('',#3838,#3839,#3840);
#3838 = CARTESIAN_POINT('',(66.823690674348,-92.50778564163,1.5));
#3839 = DIRECTION('',(-1.,0.,0.));
#3840 = DIRECTION('',(0.,-1.,0.));
#3841 = ADVANCED_FACE('',(#3842),#3860,.F.);
#3842 = FACE_BOUND('',#3843,.F.);
#3843 = EDGE_LOOP('',(#3844,#3852,#3858,#3859));
#3844 = ORIENTED_EDGE('',*,*,#3845,.F.);
#3845 = EDGE_CURVE('',#3846,#3815,#3848,.T.);
#3846 = VERTEX_POINT('',#3847);
#3847 = CARTESIAN_POINT('',(80.82368739657,-92.50778564163,1.5));
#3848 = LINE('',#3849,#3850);
#3849 = CARTESIAN_POINT('',(80.82368739657,-92.50778564163,1.5));
#3850 = VECTOR('',#3851,1.);
#3851 = DIRECTION('',(-1.,0.,0.));
#3852 = ORIENTED_EDGE('',*,*,#3853,.T.);
#3853 = EDGE_CURVE('',#3846,#379,#3854,.T.);
#3854 = LINE('',#3855,#3856);
#3855 = CARTESIAN_POINT('',(80.82368739657,-92.50778564163,1.5));
#3856 = VECTOR('',#3857,1.);
#3857 = DIRECTION('',(-0.,-0.,-1.));
#3858 = ORIENTED_EDGE('',*,*,#378,.T.);
#3859 = ORIENTED_EDGE('',*,*,#3824,.F.);
#3860 = PLANE('',#3861);
#3861 = AXIS2_PLACEMENT_3D('',#3862,#3863,#3864);
#3862 = CARTESIAN_POINT('',(80.82368739657,-92.50778564163,1.5));
#3863 = DIRECTION('',(0.,1.,0.));
#3864 = DIRECTION('',(-1.,0.,0.));
#3865 = ADVANCED_FACE('',(#3866),#3884,.F.);
#3866 = FACE_BOUND('',#3867,.F.);
#3867 = EDGE_LOOP('',(#3868,#3876,#3877,#3878));
#3868 = ORIENTED_EDGE('',*,*,#3869,.F.);
#3869 = EDGE_CURVE('',#3817,#3870,#3872,.T.);
#3870 = VERTEX_POINT('',#3871);
#3871 = CARTESIAN_POINT('',(80.82368739657,-106.5077823638,1.5));
#3872 = LINE('',#3873,#3874);
#3873 = CARTESIAN_POINT('',(66.823690674348,-106.5077823638,1.5));
#3874 = VECTOR('',#3875,1.);
#3875 = DIRECTION('',(1.,0.,0.));
#3876 = ORIENTED_EDGE('',*,*,#3831,.T.);
#3877 = ORIENTED_EDGE('',*,*,#394,.T.);
#3878 = ORIENTED_EDGE('',*,*,#3879,.F.);
#3879 = EDGE_CURVE('',#3870,#387,#3880,.T.);
#3880 = LINE('',#3881,#3882);
#3881 = CARTESIAN_POINT('',(80.82368739657,-106.5077823638,1.5));
#3882 = VECTOR('',#3883,1.);
#3883 = DIRECTION('',(-0.,-0.,-1.));
#3884 = PLANE('',#3885);
#3885 = AXIS2_PLACEMENT_3D('',#3886,#3887,#3888);
#3886 = CARTESIAN_POINT('',(66.823690674348,-106.5077823638,1.5));
#3887 = DIRECTION('',(0.,-1.,0.));
#3888 = DIRECTION('',(1.,0.,0.));
#3889 = ADVANCED_FACE('',(#3890),#3901,.F.);
#3890 = FACE_BOUND('',#3891,.F.);
#3891 = EDGE_LOOP('',(#3892,#3898,#3899,#3900));
#3892 = ORIENTED_EDGE('',*,*,#3893,.F.);
#3893 = EDGE_CURVE('',#3870,#3846,#3894,.T.);
#3894 = LINE('',#3895,#3896);
#3895 = CARTESIAN_POINT('',(80.82368739657,-106.5077823638,1.5));
#3896 = VECTOR('',#3897,1.);
#3897 = DIRECTION('',(0.,1.,0.));
#3898 = ORIENTED_EDGE('',*,*,#3879,.T.);
#3899 = ORIENTED_EDGE('',*,*,#386,.T.);
#3900 = ORIENTED_EDGE('',*,*,#3853,.F.);
#3901 = PLANE('',#3902);
#3902 = AXIS2_PLACEMENT_3D('',#3903,#3904,#3905);
#3903 = CARTESIAN_POINT('',(80.82368739657,-106.5077823638,1.5));
#3904 = DIRECTION('',(1.,0.,0.));
#3905 = DIRECTION('',(0.,1.,0.));
#3906 = ADVANCED_FACE('',(#3907),#3932,.F.);
#3907 = FACE_BOUND('',#3908,.F.);
#3908 = EDGE_LOOP('',(#3909,#3919,#3925,#3926));
#3909 = ORIENTED_EDGE('',*,*,#3910,.F.);
#3910 = EDGE_CURVE('',#3911,#3913,#3915,.T.);
#3911 = VERTEX_POINT('',#3912);
#3912 = CARTESIAN_POINT('',(84.683061209504,-111.5577808791,1.5));
#3913 = VERTEX_POINT('',#3914);
#3914 = CARTESIAN_POINT('',(84.683061209504,-125.5577776013,1.5));
#3915 = LINE('',#3916,#3917);
#3916 = CARTESIAN_POINT('',(84.683061209504,-111.5577808791,1.5));
#3917 = VECTOR('',#3918,1.);
#3918 = DIRECTION('',(0.,-1.,0.));
#3919 = ORIENTED_EDGE('',*,*,#3920,.T.);
#3920 = EDGE_CURVE('',#3911,#403,#3921,.T.);
#3921 = LINE('',#3922,#3923);
#3922 = CARTESIAN_POINT('',(84.683061209504,-111.5577808791,1.5));
#3923 = VECTOR('',#3924,1.);
#3924 = DIRECTION('',(-0.,-0.,-1.));
#3925 = ORIENTED_EDGE('',*,*,#402,.T.);
#3926 = ORIENTED_EDGE('',*,*,#3927,.F.);
#3927 = EDGE_CURVE('',#3913,#405,#3928,.T.);
#3928 = LINE('',#3929,#3930);
#3929 = CARTESIAN_POINT('',(84.683061209504,-125.5577776013,1.5));
#3930 = VECTOR('',#3931,1.);
#3931 = DIRECTION('',(-0.,-0.,-1.));
#3932 = PLANE('',#3933);
#3933 = AXIS2_PLACEMENT_3D('',#3934,#3935,#3936);
#3934 = CARTESIAN_POINT('',(84.683061209504,-111.5577808791,1.5));
#3935 = DIRECTION('',(-1.,0.,0.));
#3936 = DIRECTION('',(0.,-1.,0.));
#3937 = ADVANCED_FACE('',(#3938),#3956,.F.);
#3938 = FACE_BOUND('',#3939,.F.);
#3939 = EDGE_LOOP('',(#3940,#3948,#3954,#3955));
#3940 = ORIENTED_EDGE('',*,*,#3941,.F.);
#3941 = EDGE_CURVE('',#3942,#3911,#3944,.T.);
#3942 = VERTEX_POINT('',#3943);
#3943 = CARTESIAN_POINT('',(98.683057931726,-111.5577808791,1.5));
#3944 = LINE('',#3945,#3946);
#3945 = CARTESIAN_POINT('',(98.683057931726,-111.5577808791,1.5));
#3946 = VECTOR('',#3947,1.);
#3947 = DIRECTION('',(-1.,0.,0.));
#3948 = ORIENTED_EDGE('',*,*,#3949,.T.);
#3949 = EDGE_CURVE('',#3942,#413,#3950,.T.);
#3950 = LINE('',#3951,#3952);
#3951 = CARTESIAN_POINT('',(98.683057931726,-111.5577808791,1.5));
#3952 = VECTOR('',#3953,1.);
#3953 = DIRECTION('',(-0.,-0.,-1.));
#3954 = ORIENTED_EDGE('',*,*,#412,.T.);
#3955 = ORIENTED_EDGE('',*,*,#3920,.F.);
#3956 = PLANE('',#3957);
#3957 = AXIS2_PLACEMENT_3D('',#3958,#3959,#3960);
#3958 = CARTESIAN_POINT('',(98.683057931726,-111.5577808791,1.5));
#3959 = DIRECTION('',(0.,1.,0.));
#3960 = DIRECTION('',(-1.,0.,0.));
#3961 = ADVANCED_FACE('',(#3962),#3980,.F.);
#3962 = FACE_BOUND('',#3963,.F.);
#3963 = EDGE_LOOP('',(#3964,#3972,#3973,#3974));
#3964 = ORIENTED_EDGE('',*,*,#3965,.F.);
#3965 = EDGE_CURVE('',#3913,#3966,#3968,.T.);
#3966 = VERTEX_POINT('',#3967);
#3967 = CARTESIAN_POINT('',(98.683057931726,-125.5577776013,1.5));
#3968 = LINE('',#3969,#3970);
#3969 = CARTESIAN_POINT('',(84.683061209504,-125.5577776013,1.5));
#3970 = VECTOR('',#3971,1.);
#3971 = DIRECTION('',(1.,0.,0.));
#3972 = ORIENTED_EDGE('',*,*,#3927,.T.);
#3973 = ORIENTED_EDGE('',*,*,#428,.T.);
#3974 = ORIENTED_EDGE('',*,*,#3975,.F.);
#3975 = EDGE_CURVE('',#3966,#421,#3976,.T.);
#3976 = LINE('',#3977,#3978);
#3977 = CARTESIAN_POINT('',(98.683057931726,-125.5577776013,1.5));
#3978 = VECTOR('',#3979,1.);
#3979 = DIRECTION('',(-0.,-0.,-1.));
#3980 = PLANE('',#3981);
#3981 = AXIS2_PLACEMENT_3D('',#3982,#3983,#3984);
#3982 = CARTESIAN_POINT('',(84.683061209504,-125.5577776013,1.5));
#3983 = DIRECTION('',(0.,-1.,0.));
#3984 = DIRECTION('',(1.,0.,0.));
#3985 = ADVANCED_FACE('',(#3986),#3997,.F.);
#3986 = FACE_BOUND('',#3987,.F.);
#3987 = EDGE_LOOP('',(#3988,#3994,#3995,#3996));
#3988 = ORIENTED_EDGE('',*,*,#3989,.F.);
#3989 = EDGE_CURVE('',#3966,#3942,#3990,.T.);
#3990 = LINE('',#3991,#3992);
#3991 = CARTESIAN_POINT('',(98.683057931726,-125.5577776013,1.5));
#3992 = VECTOR('',#3993,1.);
#3993 = DIRECTION('',(0.,1.,0.));
#3994 = ORIENTED_EDGE('',*,*,#3975,.T.);
#3995 = ORIENTED_EDGE('',*,*,#420,.T.);
#3996 = ORIENTED_EDGE('',*,*,#3949,.F.);
#3997 = PLANE('',#3998);
#3998 = AXIS2_PLACEMENT_3D('',#3999,#4000,#4001);
#3999 = CARTESIAN_POINT('',(98.683057931726,-125.5577776013,1.5));
#4000 = DIRECTION('',(1.,0.,0.));
#4001 = DIRECTION('',(0.,1.,0.));
#4002 = ADVANCED_FACE('',(#4003),#4028,.F.);
#4003 = FACE_BOUND('',#4004,.F.);
#4004 = EDGE_LOOP('',(#4005,#4015,#4021,#4022));
#4005 = ORIENTED_EDGE('',*,*,#4006,.F.);
#4006 = EDGE_CURVE('',#4007,#4009,#4011,.T.);
#4007 = VERTEX_POINT('',#4008);
#4008 = CARTESIAN_POINT('',(110.98118099608,-112.4109807769,1.5));
#4009 = VERTEX_POINT('',#4010);
#4010 = CARTESIAN_POINT('',(110.98118099608,-124.7045777035,1.5));
#4011 = LINE('',#4012,#4013);
#4012 = CARTESIAN_POINT('',(110.98118099608,-112.4109807769,1.5));
#4013 = VECTOR('',#4014,1.);
#4014 = DIRECTION('',(0.,-1.,0.));
#4015 = ORIENTED_EDGE('',*,*,#4016,.T.);
#4016 = EDGE_CURVE('',#4007,#437,#4017,.T.);
#4017 = LINE('',#4018,#4019);
#4018 = CARTESIAN_POINT('',(110.98118099608,-112.4109807769,1.5));
#4019 = VECTOR('',#4020,1.);
#4020 = DIRECTION('',(-0.,-0.,-1.));
#4021 = ORIENTED_EDGE('',*,*,#436,.T.);
#4022 = ORIENTED_EDGE('',*,*,#4023,.F.);
#4023 = EDGE_CURVE('',#4009,#439,#4024,.T.);
#4024 = LINE('',#4025,#4026);
#4025 = CARTESIAN_POINT('',(110.98118099608,-124.7045777035,1.5));
#4026 = VECTOR('',#4027,1.);
#4027 = DIRECTION('',(-0.,-0.,-1.));
#4028 = PLANE('',#4029);
#4029 = AXIS2_PLACEMENT_3D('',#4030,#4031,#4032);
#4030 = CARTESIAN_POINT('',(110.98118099608,-112.4109807769,1.5));
#4031 = DIRECTION('',(-1.,0.,0.));
#4032 = DIRECTION('',(0.,-1.,0.));
#4033 = ADVANCED_FACE('',(#4034),#4052,.F.);
#4034 = FACE_BOUND('',#4035,.F.);
#4035 = EDGE_LOOP('',(#4036,#4044,#4050,#4051));
#4036 = ORIENTED_EDGE('',*,*,#4037,.F.);
#4037 = EDGE_CURVE('',#4038,#4007,#4040,.T.);
#4038 = VERTEX_POINT('',#4039);
#4039 = CARTESIAN_POINT('',(117.63857930395,-112.4109807769,1.5));
#4040 = LINE('',#4041,#4042);
#4041 = CARTESIAN_POINT('',(117.63857930395,-112.4109807769,1.5));
#4042 = VECTOR('',#4043,1.);
#4043 = DIRECTION('',(-1.,0.,0.));
#4044 = ORIENTED_EDGE('',*,*,#4045,.T.);
#4045 = EDGE_CURVE('',#4038,#447,#4046,.T.);
#4046 = LINE('',#4047,#4048);
#4047 = CARTESIAN_POINT('',(117.63857930395,-112.4109807769,1.5));
#4048 = VECTOR('',#4049,1.);
#4049 = DIRECTION('',(-0.,-0.,-1.));
#4050 = ORIENTED_EDGE('',*,*,#446,.T.);
#4051 = ORIENTED_EDGE('',*,*,#4016,.F.);
#4052 = PLANE('',#4053);
#4053 = AXIS2_PLACEMENT_3D('',#4054,#4055,#4056);
#4054 = CARTESIAN_POINT('',(117.63857930395,-112.4109807769,1.5));
#4055 = DIRECTION('',(0.,1.,0.));
#4056 = DIRECTION('',(-1.,0.,0.));
#4057 = ADVANCED_FACE('',(#4058),#4076,.F.);
#4058 = FACE_BOUND('',#4059,.F.);
#4059 = EDGE_LOOP('',(#4060,#4068,#4069,#4070));
#4060 = ORIENTED_EDGE('',*,*,#4061,.F.);
#4061 = EDGE_CURVE('',#4009,#4062,#4064,.T.);
#4062 = VERTEX_POINT('',#4063);
#4063 = CARTESIAN_POINT('',(117.63857930395,-124.7045777035,1.5));
#4064 = LINE('',#4065,#4066);
#4065 = CARTESIAN_POINT('',(110.98118099608,-124.7045777035,1.5));
#4066 = VECTOR('',#4067,1.);
#4067 = DIRECTION('',(1.,0.,0.));
#4068 = ORIENTED_EDGE('',*,*,#4023,.T.);
#4069 = ORIENTED_EDGE('',*,*,#462,.T.);
#4070 = ORIENTED_EDGE('',*,*,#4071,.F.);
#4071 = EDGE_CURVE('',#4062,#455,#4072,.T.);
#4072 = LINE('',#4073,#4074);
#4073 = CARTESIAN_POINT('',(117.63857930395,-124.7045777035,1.5));
#4074 = VECTOR('',#4075,1.);
#4075 = DIRECTION('',(-0.,-0.,-1.));
#4076 = PLANE('',#4077);
#4077 = AXIS2_PLACEMENT_3D('',#4078,#4079,#4080);
#4078 = CARTESIAN_POINT('',(110.98118099608,-124.7045777035,1.5));
#4079 = DIRECTION('',(0.,-1.,0.));
#4080 = DIRECTION('',(1.,0.,0.));
#4081 = ADVANCED_FACE('',(#4082),#4093,.F.);
#4082 = FACE_BOUND('',#4083,.F.);
#4083 = EDGE_LOOP('',(#4084,#4090,#4091,#4092));
#4084 = ORIENTED_EDGE('',*,*,#4085,.F.);
#4085 = EDGE_CURVE('',#4062,#4038,#4086,.T.);
#4086 = LINE('',#4087,#4088);
#4087 = CARTESIAN_POINT('',(117.63857930395,-124.7045777035,1.5));
#4088 = VECTOR('',#4089,1.);
#4089 = DIRECTION('',(0.,1.,0.));
#4090 = ORIENTED_EDGE('',*,*,#4071,.T.);
#4091 = ORIENTED_EDGE('',*,*,#454,.T.);
#4092 = ORIENTED_EDGE('',*,*,#4045,.F.);
#4093 = PLANE('',#4094);
#4094 = AXIS2_PLACEMENT_3D('',#4095,#4096,#4097);
#4095 = CARTESIAN_POINT('',(117.63857930395,-124.7045777035,1.5));
#4096 = DIRECTION('',(1.,0.,0.));
#4097 = DIRECTION('',(0.,1.,0.));
#4098 = ADVANCED_FACE('',(#4099),#4124,.F.);
#4099 = FACE_BOUND('',#4100,.F.);
#4100 = EDGE_LOOP('',(#4101,#4111,#4117,#4118));
#4101 = ORIENTED_EDGE('',*,*,#4102,.F.);
#4102 = EDGE_CURVE('',#4103,#4105,#4107,.T.);
#4103 = VERTEX_POINT('',#4104);
#4104 = CARTESIAN_POINT('',(85.873685911848,-92.50778564163,1.5));
#4105 = VERTEX_POINT('',#4106);
#4106 = CARTESIAN_POINT('',(85.873685911848,-106.5077823638,1.5));
#4107 = LINE('',#4108,#4109);
#4108 = CARTESIAN_POINT('',(85.873685911848,-92.50778564163,1.5));
#4109 = VECTOR('',#4110,1.);
#4110 = DIRECTION('',(0.,-1.,0.));
#4111 = ORIENTED_EDGE('',*,*,#4112,.T.);
#4112 = EDGE_CURVE('',#4103,#471,#4113,.T.);
#4113 = LINE('',#4114,#4115);
#4114 = CARTESIAN_POINT('',(85.873685911848,-92.50778564163,1.5));
#4115 = VECTOR('',#4116,1.);
#4116 = DIRECTION('',(-0.,-0.,-1.));
#4117 = ORIENTED_EDGE('',*,*,#470,.T.);
#4118 = ORIENTED_EDGE('',*,*,#4119,.F.);
#4119 = EDGE_CURVE('',#4105,#473,#4120,.T.);
#4120 = LINE('',#4121,#4122);
#4121 = CARTESIAN_POINT('',(85.873685911848,-106.5077823638,1.5));
#4122 = VECTOR('',#4123,1.);
#4123 = DIRECTION('',(-0.,-0.,-1.));
#4124 = PLANE('',#4125);
#4125 = AXIS2_PLACEMENT_3D('',#4126,#4127,#4128);
#4126 = CARTESIAN_POINT('',(85.873685911848,-92.50778564163,1.5));
#4127 = DIRECTION('',(-1.,0.,0.));
#4128 = DIRECTION('',(0.,-1.,0.));
#4129 = ADVANCED_FACE('',(#4130),#4148,.F.);
#4130 = FACE_BOUND('',#4131,.F.);
#4131 = EDGE_LOOP('',(#4132,#4140,#4146,#4147));
#4132 = ORIENTED_EDGE('',*,*,#4133,.F.);
#4133 = EDGE_CURVE('',#4134,#4103,#4136,.T.);
#4134 = VERTEX_POINT('',#4135);
#4135 = CARTESIAN_POINT('',(99.87368263407,-92.50778564163,1.5));
#4136 = LINE('',#4137,#4138);
#4137 = CARTESIAN_POINT('',(99.87368263407,-92.50778564163,1.5));
#4138 = VECTOR('',#4139,1.);
#4139 = DIRECTION('',(-1.,0.,0.));
#4140 = ORIENTED_EDGE('',*,*,#4141,.T.);
#4141 = EDGE_CURVE('',#4134,#481,#4142,.T.);
#4142 = LINE('',#4143,#4144);
#4143 = CARTESIAN_POINT('',(99.87368263407,-92.50778564163,1.5));
#4144 = VECTOR('',#4145,1.);
#4145 = DIRECTION('',(-0.,-0.,-1.));
#4146 = ORIENTED_EDGE('',*,*,#480,.T.);
#4147 = ORIENTED_EDGE('',*,*,#4112,.F.);
#4148 = PLANE('',#4149);
#4149 = AXIS2_PLACEMENT_3D('',#4150,#4151,#4152);
#4150 = CARTESIAN_POINT('',(99.87368263407,-92.50778564163,1.5));
#4151 = DIRECTION('',(0.,1.,0.));
#4152 = DIRECTION('',(-1.,0.,0.));
#4153 = ADVANCED_FACE('',(#4154),#4172,.F.);
#4154 = FACE_BOUND('',#4155,.F.);
#4155 = EDGE_LOOP('',(#4156,#4164,#4165,#4166));
#4156 = ORIENTED_EDGE('',*,*,#4157,.F.);
#4157 = EDGE_CURVE('',#4105,#4158,#4160,.T.);
#4158 = VERTEX_POINT('',#4159);
#4159 = CARTESIAN_POINT('',(99.87368263407,-106.5077823638,1.5));
#4160 = LINE('',#4161,#4162);
#4161 = CARTESIAN_POINT('',(85.873685911848,-106.5077823638,1.5));
#4162 = VECTOR('',#4163,1.);
#4163 = DIRECTION('',(1.,0.,0.));
#4164 = ORIENTED_EDGE('',*,*,#4119,.T.);
#4165 = ORIENTED_EDGE('',*,*,#496,.T.);
#4166 = ORIENTED_EDGE('',*,*,#4167,.F.);
#4167 = EDGE_CURVE('',#4158,#489,#4168,.T.);
#4168 = LINE('',#4169,#4170);
#4169 = CARTESIAN_POINT('',(99.87368263407,-106.5077823638,1.5));
#4170 = VECTOR('',#4171,1.);
#4171 = DIRECTION('',(-0.,-0.,-1.));
#4172 = PLANE('',#4173);
#4173 = AXIS2_PLACEMENT_3D('',#4174,#4175,#4176);
#4174 = CARTESIAN_POINT('',(85.873685911848,-106.5077823638,1.5));
#4175 = DIRECTION('',(0.,-1.,0.));
#4176 = DIRECTION('',(1.,0.,0.));
#4177 = ADVANCED_FACE('',(#4178),#4189,.F.);
#4178 = FACE_BOUND('',#4179,.F.);
#4179 = EDGE_LOOP('',(#4180,#4186,#4187,#4188));
#4180 = ORIENTED_EDGE('',*,*,#4181,.F.);
#4181 = EDGE_CURVE('',#4158,#4134,#4182,.T.);
#4182 = LINE('',#4183,#4184);
#4183 = CARTESIAN_POINT('',(99.87368263407,-106.5077823638,1.5));
#4184 = VECTOR('',#4185,1.);
#4185 = DIRECTION('',(0.,1.,0.));
#4186 = ORIENTED_EDGE('',*,*,#4167,.T.);
#4187 = ORIENTED_EDGE('',*,*,#488,.T.);
#4188 = ORIENTED_EDGE('',*,*,#4141,.F.);
#4189 = PLANE('',#4190);
#4190 = AXIS2_PLACEMENT_3D('',#4191,#4192,#4193);
#4191 = CARTESIAN_POINT('',(99.87368263407,-106.5077823638,1.5));
#4192 = DIRECTION('',(1.,0.,0.));
#4193 = DIRECTION('',(0.,1.,0.));
#4194 = ADVANCED_FACE('',(#4195),#4220,.F.);
#4195 = FACE_BOUND('',#4196,.F.);
#4196 = EDGE_LOOP('',(#4197,#4207,#4213,#4214));
#4197 = ORIENTED_EDGE('',*,*,#4198,.F.);
#4198 = EDGE_CURVE('',#4199,#4201,#4203,.T.);
#4199 = VERTEX_POINT('',#4200);
#4200 = CARTESIAN_POINT('',(104.92368114934,-92.50778564163,1.5));
#4201 = VERTEX_POINT('',#4202);
#4202 = CARTESIAN_POINT('',(104.92368114934,-106.5077823638,1.5));
#4203 = LINE('',#4204,#4205);
#4204 = CARTESIAN_POINT('',(104.92368114934,-92.50778564163,1.5));
#4205 = VECTOR('',#4206,1.);
#4206 = DIRECTION('',(0.,-1.,0.));
#4207 = ORIENTED_EDGE('',*,*,#4208,.T.);
#4208 = EDGE_CURVE('',#4199,#505,#4209,.T.);
#4209 = LINE('',#4210,#4211);
#4210 = CARTESIAN_POINT('',(104.92368114934,-92.50778564163,1.5));
#4211 = VECTOR('',#4212,1.);
#4212 = DIRECTION('',(-0.,-0.,-1.));
#4213 = ORIENTED_EDGE('',*,*,#504,.T.);
#4214 = ORIENTED_EDGE('',*,*,#4215,.F.);
#4215 = EDGE_CURVE('',#4201,#507,#4216,.T.);
#4216 = LINE('',#4217,#4218);
#4217 = CARTESIAN_POINT('',(104.92368114934,-106.5077823638,1.5));
#4218 = VECTOR('',#4219,1.);
#4219 = DIRECTION('',(-0.,-0.,-1.));
#4220 = PLANE('',#4221);
#4221 = AXIS2_PLACEMENT_3D('',#4222,#4223,#4224);
#4222 = CARTESIAN_POINT('',(104.92368114934,-92.50778564163,1.5));
#4223 = DIRECTION('',(-1.,0.,0.));
#4224 = DIRECTION('',(0.,-1.,0.));
#4225 = ADVANCED_FACE('',(#4226),#4244,.F.);
#4226 = FACE_BOUND('',#4227,.F.);
#4227 = EDGE_LOOP('',(#4228,#4236,#4242,#4243));
#4228 = ORIENTED_EDGE('',*,*,#4229,.F.);
#4229 = EDGE_CURVE('',#4230,#4199,#4232,.T.);
#4230 = VERTEX_POINT('',#4231);
#4231 = CARTESIAN_POINT('',(118.92367787157,-92.50778564163,1.5));
#4232 = LINE('',#4233,#4234);
#4233 = CARTESIAN_POINT('',(118.92367787157,-92.50778564163,1.5));
#4234 = VECTOR('',#4235,1.);
#4235 = DIRECTION('',(-1.,0.,0.));
#4236 = ORIENTED_EDGE('',*,*,#4237,.T.);
#4237 = EDGE_CURVE('',#4230,#515,#4238,.T.);
#4238 = LINE('',#4239,#4240);
#4239 = CARTESIAN_POINT('',(118.92367787157,-92.50778564163,1.5));
#4240 = VECTOR('',#4241,1.);
#4241 = DIRECTION('',(-0.,-0.,-1.));
#4242 = ORIENTED_EDGE('',*,*,#514,.T.);
#4243 = ORIENTED_EDGE('',*,*,#4208,.F.);
#4244 = PLANE('',#4245);
#4245 = AXIS2_PLACEMENT_3D('',#4246,#4247,#4248);
#4246 = CARTESIAN_POINT('',(118.92367787157,-92.50778564163,1.5));
#4247 = DIRECTION('',(0.,1.,0.));
#4248 = DIRECTION('',(-1.,0.,0.));
#4249 = ADVANCED_FACE('',(#4250),#4268,.F.);
#4250 = FACE_BOUND('',#4251,.F.);
#4251 = EDGE_LOOP('',(#4252,#4260,#4261,#4262));
#4252 = ORIENTED_EDGE('',*,*,#4253,.F.);
#4253 = EDGE_CURVE('',#4201,#4254,#4256,.T.);
#4254 = VERTEX_POINT('',#4255);
#4255 = CARTESIAN_POINT('',(118.92367787157,-106.5077823638,1.5));
#4256 = LINE('',#4257,#4258);
#4257 = CARTESIAN_POINT('',(104.92368114934,-106.5077823638,1.5));
#4258 = VECTOR('',#4259,1.);
#4259 = DIRECTION('',(1.,0.,0.));
#4260 = ORIENTED_EDGE('',*,*,#4215,.T.);
#4261 = ORIENTED_EDGE('',*,*,#530,.T.);
#4262 = ORIENTED_EDGE('',*,*,#4263,.F.);
#4263 = EDGE_CURVE('',#4254,#523,#4264,.T.);
#4264 = LINE('',#4265,#4266);
#4265 = CARTESIAN_POINT('',(118.92367787157,-106.5077823638,1.5));
#4266 = VECTOR('',#4267,1.);
#4267 = DIRECTION('',(-0.,-0.,-1.));
#4268 = PLANE('',#4269);
#4269 = AXIS2_PLACEMENT_3D('',#4270,#4271,#4272);
#4270 = CARTESIAN_POINT('',(104.92368114934,-106.5077823638,1.5));
#4271 = DIRECTION('',(0.,-1.,0.));
#4272 = DIRECTION('',(1.,0.,0.));
#4273 = ADVANCED_FACE('',(#4274),#4285,.F.);
#4274 = FACE_BOUND('',#4275,.F.);
#4275 = EDGE_LOOP('',(#4276,#4282,#4283,#4284));
#4276 = ORIENTED_EDGE('',*,*,#4277,.F.);
#4277 = EDGE_CURVE('',#4254,#4230,#4278,.T.);
#4278 = LINE('',#4279,#4280);
#4279 = CARTESIAN_POINT('',(118.92367787157,-106.5077823638,1.5));
#4280 = VECTOR('',#4281,1.);
#4281 = DIRECTION('',(0.,1.,0.));
#4282 = ORIENTED_EDGE('',*,*,#4263,.T.);
#4283 = ORIENTED_EDGE('',*,*,#522,.T.);
#4284 = ORIENTED_EDGE('',*,*,#4237,.F.);
#4285 = PLANE('',#4286);
#4286 = AXIS2_PLACEMENT_3D('',#4287,#4288,#4289);
#4287 = CARTESIAN_POINT('',(118.92367787157,-106.5077823638,1.5));
#4288 = DIRECTION('',(1.,0.,0.));
#4289 = DIRECTION('',(0.,1.,0.));
#4290 = ADVANCED_FACE('',(#4291),#4316,.F.);
#4291 = FACE_BOUND('',#4292,.F.);
#4292 = EDGE_LOOP('',(#4293,#4303,#4309,#4310));
#4293 = ORIENTED_EDGE('',*,*,#4294,.F.);
#4294 = EDGE_CURVE('',#4295,#4297,#4299,.T.);
#4295 = VERTEX_POINT('',#4296);
#4296 = CARTESIAN_POINT('',(123.97367638684,-92.50778564163,1.5));
#4297 = VERTEX_POINT('',#4298);
#4298 = CARTESIAN_POINT('',(123.97367638684,-106.5077823638,1.5));
#4299 = LINE('',#4300,#4301);
#4300 = CARTESIAN_POINT('',(123.97367638684,-92.50778564163,1.5));
#4301 = VECTOR('',#4302,1.);
#4302 = DIRECTION('',(0.,-1.,0.));
#4303 = ORIENTED_EDGE('',*,*,#4304,.T.);
#4304 = EDGE_CURVE('',#4295,#539,#4305,.T.);
#4305 = LINE('',#4306,#4307);
#4306 = CARTESIAN_POINT('',(123.97367638684,-92.50778564163,1.5));
#4307 = VECTOR('',#4308,1.);
#4308 = DIRECTION('',(-0.,-0.,-1.));
#4309 = ORIENTED_EDGE('',*,*,#538,.T.);
#4310 = ORIENTED_EDGE('',*,*,#4311,.F.);
#4311 = EDGE_CURVE('',#4297,#541,#4312,.T.);
#4312 = LINE('',#4313,#4314);
#4313 = CARTESIAN_POINT('',(123.97367638684,-106.5077823638,1.5));
#4314 = VECTOR('',#4315,1.);
#4315 = DIRECTION('',(-0.,-0.,-1.));
#4316 = PLANE('',#4317);
#4317 = AXIS2_PLACEMENT_3D('',#4318,#4319,#4320);
#4318 = CARTESIAN_POINT('',(123.97367638684,-92.50778564163,1.5));
#4319 = DIRECTION('',(-1.,0.,0.));
#4320 = DIRECTION('',(0.,-1.,0.));
#4321 = ADVANCED_FACE('',(#4322),#4340,.F.);
#4322 = FACE_BOUND('',#4323,.F.);
#4323 = EDGE_LOOP('',(#4324,#4332,#4338,#4339));
#4324 = ORIENTED_EDGE('',*,*,#4325,.F.);
#4325 = EDGE_CURVE('',#4326,#4295,#4328,.T.);
#4326 = VERTEX_POINT('',#4327);
#4327 = CARTESIAN_POINT('',(137.97367310907,-92.50778564163,1.5));
#4328 = LINE('',#4329,#4330);
#4329 = CARTESIAN_POINT('',(137.97367310907,-92.50778564163,1.5));
#4330 = VECTOR('',#4331,1.);
#4331 = DIRECTION('',(-1.,0.,0.));
#4332 = ORIENTED_EDGE('',*,*,#4333,.T.);
#4333 = EDGE_CURVE('',#4326,#549,#4334,.T.);
#4334 = LINE('',#4335,#4336);
#4335 = CARTESIAN_POINT('',(137.97367310907,-92.50778564163,1.5));
#4336 = VECTOR('',#4337,1.);
#4337 = DIRECTION('',(-0.,-0.,-1.));
#4338 = ORIENTED_EDGE('',*,*,#548,.T.);
#4339 = ORIENTED_EDGE('',*,*,#4304,.F.);
#4340 = PLANE('',#4341);
#4341 = AXIS2_PLACEMENT_3D('',#4342,#4343,#4344);
#4342 = CARTESIAN_POINT('',(137.97367310907,-92.50778564163,1.5));
#4343 = DIRECTION('',(0.,1.,0.));
#4344 = DIRECTION('',(-1.,0.,0.));
#4345 = ADVANCED_FACE('',(#4346),#4364,.F.);
#4346 = FACE_BOUND('',#4347,.F.);
#4347 = EDGE_LOOP('',(#4348,#4356,#4357,#4358));
#4348 = ORIENTED_EDGE('',*,*,#4349,.F.);
#4349 = EDGE_CURVE('',#4297,#4350,#4352,.T.);
#4350 = VERTEX_POINT('',#4351);
#4351 = CARTESIAN_POINT('',(137.97367310907,-106.5077823638,1.5));
#4352 = LINE('',#4353,#4354);
#4353 = CARTESIAN_POINT('',(123.97367638684,-106.5077823638,1.5));
#4354 = VECTOR('',#4355,1.);
#4355 = DIRECTION('',(1.,0.,0.));
#4356 = ORIENTED_EDGE('',*,*,#4311,.T.);
#4357 = ORIENTED_EDGE('',*,*,#564,.T.);
#4358 = ORIENTED_EDGE('',*,*,#4359,.F.);
#4359 = EDGE_CURVE('',#4350,#557,#4360,.T.);
#4360 = LINE('',#4361,#4362);
#4361 = CARTESIAN_POINT('',(137.97367310907,-106.5077823638,1.5));
#4362 = VECTOR('',#4363,1.);
#4363 = DIRECTION('',(-0.,-0.,-1.));
#4364 = PLANE('',#4365);
#4365 = AXIS2_PLACEMENT_3D('',#4366,#4367,#4368);
#4366 = CARTESIAN_POINT('',(123.97367638684,-106.5077823638,1.5));
#4367 = DIRECTION('',(0.,-1.,0.));
#4368 = DIRECTION('',(1.,0.,0.));
#4369 = ADVANCED_FACE('',(#4370),#4381,.F.);
#4370 = FACE_BOUND('',#4371,.F.);
#4371 = EDGE_LOOP('',(#4372,#4378,#4379,#4380));
#4372 = ORIENTED_EDGE('',*,*,#4373,.F.);
#4373 = EDGE_CURVE('',#4350,#4326,#4374,.T.);
#4374 = LINE('',#4375,#4376);
#4375 = CARTESIAN_POINT('',(137.97367310907,-106.5077823638,1.5));
#4376 = VECTOR('',#4377,1.);
#4377 = DIRECTION('',(0.,1.,0.));
#4378 = ORIENTED_EDGE('',*,*,#4359,.T.);
#4379 = ORIENTED_EDGE('',*,*,#556,.T.);
#4380 = ORIENTED_EDGE('',*,*,#4333,.F.);
#4381 = PLANE('',#4382);
#4382 = AXIS2_PLACEMENT_3D('',#4383,#4384,#4385);
#4383 = CARTESIAN_POINT('',(137.97367310907,-106.5077823638,1.5));
#4384 = DIRECTION('',(1.,0.,0.));
#4385 = DIRECTION('',(0.,1.,0.));
#4386 = ADVANCED_FACE('',(#4387),#4412,.F.);
#4387 = FACE_BOUND('',#4388,.F.);
#4388 = EDGE_LOOP('',(#4389,#4399,#4405,#4406));
#4389 = ORIENTED_EDGE('',*,*,#4390,.F.);
#4390 = EDGE_CURVE('',#4391,#4393,#4395,.T.);
#4391 = VERTEX_POINT('',#4392);
#4392 = CARTESIAN_POINT('',(143.02367162434,-92.50778564163,1.5));
#4393 = VERTEX_POINT('',#4394);
#4394 = CARTESIAN_POINT('',(143.02367162434,-106.5077823638,1.5));
#4395 = LINE('',#4396,#4397);
#4396 = CARTESIAN_POINT('',(143.02367162434,-92.50778564163,1.5));
#4397 = VECTOR('',#4398,1.);
#4398 = DIRECTION('',(0.,-1.,0.));
#4399 = ORIENTED_EDGE('',*,*,#4400,.T.);
#4400 = EDGE_CURVE('',#4391,#573,#4401,.T.);
#4401 = LINE('',#4402,#4403);
#4402 = CARTESIAN_POINT('',(143.02367162434,-92.50778564163,1.5));
#4403 = VECTOR('',#4404,1.);
#4404 = DIRECTION('',(-0.,-0.,-1.));
#4405 = ORIENTED_EDGE('',*,*,#572,.T.);
#4406 = ORIENTED_EDGE('',*,*,#4407,.F.);
#4407 = EDGE_CURVE('',#4393,#575,#4408,.T.);
#4408 = LINE('',#4409,#4410);
#4409 = CARTESIAN_POINT('',(143.02367162434,-106.5077823638,1.5));
#4410 = VECTOR('',#4411,1.);
#4411 = DIRECTION('',(-0.,-0.,-1.));
#4412 = PLANE('',#4413);
#4413 = AXIS2_PLACEMENT_3D('',#4414,#4415,#4416);
#4414 = CARTESIAN_POINT('',(143.02367162434,-92.50778564163,1.5));
#4415 = DIRECTION('',(-1.,0.,0.));
#4416 = DIRECTION('',(0.,-1.,0.));
#4417 = ADVANCED_FACE('',(#4418),#4436,.F.);
#4418 = FACE_BOUND('',#4419,.F.);
#4419 = EDGE_LOOP('',(#4420,#4428,#4434,#4435));
#4420 = ORIENTED_EDGE('',*,*,#4421,.F.);
#4421 = EDGE_CURVE('',#4422,#4391,#4424,.T.);
#4422 = VERTEX_POINT('',#4423);
#4423 = CARTESIAN_POINT('',(157.02366834657,-92.50778564163,1.5));
#4424 = LINE('',#4425,#4426);
#4425 = CARTESIAN_POINT('',(157.02366834657,-92.50778564163,1.5));
#4426 = VECTOR('',#4427,1.);
#4427 = DIRECTION('',(-1.,0.,0.));
#4428 = ORIENTED_EDGE('',*,*,#4429,.T.);
#4429 = EDGE_CURVE('',#4422,#583,#4430,.T.);
#4430 = LINE('',#4431,#4432);
#4431 = CARTESIAN_POINT('',(157.02366834657,-92.50778564163,1.5));
#4432 = VECTOR('',#4433,1.);
#4433 = DIRECTION('',(-0.,-0.,-1.));
#4434 = ORIENTED_EDGE('',*,*,#582,.T.);
#4435 = ORIENTED_EDGE('',*,*,#4400,.F.);
#4436 = PLANE('',#4437);
#4437 = AXIS2_PLACEMENT_3D('',#4438,#4439,#4440);
#4438 = CARTESIAN_POINT('',(157.02366834657,-92.50778564163,1.5));
#4439 = DIRECTION('',(0.,1.,0.));
#4440 = DIRECTION('',(-1.,0.,0.));
#4441 = ADVANCED_FACE('',(#4442),#4460,.F.);
#4442 = FACE_BOUND('',#4443,.F.);
#4443 = EDGE_LOOP('',(#4444,#4452,#4453,#4454));
#4444 = ORIENTED_EDGE('',*,*,#4445,.F.);
#4445 = EDGE_CURVE('',#4393,#4446,#4448,.T.);
#4446 = VERTEX_POINT('',#4447);
#4447 = CARTESIAN_POINT('',(157.02366834657,-106.5077823638,1.5));
#4448 = LINE('',#4449,#4450);
#4449 = CARTESIAN_POINT('',(143.02367162434,-106.5077823638,1.5));
#4450 = VECTOR('',#4451,1.);
#4451 = DIRECTION('',(1.,0.,0.));
#4452 = ORIENTED_EDGE('',*,*,#4407,.T.);
#4453 = ORIENTED_EDGE('',*,*,#598,.T.);
#4454 = ORIENTED_EDGE('',*,*,#4455,.F.);
#4455 = EDGE_CURVE('',#4446,#591,#4456,.T.);
#4456 = LINE('',#4457,#4458);
#4457 = CARTESIAN_POINT('',(157.02366834657,-106.5077823638,1.5));
#4458 = VECTOR('',#4459,1.);
#4459 = DIRECTION('',(-0.,-0.,-1.));
#4460 = PLANE('',#4461);
#4461 = AXIS2_PLACEMENT_3D('',#4462,#4463,#4464);
#4462 = CARTESIAN_POINT('',(143.02367162434,-106.5077823638,1.5));
#4463 = DIRECTION('',(0.,-1.,0.));
#4464 = DIRECTION('',(1.,0.,0.));
#4465 = ADVANCED_FACE('',(#4466),#4477,.F.);
#4466 = FACE_BOUND('',#4467,.F.);
#4467 = EDGE_LOOP('',(#4468,#4474,#4475,#4476));
#4468 = ORIENTED_EDGE('',*,*,#4469,.F.);
#4469 = EDGE_CURVE('',#4446,#4422,#4470,.T.);
#4470 = LINE('',#4471,#4472);
#4471 = CARTESIAN_POINT('',(157.02366834657,-106.5077823638,1.5));
#4472 = VECTOR('',#4473,1.);
#4473 = DIRECTION('',(0.,1.,0.));
#4474 = ORIENTED_EDGE('',*,*,#4455,.T.);
#4475 = ORIENTED_EDGE('',*,*,#590,.T.);
#4476 = ORIENTED_EDGE('',*,*,#4429,.F.);
#4477 = PLANE('',#4478);
#4478 = AXIS2_PLACEMENT_3D('',#4479,#4480,#4481);
#4479 = CARTESIAN_POINT('',(157.02366834657,-106.5077823638,1.5));
#4480 = DIRECTION('',(1.,0.,0.));
#4481 = DIRECTION('',(0.,1.,0.));
#4482 = ADVANCED_FACE('',(#4483),#4508,.F.);
#4483 = FACE_BOUND('',#4484,.F.);
#4484 = EDGE_LOOP('',(#4485,#4495,#4501,#4502));
#4485 = ORIENTED_EDGE('',*,*,#4486,.F.);
#4486 = EDGE_CURVE('',#4487,#4489,#4491,.T.);
#4487 = VERTEX_POINT('',#4488);
#4488 = CARTESIAN_POINT('',(31.104949604035,-73.45779040413,1.5));
#4489 = VERTEX_POINT('',#4490);
#4490 = CARTESIAN_POINT('',(31.104949604035,-87.45778712635,1.5));
#4491 = LINE('',#4492,#4493);
#4492 = CARTESIAN_POINT('',(31.104949604035,-73.45779040413,1.5));
#4493 = VECTOR('',#4494,1.);
#4494 = DIRECTION('',(0.,-1.,0.));
#4495 = ORIENTED_EDGE('',*,*,#4496,.T.);
#4496 = EDGE_CURVE('',#4487,#607,#4497,.T.);
#4497 = LINE('',#4498,#4499);
#4498 = CARTESIAN_POINT('',(31.104949604035,-73.45779040413,1.5));
#4499 = VECTOR('',#4500,1.);
#4500 = DIRECTION('',(-0.,-0.,-1.));
#4501 = ORIENTED_EDGE('',*,*,#606,.T.);
#4502 = ORIENTED_EDGE('',*,*,#4503,.F.);
#4503 = EDGE_CURVE('',#4489,#609,#4504,.T.);
#4504 = LINE('',#4505,#4506);
#4505 = CARTESIAN_POINT('',(31.104949604035,-87.45778712635,1.5));
#4506 = VECTOR('',#4507,1.);
#4507 = DIRECTION('',(-0.,-0.,-1.));
#4508 = PLANE('',#4509);
#4509 = AXIS2_PLACEMENT_3D('',#4510,#4511,#4512);
#4510 = CARTESIAN_POINT('',(31.104949604035,-73.45779040413,1.5));
#4511 = DIRECTION('',(-1.,0.,0.));
#4512 = DIRECTION('',(0.,-1.,0.));
#4513 = ADVANCED_FACE('',(#4514),#4532,.F.);
#4514 = FACE_BOUND('',#4515,.F.);
#4515 = EDGE_LOOP('',(#4516,#4524,#4530,#4531));
#4516 = ORIENTED_EDGE('',*,*,#4517,.F.);
#4517 = EDGE_CURVE('',#4518,#4487,#4520,.T.);
#4518 = VERTEX_POINT('',#4519);
#4519 = CARTESIAN_POINT('',(45.104946326258,-73.45779040413,1.5));
#4520 = LINE('',#4521,#4522);
#4521 = CARTESIAN_POINT('',(45.104946326258,-73.45779040413,1.5));
#4522 = VECTOR('',#4523,1.);
#4523 = DIRECTION('',(-1.,0.,0.));
#4524 = ORIENTED_EDGE('',*,*,#4525,.T.);
#4525 = EDGE_CURVE('',#4518,#617,#4526,.T.);
#4526 = LINE('',#4527,#4528);
#4527 = CARTESIAN_POINT('',(45.104946326258,-73.45779040413,1.5));
#4528 = VECTOR('',#4529,1.);
#4529 = DIRECTION('',(-0.,-0.,-1.));
#4530 = ORIENTED_EDGE('',*,*,#616,.T.);
#4531 = ORIENTED_EDGE('',*,*,#4496,.F.);
#4532 = PLANE('',#4533);
#4533 = AXIS2_PLACEMENT_3D('',#4534,#4535,#4536);
#4534 = CARTESIAN_POINT('',(45.104946326258,-73.45779040413,1.5));
#4535 = DIRECTION('',(0.,1.,0.));
#4536 = DIRECTION('',(-1.,0.,0.));
#4537 = ADVANCED_FACE('',(#4538),#4556,.F.);
#4538 = FACE_BOUND('',#4539,.F.);
#4539 = EDGE_LOOP('',(#4540,#4548,#4549,#4550));
#4540 = ORIENTED_EDGE('',*,*,#4541,.F.);
#4541 = EDGE_CURVE('',#4489,#4542,#4544,.T.);
#4542 = VERTEX_POINT('',#4543);
#4543 = CARTESIAN_POINT('',(45.104946326258,-87.45778712635,1.5));
#4544 = LINE('',#4545,#4546);
#4545 = CARTESIAN_POINT('',(31.104949604035,-87.45778712635,1.5));
#4546 = VECTOR('',#4547,1.);
#4547 = DIRECTION('',(1.,0.,0.));
#4548 = ORIENTED_EDGE('',*,*,#4503,.T.);
#4549 = ORIENTED_EDGE('',*,*,#632,.T.);
#4550 = ORIENTED_EDGE('',*,*,#4551,.F.);
#4551 = EDGE_CURVE('',#4542,#625,#4552,.T.);
#4552 = LINE('',#4553,#4554);
#4553 = CARTESIAN_POINT('',(45.104946326258,-87.45778712635,1.5));
#4554 = VECTOR('',#4555,1.);
#4555 = DIRECTION('',(-0.,-0.,-1.));
#4556 = PLANE('',#4557);
#4557 = AXIS2_PLACEMENT_3D('',#4558,#4559,#4560);
#4558 = CARTESIAN_POINT('',(31.104949604035,-87.45778712635,1.5));
#4559 = DIRECTION('',(0.,-1.,0.));
#4560 = DIRECTION('',(1.,0.,0.));
#4561 = ADVANCED_FACE('',(#4562),#4573,.F.);
#4562 = FACE_BOUND('',#4563,.F.);
#4563 = EDGE_LOOP('',(#4564,#4570,#4571,#4572));
#4564 = ORIENTED_EDGE('',*,*,#4565,.F.);
#4565 = EDGE_CURVE('',#4542,#4518,#4566,.T.);
#4566 = LINE('',#4567,#4568);
#4567 = CARTESIAN_POINT('',(45.104946326258,-87.45778712635,1.5));
#4568 = VECTOR('',#4569,1.);
#4569 = DIRECTION('',(0.,1.,0.));
#4570 = ORIENTED_EDGE('',*,*,#4551,.T.);
#4571 = ORIENTED_EDGE('',*,*,#624,.T.);
#4572 = ORIENTED_EDGE('',*,*,#4525,.F.);
#4573 = PLANE('',#4574);
#4574 = AXIS2_PLACEMENT_3D('',#4575,#4576,#4577);
#4575 = CARTESIAN_POINT('',(45.104946326258,-87.45778712635,1.5));
#4576 = DIRECTION('',(1.,0.,0.));
#4577 = DIRECTION('',(0.,1.,0.));
#4578 = ADVANCED_FACE('',(#4579),#4604,.F.);
#4579 = FACE_BOUND('',#4580,.F.);
#4580 = EDGE_LOOP('',(#4581,#4591,#4597,#4598));
#4581 = ORIENTED_EDGE('',*,*,#4582,.F.);
#4582 = EDGE_CURVE('',#4583,#4585,#4587,.T.);
#4583 = VERTEX_POINT('',#4584);
#4584 = CARTESIAN_POINT('',(57.298693055598,-73.45779040413,1.5));
#4585 = VERTEX_POINT('',#4586);
#4586 = CARTESIAN_POINT('',(57.298693055598,-87.45778712635,1.5));
#4587 = LINE('',#4588,#4589);
#4588 = CARTESIAN_POINT('',(57.298693055598,-73.45779040413,1.5));
#4589 = VECTOR('',#4590,1.);
#4590 = DIRECTION('',(0.,-1.,0.));
#4591 = ORIENTED_EDGE('',*,*,#4592,.T.);
#4592 = EDGE_CURVE('',#4583,#641,#4593,.T.);
#4593 = LINE('',#4594,#4595);
#4594 = CARTESIAN_POINT('',(57.298693055598,-73.45779040413,1.5));
#4595 = VECTOR('',#4596,1.);
#4596 = DIRECTION('',(-0.,-0.,-1.));
#4597 = ORIENTED_EDGE('',*,*,#640,.T.);
#4598 = ORIENTED_EDGE('',*,*,#4599,.F.);
#4599 = EDGE_CURVE('',#4585,#643,#4600,.T.);
#4600 = LINE('',#4601,#4602);
#4601 = CARTESIAN_POINT('',(57.298693055598,-87.45778712635,1.5));
#4602 = VECTOR('',#4603,1.);
#4603 = DIRECTION('',(-0.,-0.,-1.));
#4604 = PLANE('',#4605);
#4605 = AXIS2_PLACEMENT_3D('',#4606,#4607,#4608);
#4606 = CARTESIAN_POINT('',(57.298693055598,-73.45779040413,1.5));
#4607 = DIRECTION('',(-1.,0.,0.));
#4608 = DIRECTION('',(0.,-1.,0.));
#4609 = ADVANCED_FACE('',(#4610),#4628,.F.);
#4610 = FACE_BOUND('',#4611,.F.);
#4611 = EDGE_LOOP('',(#4612,#4620,#4626,#4627));
#4612 = ORIENTED_EDGE('',*,*,#4613,.F.);
#4613 = EDGE_CURVE('',#4614,#4583,#4616,.T.);
#4614 = VERTEX_POINT('',#4615);
#4615 = CARTESIAN_POINT('',(71.29868977782,-73.45779040413,1.5));
#4616 = LINE('',#4617,#4618);
#4617 = CARTESIAN_POINT('',(71.29868977782,-73.45779040413,1.5));
#4618 = VECTOR('',#4619,1.);
#4619 = DIRECTION('',(-1.,0.,0.));
#4620 = ORIENTED_EDGE('',*,*,#4621,.T.);
#4621 = EDGE_CURVE('',#4614,#651,#4622,.T.);
#4622 = LINE('',#4623,#4624);
#4623 = CARTESIAN_POINT('',(71.29868977782,-73.45779040413,1.5));
#4624 = VECTOR('',#4625,1.);
#4625 = DIRECTION('',(-0.,-0.,-1.));
#4626 = ORIENTED_EDGE('',*,*,#650,.T.);
#4627 = ORIENTED_EDGE('',*,*,#4592,.F.);
#4628 = PLANE('',#4629);
#4629 = AXIS2_PLACEMENT_3D('',#4630,#4631,#4632);
#4630 = CARTESIAN_POINT('',(71.29868977782,-73.45779040413,1.5));
#4631 = DIRECTION('',(0.,1.,0.));
#4632 = DIRECTION('',(-1.,0.,0.));
#4633 = ADVANCED_FACE('',(#4634),#4652,.F.);
#4634 = FACE_BOUND('',#4635,.F.);
#4635 = EDGE_LOOP('',(#4636,#4644,#4645,#4646));
#4636 = ORIENTED_EDGE('',*,*,#4637,.F.);
#4637 = EDGE_CURVE('',#4585,#4638,#4640,.T.);
#4638 = VERTEX_POINT('',#4639);
#4639 = CARTESIAN_POINT('',(71.29868977782,-87.45778712635,1.5));
#4640 = LINE('',#4641,#4642);
#4641 = CARTESIAN_POINT('',(57.298693055598,-87.45778712635,1.5));
#4642 = VECTOR('',#4643,1.);
#4643 = DIRECTION('',(1.,0.,0.));
#4644 = ORIENTED_EDGE('',*,*,#4599,.T.);
#4645 = ORIENTED_EDGE('',*,*,#666,.T.);
#4646 = ORIENTED_EDGE('',*,*,#4647,.F.);
#4647 = EDGE_CURVE('',#4638,#659,#4648,.T.);
#4648 = LINE('',#4649,#4650);
#4649 = CARTESIAN_POINT('',(71.29868977782,-87.45778712635,1.5));
#4650 = VECTOR('',#4651,1.);
#4651 = DIRECTION('',(-0.,-0.,-1.));
#4652 = PLANE('',#4653);
#4653 = AXIS2_PLACEMENT_3D('',#4654,#4655,#4656);
#4654 = CARTESIAN_POINT('',(57.298693055598,-87.45778712635,1.5));
#4655 = DIRECTION('',(0.,-1.,0.));
#4656 = DIRECTION('',(1.,0.,0.));
#4657 = ADVANCED_FACE('',(#4658),#4669,.F.);
#4658 = FACE_BOUND('',#4659,.F.);
#4659 = EDGE_LOOP('',(#4660,#4666,#4667,#4668));
#4660 = ORIENTED_EDGE('',*,*,#4661,.F.);
#4661 = EDGE_CURVE('',#4638,#4614,#4662,.T.);
#4662 = LINE('',#4663,#4664);
#4663 = CARTESIAN_POINT('',(71.29868977782,-87.45778712635,1.5));
#4664 = VECTOR('',#4665,1.);
#4665 = DIRECTION('',(0.,1.,0.));
#4666 = ORIENTED_EDGE('',*,*,#4647,.T.);
#4667 = ORIENTED_EDGE('',*,*,#658,.T.);
#4668 = ORIENTED_EDGE('',*,*,#4621,.F.);
#4669 = PLANE('',#4670);
#4670 = AXIS2_PLACEMENT_3D('',#4671,#4672,#4673);
#4671 = CARTESIAN_POINT('',(71.29868977782,-87.45778712635,1.5));
#4672 = DIRECTION('',(1.,0.,0.));
#4673 = DIRECTION('',(0.,1.,0.));
#4674 = ADVANCED_FACE('',(#4675),#4700,.F.);
#4675 = FACE_BOUND('',#4676,.F.);
#4676 = EDGE_LOOP('',(#4677,#4687,#4693,#4694));
#4677 = ORIENTED_EDGE('',*,*,#4678,.F.);
#4678 = EDGE_CURVE('',#4679,#4681,#4683,.T.);
#4679 = VERTEX_POINT('',#4680);
#4680 = CARTESIAN_POINT('',(76.348688293098,-73.45779040413,1.5));
#4681 = VERTEX_POINT('',#4682);
#4682 = CARTESIAN_POINT('',(76.348688293098,-87.45778712635,1.5));
#4683 = LINE('',#4684,#4685);
#4684 = CARTESIAN_POINT('',(76.348688293098,-73.45779040413,1.5));
#4685 = VECTOR('',#4686,1.);
#4686 = DIRECTION('',(0.,-1.,0.));
#4687 = ORIENTED_EDGE('',*,*,#4688,.T.);
#4688 = EDGE_CURVE('',#4679,#675,#4689,.T.);
#4689 = LINE('',#4690,#4691);
#4690 = CARTESIAN_POINT('',(76.348688293098,-73.45779040413,1.5));
#4691 = VECTOR('',#4692,1.);
#4692 = DIRECTION('',(-0.,-0.,-1.));
#4693 = ORIENTED_EDGE('',*,*,#674,.T.);
#4694 = ORIENTED_EDGE('',*,*,#4695,.F.);
#4695 = EDGE_CURVE('',#4681,#677,#4696,.T.);
#4696 = LINE('',#4697,#4698);
#4697 = CARTESIAN_POINT('',(76.348688293098,-87.45778712635,1.5));
#4698 = VECTOR('',#4699,1.);
#4699 = DIRECTION('',(-0.,-0.,-1.));
#4700 = PLANE('',#4701);
#4701 = AXIS2_PLACEMENT_3D('',#4702,#4703,#4704);
#4702 = CARTESIAN_POINT('',(76.348688293098,-73.45779040413,1.5));
#4703 = DIRECTION('',(-1.,0.,0.));
#4704 = DIRECTION('',(0.,-1.,0.));
#4705 = ADVANCED_FACE('',(#4706),#4724,.F.);
#4706 = FACE_BOUND('',#4707,.F.);
#4707 = EDGE_LOOP('',(#4708,#4716,#4722,#4723));
#4708 = ORIENTED_EDGE('',*,*,#4709,.F.);
#4709 = EDGE_CURVE('',#4710,#4679,#4712,.T.);
#4710 = VERTEX_POINT('',#4711);
#4711 = CARTESIAN_POINT('',(90.34868501532,-73.45779040413,1.5));
#4712 = LINE('',#4713,#4714);
#4713 = CARTESIAN_POINT('',(90.34868501532,-73.45779040413,1.5));
#4714 = VECTOR('',#4715,1.);
#4715 = DIRECTION('',(-1.,0.,0.));
#4716 = ORIENTED_EDGE('',*,*,#4717,.T.);
#4717 = EDGE_CURVE('',#4710,#685,#4718,.T.);
#4718 = LINE('',#4719,#4720);
#4719 = CARTESIAN_POINT('',(90.34868501532,-73.45779040413,1.5));
#4720 = VECTOR('',#4721,1.);
#4721 = DIRECTION('',(-0.,-0.,-1.));
#4722 = ORIENTED_EDGE('',*,*,#684,.T.);
#4723 = ORIENTED_EDGE('',*,*,#4688,.F.);
#4724 = PLANE('',#4725);
#4725 = AXIS2_PLACEMENT_3D('',#4726,#4727,#4728);
#4726 = CARTESIAN_POINT('',(90.34868501532,-73.45779040413,1.5));
#4727 = DIRECTION('',(0.,1.,0.));
#4728 = DIRECTION('',(-1.,0.,0.));
#4729 = ADVANCED_FACE('',(#4730),#4748,.F.);
#4730 = FACE_BOUND('',#4731,.F.);
#4731 = EDGE_LOOP('',(#4732,#4740,#4741,#4742));
#4732 = ORIENTED_EDGE('',*,*,#4733,.F.);
#4733 = EDGE_CURVE('',#4681,#4734,#4736,.T.);
#4734 = VERTEX_POINT('',#4735);
#4735 = CARTESIAN_POINT('',(90.34868501532,-87.45778712635,1.5));
#4736 = LINE('',#4737,#4738);
#4737 = CARTESIAN_POINT('',(76.348688293098,-87.45778712635,1.5));
#4738 = VECTOR('',#4739,1.);
#4739 = DIRECTION('',(1.,0.,0.));
#4740 = ORIENTED_EDGE('',*,*,#4695,.T.);
#4741 = ORIENTED_EDGE('',*,*,#700,.T.);
#4742 = ORIENTED_EDGE('',*,*,#4743,.F.);
#4743 = EDGE_CURVE('',#4734,#693,#4744,.T.);
#4744 = LINE('',#4745,#4746);
#4745 = CARTESIAN_POINT('',(90.34868501532,-87.45778712635,1.5));
#4746 = VECTOR('',#4747,1.);
#4747 = DIRECTION('',(-0.,-0.,-1.));
#4748 = PLANE('',#4749);
#4749 = AXIS2_PLACEMENT_3D('',#4750,#4751,#4752);
#4750 = CARTESIAN_POINT('',(76.348688293098,-87.45778712635,1.5));
#4751 = DIRECTION('',(0.,-1.,0.));
#4752 = DIRECTION('',(1.,0.,0.));
#4753 = ADVANCED_FACE('',(#4754),#4765,.F.);
#4754 = FACE_BOUND('',#4755,.F.);
#4755 = EDGE_LOOP('',(#4756,#4762,#4763,#4764));
#4756 = ORIENTED_EDGE('',*,*,#4757,.F.);
#4757 = EDGE_CURVE('',#4734,#4710,#4758,.T.);
#4758 = LINE('',#4759,#4760);
#4759 = CARTESIAN_POINT('',(90.34868501532,-87.45778712635,1.5));
#4760 = VECTOR('',#4761,1.);
#4761 = DIRECTION('',(0.,1.,0.));
#4762 = ORIENTED_EDGE('',*,*,#4743,.T.);
#4763 = ORIENTED_EDGE('',*,*,#692,.T.);
#4764 = ORIENTED_EDGE('',*,*,#4717,.F.);
#4765 = PLANE('',#4766);
#4766 = AXIS2_PLACEMENT_3D('',#4767,#4768,#4769);
#4767 = CARTESIAN_POINT('',(90.34868501532,-87.45778712635,1.5));
#4768 = DIRECTION('',(1.,0.,0.));
#4769 = DIRECTION('',(0.,1.,0.));
#4770 = ADVANCED_FACE('',(#4771),#4796,.F.);
#4771 = FACE_BOUND('',#4772,.F.);
#4772 = EDGE_LOOP('',(#4773,#4783,#4789,#4790));
#4773 = ORIENTED_EDGE('',*,*,#4774,.F.);
#4774 = EDGE_CURVE('',#4775,#4777,#4779,.T.);
#4775 = VERTEX_POINT('',#4776);
#4776 = CARTESIAN_POINT('',(95.398683530598,-73.45779040413,1.5));
#4777 = VERTEX_POINT('',#4778);
#4778 = CARTESIAN_POINT('',(95.398683530598,-87.45778712635,1.5));
#4779 = LINE('',#4780,#4781);
#4780 = CARTESIAN_POINT('',(95.398683530598,-73.45779040413,1.5));
#4781 = VECTOR('',#4782,1.);
#4782 = DIRECTION('',(0.,-1.,0.));
#4783 = ORIENTED_EDGE('',*,*,#4784,.T.);
#4784 = EDGE_CURVE('',#4775,#709,#4785,.T.);
#4785 = LINE('',#4786,#4787);
#4786 = CARTESIAN_POINT('',(95.398683530598,-73.45779040413,1.5));
#4787 = VECTOR('',#4788,1.);
#4788 = DIRECTION('',(-0.,-0.,-1.));
#4789 = ORIENTED_EDGE('',*,*,#708,.T.);
#4790 = ORIENTED_EDGE('',*,*,#4791,.F.);
#4791 = EDGE_CURVE('',#4777,#711,#4792,.T.);
#4792 = LINE('',#4793,#4794);
#4793 = CARTESIAN_POINT('',(95.398683530598,-87.45778712635,1.5));
#4794 = VECTOR('',#4795,1.);
#4795 = DIRECTION('',(-0.,-0.,-1.));
#4796 = PLANE('',#4797);
#4797 = AXIS2_PLACEMENT_3D('',#4798,#4799,#4800);
#4798 = CARTESIAN_POINT('',(95.398683530598,-73.45779040413,1.5));
#4799 = DIRECTION('',(-1.,0.,0.));
#4800 = DIRECTION('',(0.,-1.,0.));
#4801 = ADVANCED_FACE('',(#4802),#4820,.F.);
#4802 = FACE_BOUND('',#4803,.F.);
#4803 = EDGE_LOOP('',(#4804,#4812,#4818,#4819));
#4804 = ORIENTED_EDGE('',*,*,#4805,.F.);
#4805 = EDGE_CURVE('',#4806,#4775,#4808,.T.);
#4806 = VERTEX_POINT('',#4807);
#4807 = CARTESIAN_POINT('',(109.39868025282,-73.45779040413,1.5));
#4808 = LINE('',#4809,#4810);
#4809 = CARTESIAN_POINT('',(109.39868025282,-73.45779040413,1.5));
#4810 = VECTOR('',#4811,1.);
#4811 = DIRECTION('',(-1.,0.,0.));
#4812 = ORIENTED_EDGE('',*,*,#4813,.T.);
#4813 = EDGE_CURVE('',#4806,#719,#4814,.T.);
#4814 = LINE('',#4815,#4816);
#4815 = CARTESIAN_POINT('',(109.39868025282,-73.45779040413,1.5));
#4816 = VECTOR('',#4817,1.);
#4817 = DIRECTION('',(-0.,-0.,-1.));
#4818 = ORIENTED_EDGE('',*,*,#718,.T.);
#4819 = ORIENTED_EDGE('',*,*,#4784,.F.);
#4820 = PLANE('',#4821);
#4821 = AXIS2_PLACEMENT_3D('',#4822,#4823,#4824);
#4822 = CARTESIAN_POINT('',(109.39868025282,-73.45779040413,1.5));
#4823 = DIRECTION('',(0.,1.,0.));
#4824 = DIRECTION('',(-1.,0.,0.));
#4825 = ADVANCED_FACE('',(#4826),#4844,.F.);
#4826 = FACE_BOUND('',#4827,.F.);
#4827 = EDGE_LOOP('',(#4828,#4836,#4837,#4838));
#4828 = ORIENTED_EDGE('',*,*,#4829,.F.);
#4829 = EDGE_CURVE('',#4777,#4830,#4832,.T.);
#4830 = VERTEX_POINT('',#4831);
#4831 = CARTESIAN_POINT('',(109.39868025282,-87.45778712635,1.5));
#4832 = LINE('',#4833,#4834);
#4833 = CARTESIAN_POINT('',(95.398683530598,-87.45778712635,1.5));
#4834 = VECTOR('',#4835,1.);
#4835 = DIRECTION('',(1.,0.,0.));
#4836 = ORIENTED_EDGE('',*,*,#4791,.T.);
#4837 = ORIENTED_EDGE('',*,*,#734,.T.);
#4838 = ORIENTED_EDGE('',*,*,#4839,.F.);
#4839 = EDGE_CURVE('',#4830,#727,#4840,.T.);
#4840 = LINE('',#4841,#4842);
#4841 = CARTESIAN_POINT('',(109.39868025282,-87.45778712635,1.5));
#4842 = VECTOR('',#4843,1.);
#4843 = DIRECTION('',(-0.,-0.,-1.));
#4844 = PLANE('',#4845);
#4845 = AXIS2_PLACEMENT_3D('',#4846,#4847,#4848);
#4846 = CARTESIAN_POINT('',(95.398683530598,-87.45778712635,1.5));
#4847 = DIRECTION('',(0.,-1.,0.));
#4848 = DIRECTION('',(1.,0.,0.));
#4849 = ADVANCED_FACE('',(#4850),#4861,.F.);
#4850 = FACE_BOUND('',#4851,.F.);
#4851 = EDGE_LOOP('',(#4852,#4858,#4859,#4860));
#4852 = ORIENTED_EDGE('',*,*,#4853,.F.);
#4853 = EDGE_CURVE('',#4830,#4806,#4854,.T.);
#4854 = LINE('',#4855,#4856);
#4855 = CARTESIAN_POINT('',(109.39868025282,-87.45778712635,1.5));
#4856 = VECTOR('',#4857,1.);
#4857 = DIRECTION('',(0.,1.,0.));
#4858 = ORIENTED_EDGE('',*,*,#4839,.T.);
#4859 = ORIENTED_EDGE('',*,*,#726,.T.);
#4860 = ORIENTED_EDGE('',*,*,#4813,.F.);
#4861 = PLANE('',#4862);
#4862 = AXIS2_PLACEMENT_3D('',#4863,#4864,#4865);
#4863 = CARTESIAN_POINT('',(109.39868025282,-87.45778712635,1.5));
#4864 = DIRECTION('',(1.,0.,0.));
#4865 = DIRECTION('',(0.,1.,0.));
#4866 = ADVANCED_FACE('',(#4867),#4892,.F.);
#4867 = FACE_BOUND('',#4868,.F.);
#4868 = EDGE_LOOP('',(#4869,#4879,#4885,#4886));
#4869 = ORIENTED_EDGE('',*,*,#4870,.F.);
#4870 = EDGE_CURVE('',#4871,#4873,#4875,.T.);
#4871 = VERTEX_POINT('',#4872);
#4872 = CARTESIAN_POINT('',(114.44867876809,-73.45779040413,1.5));
#4873 = VERTEX_POINT('',#4874);
#4874 = CARTESIAN_POINT('',(114.44867876809,-87.45778712635,1.5));
#4875 = LINE('',#4876,#4877);
#4876 = CARTESIAN_POINT('',(114.44867876809,-73.45779040413,1.5));
#4877 = VECTOR('',#4878,1.);
#4878 = DIRECTION('',(0.,-1.,0.));
#4879 = ORIENTED_EDGE('',*,*,#4880,.T.);
#4880 = EDGE_CURVE('',#4871,#743,#4881,.T.);
#4881 = LINE('',#4882,#4883);
#4882 = CARTESIAN_POINT('',(114.44867876809,-73.45779040413,1.5));
#4883 = VECTOR('',#4884,1.);
#4884 = DIRECTION('',(-0.,-0.,-1.));
#4885 = ORIENTED_EDGE('',*,*,#742,.T.);
#4886 = ORIENTED_EDGE('',*,*,#4887,.F.);
#4887 = EDGE_CURVE('',#4873,#745,#4888,.T.);
#4888 = LINE('',#4889,#4890);
#4889 = CARTESIAN_POINT('',(114.44867876809,-87.45778712635,1.5));
#4890 = VECTOR('',#4891,1.);
#4891 = DIRECTION('',(-0.,-0.,-1.));
#4892 = PLANE('',#4893);
#4893 = AXIS2_PLACEMENT_3D('',#4894,#4895,#4896);
#4894 = CARTESIAN_POINT('',(114.44867876809,-73.45779040413,1.5));
#4895 = DIRECTION('',(-1.,0.,0.));
#4896 = DIRECTION('',(0.,-1.,0.));
#4897 = ADVANCED_FACE('',(#4898),#4916,.F.);
#4898 = FACE_BOUND('',#4899,.F.);
#4899 = EDGE_LOOP('',(#4900,#4908,#4914,#4915));
#4900 = ORIENTED_EDGE('',*,*,#4901,.F.);
#4901 = EDGE_CURVE('',#4902,#4871,#4904,.T.);
#4902 = VERTEX_POINT('',#4903);
#4903 = CARTESIAN_POINT('',(128.44867549032,-73.45779040413,1.5));
#4904 = LINE('',#4905,#4906);
#4905 = CARTESIAN_POINT('',(128.44867549032,-73.45779040413,1.5));
#4906 = VECTOR('',#4907,1.);
#4907 = DIRECTION('',(-1.,0.,0.));
#4908 = ORIENTED_EDGE('',*,*,#4909,.T.);
#4909 = EDGE_CURVE('',#4902,#753,#4910,.T.);
#4910 = LINE('',#4911,#4912);
#4911 = CARTESIAN_POINT('',(128.44867549032,-73.45779040413,1.5));
#4912 = VECTOR('',#4913,1.);
#4913 = DIRECTION('',(-0.,-0.,-1.));
#4914 = ORIENTED_EDGE('',*,*,#752,.T.);
#4915 = ORIENTED_EDGE('',*,*,#4880,.F.);
#4916 = PLANE('',#4917);
#4917 = AXIS2_PLACEMENT_3D('',#4918,#4919,#4920);
#4918 = CARTESIAN_POINT('',(128.44867549032,-73.45779040413,1.5));
#4919 = DIRECTION('',(0.,1.,0.));
#4920 = DIRECTION('',(-1.,0.,0.));
#4921 = ADVANCED_FACE('',(#4922),#4940,.F.);
#4922 = FACE_BOUND('',#4923,.F.);
#4923 = EDGE_LOOP('',(#4924,#4932,#4933,#4934));
#4924 = ORIENTED_EDGE('',*,*,#4925,.F.);
#4925 = EDGE_CURVE('',#4873,#4926,#4928,.T.);
#4926 = VERTEX_POINT('',#4927);
#4927 = CARTESIAN_POINT('',(128.44867549032,-87.45778712635,1.5));
#4928 = LINE('',#4929,#4930);
#4929 = CARTESIAN_POINT('',(114.44867876809,-87.45778712635,1.5));
#4930 = VECTOR('',#4931,1.);
#4931 = DIRECTION('',(1.,0.,0.));
#4932 = ORIENTED_EDGE('',*,*,#4887,.T.);
#4933 = ORIENTED_EDGE('',*,*,#768,.T.);
#4934 = ORIENTED_EDGE('',*,*,#4935,.F.);
#4935 = EDGE_CURVE('',#4926,#761,#4936,.T.);
#4936 = LINE('',#4937,#4938);
#4937 = CARTESIAN_POINT('',(128.44867549032,-87.45778712635,1.5));
#4938 = VECTOR('',#4939,1.);
#4939 = DIRECTION('',(-0.,-0.,-1.));
#4940 = PLANE('',#4941);
#4941 = AXIS2_PLACEMENT_3D('',#4942,#4943,#4944);
#4942 = CARTESIAN_POINT('',(114.44867876809,-87.45778712635,1.5));
#4943 = DIRECTION('',(0.,-1.,0.));
#4944 = DIRECTION('',(1.,0.,0.));
#4945 = ADVANCED_FACE('',(#4946),#4957,.F.);
#4946 = FACE_BOUND('',#4947,.F.);
#4947 = EDGE_LOOP('',(#4948,#4954,#4955,#4956));
#4948 = ORIENTED_EDGE('',*,*,#4949,.F.);
#4949 = EDGE_CURVE('',#4926,#4902,#4950,.T.);
#4950 = LINE('',#4951,#4952);
#4951 = CARTESIAN_POINT('',(128.44867549032,-87.45778712635,1.5));
#4952 = VECTOR('',#4953,1.);
#4953 = DIRECTION('',(0.,1.,0.));
#4954 = ORIENTED_EDGE('',*,*,#4935,.T.);
#4955 = ORIENTED_EDGE('',*,*,#760,.T.);
#4956 = ORIENTED_EDGE('',*,*,#4909,.F.);
#4957 = PLANE('',#4958);
#4958 = AXIS2_PLACEMENT_3D('',#4959,#4960,#4961);
#4959 = CARTESIAN_POINT('',(128.44867549032,-87.45778712635,1.5));
#4960 = DIRECTION('',(1.,0.,0.));
#4961 = DIRECTION('',(0.,1.,0.));
#4962 = ADVANCED_FACE('',(#4963),#4988,.F.);
#4963 = FACE_BOUND('',#4964,.F.);
#4964 = EDGE_LOOP('',(#4965,#4975,#4981,#4982));
#4965 = ORIENTED_EDGE('',*,*,#4966,.F.);
#4966 = EDGE_CURVE('',#4967,#4969,#4971,.T.);
#4967 = VERTEX_POINT('',#4968);
#4968 = CARTESIAN_POINT('',(133.49867400559,-73.45779040413,1.5));
#4969 = VERTEX_POINT('',#4970);
#4970 = CARTESIAN_POINT('',(133.49867400559,-87.45778712635,1.5));
#4971 = LINE('',#4972,#4973);
#4972 = CARTESIAN_POINT('',(133.49867400559,-73.45779040413,1.5));
#4973 = VECTOR('',#4974,1.);
#4974 = DIRECTION('',(0.,-1.,0.));
#4975 = ORIENTED_EDGE('',*,*,#4976,.T.);
#4976 = EDGE_CURVE('',#4967,#777,#4977,.T.);
#4977 = LINE('',#4978,#4979);
#4978 = CARTESIAN_POINT('',(133.49867400559,-73.45779040413,1.5));
#4979 = VECTOR('',#4980,1.);
#4980 = DIRECTION('',(-0.,-0.,-1.));
#4981 = ORIENTED_EDGE('',*,*,#776,.T.);
#4982 = ORIENTED_EDGE('',*,*,#4983,.F.);
#4983 = EDGE_CURVE('',#4969,#779,#4984,.T.);
#4984 = LINE('',#4985,#4986);
#4985 = CARTESIAN_POINT('',(133.49867400559,-87.45778712635,1.5));
#4986 = VECTOR('',#4987,1.);
#4987 = DIRECTION('',(-0.,-0.,-1.));
#4988 = PLANE('',#4989);
#4989 = AXIS2_PLACEMENT_3D('',#4990,#4991,#4992);
#4990 = CARTESIAN_POINT('',(133.49867400559,-73.45779040413,1.5));
#4991 = DIRECTION('',(-1.,0.,0.));
#4992 = DIRECTION('',(0.,-1.,0.));
#4993 = ADVANCED_FACE('',(#4994),#5012,.F.);
#4994 = FACE_BOUND('',#4995,.F.);
#4995 = EDGE_LOOP('',(#4996,#5004,#5010,#5011));
#4996 = ORIENTED_EDGE('',*,*,#4997,.F.);
#4997 = EDGE_CURVE('',#4998,#4967,#5000,.T.);
#4998 = VERTEX_POINT('',#4999);
#4999 = CARTESIAN_POINT('',(147.49867072782,-73.45779040413,1.5));
#5000 = LINE('',#5001,#5002);
#5001 = CARTESIAN_POINT('',(147.49867072782,-73.45779040413,1.5));
#5002 = VECTOR('',#5003,1.);
#5003 = DIRECTION('',(-1.,0.,0.));
#5004 = ORIENTED_EDGE('',*,*,#5005,.T.);
#5005 = EDGE_CURVE('',#4998,#787,#5006,.T.);
#5006 = LINE('',#5007,#5008);
#5007 = CARTESIAN_POINT('',(147.49867072782,-73.45779040413,1.5));
#5008 = VECTOR('',#5009,1.);
#5009 = DIRECTION('',(-0.,-0.,-1.));
#5010 = ORIENTED_EDGE('',*,*,#786,.T.);
#5011 = ORIENTED_EDGE('',*,*,#4976,.F.);
#5012 = PLANE('',#5013);
#5013 = AXIS2_PLACEMENT_3D('',#5014,#5015,#5016);
#5014 = CARTESIAN_POINT('',(147.49867072782,-73.45779040413,1.5));
#5015 = DIRECTION('',(0.,1.,0.));
#5016 = DIRECTION('',(-1.,0.,0.));
#5017 = ADVANCED_FACE('',(#5018),#5036,.F.);
#5018 = FACE_BOUND('',#5019,.F.);
#5019 = EDGE_LOOP('',(#5020,#5028,#5029,#5030));
#5020 = ORIENTED_EDGE('',*,*,#5021,.F.);
#5021 = EDGE_CURVE('',#4969,#5022,#5024,.T.);
#5022 = VERTEX_POINT('',#5023);
#5023 = CARTESIAN_POINT('',(147.49867072782,-87.45778712635,1.5));
#5024 = LINE('',#5025,#5026);
#5025 = CARTESIAN_POINT('',(133.49867400559,-87.45778712635,1.5));
#5026 = VECTOR('',#5027,1.);
#5027 = DIRECTION('',(1.,0.,0.));
#5028 = ORIENTED_EDGE('',*,*,#4983,.T.);
#5029 = ORIENTED_EDGE('',*,*,#802,.T.);
#5030 = ORIENTED_EDGE('',*,*,#5031,.F.);
#5031 = EDGE_CURVE('',#5022,#795,#5032,.T.);
#5032 = LINE('',#5033,#5034);
#5033 = CARTESIAN_POINT('',(147.49867072782,-87.45778712635,1.5));
#5034 = VECTOR('',#5035,1.);
#5035 = DIRECTION('',(-0.,-0.,-1.));
#5036 = PLANE('',#5037);
#5037 = AXIS2_PLACEMENT_3D('',#5038,#5039,#5040);
#5038 = CARTESIAN_POINT('',(133.49867400559,-87.45778712635,1.5));
#5039 = DIRECTION('',(0.,-1.,0.));
#5040 = DIRECTION('',(1.,0.,0.));
#5041 = ADVANCED_FACE('',(#5042),#5053,.F.);
#5042 = FACE_BOUND('',#5043,.F.);
#5043 = EDGE_LOOP('',(#5044,#5050,#5051,#5052));
#5044 = ORIENTED_EDGE('',*,*,#5045,.F.);
#5045 = EDGE_CURVE('',#5022,#4998,#5046,.T.);
#5046 = LINE('',#5047,#5048);
#5047 = CARTESIAN_POINT('',(147.49867072782,-87.45778712635,1.5));
#5048 = VECTOR('',#5049,1.);
#5049 = DIRECTION('',(0.,1.,0.));
#5050 = ORIENTED_EDGE('',*,*,#5031,.T.);
#5051 = ORIENTED_EDGE('',*,*,#794,.T.);
#5052 = ORIENTED_EDGE('',*,*,#5005,.F.);
#5053 = PLANE('',#5054);
#5054 = AXIS2_PLACEMENT_3D('',#5055,#5056,#5057);
#5055 = CARTESIAN_POINT('',(147.49867072782,-87.45778712635,1.5));
#5056 = DIRECTION('',(1.,0.,0.));
#5057 = DIRECTION('',(0.,1.,0.));
#5058 = ADVANCED_FACE('',(#5059),#5084,.F.);
#5059 = FACE_BOUND('',#5060,.F.);
#5060 = EDGE_LOOP('',(#5061,#5071,#5077,#5078));
#5061 = ORIENTED_EDGE('',*,*,#5062,.F.);
#5062 = EDGE_CURVE('',#5063,#5065,#5067,.T.);
#5063 = VERTEX_POINT('',#5064);
#5064 = CARTESIAN_POINT('',(152.54866924309,-73.45779040413,1.5));
#5065 = VERTEX_POINT('',#5066);
#5066 = CARTESIAN_POINT('',(152.54866924309,-87.45778712635,1.5));
#5067 = LINE('',#5068,#5069);
#5068 = CARTESIAN_POINT('',(152.54866924309,-73.45779040413,1.5));
#5069 = VECTOR('',#5070,1.);
#5070 = DIRECTION('',(0.,-1.,0.));
#5071 = ORIENTED_EDGE('',*,*,#5072,.T.);
#5072 = EDGE_CURVE('',#5063,#811,#5073,.T.);
#5073 = LINE('',#5074,#5075);
#5074 = CARTESIAN_POINT('',(152.54866924309,-73.45779040413,1.5));
#5075 = VECTOR('',#5076,1.);
#5076 = DIRECTION('',(-0.,-0.,-1.));
#5077 = ORIENTED_EDGE('',*,*,#810,.T.);
#5078 = ORIENTED_EDGE('',*,*,#5079,.F.);
#5079 = EDGE_CURVE('',#5065,#813,#5080,.T.);
#5080 = LINE('',#5081,#5082);
#5081 = CARTESIAN_POINT('',(152.54866924309,-87.45778712635,1.5));
#5082 = VECTOR('',#5083,1.);
#5083 = DIRECTION('',(-0.,-0.,-1.));
#5084 = PLANE('',#5085);
#5085 = AXIS2_PLACEMENT_3D('',#5086,#5087,#5088);
#5086 = CARTESIAN_POINT('',(152.54866924309,-73.45779040413,1.5));
#5087 = DIRECTION('',(-1.,0.,0.));
#5088 = DIRECTION('',(0.,-1.,0.));
#5089 = ADVANCED_FACE('',(#5090),#5108,.F.);
#5090 = FACE_BOUND('',#5091,.F.);
#5091 = EDGE_LOOP('',(#5092,#5100,#5106,#5107));
#5092 = ORIENTED_EDGE('',*,*,#5093,.F.);
#5093 = EDGE_CURVE('',#5094,#5063,#5096,.T.);
#5094 = VERTEX_POINT('',#5095);
#5095 = CARTESIAN_POINT('',(166.54866596532,-73.45779040413,1.5));
#5096 = LINE('',#5097,#5098);
#5097 = CARTESIAN_POINT('',(166.54866596532,-73.45779040413,1.5));
#5098 = VECTOR('',#5099,1.);
#5099 = DIRECTION('',(-1.,0.,0.));
#5100 = ORIENTED_EDGE('',*,*,#5101,.T.);
#5101 = EDGE_CURVE('',#5094,#821,#5102,.T.);
#5102 = LINE('',#5103,#5104);
#5103 = CARTESIAN_POINT('',(166.54866596532,-73.45779040413,1.5));
#5104 = VECTOR('',#5105,1.);
#5105 = DIRECTION('',(-0.,-0.,-1.));
#5106 = ORIENTED_EDGE('',*,*,#820,.T.);
#5107 = ORIENTED_EDGE('',*,*,#5072,.F.);
#5108 = PLANE('',#5109);
#5109 = AXIS2_PLACEMENT_3D('',#5110,#5111,#5112);
#5110 = CARTESIAN_POINT('',(166.54866596532,-73.45779040413,1.5));
#5111 = DIRECTION('',(0.,1.,0.));
#5112 = DIRECTION('',(-1.,0.,0.));
#5113 = ADVANCED_FACE('',(#5114),#5132,.F.);
#5114 = FACE_BOUND('',#5115,.F.);
#5115 = EDGE_LOOP('',(#5116,#5124,#5125,#5126));
#5116 = ORIENTED_EDGE('',*,*,#5117,.F.);
#5117 = EDGE_CURVE('',#5065,#5118,#5120,.T.);
#5118 = VERTEX_POINT('',#5119);
#5119 = CARTESIAN_POINT('',(166.54866596532,-87.45778712635,1.5));
#5120 = LINE('',#5121,#5122);
#5121 = CARTESIAN_POINT('',(152.54866924309,-87.45778712635,1.5));
#5122 = VECTOR('',#5123,1.);
#5123 = DIRECTION('',(1.,0.,0.));
#5124 = ORIENTED_EDGE('',*,*,#5079,.T.);
#5125 = ORIENTED_EDGE('',*,*,#836,.T.);
#5126 = ORIENTED_EDGE('',*,*,#5127,.F.);
#5127 = EDGE_CURVE('',#5118,#829,#5128,.T.);
#5128 = LINE('',#5129,#5130);
#5129 = CARTESIAN_POINT('',(166.54866596532,-87.45778712635,1.5));
#5130 = VECTOR('',#5131,1.);
#5131 = DIRECTION('',(-0.,-0.,-1.));
#5132 = PLANE('',#5133);
#5133 = AXIS2_PLACEMENT_3D('',#5134,#5135,#5136);
#5134 = CARTESIAN_POINT('',(152.54866924309,-87.45778712635,1.5));
#5135 = DIRECTION('',(0.,-1.,0.));
#5136 = DIRECTION('',(1.,0.,0.));
#5137 = ADVANCED_FACE('',(#5138),#5149,.F.);
#5138 = FACE_BOUND('',#5139,.F.);
#5139 = EDGE_LOOP('',(#5140,#5146,#5147,#5148));
#5140 = ORIENTED_EDGE('',*,*,#5141,.F.);
#5141 = EDGE_CURVE('',#5118,#5094,#5142,.T.);
#5142 = LINE('',#5143,#5144);
#5143 = CARTESIAN_POINT('',(166.54866596532,-87.45778712635,1.5));
#5144 = VECTOR('',#5145,1.);
#5145 = DIRECTION('',(0.,1.,0.));
#5146 = ORIENTED_EDGE('',*,*,#5127,.T.);
#5147 = ORIENTED_EDGE('',*,*,#828,.T.);
#5148 = ORIENTED_EDGE('',*,*,#5101,.F.);
#5149 = PLANE('',#5150);
#5150 = AXIS2_PLACEMENT_3D('',#5151,#5152,#5153);
#5151 = CARTESIAN_POINT('',(166.54866596532,-87.45778712635,1.5));
#5152 = DIRECTION('',(1.,0.,0.));
#5153 = DIRECTION('',(0.,1.,0.));
#5154 = ADVANCED_FACE('',(#5155),#5180,.F.);
#5155 = FACE_BOUND('',#5156,.F.);
#5156 = EDGE_LOOP('',(#5157,#5167,#5173,#5174));
#5157 = ORIENTED_EDGE('',*,*,#5158,.F.);
#5158 = EDGE_CURVE('',#5159,#5161,#5163,.T.);
#5159 = VERTEX_POINT('',#5160);
#5160 = CARTESIAN_POINT('',(157.31116805247,-111.5577808791,1.5));
#5161 = VERTEX_POINT('',#5162);
#5162 = CARTESIAN_POINT('',(157.31116805247,-125.5577776013,1.5));
#5163 = LINE('',#5164,#5165);
#5164 = CARTESIAN_POINT('',(157.31116805247,-111.5577808791,1.5));
#5165 = VECTOR('',#5166,1.);
#5166 = DIRECTION('',(0.,-1.,0.));
#5167 = ORIENTED_EDGE('',*,*,#5168,.T.);
#5168 = EDGE_CURVE('',#5159,#845,#5169,.T.);
#5169 = LINE('',#5170,#5171);
#5170 = CARTESIAN_POINT('',(157.31116805247,-111.5577808791,1.5));
#5171 = VECTOR('',#5172,1.);
#5172 = DIRECTION('',(-0.,-0.,-1.));
#5173 = ORIENTED_EDGE('',*,*,#844,.T.);
#5174 = ORIENTED_EDGE('',*,*,#5175,.F.);
#5175 = EDGE_CURVE('',#5161,#847,#5176,.T.);
#5176 = LINE('',#5177,#5178);
#5177 = CARTESIAN_POINT('',(157.31116805247,-125.5577776013,1.5));
#5178 = VECTOR('',#5179,1.);
#5179 = DIRECTION('',(-0.,-0.,-1.));
#5180 = PLANE('',#5181);
#5181 = AXIS2_PLACEMENT_3D('',#5182,#5183,#5184);
#5182 = CARTESIAN_POINT('',(157.31116805247,-111.5577808791,1.5));
#5183 = DIRECTION('',(-1.,0.,0.));
#5184 = DIRECTION('',(0.,-1.,0.));
#5185 = ADVANCED_FACE('',(#5186),#5204,.F.);
#5186 = FACE_BOUND('',#5187,.F.);
#5187 = EDGE_LOOP('',(#5188,#5196,#5202,#5203));
#5188 = ORIENTED_EDGE('',*,*,#5189,.F.);
#5189 = EDGE_CURVE('',#5190,#5159,#5192,.T.);
#5190 = VERTEX_POINT('',#5191);
#5191 = CARTESIAN_POINT('',(171.31116477469,-111.5577808791,1.5));
#5192 = LINE('',#5193,#5194);
#5193 = CARTESIAN_POINT('',(171.31116477469,-111.5577808791,1.5));
#5194 = VECTOR('',#5195,1.);
#5195 = DIRECTION('',(-1.,0.,0.));
#5196 = ORIENTED_EDGE('',*,*,#5197,.T.);
#5197 = EDGE_CURVE('',#5190,#855,#5198,.T.);
#5198 = LINE('',#5199,#5200);
#5199 = CARTESIAN_POINT('',(171.31116477469,-111.5577808791,1.5));
#5200 = VECTOR('',#5201,1.);
#5201 = DIRECTION('',(-0.,-0.,-1.));
#5202 = ORIENTED_EDGE('',*,*,#854,.T.);
#5203 = ORIENTED_EDGE('',*,*,#5168,.F.);
#5204 = PLANE('',#5205);
#5205 = AXIS2_PLACEMENT_3D('',#5206,#5207,#5208);
#5206 = CARTESIAN_POINT('',(171.31116477469,-111.5577808791,1.5));
#5207 = DIRECTION('',(0.,1.,0.));
#5208 = DIRECTION('',(-1.,0.,0.));
#5209 = ADVANCED_FACE('',(#5210),#5228,.F.);
#5210 = FACE_BOUND('',#5211,.F.);
#5211 = EDGE_LOOP('',(#5212,#5220,#5221,#5222));
#5212 = ORIENTED_EDGE('',*,*,#5213,.F.);
#5213 = EDGE_CURVE('',#5161,#5214,#5216,.T.);
#5214 = VERTEX_POINT('',#5215);
#5215 = CARTESIAN_POINT('',(171.31116477469,-125.5577776013,1.5));
#5216 = LINE('',#5217,#5218);
#5217 = CARTESIAN_POINT('',(157.31116805247,-125.5577776013,1.5));
#5218 = VECTOR('',#5219,1.);
#5219 = DIRECTION('',(1.,0.,0.));
#5220 = ORIENTED_EDGE('',*,*,#5175,.T.);
#5221 = ORIENTED_EDGE('',*,*,#870,.T.);
#5222 = ORIENTED_EDGE('',*,*,#5223,.F.);
#5223 = EDGE_CURVE('',#5214,#863,#5224,.T.);
#5224 = LINE('',#5225,#5226);
#5225 = CARTESIAN_POINT('',(171.31116477469,-125.5577776013,1.5));
#5226 = VECTOR('',#5227,1.);
#5227 = DIRECTION('',(-0.,-0.,-1.));
#5228 = PLANE('',#5229);
#5229 = AXIS2_PLACEMENT_3D('',#5230,#5231,#5232);
#5230 = CARTESIAN_POINT('',(157.31116805247,-125.5577776013,1.5));
#5231 = DIRECTION('',(0.,-1.,0.));
#5232 = DIRECTION('',(1.,0.,0.));
#5233 = ADVANCED_FACE('',(#5234),#5245,.F.);
#5234 = FACE_BOUND('',#5235,.F.);
#5235 = EDGE_LOOP('',(#5236,#5242,#5243,#5244));
#5236 = ORIENTED_EDGE('',*,*,#5237,.F.);
#5237 = EDGE_CURVE('',#5214,#5190,#5238,.T.);
#5238 = LINE('',#5239,#5240);
#5239 = CARTESIAN_POINT('',(171.31116477469,-125.5577776013,1.5));
#5240 = VECTOR('',#5241,1.);
#5241 = DIRECTION('',(0.,1.,0.));
#5242 = ORIENTED_EDGE('',*,*,#5223,.T.);
#5243 = ORIENTED_EDGE('',*,*,#862,.T.);
#5244 = ORIENTED_EDGE('',*,*,#5197,.F.);
#5245 = PLANE('',#5246);
#5246 = AXIS2_PLACEMENT_3D('',#5247,#5248,#5249);
#5247 = CARTESIAN_POINT('',(171.31116477469,-125.5577776013,1.5));
#5248 = DIRECTION('',(1.,0.,0.));
#5249 = DIRECTION('',(0.,1.,0.));
#5250 = ADVANCED_FACE('',(#5251),#5276,.F.);
#5251 = FACE_BOUND('',#5252,.F.);
#5252 = EDGE_LOOP('',(#5253,#5263,#5269,#5270));
#5253 = ORIENTED_EDGE('',*,*,#5254,.F.);
#5254 = EDGE_CURVE('',#5255,#5257,#5259,.T.);
#5255 = VERTEX_POINT('',#5256);
#5256 = CARTESIAN_POINT('',(210.98115355164,-112.4109807769,1.5));
#5257 = VERTEX_POINT('',#5258);
#5258 = CARTESIAN_POINT('',(210.98115355164,-124.7045777035,1.5));
#5259 = LINE('',#5260,#5261);
#5260 = CARTESIAN_POINT('',(210.98115355164,-112.4109807769,1.5));
#5261 = VECTOR('',#5262,1.);
#5262 = DIRECTION('',(0.,-1.,0.));
#5263 = ORIENTED_EDGE('',*,*,#5264,.T.);
#5264 = EDGE_CURVE('',#5255,#879,#5265,.T.);
#5265 = LINE('',#5266,#5267);
#5266 = CARTESIAN_POINT('',(210.98115355164,-112.4109807769,1.5));
#5267 = VECTOR('',#5268,1.);
#5268 = DIRECTION('',(-0.,-0.,-1.));
#5269 = ORIENTED_EDGE('',*,*,#878,.T.);
#5270 = ORIENTED_EDGE('',*,*,#5271,.F.);
#5271 = EDGE_CURVE('',#5257,#881,#5272,.T.);
#5272 = LINE('',#5273,#5274);
#5273 = CARTESIAN_POINT('',(210.98115355164,-124.7045777035,1.5));
#5274 = VECTOR('',#5275,1.);
#5275 = DIRECTION('',(-0.,-0.,-1.));
#5276 = PLANE('',#5277);
#5277 = AXIS2_PLACEMENT_3D('',#5278,#5279,#5280);
#5278 = CARTESIAN_POINT('',(210.98115355164,-112.4109807769,1.5));
#5279 = DIRECTION('',(-1.,0.,0.));
#5280 = DIRECTION('',(0.,-1.,0.));
#5281 = ADVANCED_FACE('',(#5282),#5300,.F.);
#5282 = FACE_BOUND('',#5283,.F.);
#5283 = EDGE_LOOP('',(#5284,#5292,#5298,#5299));
#5284 = ORIENTED_EDGE('',*,*,#5285,.F.);
#5285 = EDGE_CURVE('',#5286,#5255,#5288,.T.);
#5286 = VERTEX_POINT('',#5287);
#5287 = CARTESIAN_POINT('',(217.63855185951,-112.4109807769,1.5));
#5288 = LINE('',#5289,#5290);
#5289 = CARTESIAN_POINT('',(217.63855185951,-112.4109807769,1.5));
#5290 = VECTOR('',#5291,1.);
#5291 = DIRECTION('',(-1.,0.,0.));
#5292 = ORIENTED_EDGE('',*,*,#5293,.T.);
#5293 = EDGE_CURVE('',#5286,#889,#5294,.T.);
#5294 = LINE('',#5295,#5296);
#5295 = CARTESIAN_POINT('',(217.63855185951,-112.4109807769,1.5));
#5296 = VECTOR('',#5297,1.);
#5297 = DIRECTION('',(-0.,-0.,-1.));
#5298 = ORIENTED_EDGE('',*,*,#888,.T.);
#5299 = ORIENTED_EDGE('',*,*,#5264,.F.);
#5300 = PLANE('',#5301);
#5301 = AXIS2_PLACEMENT_3D('',#5302,#5303,#5304);
#5302 = CARTESIAN_POINT('',(217.63855185951,-112.4109807769,1.5));
#5303 = DIRECTION('',(0.,1.,0.));
#5304 = DIRECTION('',(-1.,0.,0.));
#5305 = ADVANCED_FACE('',(#5306),#5324,.F.);
#5306 = FACE_BOUND('',#5307,.F.);
#5307 = EDGE_LOOP('',(#5308,#5316,#5317,#5318));
#5308 = ORIENTED_EDGE('',*,*,#5309,.F.);
#5309 = EDGE_CURVE('',#5257,#5310,#5312,.T.);
#5310 = VERTEX_POINT('',#5311);
#5311 = CARTESIAN_POINT('',(217.63855185951,-124.7045777035,1.5));
#5312 = LINE('',#5313,#5314);
#5313 = CARTESIAN_POINT('',(210.98115355164,-124.7045777035,1.5));
#5314 = VECTOR('',#5315,1.);
#5315 = DIRECTION('',(1.,0.,0.));
#5316 = ORIENTED_EDGE('',*,*,#5271,.T.);
#5317 = ORIENTED_EDGE('',*,*,#904,.T.);
#5318 = ORIENTED_EDGE('',*,*,#5319,.F.);
#5319 = EDGE_CURVE('',#5310,#897,#5320,.T.);
#5320 = LINE('',#5321,#5322);
#5321 = CARTESIAN_POINT('',(217.63855185951,-124.7045777035,1.5));
#5322 = VECTOR('',#5323,1.);
#5323 = DIRECTION('',(-0.,-0.,-1.));
#5324 = PLANE('',#5325);
#5325 = AXIS2_PLACEMENT_3D('',#5326,#5327,#5328);
#5326 = CARTESIAN_POINT('',(210.98115355164,-124.7045777035,1.5));
#5327 = DIRECTION('',(0.,-1.,0.));
#5328 = DIRECTION('',(1.,0.,0.));
#5329 = ADVANCED_FACE('',(#5330),#5341,.F.);
#5330 = FACE_BOUND('',#5331,.F.);
#5331 = EDGE_LOOP('',(#5332,#5338,#5339,#5340));
#5332 = ORIENTED_EDGE('',*,*,#5333,.F.);
#5333 = EDGE_CURVE('',#5310,#5286,#5334,.T.);
#5334 = LINE('',#5335,#5336);
#5335 = CARTESIAN_POINT('',(217.63855185951,-124.7045777035,1.5));
#5336 = VECTOR('',#5337,1.);
#5337 = DIRECTION('',(0.,1.,0.));
#5338 = ORIENTED_EDGE('',*,*,#5319,.T.);
#5339 = ORIENTED_EDGE('',*,*,#896,.T.);
#5340 = ORIENTED_EDGE('',*,*,#5293,.F.);
#5341 = PLANE('',#5342);
#5342 = AXIS2_PLACEMENT_3D('',#5343,#5344,#5345);
#5343 = CARTESIAN_POINT('',(217.63855185951,-124.7045777035,1.5));
#5344 = DIRECTION('',(1.,0.,0.));
#5345 = DIRECTION('',(0.,1.,0.));
#5346 = ADVANCED_FACE('',(#5347),#5372,.F.);
#5347 = FACE_BOUND('',#5348,.F.);
#5348 = EDGE_LOOP('',(#5349,#5359,#5365,#5366));
#5349 = ORIENTED_EDGE('',*,*,#5350,.F.);
#5350 = EDGE_CURVE('',#5351,#5353,#5355,.T.);
#5351 = VERTEX_POINT('',#5352);
#5352 = CARTESIAN_POINT('',(229.93927489544,-111.5577808791,1.5));
#5353 = VERTEX_POINT('',#5354);
#5354 = CARTESIAN_POINT('',(229.93927489544,-125.5577776013,1.5));
#5355 = LINE('',#5356,#5357);
#5356 = CARTESIAN_POINT('',(229.93927489544,-111.5577808791,1.5));
#5357 = VECTOR('',#5358,1.);
#5358 = DIRECTION('',(0.,-1.,0.));
#5359 = ORIENTED_EDGE('',*,*,#5360,.T.);
#5360 = EDGE_CURVE('',#5351,#913,#5361,.T.);
#5361 = LINE('',#5362,#5363);
#5362 = CARTESIAN_POINT('',(229.93927489544,-111.5577808791,1.5));
#5363 = VECTOR('',#5364,1.);
#5364 = DIRECTION('',(-0.,-0.,-1.));
#5365 = ORIENTED_EDGE('',*,*,#912,.T.);
#5366 = ORIENTED_EDGE('',*,*,#5367,.F.);
#5367 = EDGE_CURVE('',#5353,#915,#5368,.T.);
#5368 = LINE('',#5369,#5370);
#5369 = CARTESIAN_POINT('',(229.93927489544,-125.5577776013,1.5));
#5370 = VECTOR('',#5371,1.);
#5371 = DIRECTION('',(-0.,-0.,-1.));
#5372 = PLANE('',#5373);
#5373 = AXIS2_PLACEMENT_3D('',#5374,#5375,#5376);
#5374 = CARTESIAN_POINT('',(229.93927489544,-111.5577808791,1.5));
#5375 = DIRECTION('',(-1.,0.,0.));
#5376 = DIRECTION('',(0.,-1.,0.));
#5377 = ADVANCED_FACE('',(#5378),#5396,.F.);
#5378 = FACE_BOUND('',#5379,.F.);
#5379 = EDGE_LOOP('',(#5380,#5388,#5394,#5395));
#5380 = ORIENTED_EDGE('',*,*,#5381,.F.);
#5381 = EDGE_CURVE('',#5382,#5351,#5384,.T.);
#5382 = VERTEX_POINT('',#5383);
#5383 = CARTESIAN_POINT('',(243.93927161766,-111.5577808791,1.5));
#5384 = LINE('',#5385,#5386);
#5385 = CARTESIAN_POINT('',(243.93927161766,-111.5577808791,1.5));
#5386 = VECTOR('',#5387,1.);
#5387 = DIRECTION('',(-1.,0.,0.));
#5388 = ORIENTED_EDGE('',*,*,#5389,.T.);
#5389 = EDGE_CURVE('',#5382,#923,#5390,.T.);
#5390 = LINE('',#5391,#5392);
#5391 = CARTESIAN_POINT('',(243.93927161766,-111.5577808791,1.5));
#5392 = VECTOR('',#5393,1.);
#5393 = DIRECTION('',(-0.,-0.,-1.));
#5394 = ORIENTED_EDGE('',*,*,#922,.T.);
#5395 = ORIENTED_EDGE('',*,*,#5360,.F.);
#5396 = PLANE('',#5397);
#5397 = AXIS2_PLACEMENT_3D('',#5398,#5399,#5400);
#5398 = CARTESIAN_POINT('',(243.93927161766,-111.5577808791,1.5));
#5399 = DIRECTION('',(0.,1.,0.));
#5400 = DIRECTION('',(-1.,0.,0.));
#5401 = ADVANCED_FACE('',(#5402),#5420,.F.);
#5402 = FACE_BOUND('',#5403,.F.);
#5403 = EDGE_LOOP('',(#5404,#5412,#5413,#5414));
#5404 = ORIENTED_EDGE('',*,*,#5405,.F.);
#5405 = EDGE_CURVE('',#5353,#5406,#5408,.T.);
#5406 = VERTEX_POINT('',#5407);
#5407 = CARTESIAN_POINT('',(243.93927161766,-125.5577776013,1.5));
#5408 = LINE('',#5409,#5410);
#5409 = CARTESIAN_POINT('',(229.93927489544,-125.5577776013,1.5));
#5410 = VECTOR('',#5411,1.);
#5411 = DIRECTION('',(1.,0.,0.));
#5412 = ORIENTED_EDGE('',*,*,#5367,.T.);
#5413 = ORIENTED_EDGE('',*,*,#938,.T.);
#5414 = ORIENTED_EDGE('',*,*,#5415,.F.);
#5415 = EDGE_CURVE('',#5406,#931,#5416,.T.);
#5416 = LINE('',#5417,#5418);
#5417 = CARTESIAN_POINT('',(243.93927161766,-125.5577776013,1.5));
#5418 = VECTOR('',#5419,1.);
#5419 = DIRECTION('',(-0.,-0.,-1.));
#5420 = PLANE('',#5421);
#5421 = AXIS2_PLACEMENT_3D('',#5422,#5423,#5424);
#5422 = CARTESIAN_POINT('',(229.93927489544,-125.5577776013,1.5));
#5423 = DIRECTION('',(0.,-1.,0.));
#5424 = DIRECTION('',(1.,0.,0.));
#5425 = ADVANCED_FACE('',(#5426),#5437,.F.);
#5426 = FACE_BOUND('',#5427,.F.);
#5427 = EDGE_LOOP('',(#5428,#5434,#5435,#5436));
#5428 = ORIENTED_EDGE('',*,*,#5429,.F.);
#5429 = EDGE_CURVE('',#5406,#5382,#5430,.T.);
#5430 = LINE('',#5431,#5432);
#5431 = CARTESIAN_POINT('',(243.93927161766,-125.5577776013,1.5));
#5432 = VECTOR('',#5433,1.);
#5433 = DIRECTION('',(0.,1.,0.));
#5434 = ORIENTED_EDGE('',*,*,#5415,.T.);
#5435 = ORIENTED_EDGE('',*,*,#930,.T.);
#5436 = ORIENTED_EDGE('',*,*,#5389,.F.);
#5437 = PLANE('',#5438);
#5438 = AXIS2_PLACEMENT_3D('',#5439,#5440,#5441);
#5439 = CARTESIAN_POINT('',(243.93927161766,-125.5577776013,1.5));
#5440 = DIRECTION('',(1.,0.,0.));
#5441 = DIRECTION('',(0.,1.,0.));
#5442 = ADVANCED_FACE('',(#5443),#5468,.F.);
#5443 = FACE_BOUND('',#5444,.F.);
#5444 = EDGE_LOOP('',(#5445,#5455,#5461,#5462));
#5445 = ORIENTED_EDGE('',*,*,#5446,.F.);
#5446 = EDGE_CURVE('',#5447,#5449,#5451,.T.);
#5447 = VERTEX_POINT('',#5448);
#5448 = CARTESIAN_POINT('',(162.07366686184,-92.50778564163,1.5));
#5449 = VERTEX_POINT('',#5450);
#5450 = CARTESIAN_POINT('',(162.07366686184,-106.5077823638,1.5));
#5451 = LINE('',#5452,#5453);
#5452 = CARTESIAN_POINT('',(162.07366686184,-92.50778564163,1.5));
#5453 = VECTOR('',#5454,1.);
#5454 = DIRECTION('',(0.,-1.,0.));
#5455 = ORIENTED_EDGE('',*,*,#5456,.T.);
#5456 = EDGE_CURVE('',#5447,#947,#5457,.T.);
#5457 = LINE('',#5458,#5459);
#5458 = CARTESIAN_POINT('',(162.07366686184,-92.50778564163,1.5));
#5459 = VECTOR('',#5460,1.);
#5460 = DIRECTION('',(-0.,-0.,-1.));
#5461 = ORIENTED_EDGE('',*,*,#946,.T.);
#5462 = ORIENTED_EDGE('',*,*,#5463,.F.);
#5463 = EDGE_CURVE('',#5449,#949,#5464,.T.);
#5464 = LINE('',#5465,#5466);
#5465 = CARTESIAN_POINT('',(162.07366686184,-106.5077823638,1.5));
#5466 = VECTOR('',#5467,1.);
#5467 = DIRECTION('',(-0.,-0.,-1.));
#5468 = PLANE('',#5469);
#5469 = AXIS2_PLACEMENT_3D('',#5470,#5471,#5472);
#5470 = CARTESIAN_POINT('',(162.07366686184,-92.50778564163,1.5));
#5471 = DIRECTION('',(-1.,0.,0.));
#5472 = DIRECTION('',(0.,-1.,0.));
#5473 = ADVANCED_FACE('',(#5474),#5492,.F.);
#5474 = FACE_BOUND('',#5475,.F.);
#5475 = EDGE_LOOP('',(#5476,#5484,#5490,#5491));
#5476 = ORIENTED_EDGE('',*,*,#5477,.F.);
#5477 = EDGE_CURVE('',#5478,#5447,#5480,.T.);
#5478 = VERTEX_POINT('',#5479);
#5479 = CARTESIAN_POINT('',(176.07366358407,-92.50778564163,1.5));
#5480 = LINE('',#5481,#5482);
#5481 = CARTESIAN_POINT('',(176.07366358407,-92.50778564163,1.5));
#5482 = VECTOR('',#5483,1.);
#5483 = DIRECTION('',(-1.,0.,0.));
#5484 = ORIENTED_EDGE('',*,*,#5485,.T.);
#5485 = EDGE_CURVE('',#5478,#957,#5486,.T.);
#5486 = LINE('',#5487,#5488);
#5487 = CARTESIAN_POINT('',(176.07366358407,-92.50778564163,1.5));
#5488 = VECTOR('',#5489,1.);
#5489 = DIRECTION('',(-0.,-0.,-1.));
#5490 = ORIENTED_EDGE('',*,*,#956,.T.);
#5491 = ORIENTED_EDGE('',*,*,#5456,.F.);
#5492 = PLANE('',#5493);
#5493 = AXIS2_PLACEMENT_3D('',#5494,#5495,#5496);
#5494 = CARTESIAN_POINT('',(176.07366358407,-92.50778564163,1.5));
#5495 = DIRECTION('',(0.,1.,0.));
#5496 = DIRECTION('',(-1.,0.,0.));
#5497 = ADVANCED_FACE('',(#5498),#5516,.F.);
#5498 = FACE_BOUND('',#5499,.F.);
#5499 = EDGE_LOOP('',(#5500,#5508,#5509,#5510));
#5500 = ORIENTED_EDGE('',*,*,#5501,.F.);
#5501 = EDGE_CURVE('',#5449,#5502,#5504,.T.);
#5502 = VERTEX_POINT('',#5503);
#5503 = CARTESIAN_POINT('',(176.07366358407,-106.5077823638,1.5));
#5504 = LINE('',#5505,#5506);
#5505 = CARTESIAN_POINT('',(162.07366686184,-106.5077823638,1.5));
#5506 = VECTOR('',#5507,1.);
#5507 = DIRECTION('',(1.,0.,0.));
#5508 = ORIENTED_EDGE('',*,*,#5463,.T.);
#5509 = ORIENTED_EDGE('',*,*,#972,.T.);
#5510 = ORIENTED_EDGE('',*,*,#5511,.F.);
#5511 = EDGE_CURVE('',#5502,#965,#5512,.T.);
#5512 = LINE('',#5513,#5514);
#5513 = CARTESIAN_POINT('',(176.07366358407,-106.5077823638,1.5));
#5514 = VECTOR('',#5515,1.);
#5515 = DIRECTION('',(-0.,-0.,-1.));
#5516 = PLANE('',#5517);
#5517 = AXIS2_PLACEMENT_3D('',#5518,#5519,#5520);
#5518 = CARTESIAN_POINT('',(162.07366686184,-106.5077823638,1.5));
#5519 = DIRECTION('',(0.,-1.,0.));
#5520 = DIRECTION('',(1.,0.,0.));
#5521 = ADVANCED_FACE('',(#5522),#5533,.F.);
#5522 = FACE_BOUND('',#5523,.F.);
#5523 = EDGE_LOOP('',(#5524,#5530,#5531,#5532));
#5524 = ORIENTED_EDGE('',*,*,#5525,.F.);
#5525 = EDGE_CURVE('',#5502,#5478,#5526,.T.);
#5526 = LINE('',#5527,#5528);
#5527 = CARTESIAN_POINT('',(176.07366358407,-106.5077823638,1.5));
#5528 = VECTOR('',#5529,1.);
#5529 = DIRECTION('',(0.,1.,0.));
#5530 = ORIENTED_EDGE('',*,*,#5511,.T.);
#5531 = ORIENTED_EDGE('',*,*,#964,.T.);
#5532 = ORIENTED_EDGE('',*,*,#5485,.F.);
#5533 = PLANE('',#5534);
#5534 = AXIS2_PLACEMENT_3D('',#5535,#5536,#5537);
#5535 = CARTESIAN_POINT('',(176.07366358407,-106.5077823638,1.5));
#5536 = DIRECTION('',(1.,0.,0.));
#5537 = DIRECTION('',(0.,1.,0.));
#5538 = ADVANCED_FACE('',(#5539),#5564,.F.);
#5539 = FACE_BOUND('',#5540,.F.);
#5540 = EDGE_LOOP('',(#5541,#5551,#5557,#5558));
#5541 = ORIENTED_EDGE('',*,*,#5542,.F.);
#5542 = EDGE_CURVE('',#5543,#5545,#5547,.T.);
#5543 = VERTEX_POINT('',#5544);
#5544 = CARTESIAN_POINT('',(181.12366209934,-92.50778564163,1.5));
#5545 = VERTEX_POINT('',#5546);
#5546 = CARTESIAN_POINT('',(181.12366209934,-106.5077823638,1.5));
#5547 = LINE('',#5548,#5549);
#5548 = CARTESIAN_POINT('',(181.12366209934,-92.50778564163,1.5));
#5549 = VECTOR('',#5550,1.);
#5550 = DIRECTION('',(0.,-1.,0.));
#5551 = ORIENTED_EDGE('',*,*,#5552,.T.);
#5552 = EDGE_CURVE('',#5543,#981,#5553,.T.);
#5553 = LINE('',#5554,#5555);
#5554 = CARTESIAN_POINT('',(181.12366209934,-92.50778564163,1.5));
#5555 = VECTOR('',#5556,1.);
#5556 = DIRECTION('',(-0.,-0.,-1.));
#5557 = ORIENTED_EDGE('',*,*,#980,.T.);
#5558 = ORIENTED_EDGE('',*,*,#5559,.F.);
#5559 = EDGE_CURVE('',#5545,#983,#5560,.T.);
#5560 = LINE('',#5561,#5562);
#5561 = CARTESIAN_POINT('',(181.12366209934,-106.5077823638,1.5));
#5562 = VECTOR('',#5563,1.);
#5563 = DIRECTION('',(-0.,-0.,-1.));
#5564 = PLANE('',#5565);
#5565 = AXIS2_PLACEMENT_3D('',#5566,#5567,#5568);
#5566 = CARTESIAN_POINT('',(181.12366209934,-92.50778564163,1.5));
#5567 = DIRECTION('',(-1.,0.,0.));
#5568 = DIRECTION('',(0.,-1.,0.));
#5569 = ADVANCED_FACE('',(#5570),#5588,.F.);
#5570 = FACE_BOUND('',#5571,.F.);
#5571 = EDGE_LOOP('',(#5572,#5580,#5586,#5587));
#5572 = ORIENTED_EDGE('',*,*,#5573,.F.);
#5573 = EDGE_CURVE('',#5574,#5543,#5576,.T.);
#5574 = VERTEX_POINT('',#5575);
#5575 = CARTESIAN_POINT('',(195.12365882157,-92.50778564163,1.5));
#5576 = LINE('',#5577,#5578);
#5577 = CARTESIAN_POINT('',(195.12365882157,-92.50778564163,1.5));
#5578 = VECTOR('',#5579,1.);
#5579 = DIRECTION('',(-1.,0.,0.));
#5580 = ORIENTED_EDGE('',*,*,#5581,.T.);
#5581 = EDGE_CURVE('',#5574,#991,#5582,.T.);
#5582 = LINE('',#5583,#5584);
#5583 = CARTESIAN_POINT('',(195.12365882157,-92.50778564163,1.5));
#5584 = VECTOR('',#5585,1.);
#5585 = DIRECTION('',(-0.,-0.,-1.));
#5586 = ORIENTED_EDGE('',*,*,#990,.T.);
#5587 = ORIENTED_EDGE('',*,*,#5552,.F.);
#5588 = PLANE('',#5589);
#5589 = AXIS2_PLACEMENT_3D('',#5590,#5591,#5592);
#5590 = CARTESIAN_POINT('',(195.12365882157,-92.50778564163,1.5));
#5591 = DIRECTION('',(0.,1.,0.));
#5592 = DIRECTION('',(-1.,0.,0.));
#5593 = ADVANCED_FACE('',(#5594),#5612,.F.);
#5594 = FACE_BOUND('',#5595,.F.);
#5595 = EDGE_LOOP('',(#5596,#5604,#5605,#5606));
#5596 = ORIENTED_EDGE('',*,*,#5597,.F.);
#5597 = EDGE_CURVE('',#5545,#5598,#5600,.T.);
#5598 = VERTEX_POINT('',#5599);
#5599 = CARTESIAN_POINT('',(195.12365882157,-106.5077823638,1.5));
#5600 = LINE('',#5601,#5602);
#5601 = CARTESIAN_POINT('',(181.12366209934,-106.5077823638,1.5));
#5602 = VECTOR('',#5603,1.);
#5603 = DIRECTION('',(1.,0.,0.));
#5604 = ORIENTED_EDGE('',*,*,#5559,.T.);
#5605 = ORIENTED_EDGE('',*,*,#1006,.T.);
#5606 = ORIENTED_EDGE('',*,*,#5607,.F.);
#5607 = EDGE_CURVE('',#5598,#999,#5608,.T.);
#5608 = LINE('',#5609,#5610);
#5609 = CARTESIAN_POINT('',(195.12365882157,-106.5077823638,1.5));
#5610 = VECTOR('',#5611,1.);
#5611 = DIRECTION('',(-0.,-0.,-1.));
#5612 = PLANE('',#5613);
#5613 = AXIS2_PLACEMENT_3D('',#5614,#5615,#5616);
#5614 = CARTESIAN_POINT('',(181.12366209934,-106.5077823638,1.5));
#5615 = DIRECTION('',(0.,-1.,0.));
#5616 = DIRECTION('',(1.,0.,0.));
#5617 = ADVANCED_FACE('',(#5618),#5629,.F.);
#5618 = FACE_BOUND('',#5619,.F.);
#5619 = EDGE_LOOP('',(#5620,#5626,#5627,#5628));
#5620 = ORIENTED_EDGE('',*,*,#5621,.F.);
#5621 = EDGE_CURVE('',#5598,#5574,#5622,.T.);
#5622 = LINE('',#5623,#5624);
#5623 = CARTESIAN_POINT('',(195.12365882157,-106.5077823638,1.5));
#5624 = VECTOR('',#5625,1.);
#5625 = DIRECTION('',(0.,1.,0.));
#5626 = ORIENTED_EDGE('',*,*,#5607,.T.);
#5627 = ORIENTED_EDGE('',*,*,#998,.T.);
#5628 = ORIENTED_EDGE('',*,*,#5581,.F.);
#5629 = PLANE('',#5630);
#5630 = AXIS2_PLACEMENT_3D('',#5631,#5632,#5633);
#5631 = CARTESIAN_POINT('',(195.12365882157,-106.5077823638,1.5));
#5632 = DIRECTION('',(1.,0.,0.));
#5633 = DIRECTION('',(0.,1.,0.));
#5634 = ADVANCED_FACE('',(#5635),#5660,.F.);
#5635 = FACE_BOUND('',#5636,.F.);
#5636 = EDGE_LOOP('',(#5637,#5647,#5653,#5654));
#5637 = ORIENTED_EDGE('',*,*,#5638,.F.);
#5638 = EDGE_CURVE('',#5639,#5641,#5643,.T.);
#5639 = VERTEX_POINT('',#5640);
#5640 = CARTESIAN_POINT('',(200.17365733684,-92.50778564163,1.5));
#5641 = VERTEX_POINT('',#5642);
#5642 = CARTESIAN_POINT('',(200.17365733684,-106.5077823638,1.5));
#5643 = LINE('',#5644,#5645);
#5644 = CARTESIAN_POINT('',(200.17365733684,-92.50778564163,1.5));
#5645 = VECTOR('',#5646,1.);
#5646 = DIRECTION('',(0.,-1.,0.));
#5647 = ORIENTED_EDGE('',*,*,#5648,.T.);
#5648 = EDGE_CURVE('',#5639,#1015,#5649,.T.);
#5649 = LINE('',#5650,#5651);
#5650 = CARTESIAN_POINT('',(200.17365733684,-92.50778564163,1.5));
#5651 = VECTOR('',#5652,1.);
#5652 = DIRECTION('',(-0.,-0.,-1.));
#5653 = ORIENTED_EDGE('',*,*,#1014,.T.);
#5654 = ORIENTED_EDGE('',*,*,#5655,.F.);
#5655 = EDGE_CURVE('',#5641,#1017,#5656,.T.);
#5656 = LINE('',#5657,#5658);
#5657 = CARTESIAN_POINT('',(200.17365733684,-106.5077823638,1.5));
#5658 = VECTOR('',#5659,1.);
#5659 = DIRECTION('',(-0.,-0.,-1.));
#5660 = PLANE('',#5661);
#5661 = AXIS2_PLACEMENT_3D('',#5662,#5663,#5664);
#5662 = CARTESIAN_POINT('',(200.17365733684,-92.50778564163,1.5));
#5663 = DIRECTION('',(-1.,0.,0.));
#5664 = DIRECTION('',(0.,-1.,0.));
#5665 = ADVANCED_FACE('',(#5666),#5684,.F.);
#5666 = FACE_BOUND('',#5667,.F.);
#5667 = EDGE_LOOP('',(#5668,#5676,#5682,#5683));
#5668 = ORIENTED_EDGE('',*,*,#5669,.F.);
#5669 = EDGE_CURVE('',#5670,#5639,#5672,.T.);
#5670 = VERTEX_POINT('',#5671);
#5671 = CARTESIAN_POINT('',(214.17365405907,-92.50778564163,1.5));
#5672 = LINE('',#5673,#5674);
#5673 = CARTESIAN_POINT('',(214.17365405907,-92.50778564163,1.5));
#5674 = VECTOR('',#5675,1.);
#5675 = DIRECTION('',(-1.,0.,0.));
#5676 = ORIENTED_EDGE('',*,*,#5677,.T.);
#5677 = EDGE_CURVE('',#5670,#1025,#5678,.T.);
#5678 = LINE('',#5679,#5680);
#5679 = CARTESIAN_POINT('',(214.17365405907,-92.50778564163,1.5));
#5680 = VECTOR('',#5681,1.);
#5681 = DIRECTION('',(-0.,-0.,-1.));
#5682 = ORIENTED_EDGE('',*,*,#1024,.T.);
#5683 = ORIENTED_EDGE('',*,*,#5648,.F.);
#5684 = PLANE('',#5685);
#5685 = AXIS2_PLACEMENT_3D('',#5686,#5687,#5688);
#5686 = CARTESIAN_POINT('',(214.17365405907,-92.50778564163,1.5));
#5687 = DIRECTION('',(0.,1.,0.));
#5688 = DIRECTION('',(-1.,0.,0.));
#5689 = ADVANCED_FACE('',(#5690),#5708,.F.);
#5690 = FACE_BOUND('',#5691,.F.);
#5691 = EDGE_LOOP('',(#5692,#5700,#5701,#5702));
#5692 = ORIENTED_EDGE('',*,*,#5693,.F.);
#5693 = EDGE_CURVE('',#5641,#5694,#5696,.T.);
#5694 = VERTEX_POINT('',#5695);
#5695 = CARTESIAN_POINT('',(214.17365405907,-106.5077823638,1.5));
#5696 = LINE('',#5697,#5698);
#5697 = CARTESIAN_POINT('',(200.17365733684,-106.5077823638,1.5));
#5698 = VECTOR('',#5699,1.);
#5699 = DIRECTION('',(1.,0.,0.));
#5700 = ORIENTED_EDGE('',*,*,#5655,.T.);
#5701 = ORIENTED_EDGE('',*,*,#1040,.T.);
#5702 = ORIENTED_EDGE('',*,*,#5703,.F.);
#5703 = EDGE_CURVE('',#5694,#1033,#5704,.T.);
#5704 = LINE('',#5705,#5706);
#5705 = CARTESIAN_POINT('',(214.17365405907,-106.5077823638,1.5));
#5706 = VECTOR('',#5707,1.);
#5707 = DIRECTION('',(-0.,-0.,-1.));
#5708 = PLANE('',#5709);
#5709 = AXIS2_PLACEMENT_3D('',#5710,#5711,#5712);
#5710 = CARTESIAN_POINT('',(200.17365733684,-106.5077823638,1.5));
#5711 = DIRECTION('',(0.,-1.,0.));
#5712 = DIRECTION('',(1.,0.,0.));
#5713 = ADVANCED_FACE('',(#5714),#5725,.F.);
#5714 = FACE_BOUND('',#5715,.F.);
#5715 = EDGE_LOOP('',(#5716,#5722,#5723,#5724));
#5716 = ORIENTED_EDGE('',*,*,#5717,.F.);
#5717 = EDGE_CURVE('',#5694,#5670,#5718,.T.);
#5718 = LINE('',#5719,#5720);
#5719 = CARTESIAN_POINT('',(214.17365405907,-106.5077823638,1.5));
#5720 = VECTOR('',#5721,1.);
#5721 = DIRECTION('',(0.,1.,0.));
#5722 = ORIENTED_EDGE('',*,*,#5703,.T.);
#5723 = ORIENTED_EDGE('',*,*,#1032,.T.);
#5724 = ORIENTED_EDGE('',*,*,#5677,.F.);
#5725 = PLANE('',#5726);
#5726 = AXIS2_PLACEMENT_3D('',#5727,#5728,#5729);
#5727 = CARTESIAN_POINT('',(214.17365405907,-106.5077823638,1.5));
#5728 = DIRECTION('',(1.,0.,0.));
#5729 = DIRECTION('',(0.,1.,0.));
#5730 = ADVANCED_FACE('',(#5731),#5756,.F.);
#5731 = FACE_BOUND('',#5732,.F.);
#5732 = EDGE_LOOP('',(#5733,#5743,#5749,#5750));
#5733 = ORIENTED_EDGE('',*,*,#5734,.F.);
#5734 = EDGE_CURVE('',#5735,#5737,#5739,.T.);
#5735 = VERTEX_POINT('',#5736);
#5736 = CARTESIAN_POINT('',(219.22365257434,-92.50778564163,1.5));
#5737 = VERTEX_POINT('',#5738);
#5738 = CARTESIAN_POINT('',(219.22365257434,-106.5077823638,1.5));
#5739 = LINE('',#5740,#5741);
#5740 = CARTESIAN_POINT('',(219.22365257434,-92.50778564163,1.5));
#5741 = VECTOR('',#5742,1.);
#5742 = DIRECTION('',(0.,-1.,0.));
#5743 = ORIENTED_EDGE('',*,*,#5744,.T.);
#5744 = EDGE_CURVE('',#5735,#1049,#5745,.T.);
#5745 = LINE('',#5746,#5747);
#5746 = CARTESIAN_POINT('',(219.22365257434,-92.50778564163,1.5));
#5747 = VECTOR('',#5748,1.);
#5748 = DIRECTION('',(-0.,-0.,-1.));
#5749 = ORIENTED_EDGE('',*,*,#1048,.T.);
#5750 = ORIENTED_EDGE('',*,*,#5751,.F.);
#5751 = EDGE_CURVE('',#5737,#1051,#5752,.T.);
#5752 = LINE('',#5753,#5754);
#5753 = CARTESIAN_POINT('',(219.22365257434,-106.5077823638,1.5));
#5754 = VECTOR('',#5755,1.);
#5755 = DIRECTION('',(-0.,-0.,-1.));
#5756 = PLANE('',#5757);
#5757 = AXIS2_PLACEMENT_3D('',#5758,#5759,#5760);
#5758 = CARTESIAN_POINT('',(219.22365257434,-92.50778564163,1.5));
#5759 = DIRECTION('',(-1.,0.,0.));
#5760 = DIRECTION('',(0.,-1.,0.));
#5761 = ADVANCED_FACE('',(#5762),#5780,.F.);
#5762 = FACE_BOUND('',#5763,.F.);
#5763 = EDGE_LOOP('',(#5764,#5772,#5778,#5779));
#5764 = ORIENTED_EDGE('',*,*,#5765,.F.);
#5765 = EDGE_CURVE('',#5766,#5735,#5768,.T.);
#5766 = VERTEX_POINT('',#5767);
#5767 = CARTESIAN_POINT('',(233.22364929657,-92.50778564163,1.5));
#5768 = LINE('',#5769,#5770);
#5769 = CARTESIAN_POINT('',(233.22364929657,-92.50778564163,1.5));
#5770 = VECTOR('',#5771,1.);
#5771 = DIRECTION('',(-1.,0.,0.));
#5772 = ORIENTED_EDGE('',*,*,#5773,.T.);
#5773 = EDGE_CURVE('',#5766,#1059,#5774,.T.);
#5774 = LINE('',#5775,#5776);
#5775 = CARTESIAN_POINT('',(233.22364929657,-92.50778564163,1.5));
#5776 = VECTOR('',#5777,1.);
#5777 = DIRECTION('',(-0.,-0.,-1.));
#5778 = ORIENTED_EDGE('',*,*,#1058,.T.);
#5779 = ORIENTED_EDGE('',*,*,#5744,.F.);
#5780 = PLANE('',#5781);
#5781 = AXIS2_PLACEMENT_3D('',#5782,#5783,#5784);
#5782 = CARTESIAN_POINT('',(233.22364929657,-92.50778564163,1.5));
#5783 = DIRECTION('',(0.,1.,0.));
#5784 = DIRECTION('',(-1.,0.,0.));
#5785 = ADVANCED_FACE('',(#5786),#5804,.F.);
#5786 = FACE_BOUND('',#5787,.F.);
#5787 = EDGE_LOOP('',(#5788,#5796,#5797,#5798));
#5788 = ORIENTED_EDGE('',*,*,#5789,.F.);
#5789 = EDGE_CURVE('',#5737,#5790,#5792,.T.);
#5790 = VERTEX_POINT('',#5791);
#5791 = CARTESIAN_POINT('',(233.22364929657,-106.5077823638,1.5));
#5792 = LINE('',#5793,#5794);
#5793 = CARTESIAN_POINT('',(219.22365257434,-106.5077823638,1.5));
#5794 = VECTOR('',#5795,1.);
#5795 = DIRECTION('',(1.,0.,0.));
#5796 = ORIENTED_EDGE('',*,*,#5751,.T.);
#5797 = ORIENTED_EDGE('',*,*,#1074,.T.);
#5798 = ORIENTED_EDGE('',*,*,#5799,.F.);
#5799 = EDGE_CURVE('',#5790,#1067,#5800,.T.);
#5800 = LINE('',#5801,#5802);
#5801 = CARTESIAN_POINT('',(233.22364929657,-106.5077823638,1.5));
#5802 = VECTOR('',#5803,1.);
#5803 = DIRECTION('',(-0.,-0.,-1.));
#5804 = PLANE('',#5805);
#5805 = AXIS2_PLACEMENT_3D('',#5806,#5807,#5808);
#5806 = CARTESIAN_POINT('',(219.22365257434,-106.5077823638,1.5));
#5807 = DIRECTION('',(0.,-1.,0.));
#5808 = DIRECTION('',(1.,0.,0.));
#5809 = ADVANCED_FACE('',(#5810),#5821,.F.);
#5810 = FACE_BOUND('',#5811,.F.);
#5811 = EDGE_LOOP('',(#5812,#5818,#5819,#5820));
#5812 = ORIENTED_EDGE('',*,*,#5813,.F.);
#5813 = EDGE_CURVE('',#5790,#5766,#5814,.T.);
#5814 = LINE('',#5815,#5816);
#5815 = CARTESIAN_POINT('',(233.22364929657,-106.5077823638,1.5));
#5816 = VECTOR('',#5817,1.);
#5817 = DIRECTION('',(0.,1.,0.));
#5818 = ORIENTED_EDGE('',*,*,#5799,.T.);
#5819 = ORIENTED_EDGE('',*,*,#1066,.T.);
#5820 = ORIENTED_EDGE('',*,*,#5773,.F.);
#5821 = PLANE('',#5822);
#5822 = AXIS2_PLACEMENT_3D('',#5823,#5824,#5825);
#5823 = CARTESIAN_POINT('',(233.22364929657,-106.5077823638,1.5));
#5824 = DIRECTION('',(1.,0.,0.));
#5825 = DIRECTION('',(0.,1.,0.));
#5826 = ADVANCED_FACE('',(#5827),#5852,.F.);
#5827 = FACE_BOUND('',#5828,.F.);
#5828 = EDGE_LOOP('',(#5829,#5839,#5845,#5846));
#5829 = ORIENTED_EDGE('',*,*,#5830,.F.);
#5830 = EDGE_CURVE('',#5831,#5833,#5835,.T.);
#5831 = VERTEX_POINT('',#5832);
#5832 = CARTESIAN_POINT('',(238.27364781184,-92.50778564163,1.5));
#5833 = VERTEX_POINT('',#5834);
#5834 = CARTESIAN_POINT('',(238.27364781184,-106.5077823638,1.5));
#5835 = LINE('',#5836,#5837);
#5836 = CARTESIAN_POINT('',(238.27364781184,-92.50778564163,1.5));
#5837 = VECTOR('',#5838,1.);
#5838 = DIRECTION('',(0.,-1.,0.));
#5839 = ORIENTED_EDGE('',*,*,#5840,.T.);
#5840 = EDGE_CURVE('',#5831,#1083,#5841,.T.);
#5841 = LINE('',#5842,#5843);
#5842 = CARTESIAN_POINT('',(238.27364781184,-92.50778564163,1.5));
#5843 = VECTOR('',#5844,1.);
#5844 = DIRECTION('',(-0.,-0.,-1.));
#5845 = ORIENTED_EDGE('',*,*,#1082,.T.);
#5846 = ORIENTED_EDGE('',*,*,#5847,.F.);
#5847 = EDGE_CURVE('',#5833,#1085,#5848,.T.);
#5848 = LINE('',#5849,#5850);
#5849 = CARTESIAN_POINT('',(238.27364781184,-106.5077823638,1.5));
#5850 = VECTOR('',#5851,1.);
#5851 = DIRECTION('',(-0.,-0.,-1.));
#5852 = PLANE('',#5853);
#5853 = AXIS2_PLACEMENT_3D('',#5854,#5855,#5856);
#5854 = CARTESIAN_POINT('',(238.27364781184,-92.50778564163,1.5));
#5855 = DIRECTION('',(-1.,0.,0.));
#5856 = DIRECTION('',(0.,-1.,0.));
#5857 = ADVANCED_FACE('',(#5858),#5876,.F.);
#5858 = FACE_BOUND('',#5859,.F.);
#5859 = EDGE_LOOP('',(#5860,#5868,#5874,#5875));
#5860 = ORIENTED_EDGE('',*,*,#5861,.F.);
#5861 = EDGE_CURVE('',#5862,#5831,#5864,.T.);
#5862 = VERTEX_POINT('',#5863);
#5863 = CARTESIAN_POINT('',(252.27364453407,-92.50778564163,1.5));
#5864 = LINE('',#5865,#5866);
#5865 = CARTESIAN_POINT('',(252.27364453407,-92.50778564163,1.5));
#5866 = VECTOR('',#5867,1.);
#5867 = DIRECTION('',(-1.,0.,0.));
#5868 = ORIENTED_EDGE('',*,*,#5869,.T.);
#5869 = EDGE_CURVE('',#5862,#1093,#5870,.T.);
#5870 = LINE('',#5871,#5872);
#5871 = CARTESIAN_POINT('',(252.27364453407,-92.50778564163,1.5));
#5872 = VECTOR('',#5873,1.);
#5873 = DIRECTION('',(-0.,-0.,-1.));
#5874 = ORIENTED_EDGE('',*,*,#1092,.T.);
#5875 = ORIENTED_EDGE('',*,*,#5840,.F.);
#5876 = PLANE('',#5877);
#5877 = AXIS2_PLACEMENT_3D('',#5878,#5879,#5880);
#5878 = CARTESIAN_POINT('',(252.27364453407,-92.50778564163,1.5));
#5879 = DIRECTION('',(0.,1.,0.));
#5880 = DIRECTION('',(-1.,0.,0.));
#5881 = ADVANCED_FACE('',(#5882),#5900,.F.);
#5882 = FACE_BOUND('',#5883,.F.);
#5883 = EDGE_LOOP('',(#5884,#5892,#5893,#5894));
#5884 = ORIENTED_EDGE('',*,*,#5885,.F.);
#5885 = EDGE_CURVE('',#5833,#5886,#5888,.T.);
#5886 = VERTEX_POINT('',#5887);
#5887 = CARTESIAN_POINT('',(252.27364453407,-106.5077823638,1.5));
#5888 = LINE('',#5889,#5890);
#5889 = CARTESIAN_POINT('',(238.27364781184,-106.5077823638,1.5));
#5890 = VECTOR('',#5891,1.);
#5891 = DIRECTION('',(1.,0.,0.));
#5892 = ORIENTED_EDGE('',*,*,#5847,.T.);
#5893 = ORIENTED_EDGE('',*,*,#1108,.T.);
#5894 = ORIENTED_EDGE('',*,*,#5895,.F.);
#5895 = EDGE_CURVE('',#5886,#1101,#5896,.T.);
#5896 = LINE('',#5897,#5898);
#5897 = CARTESIAN_POINT('',(252.27364453407,-106.5077823638,1.5));
#5898 = VECTOR('',#5899,1.);
#5899 = DIRECTION('',(-0.,-0.,-1.));
#5900 = PLANE('',#5901);
#5901 = AXIS2_PLACEMENT_3D('',#5902,#5903,#5904);
#5902 = CARTESIAN_POINT('',(238.27364781184,-106.5077823638,1.5));
#5903 = DIRECTION('',(0.,-1.,0.));
#5904 = DIRECTION('',(1.,0.,0.));
#5905 = ADVANCED_FACE('',(#5906),#5917,.F.);
#5906 = FACE_BOUND('',#5907,.F.);
#5907 = EDGE_LOOP('',(#5908,#5914,#5915,#5916));
#5908 = ORIENTED_EDGE('',*,*,#5909,.F.);
#5909 = EDGE_CURVE('',#5886,#5862,#5910,.T.);
#5910 = LINE('',#5911,#5912);
#5911 = CARTESIAN_POINT('',(252.27364453407,-106.5077823638,1.5));
#5912 = VECTOR('',#5913,1.);
#5913 = DIRECTION('',(0.,1.,0.));
#5914 = ORIENTED_EDGE('',*,*,#5895,.T.);
#5915 = ORIENTED_EDGE('',*,*,#1100,.T.);
#5916 = ORIENTED_EDGE('',*,*,#5869,.F.);
#5917 = PLANE('',#5918);
#5918 = AXIS2_PLACEMENT_3D('',#5919,#5920,#5921);
#5919 = CARTESIAN_POINT('',(252.27364453407,-106.5077823638,1.5));
#5920 = DIRECTION('',(1.,0.,0.));
#5921 = DIRECTION('',(0.,1.,0.));
#5922 = ADVANCED_FACE('',(#5923),#5948,.F.);
#5923 = FACE_BOUND('',#5924,.F.);
#5924 = EDGE_LOOP('',(#5925,#5935,#5941,#5942));
#5925 = ORIENTED_EDGE('',*,*,#5926,.F.);
#5926 = EDGE_CURVE('',#5927,#5929,#5931,.T.);
#5927 = VERTEX_POINT('',#5928);
#5928 = CARTESIAN_POINT('',(264.46739126341,-92.50778564163,1.5));
#5929 = VERTEX_POINT('',#5930);
#5930 = CARTESIAN_POINT('',(264.46739126341,-106.5077823638,1.5));
#5931 = LINE('',#5932,#5933);
#5932 = CARTESIAN_POINT('',(264.46739126341,-92.50778564163,1.5));
#5933 = VECTOR('',#5934,1.);
#5934 = DIRECTION('',(0.,-1.,0.));
#5935 = ORIENTED_EDGE('',*,*,#5936,.T.);
#5936 = EDGE_CURVE('',#5927,#1117,#5937,.T.);
#5937 = LINE('',#5938,#5939);
#5938 = CARTESIAN_POINT('',(264.46739126341,-92.50778564163,1.5));
#5939 = VECTOR('',#5940,1.);
#5940 = DIRECTION('',(-0.,-0.,-1.));
#5941 = ORIENTED_EDGE('',*,*,#1116,.T.);
#5942 = ORIENTED_EDGE('',*,*,#5943,.F.);
#5943 = EDGE_CURVE('',#5929,#1119,#5944,.T.);
#5944 = LINE('',#5945,#5946);
#5945 = CARTESIAN_POINT('',(264.46739126341,-106.5077823638,1.5));
#5946 = VECTOR('',#5947,1.);
#5947 = DIRECTION('',(-0.,-0.,-1.));
#5948 = PLANE('',#5949);
#5949 = AXIS2_PLACEMENT_3D('',#5950,#5951,#5952);
#5950 = CARTESIAN_POINT('',(264.46739126341,-92.50778564163,1.5));
#5951 = DIRECTION('',(-1.,0.,0.));
#5952 = DIRECTION('',(0.,-1.,0.));
#5953 = ADVANCED_FACE('',(#5954),#5972,.F.);
#5954 = FACE_BOUND('',#5955,.F.);
#5955 = EDGE_LOOP('',(#5956,#5964,#5970,#5971));
#5956 = ORIENTED_EDGE('',*,*,#5957,.F.);
#5957 = EDGE_CURVE('',#5958,#5927,#5960,.T.);
#5958 = VERTEX_POINT('',#5959);
#5959 = CARTESIAN_POINT('',(278.46738798563,-92.50778564163,1.5));
#5960 = LINE('',#5961,#5962);
#5961 = CARTESIAN_POINT('',(278.46738798563,-92.50778564163,1.5));
#5962 = VECTOR('',#5963,1.);
#5963 = DIRECTION('',(-1.,0.,0.));
#5964 = ORIENTED_EDGE('',*,*,#5965,.T.);
#5965 = EDGE_CURVE('',#5958,#1127,#5966,.T.);
#5966 = LINE('',#5967,#5968);
#5967 = CARTESIAN_POINT('',(278.46738798563,-92.50778564163,1.5));
#5968 = VECTOR('',#5969,1.);
#5969 = DIRECTION('',(-0.,-0.,-1.));
#5970 = ORIENTED_EDGE('',*,*,#1126,.T.);
#5971 = ORIENTED_EDGE('',*,*,#5936,.F.);
#5972 = PLANE('',#5973);
#5973 = AXIS2_PLACEMENT_3D('',#5974,#5975,#5976);
#5974 = CARTESIAN_POINT('',(278.46738798563,-92.50778564163,1.5));
#5975 = DIRECTION('',(0.,1.,0.));
#5976 = DIRECTION('',(-1.,0.,0.));
#5977 = ADVANCED_FACE('',(#5978),#5996,.F.);
#5978 = FACE_BOUND('',#5979,.F.);
#5979 = EDGE_LOOP('',(#5980,#5988,#5989,#5990));
#5980 = ORIENTED_EDGE('',*,*,#5981,.F.);
#5981 = EDGE_CURVE('',#5929,#5982,#5984,.T.);
#5982 = VERTEX_POINT('',#5983);
#5983 = CARTESIAN_POINT('',(278.46738798563,-106.5077823638,1.5));
#5984 = LINE('',#5985,#5986);
#5985 = CARTESIAN_POINT('',(264.46739126341,-106.5077823638,1.5));
#5986 = VECTOR('',#5987,1.);
#5987 = DIRECTION('',(1.,0.,0.));
#5988 = ORIENTED_EDGE('',*,*,#5943,.T.);
#5989 = ORIENTED_EDGE('',*,*,#1142,.T.);
#5990 = ORIENTED_EDGE('',*,*,#5991,.F.);
#5991 = EDGE_CURVE('',#5982,#1135,#5992,.T.);
#5992 = LINE('',#5993,#5994);
#5993 = CARTESIAN_POINT('',(278.46738798563,-106.5077823638,1.5));
#5994 = VECTOR('',#5995,1.);
#5995 = DIRECTION('',(-0.,-0.,-1.));
#5996 = PLANE('',#5997);
#5997 = AXIS2_PLACEMENT_3D('',#5998,#5999,#6000);
#5998 = CARTESIAN_POINT('',(264.46739126341,-106.5077823638,1.5));
#5999 = DIRECTION('',(0.,-1.,0.));
#6000 = DIRECTION('',(1.,0.,0.));
#6001 = ADVANCED_FACE('',(#6002),#6013,.F.);
#6002 = FACE_BOUND('',#6003,.F.);
#6003 = EDGE_LOOP('',(#6004,#6010,#6011,#6012));
#6004 = ORIENTED_EDGE('',*,*,#6005,.F.);
#6005 = EDGE_CURVE('',#5982,#5958,#6006,.T.);
#6006 = LINE('',#6007,#6008);
#6007 = CARTESIAN_POINT('',(278.46738798563,-106.5077823638,1.5));
#6008 = VECTOR('',#6009,1.);
#6009 = DIRECTION('',(0.,1.,0.));
#6010 = ORIENTED_EDGE('',*,*,#5991,.T.);
#6011 = ORIENTED_EDGE('',*,*,#1134,.T.);
#6012 = ORIENTED_EDGE('',*,*,#5965,.F.);
#6013 = PLANE('',#6014);
#6014 = AXIS2_PLACEMENT_3D('',#6015,#6016,#6017);
#6015 = CARTESIAN_POINT('',(278.46738798563,-106.5077823638,1.5));
#6016 = DIRECTION('',(1.,0.,0.));
#6017 = DIRECTION('',(0.,1.,0.));
#6018 = ADVANCED_FACE('',(#6019),#6044,.F.);
#6019 = FACE_BOUND('',#6020,.F.);
#6020 = EDGE_LOOP('',(#6021,#6031,#6037,#6038));
#6021 = ORIENTED_EDGE('',*,*,#6022,.F.);
#6022 = EDGE_CURVE('',#6023,#6025,#6027,.T.);
#6023 = VERTEX_POINT('',#6024);
#6024 = CARTESIAN_POINT('',(290.66113471497,-92.50778564163,1.5));
#6025 = VERTEX_POINT('',#6026);
#6026 = CARTESIAN_POINT('',(290.66113471497,-106.5077823638,1.5));
#6027 = LINE('',#6028,#6029);
#6028 = CARTESIAN_POINT('',(290.66113471497,-92.50778564163,1.5));
#6029 = VECTOR('',#6030,1.);
#6030 = DIRECTION('',(0.,-1.,0.));
#6031 = ORIENTED_EDGE('',*,*,#6032,.T.);
#6032 = EDGE_CURVE('',#6023,#1151,#6033,.T.);
#6033 = LINE('',#6034,#6035);
#6034 = CARTESIAN_POINT('',(290.66113471497,-92.50778564163,1.5));
#6035 = VECTOR('',#6036,1.);
#6036 = DIRECTION('',(-0.,-0.,-1.));
#6037 = ORIENTED_EDGE('',*,*,#1150,.T.);
#6038 = ORIENTED_EDGE('',*,*,#6039,.F.);
#6039 = EDGE_CURVE('',#6025,#1153,#6040,.T.);
#6040 = LINE('',#6041,#6042);
#6041 = CARTESIAN_POINT('',(290.66113471497,-106.5077823638,1.5));
#6042 = VECTOR('',#6043,1.);
#6043 = DIRECTION('',(-0.,-0.,-1.));
#6044 = PLANE('',#6045);
#6045 = AXIS2_PLACEMENT_3D('',#6046,#6047,#6048);
#6046 = CARTESIAN_POINT('',(290.66113471497,-92.50778564163,1.5));
#6047 = DIRECTION('',(-1.,0.,0.));
#6048 = DIRECTION('',(0.,-1.,0.));
#6049 = ADVANCED_FACE('',(#6050),#6068,.F.);
#6050 = FACE_BOUND('',#6051,.F.);
#6051 = EDGE_LOOP('',(#6052,#6060,#6066,#6067));
#6052 = ORIENTED_EDGE('',*,*,#6053,.F.);
#6053 = EDGE_CURVE('',#6054,#6023,#6056,.T.);
#6054 = VERTEX_POINT('',#6055);
#6055 = CARTESIAN_POINT('',(304.66113143719,-92.50778564163,1.5));
#6056 = LINE('',#6057,#6058);
#6057 = CARTESIAN_POINT('',(304.66113143719,-92.50778564163,1.5));
#6058 = VECTOR('',#6059,1.);
#6059 = DIRECTION('',(-1.,0.,0.));
#6060 = ORIENTED_EDGE('',*,*,#6061,.T.);
#6061 = EDGE_CURVE('',#6054,#1161,#6062,.T.);
#6062 = LINE('',#6063,#6064);
#6063 = CARTESIAN_POINT('',(304.66113143719,-92.50778564163,1.5));
#6064 = VECTOR('',#6065,1.);
#6065 = DIRECTION('',(-0.,-0.,-1.));
#6066 = ORIENTED_EDGE('',*,*,#1160,.T.);
#6067 = ORIENTED_EDGE('',*,*,#6032,.F.);
#6068 = PLANE('',#6069);
#6069 = AXIS2_PLACEMENT_3D('',#6070,#6071,#6072);
#6070 = CARTESIAN_POINT('',(304.66113143719,-92.50778564163,1.5));
#6071 = DIRECTION('',(0.,1.,0.));
#6072 = DIRECTION('',(-1.,0.,0.));
#6073 = ADVANCED_FACE('',(#6074),#6092,.F.);
#6074 = FACE_BOUND('',#6075,.F.);
#6075 = EDGE_LOOP('',(#6076,#6084,#6085,#6086));
#6076 = ORIENTED_EDGE('',*,*,#6077,.F.);
#6077 = EDGE_CURVE('',#6025,#6078,#6080,.T.);
#6078 = VERTEX_POINT('',#6079);
#6079 = CARTESIAN_POINT('',(304.66113143719,-106.5077823638,1.5));
#6080 = LINE('',#6081,#6082);
#6081 = CARTESIAN_POINT('',(290.66113471497,-106.5077823638,1.5));
#6082 = VECTOR('',#6083,1.);
#6083 = DIRECTION('',(1.,0.,0.));
#6084 = ORIENTED_EDGE('',*,*,#6039,.T.);
#6085 = ORIENTED_EDGE('',*,*,#1176,.T.);
#6086 = ORIENTED_EDGE('',*,*,#6087,.F.);
#6087 = EDGE_CURVE('',#6078,#1169,#6088,.T.);
#6088 = LINE('',#6089,#6090);
#6089 = CARTESIAN_POINT('',(304.66113143719,-106.5077823638,1.5));
#6090 = VECTOR('',#6091,1.);
#6091 = DIRECTION('',(-0.,-0.,-1.));
#6092 = PLANE('',#6093);
#6093 = AXIS2_PLACEMENT_3D('',#6094,#6095,#6096);
#6094 = CARTESIAN_POINT('',(290.66113471497,-106.5077823638,1.5));
#6095 = DIRECTION('',(0.,-1.,0.));
#6096 = DIRECTION('',(1.,0.,0.));
#6097 = ADVANCED_FACE('',(#6098),#6109,.F.);
#6098 = FACE_BOUND('',#6099,.F.);
#6099 = EDGE_LOOP('',(#6100,#6106,#6107,#6108));
#6100 = ORIENTED_EDGE('',*,*,#6101,.F.);
#6101 = EDGE_CURVE('',#6078,#6054,#6102,.T.);
#6102 = LINE('',#6103,#6104);
#6103 = CARTESIAN_POINT('',(304.66113143719,-106.5077823638,1.5));
#6104 = VECTOR('',#6105,1.);
#6105 = DIRECTION('',(0.,1.,0.));
#6106 = ORIENTED_EDGE('',*,*,#6087,.T.);
#6107 = ORIENTED_EDGE('',*,*,#1168,.T.);
#6108 = ORIENTED_EDGE('',*,*,#6061,.F.);
#6109 = PLANE('',#6110);
#6110 = AXIS2_PLACEMENT_3D('',#6111,#6112,#6113);
#6111 = CARTESIAN_POINT('',(304.66113143719,-106.5077823638,1.5));
#6112 = DIRECTION('',(1.,0.,0.));
#6113 = DIRECTION('',(0.,1.,0.));
#6114 = ADVANCED_FACE('',(#6115),#6141,.F.);
#6115 = FACE_BOUND('',#6116,.F.);
#6116 = EDGE_LOOP('',(#6117,#6128,#6134,#6135));
#6117 = ORIENTED_EDGE('',*,*,#6118,.F.);
#6118 = EDGE_CURVE('',#6119,#6121,#6123,.T.);
#6119 = VERTEX_POINT('',#6120);
#6120 = CARTESIAN_POINT('',(313.82113307606,-97.55778400275,1.5));
#6121 = VERTEX_POINT('',#6122);
#6122 = CARTESIAN_POINT('',(313.82113307606,-101.4577840027,1.5));
#6123 = CIRCLE('',#6124,1.949999999982);
#6124 = AXIS2_PLACEMENT_3D('',#6125,#6126,#6127);
#6125 = CARTESIAN_POINT('',(313.82113307606,-99.50778400274,1.5));
#6126 = DIRECTION('',(0.,0.,1.));
#6127 = DIRECTION('',(1.,0.,0.));
#6128 = ORIENTED_EDGE('',*,*,#6129,.T.);
#6129 = EDGE_CURVE('',#6119,#1185,#6130,.T.);
#6130 = LINE('',#6131,#6132);
#6131 = CARTESIAN_POINT('',(313.82113307606,-97.55778400275,1.5));
#6132 = VECTOR('',#6133,1.);
#6133 = DIRECTION('',(-0.,-0.,-1.));
#6134 = ORIENTED_EDGE('',*,*,#1184,.T.);
#6135 = ORIENTED_EDGE('',*,*,#6136,.F.);
#6136 = EDGE_CURVE('',#6121,#1187,#6137,.T.);
#6137 = LINE('',#6138,#6139);
#6138 = CARTESIAN_POINT('',(313.82113307606,-101.4577840027,1.5));
#6139 = VECTOR('',#6140,1.);
#6140 = DIRECTION('',(-0.,-0.,-1.));
#6141 = CYLINDRICAL_SURFACE('',#6142,1.949999999982);
#6142 = AXIS2_PLACEMENT_3D('',#6143,#6144,#6145);
#6143 = CARTESIAN_POINT('',(313.82113307606,-99.50778400274,1.5));
#6144 = DIRECTION('',(0.,0.,1.));
#6145 = DIRECTION('',(1.,0.,0.));
#6146 = ADVANCED_FACE('',(#6147),#6165,.F.);
#6147 = FACE_BOUND('',#6148,.F.);
#6148 = EDGE_LOOP('',(#6149,#6157,#6158,#6159));
#6149 = ORIENTED_EDGE('',*,*,#6150,.F.);
#6150 = EDGE_CURVE('',#6121,#6151,#6153,.T.);
#6151 = VERTEX_POINT('',#6152);
#6152 = CARTESIAN_POINT('',(314.8211330761,-101.4577840027,1.5));
#6153 = LINE('',#6154,#6155);
#6154 = CARTESIAN_POINT('',(313.82113307606,-101.4577840027,1.5));
#6155 = VECTOR('',#6156,1.);
#6156 = DIRECTION('',(1.,0.,0.));
#6157 = ORIENTED_EDGE('',*,*,#6136,.T.);
#6158 = ORIENTED_EDGE('',*,*,#1212,.T.);
#6159 = ORIENTED_EDGE('',*,*,#6160,.F.);
#6160 = EDGE_CURVE('',#6151,#1204,#6161,.T.);
#6161 = LINE('',#6162,#6163);
#6162 = CARTESIAN_POINT('',(314.8211330761,-101.4577840027,1.5));
#6163 = VECTOR('',#6164,1.);
#6164 = DIRECTION('',(-0.,-0.,-1.));
#6165 = PLANE('',#6166);
#6166 = AXIS2_PLACEMENT_3D('',#6167,#6168,#6169);
#6167 = CARTESIAN_POINT('',(313.82113307606,-101.4577840027,1.5));
#6168 = DIRECTION('',(0.,-1.,0.));
#6169 = DIRECTION('',(1.,0.,0.));
#6170 = ADVANCED_FACE('',(#6171),#6190,.F.);
#6171 = FACE_BOUND('',#6172,.F.);
#6172 = EDGE_LOOP('',(#6173,#6182,#6183,#6184));
#6173 = ORIENTED_EDGE('',*,*,#6174,.F.);
#6174 = EDGE_CURVE('',#6151,#6175,#6177,.T.);
#6175 = VERTEX_POINT('',#6176);
#6176 = CARTESIAN_POINT('',(314.8211330761,-97.55778400275,1.5));
#6177 = CIRCLE('',#6178,1.949999999982);
#6178 = AXIS2_PLACEMENT_3D('',#6179,#6180,#6181);
#6179 = CARTESIAN_POINT('',(314.8211330761,-99.50778400274,1.5));
#6180 = DIRECTION('',(0.,0.,1.));
#6181 = DIRECTION('',(1.,0.,0.));
#6182 = ORIENTED_EDGE('',*,*,#6160,.T.);
#6183 = ORIENTED_EDGE('',*,*,#1203,.T.);
#6184 = ORIENTED_EDGE('',*,*,#6185,.F.);
#6185 = EDGE_CURVE('',#6175,#1196,#6186,.T.);
#6186 = LINE('',#6187,#6188);
#6187 = CARTESIAN_POINT('',(314.8211330761,-97.55778400275,1.5));
#6188 = VECTOR('',#6189,1.);
#6189 = DIRECTION('',(-0.,-0.,-1.));
#6190 = CYLINDRICAL_SURFACE('',#6191,1.949999999982);
#6191 = AXIS2_PLACEMENT_3D('',#6192,#6193,#6194);
#6192 = CARTESIAN_POINT('',(314.8211330761,-99.50778400274,1.5));
#6193 = DIRECTION('',(0.,0.,1.));
#6194 = DIRECTION('',(1.,0.,0.));
#6195 = ADVANCED_FACE('',(#6196),#6207,.T.);
#6196 = FACE_BOUND('',#6197,.T.);
#6197 = EDGE_LOOP('',(#6198,#6204,#6205,#6206));
#6198 = ORIENTED_EDGE('',*,*,#6199,.F.);
#6199 = EDGE_CURVE('',#6119,#6175,#6200,.T.);
#6200 = LINE('',#6201,#6202);
#6201 = CARTESIAN_POINT('',(313.82113307606,-97.55778400275,1.5));
#6202 = VECTOR('',#6203,1.);
#6203 = DIRECTION('',(1.,0.,0.));
#6204 = ORIENTED_EDGE('',*,*,#6129,.T.);
#6205 = ORIENTED_EDGE('',*,*,#1195,.T.);
#6206 = ORIENTED_EDGE('',*,*,#6185,.F.);
#6207 = PLANE('',#6208);
#6208 = AXIS2_PLACEMENT_3D('',#6209,#6210,#6211);
#6209 = CARTESIAN_POINT('',(313.82113307606,-97.55778400275,1.5));
#6210 = DIRECTION('',(0.,-1.,0.));
#6211 = DIRECTION('',(1.,0.,0.));
#6212 = ADVANCED_FACE('',(#6213),#6238,.F.);
#6213 = FACE_BOUND('',#6214,.F.);
#6214 = EDGE_LOOP('',(#6215,#6225,#6231,#6232));
#6215 = ORIENTED_EDGE('',*,*,#6216,.F.);
#6216 = EDGE_CURVE('',#6217,#6219,#6221,.T.);
#6217 = VERTEX_POINT('',#6218);
#6218 = CARTESIAN_POINT('',(171.59866448059,-73.45779040413,1.5));
#6219 = VERTEX_POINT('',#6220);
#6220 = CARTESIAN_POINT('',(171.59866448059,-87.45778712635,1.5));
#6221 = LINE('',#6222,#6223);
#6222 = CARTESIAN_POINT('',(171.59866448059,-73.45779040413,1.5));
#6223 = VECTOR('',#6224,1.);
#6224 = DIRECTION('',(0.,-1.,0.));
#6225 = ORIENTED_EDGE('',*,*,#6226,.T.);
#6226 = EDGE_CURVE('',#6217,#1221,#6227,.T.);
#6227 = LINE('',#6228,#6229);
#6228 = CARTESIAN_POINT('',(171.59866448059,-73.45779040413,1.5));
#6229 = VECTOR('',#6230,1.);
#6230 = DIRECTION('',(-0.,-0.,-1.));
#6231 = ORIENTED_EDGE('',*,*,#1220,.T.);
#6232 = ORIENTED_EDGE('',*,*,#6233,.F.);
#6233 = EDGE_CURVE('',#6219,#1223,#6234,.T.);
#6234 = LINE('',#6235,#6236);
#6235 = CARTESIAN_POINT('',(171.59866448059,-87.45778712635,1.5));
#6236 = VECTOR('',#6237,1.);
#6237 = DIRECTION('',(-0.,-0.,-1.));
#6238 = PLANE('',#6239);
#6239 = AXIS2_PLACEMENT_3D('',#6240,#6241,#6242);
#6240 = CARTESIAN_POINT('',(171.59866448059,-73.45779040413,1.5));
#6241 = DIRECTION('',(-1.,0.,0.));
#6242 = DIRECTION('',(0.,-1.,0.));
#6243 = ADVANCED_FACE('',(#6244),#6262,.F.);
#6244 = FACE_BOUND('',#6245,.F.);
#6245 = EDGE_LOOP('',(#6246,#6254,#6260,#6261));
#6246 = ORIENTED_EDGE('',*,*,#6247,.F.);
#6247 = EDGE_CURVE('',#6248,#6217,#6250,.T.);
#6248 = VERTEX_POINT('',#6249);
#6249 = CARTESIAN_POINT('',(185.59866120282,-73.45779040413,1.5));
#6250 = LINE('',#6251,#6252);
#6251 = CARTESIAN_POINT('',(185.59866120282,-73.45779040413,1.5));
#6252 = VECTOR('',#6253,1.);
#6253 = DIRECTION('',(-1.,0.,0.));
#6254 = ORIENTED_EDGE('',*,*,#6255,.T.);
#6255 = EDGE_CURVE('',#6248,#1231,#6256,.T.);
#6256 = LINE('',#6257,#6258);
#6257 = CARTESIAN_POINT('',(185.59866120282,-73.45779040413,1.5));
#6258 = VECTOR('',#6259,1.);
#6259 = DIRECTION('',(-0.,-0.,-1.));
#6260 = ORIENTED_EDGE('',*,*,#1230,.T.);
#6261 = ORIENTED_EDGE('',*,*,#6226,.F.);
#6262 = PLANE('',#6263);
#6263 = AXIS2_PLACEMENT_3D('',#6264,#6265,#6266);
#6264 = CARTESIAN_POINT('',(185.59866120282,-73.45779040413,1.5));
#6265 = DIRECTION('',(0.,1.,0.));
#6266 = DIRECTION('',(-1.,0.,0.));
#6267 = ADVANCED_FACE('',(#6268),#6286,.F.);
#6268 = FACE_BOUND('',#6269,.F.);
#6269 = EDGE_LOOP('',(#6270,#6278,#6279,#6280));
#6270 = ORIENTED_EDGE('',*,*,#6271,.F.);
#6271 = EDGE_CURVE('',#6219,#6272,#6274,.T.);
#6272 = VERTEX_POINT('',#6273);
#6273 = CARTESIAN_POINT('',(185.59866120282,-87.45778712635,1.5));
#6274 = LINE('',#6275,#6276);
#6275 = CARTESIAN_POINT('',(171.59866448059,-87.45778712635,1.5));
#6276 = VECTOR('',#6277,1.);
#6277 = DIRECTION('',(1.,0.,0.));
#6278 = ORIENTED_EDGE('',*,*,#6233,.T.);
#6279 = ORIENTED_EDGE('',*,*,#1246,.T.);
#6280 = ORIENTED_EDGE('',*,*,#6281,.F.);
#6281 = EDGE_CURVE('',#6272,#1239,#6282,.T.);
#6282 = LINE('',#6283,#6284);
#6283 = CARTESIAN_POINT('',(185.59866120282,-87.45778712635,1.5));
#6284 = VECTOR('',#6285,1.);
#6285 = DIRECTION('',(-0.,-0.,-1.));
#6286 = PLANE('',#6287);
#6287 = AXIS2_PLACEMENT_3D('',#6288,#6289,#6290);
#6288 = CARTESIAN_POINT('',(171.59866448059,-87.45778712635,1.5));
#6289 = DIRECTION('',(0.,-1.,0.));
#6290 = DIRECTION('',(1.,0.,0.));
#6291 = ADVANCED_FACE('',(#6292),#6303,.F.);
#6292 = FACE_BOUND('',#6293,.F.);
#6293 = EDGE_LOOP('',(#6294,#6300,#6301,#6302));
#6294 = ORIENTED_EDGE('',*,*,#6295,.F.);
#6295 = EDGE_CURVE('',#6272,#6248,#6296,.T.);
#6296 = LINE('',#6297,#6298);
#6297 = CARTESIAN_POINT('',(185.59866120282,-87.45778712635,1.5));
#6298 = VECTOR('',#6299,1.);
#6299 = DIRECTION('',(0.,1.,0.));
#6300 = ORIENTED_EDGE('',*,*,#6281,.T.);
#6301 = ORIENTED_EDGE('',*,*,#1238,.T.);
#6302 = ORIENTED_EDGE('',*,*,#6255,.F.);
#6303 = PLANE('',#6304);
#6304 = AXIS2_PLACEMENT_3D('',#6305,#6306,#6307);
#6305 = CARTESIAN_POINT('',(185.59866120282,-87.45778712635,1.5));
#6306 = DIRECTION('',(1.,0.,0.));
#6307 = DIRECTION('',(0.,1.,0.));
#6308 = ADVANCED_FACE('',(#6309),#6334,.F.);
#6309 = FACE_BOUND('',#6310,.F.);
#6310 = EDGE_LOOP('',(#6311,#6321,#6327,#6328));
#6311 = ORIENTED_EDGE('',*,*,#6312,.F.);
#6312 = EDGE_CURVE('',#6313,#6315,#6317,.T.);
#6313 = VERTEX_POINT('',#6314);
#6314 = CARTESIAN_POINT('',(190.64865971809,-73.45779040413,1.5));
#6315 = VERTEX_POINT('',#6316);
#6316 = CARTESIAN_POINT('',(190.64865971809,-87.45778712635,1.5));
#6317 = LINE('',#6318,#6319);
#6318 = CARTESIAN_POINT('',(190.64865971809,-73.45779040413,1.5));
#6319 = VECTOR('',#6320,1.);
#6320 = DIRECTION('',(0.,-1.,0.));
#6321 = ORIENTED_EDGE('',*,*,#6322,.T.);
#6322 = EDGE_CURVE('',#6313,#1255,#6323,.T.);
#6323 = LINE('',#6324,#6325);
#6324 = CARTESIAN_POINT('',(190.64865971809,-73.45779040413,1.5));
#6325 = VECTOR('',#6326,1.);
#6326 = DIRECTION('',(-0.,-0.,-1.));
#6327 = ORIENTED_EDGE('',*,*,#1254,.T.);
#6328 = ORIENTED_EDGE('',*,*,#6329,.F.);
#6329 = EDGE_CURVE('',#6315,#1257,#6330,.T.);
#6330 = LINE('',#6331,#6332);
#6331 = CARTESIAN_POINT('',(190.64865971809,-87.45778712635,1.5));
#6332 = VECTOR('',#6333,1.);
#6333 = DIRECTION('',(-0.,-0.,-1.));
#6334 = PLANE('',#6335);
#6335 = AXIS2_PLACEMENT_3D('',#6336,#6337,#6338);
#6336 = CARTESIAN_POINT('',(190.64865971809,-73.45779040413,1.5));
#6337 = DIRECTION('',(-1.,0.,0.));
#6338 = DIRECTION('',(0.,-1.,0.));
#6339 = ADVANCED_FACE('',(#6340),#6358,.F.);
#6340 = FACE_BOUND('',#6341,.F.);
#6341 = EDGE_LOOP('',(#6342,#6350,#6356,#6357));
#6342 = ORIENTED_EDGE('',*,*,#6343,.F.);
#6343 = EDGE_CURVE('',#6344,#6313,#6346,.T.);
#6344 = VERTEX_POINT('',#6345);
#6345 = CARTESIAN_POINT('',(204.64865644032,-73.45779040413,1.5));
#6346 = LINE('',#6347,#6348);
#6347 = CARTESIAN_POINT('',(204.64865644032,-73.45779040413,1.5));
#6348 = VECTOR('',#6349,1.);
#6349 = DIRECTION('',(-1.,0.,0.));
#6350 = ORIENTED_EDGE('',*,*,#6351,.T.);
#6351 = EDGE_CURVE('',#6344,#1265,#6352,.T.);
#6352 = LINE('',#6353,#6354);
#6353 = CARTESIAN_POINT('',(204.64865644032,-73.45779040413,1.5));
#6354 = VECTOR('',#6355,1.);
#6355 = DIRECTION('',(-0.,-0.,-1.));
#6356 = ORIENTED_EDGE('',*,*,#1264,.T.);
#6357 = ORIENTED_EDGE('',*,*,#6322,.F.);
#6358 = PLANE('',#6359);
#6359 = AXIS2_PLACEMENT_3D('',#6360,#6361,#6362);
#6360 = CARTESIAN_POINT('',(204.64865644032,-73.45779040413,1.5));
#6361 = DIRECTION('',(0.,1.,0.));
#6362 = DIRECTION('',(-1.,0.,0.));
#6363 = ADVANCED_FACE('',(#6364),#6382,.F.);
#6364 = FACE_BOUND('',#6365,.F.);
#6365 = EDGE_LOOP('',(#6366,#6374,#6375,#6376));
#6366 = ORIENTED_EDGE('',*,*,#6367,.F.);
#6367 = EDGE_CURVE('',#6315,#6368,#6370,.T.);
#6368 = VERTEX_POINT('',#6369);
#6369 = CARTESIAN_POINT('',(204.64865644032,-87.45778712635,1.5));
#6370 = LINE('',#6371,#6372);
#6371 = CARTESIAN_POINT('',(190.64865971809,-87.45778712635,1.5));
#6372 = VECTOR('',#6373,1.);
#6373 = DIRECTION('',(1.,0.,0.));
#6374 = ORIENTED_EDGE('',*,*,#6329,.T.);
#6375 = ORIENTED_EDGE('',*,*,#1280,.T.);
#6376 = ORIENTED_EDGE('',*,*,#6377,.F.);
#6377 = EDGE_CURVE('',#6368,#1273,#6378,.T.);
#6378 = LINE('',#6379,#6380);
#6379 = CARTESIAN_POINT('',(204.64865644032,-87.45778712635,1.5));
#6380 = VECTOR('',#6381,1.);
#6381 = DIRECTION('',(-0.,-0.,-1.));
#6382 = PLANE('',#6383);
#6383 = AXIS2_PLACEMENT_3D('',#6384,#6385,#6386);
#6384 = CARTESIAN_POINT('',(190.64865971809,-87.45778712635,1.5));
#6385 = DIRECTION('',(0.,-1.,0.));
#6386 = DIRECTION('',(1.,0.,0.));
#6387 = ADVANCED_FACE('',(#6388),#6399,.F.);
#6388 = FACE_BOUND('',#6389,.F.);
#6389 = EDGE_LOOP('',(#6390,#6396,#6397,#6398));
#6390 = ORIENTED_EDGE('',*,*,#6391,.F.);
#6391 = EDGE_CURVE('',#6368,#6344,#6392,.T.);
#6392 = LINE('',#6393,#6394);
#6393 = CARTESIAN_POINT('',(204.64865644032,-87.45778712635,1.5));
#6394 = VECTOR('',#6395,1.);
#6395 = DIRECTION('',(0.,1.,0.));
#6396 = ORIENTED_EDGE('',*,*,#6377,.T.);
#6397 = ORIENTED_EDGE('',*,*,#1272,.T.);
#6398 = ORIENTED_EDGE('',*,*,#6351,.F.);
#6399 = PLANE('',#6400);
#6400 = AXIS2_PLACEMENT_3D('',#6401,#6402,#6403);
#6401 = CARTESIAN_POINT('',(204.64865644032,-87.45778712635,1.5));
#6402 = DIRECTION('',(1.,0.,0.));
#6403 = DIRECTION('',(0.,1.,0.));
#6404 = ADVANCED_FACE('',(#6405),#6430,.F.);
#6405 = FACE_BOUND('',#6406,.F.);
#6406 = EDGE_LOOP('',(#6407,#6417,#6423,#6424));
#6407 = ORIENTED_EDGE('',*,*,#6408,.F.);
#6408 = EDGE_CURVE('',#6409,#6411,#6413,.T.);
#6409 = VERTEX_POINT('',#6410);
#6410 = CARTESIAN_POINT('',(209.69865495559,-73.45779040413,1.5));
#6411 = VERTEX_POINT('',#6412);
#6412 = CARTESIAN_POINT('',(209.69865495559,-87.45778712635,1.5));
#6413 = LINE('',#6414,#6415);
#6414 = CARTESIAN_POINT('',(209.69865495559,-73.45779040413,1.5));
#6415 = VECTOR('',#6416,1.);
#6416 = DIRECTION('',(0.,-1.,0.));
#6417 = ORIENTED_EDGE('',*,*,#6418,.T.);
#6418 = EDGE_CURVE('',#6409,#1289,#6419,.T.);
#6419 = LINE('',#6420,#6421);
#6420 = CARTESIAN_POINT('',(209.69865495559,-73.45779040413,1.5));
#6421 = VECTOR('',#6422,1.);
#6422 = DIRECTION('',(-0.,-0.,-1.));
#6423 = ORIENTED_EDGE('',*,*,#1288,.T.);
#6424 = ORIENTED_EDGE('',*,*,#6425,.F.);
#6425 = EDGE_CURVE('',#6411,#1291,#6426,.T.);
#6426 = LINE('',#6427,#6428);
#6427 = CARTESIAN_POINT('',(209.69865495559,-87.45778712635,1.5));
#6428 = VECTOR('',#6429,1.);
#6429 = DIRECTION('',(-0.,-0.,-1.));
#6430 = PLANE('',#6431);
#6431 = AXIS2_PLACEMENT_3D('',#6432,#6433,#6434);
#6432 = CARTESIAN_POINT('',(209.69865495559,-73.45779040413,1.5));
#6433 = DIRECTION('',(-1.,0.,0.));
#6434 = DIRECTION('',(0.,-1.,0.));
#6435 = ADVANCED_FACE('',(#6436),#6454,.F.);
#6436 = FACE_BOUND('',#6437,.F.);
#6437 = EDGE_LOOP('',(#6438,#6446,#6452,#6453));
#6438 = ORIENTED_EDGE('',*,*,#6439,.F.);
#6439 = EDGE_CURVE('',#6440,#6409,#6442,.T.);
#6440 = VERTEX_POINT('',#6441);
#6441 = CARTESIAN_POINT('',(223.69865167782,-73.45779040413,1.5));
#6442 = LINE('',#6443,#6444);
#6443 = CARTESIAN_POINT('',(223.69865167782,-73.45779040413,1.5));
#6444 = VECTOR('',#6445,1.);
#6445 = DIRECTION('',(-1.,0.,0.));
#6446 = ORIENTED_EDGE('',*,*,#6447,.T.);
#6447 = EDGE_CURVE('',#6440,#1299,#6448,.T.);
#6448 = LINE('',#6449,#6450);
#6449 = CARTESIAN_POINT('',(223.69865167782,-73.45779040413,1.5));
#6450 = VECTOR('',#6451,1.);
#6451 = DIRECTION('',(-0.,-0.,-1.));
#6452 = ORIENTED_EDGE('',*,*,#1298,.T.);
#6453 = ORIENTED_EDGE('',*,*,#6418,.F.);
#6454 = PLANE('',#6455);
#6455 = AXIS2_PLACEMENT_3D('',#6456,#6457,#6458);
#6456 = CARTESIAN_POINT('',(223.69865167782,-73.45779040413,1.5));
#6457 = DIRECTION('',(0.,1.,0.));
#6458 = DIRECTION('',(-1.,0.,0.));
#6459 = ADVANCED_FACE('',(#6460),#6478,.F.);
#6460 = FACE_BOUND('',#6461,.F.);
#6461 = EDGE_LOOP('',(#6462,#6470,#6471,#6472));
#6462 = ORIENTED_EDGE('',*,*,#6463,.F.);
#6463 = EDGE_CURVE('',#6411,#6464,#6466,.T.);
#6464 = VERTEX_POINT('',#6465);
#6465 = CARTESIAN_POINT('',(223.69865167782,-87.45778712635,1.5));
#6466 = LINE('',#6467,#6468);
#6467 = CARTESIAN_POINT('',(209.69865495559,-87.45778712635,1.5));
#6468 = VECTOR('',#6469,1.);
#6469 = DIRECTION('',(1.,0.,0.));
#6470 = ORIENTED_EDGE('',*,*,#6425,.T.);
#6471 = ORIENTED_EDGE('',*,*,#1314,.T.);
#6472 = ORIENTED_EDGE('',*,*,#6473,.F.);
#6473 = EDGE_CURVE('',#6464,#1307,#6474,.T.);
#6474 = LINE('',#6475,#6476);
#6475 = CARTESIAN_POINT('',(223.69865167782,-87.45778712635,1.5));
#6476 = VECTOR('',#6477,1.);
#6477 = DIRECTION('',(-0.,-0.,-1.));
#6478 = PLANE('',#6479);
#6479 = AXIS2_PLACEMENT_3D('',#6480,#6481,#6482);
#6480 = CARTESIAN_POINT('',(209.69865495559,-87.45778712635,1.5));
#6481 = DIRECTION('',(0.,-1.,0.));
#6482 = DIRECTION('',(1.,0.,0.));
#6483 = ADVANCED_FACE('',(#6484),#6495,.F.);
#6484 = FACE_BOUND('',#6485,.F.);
#6485 = EDGE_LOOP('',(#6486,#6492,#6493,#6494));
#6486 = ORIENTED_EDGE('',*,*,#6487,.F.);
#6487 = EDGE_CURVE('',#6464,#6440,#6488,.T.);
#6488 = LINE('',#6489,#6490);
#6489 = CARTESIAN_POINT('',(223.69865167782,-87.45778712635,1.5));
#6490 = VECTOR('',#6491,1.);
#6491 = DIRECTION('',(0.,1.,0.));
#6492 = ORIENTED_EDGE('',*,*,#6473,.T.);
#6493 = ORIENTED_EDGE('',*,*,#1306,.T.);
#6494 = ORIENTED_EDGE('',*,*,#6447,.F.);
#6495 = PLANE('',#6496);
#6496 = AXIS2_PLACEMENT_3D('',#6497,#6498,#6499);
#6497 = CARTESIAN_POINT('',(223.69865167782,-87.45778712635,1.5));
#6498 = DIRECTION('',(1.,0.,0.));
#6499 = DIRECTION('',(0.,1.,0.));
#6500 = ADVANCED_FACE('',(#6501),#6526,.F.);
#6501 = FACE_BOUND('',#6502,.F.);
#6502 = EDGE_LOOP('',(#6503,#6513,#6519,#6520));
#6503 = ORIENTED_EDGE('',*,*,#6504,.F.);
#6504 = EDGE_CURVE('',#6505,#6507,#6509,.T.);
#6505 = VERTEX_POINT('',#6506);
#6506 = CARTESIAN_POINT('',(228.74865019309,-73.45779040413,1.5));
#6507 = VERTEX_POINT('',#6508);
#6508 = CARTESIAN_POINT('',(228.74865019309,-87.45778712635,1.5));
#6509 = LINE('',#6510,#6511);
#6510 = CARTESIAN_POINT('',(228.74865019309,-73.45779040413,1.5));
#6511 = VECTOR('',#6512,1.);
#6512 = DIRECTION('',(0.,-1.,0.));
#6513 = ORIENTED_EDGE('',*,*,#6514,.T.);
#6514 = EDGE_CURVE('',#6505,#1323,#6515,.T.);
#6515 = LINE('',#6516,#6517);
#6516 = CARTESIAN_POINT('',(228.74865019309,-73.45779040413,1.5));
#6517 = VECTOR('',#6518,1.);
#6518 = DIRECTION('',(-0.,-0.,-1.));
#6519 = ORIENTED_EDGE('',*,*,#1322,.T.);
#6520 = ORIENTED_EDGE('',*,*,#6521,.F.);
#6521 = EDGE_CURVE('',#6507,#1325,#6522,.T.);
#6522 = LINE('',#6523,#6524);
#6523 = CARTESIAN_POINT('',(228.74865019309,-87.45778712635,1.5));
#6524 = VECTOR('',#6525,1.);
#6525 = DIRECTION('',(-0.,-0.,-1.));
#6526 = PLANE('',#6527);
#6527 = AXIS2_PLACEMENT_3D('',#6528,#6529,#6530);
#6528 = CARTESIAN_POINT('',(228.74865019309,-73.45779040413,1.5));
#6529 = DIRECTION('',(-1.,0.,0.));
#6530 = DIRECTION('',(0.,-1.,0.));
#6531 = ADVANCED_FACE('',(#6532),#6550,.F.);
#6532 = FACE_BOUND('',#6533,.F.);
#6533 = EDGE_LOOP('',(#6534,#6542,#6548,#6549));
#6534 = ORIENTED_EDGE('',*,*,#6535,.F.);
#6535 = EDGE_CURVE('',#6536,#6505,#6538,.T.);
#6536 = VERTEX_POINT('',#6537);
#6537 = CARTESIAN_POINT('',(242.74864691532,-73.45779040413,1.5));
#6538 = LINE('',#6539,#6540);
#6539 = CARTESIAN_POINT('',(242.74864691532,-73.45779040413,1.5));
#6540 = VECTOR('',#6541,1.);
#6541 = DIRECTION('',(-1.,0.,0.));
#6542 = ORIENTED_EDGE('',*,*,#6543,.T.);
#6543 = EDGE_CURVE('',#6536,#1333,#6544,.T.);
#6544 = LINE('',#6545,#6546);
#6545 = CARTESIAN_POINT('',(242.74864691532,-73.45779040413,1.5));
#6546 = VECTOR('',#6547,1.);
#6547 = DIRECTION('',(-0.,-0.,-1.));
#6548 = ORIENTED_EDGE('',*,*,#1332,.T.);
#6549 = ORIENTED_EDGE('',*,*,#6514,.F.);
#6550 = PLANE('',#6551);
#6551 = AXIS2_PLACEMENT_3D('',#6552,#6553,#6554);
#6552 = CARTESIAN_POINT('',(242.74864691532,-73.45779040413,1.5));
#6553 = DIRECTION('',(0.,1.,0.));
#6554 = DIRECTION('',(-1.,0.,0.));
#6555 = ADVANCED_FACE('',(#6556),#6574,.F.);
#6556 = FACE_BOUND('',#6557,.F.);
#6557 = EDGE_LOOP('',(#6558,#6566,#6567,#6568));
#6558 = ORIENTED_EDGE('',*,*,#6559,.F.);
#6559 = EDGE_CURVE('',#6507,#6560,#6562,.T.);
#6560 = VERTEX_POINT('',#6561);
#6561 = CARTESIAN_POINT('',(242.74864691532,-87.45778712635,1.5));
#6562 = LINE('',#6563,#6564);
#6563 = CARTESIAN_POINT('',(228.74865019309,-87.45778712635,1.5));
#6564 = VECTOR('',#6565,1.);
#6565 = DIRECTION('',(1.,0.,0.));
#6566 = ORIENTED_EDGE('',*,*,#6521,.T.);
#6567 = ORIENTED_EDGE('',*,*,#1348,.T.);
#6568 = ORIENTED_EDGE('',*,*,#6569,.F.);
#6569 = EDGE_CURVE('',#6560,#1341,#6570,.T.);
#6570 = LINE('',#6571,#6572);
#6571 = CARTESIAN_POINT('',(242.74864691532,-87.45778712635,1.5));
#6572 = VECTOR('',#6573,1.);
#6573 = DIRECTION('',(-0.,-0.,-1.));
#6574 = PLANE('',#6575);
#6575 = AXIS2_PLACEMENT_3D('',#6576,#6577,#6578);
#6576 = CARTESIAN_POINT('',(228.74865019309,-87.45778712635,1.5));
#6577 = DIRECTION('',(0.,-1.,0.));
#6578 = DIRECTION('',(1.,0.,0.));
#6579 = ADVANCED_FACE('',(#6580),#6591,.F.);
#6580 = FACE_BOUND('',#6581,.F.);
#6581 = EDGE_LOOP('',(#6582,#6588,#6589,#6590));
#6582 = ORIENTED_EDGE('',*,*,#6583,.F.);
#6583 = EDGE_CURVE('',#6560,#6536,#6584,.T.);
#6584 = LINE('',#6585,#6586);
#6585 = CARTESIAN_POINT('',(242.74864691532,-87.45778712635,1.5));
#6586 = VECTOR('',#6587,1.);
#6587 = DIRECTION('',(0.,1.,0.));
#6588 = ORIENTED_EDGE('',*,*,#6569,.T.);
#6589 = ORIENTED_EDGE('',*,*,#1340,.T.);
#6590 = ORIENTED_EDGE('',*,*,#6543,.F.);
#6591 = PLANE('',#6592);
#6592 = AXIS2_PLACEMENT_3D('',#6593,#6594,#6595);
#6593 = CARTESIAN_POINT('',(242.74864691532,-87.45778712635,1.5));
#6594 = DIRECTION('',(1.,0.,0.));
#6595 = DIRECTION('',(0.,1.,0.));
#6596 = ADVANCED_FACE('',(#6597),#6622,.F.);
#6597 = FACE_BOUND('',#6598,.F.);
#6598 = EDGE_LOOP('',(#6599,#6609,#6615,#6616));
#6599 = ORIENTED_EDGE('',*,*,#6600,.F.);
#6600 = EDGE_CURVE('',#6601,#6603,#6605,.T.);
#6601 = VERTEX_POINT('',#6602);
#6602 = CARTESIAN_POINT('',(247.79864543059,-73.45779040413,1.5));
#6603 = VERTEX_POINT('',#6604);
#6604 = CARTESIAN_POINT('',(247.79864543059,-87.45778712635,1.5));
#6605 = LINE('',#6606,#6607);
#6606 = CARTESIAN_POINT('',(247.79864543059,-73.45779040413,1.5));
#6607 = VECTOR('',#6608,1.);
#6608 = DIRECTION('',(0.,-1.,0.));
#6609 = ORIENTED_EDGE('',*,*,#6610,.T.);
#6610 = EDGE_CURVE('',#6601,#1357,#6611,.T.);
#6611 = LINE('',#6612,#6613);
#6612 = CARTESIAN_POINT('',(247.79864543059,-73.45779040413,1.5));
#6613 = VECTOR('',#6614,1.);
#6614 = DIRECTION('',(-0.,-0.,-1.));
#6615 = ORIENTED_EDGE('',*,*,#1356,.T.);
#6616 = ORIENTED_EDGE('',*,*,#6617,.F.);
#6617 = EDGE_CURVE('',#6603,#1359,#6618,.T.);
#6618 = LINE('',#6619,#6620);
#6619 = CARTESIAN_POINT('',(247.79864543059,-87.45778712635,1.5));
#6620 = VECTOR('',#6621,1.);
#6621 = DIRECTION('',(-0.,-0.,-1.));
#6622 = PLANE('',#6623);
#6623 = AXIS2_PLACEMENT_3D('',#6624,#6625,#6626);
#6624 = CARTESIAN_POINT('',(247.79864543059,-73.45779040413,1.5));
#6625 = DIRECTION('',(-1.,0.,0.));
#6626 = DIRECTION('',(0.,-1.,0.));
#6627 = ADVANCED_FACE('',(#6628),#6646,.F.);
#6628 = FACE_BOUND('',#6629,.F.);
#6629 = EDGE_LOOP('',(#6630,#6638,#6644,#6645));
#6630 = ORIENTED_EDGE('',*,*,#6631,.F.);
#6631 = EDGE_CURVE('',#6632,#6601,#6634,.T.);
#6632 = VERTEX_POINT('',#6633);
#6633 = CARTESIAN_POINT('',(261.79864215282,-73.45779040413,1.5));
#6634 = LINE('',#6635,#6636);
#6635 = CARTESIAN_POINT('',(261.79864215282,-73.45779040413,1.5));
#6636 = VECTOR('',#6637,1.);
#6637 = DIRECTION('',(-1.,0.,0.));
#6638 = ORIENTED_EDGE('',*,*,#6639,.T.);
#6639 = EDGE_CURVE('',#6632,#1367,#6640,.T.);
#6640 = LINE('',#6641,#6642);
#6641 = CARTESIAN_POINT('',(261.79864215282,-73.45779040413,1.5));
#6642 = VECTOR('',#6643,1.);
#6643 = DIRECTION('',(-0.,-0.,-1.));
#6644 = ORIENTED_EDGE('',*,*,#1366,.T.);
#6645 = ORIENTED_EDGE('',*,*,#6610,.F.);
#6646 = PLANE('',#6647);
#6647 = AXIS2_PLACEMENT_3D('',#6648,#6649,#6650);
#6648 = CARTESIAN_POINT('',(261.79864215282,-73.45779040413,1.5));
#6649 = DIRECTION('',(0.,1.,0.));
#6650 = DIRECTION('',(-1.,0.,0.));
#6651 = ADVANCED_FACE('',(#6652),#6670,.F.);
#6652 = FACE_BOUND('',#6653,.F.);
#6653 = EDGE_LOOP('',(#6654,#6662,#6663,#6664));
#6654 = ORIENTED_EDGE('',*,*,#6655,.F.);
#6655 = EDGE_CURVE('',#6603,#6656,#6658,.T.);
#6656 = VERTEX_POINT('',#6657);
#6657 = CARTESIAN_POINT('',(261.79864215282,-87.45778712635,1.5));
#6658 = LINE('',#6659,#6660);
#6659 = CARTESIAN_POINT('',(247.79864543059,-87.45778712635,1.5));
#6660 = VECTOR('',#6661,1.);
#6661 = DIRECTION('',(1.,0.,0.));
#6662 = ORIENTED_EDGE('',*,*,#6617,.T.);
#6663 = ORIENTED_EDGE('',*,*,#1382,.T.);
#6664 = ORIENTED_EDGE('',*,*,#6665,.F.);
#6665 = EDGE_CURVE('',#6656,#1375,#6666,.T.);
#6666 = LINE('',#6667,#6668);
#6667 = CARTESIAN_POINT('',(261.79864215282,-87.45778712635,1.5));
#6668 = VECTOR('',#6669,1.);
#6669 = DIRECTION('',(-0.,-0.,-1.));
#6670 = PLANE('',#6671);
#6671 = AXIS2_PLACEMENT_3D('',#6672,#6673,#6674);
#6672 = CARTESIAN_POINT('',(247.79864543059,-87.45778712635,1.5));
#6673 = DIRECTION('',(0.,-1.,0.));
#6674 = DIRECTION('',(1.,0.,0.));
#6675 = ADVANCED_FACE('',(#6676),#6687,.F.);
#6676 = FACE_BOUND('',#6677,.F.);
#6677 = EDGE_LOOP('',(#6678,#6684,#6685,#6686));
#6678 = ORIENTED_EDGE('',*,*,#6679,.F.);
#6679 = EDGE_CURVE('',#6656,#6632,#6680,.T.);
#6680 = LINE('',#6681,#6682);
#6681 = CARTESIAN_POINT('',(261.79864215282,-87.45778712635,1.5));
#6682 = VECTOR('',#6683,1.);
#6683 = DIRECTION('',(0.,1.,0.));
#6684 = ORIENTED_EDGE('',*,*,#6665,.T.);
#6685 = ORIENTED_EDGE('',*,*,#1374,.T.);
#6686 = ORIENTED_EDGE('',*,*,#6639,.F.);
#6687 = PLANE('',#6688);
#6688 = AXIS2_PLACEMENT_3D('',#6689,#6690,#6691);
#6689 = CARTESIAN_POINT('',(261.79864215282,-87.45778712635,1.5));
#6690 = DIRECTION('',(1.,0.,0.));
#6691 = DIRECTION('',(0.,1.,0.));
#6692 = ADVANCED_FACE('',(#6693),#6718,.F.);
#6693 = FACE_BOUND('',#6694,.F.);
#6694 = EDGE_LOOP('',(#6695,#6705,#6711,#6712));
#6695 = ORIENTED_EDGE('',*,*,#6696,.F.);
#6696 = EDGE_CURVE('',#6697,#6699,#6701,.T.);
#6697 = VERTEX_POINT('',#6698);
#6698 = CARTESIAN_POINT('',(266.84864066809,-73.45779040413,1.5));
#6699 = VERTEX_POINT('',#6700);
#6700 = CARTESIAN_POINT('',(266.84864066809,-87.45778712635,1.5));
#6701 = LINE('',#6702,#6703);
#6702 = CARTESIAN_POINT('',(266.84864066809,-73.45779040413,1.5));
#6703 = VECTOR('',#6704,1.);
#6704 = DIRECTION('',(0.,-1.,0.));
#6705 = ORIENTED_EDGE('',*,*,#6706,.T.);
#6706 = EDGE_CURVE('',#6697,#1391,#6707,.T.);
#6707 = LINE('',#6708,#6709);
#6708 = CARTESIAN_POINT('',(266.84864066809,-73.45779040413,1.5));
#6709 = VECTOR('',#6710,1.);
#6710 = DIRECTION('',(-0.,-0.,-1.));
#6711 = ORIENTED_EDGE('',*,*,#1390,.T.);
#6712 = ORIENTED_EDGE('',*,*,#6713,.F.);
#6713 = EDGE_CURVE('',#6699,#1393,#6714,.T.);
#6714 = LINE('',#6715,#6716);
#6715 = CARTESIAN_POINT('',(266.84864066809,-87.45778712635,1.5));
#6716 = VECTOR('',#6717,1.);
#6717 = DIRECTION('',(-0.,-0.,-1.));
#6718 = PLANE('',#6719);
#6719 = AXIS2_PLACEMENT_3D('',#6720,#6721,#6722);
#6720 = CARTESIAN_POINT('',(266.84864066809,-73.45779040413,1.5));
#6721 = DIRECTION('',(-1.,0.,0.));
#6722 = DIRECTION('',(0.,-1.,0.));
#6723 = ADVANCED_FACE('',(#6724),#6742,.F.);
#6724 = FACE_BOUND('',#6725,.F.);
#6725 = EDGE_LOOP('',(#6726,#6734,#6740,#6741));
#6726 = ORIENTED_EDGE('',*,*,#6727,.F.);
#6727 = EDGE_CURVE('',#6728,#6697,#6730,.T.);
#6728 = VERTEX_POINT('',#6729);
#6729 = CARTESIAN_POINT('',(280.84863739032,-73.45779040413,1.5));
#6730 = LINE('',#6731,#6732);
#6731 = CARTESIAN_POINT('',(280.84863739032,-73.45779040413,1.5));
#6732 = VECTOR('',#6733,1.);
#6733 = DIRECTION('',(-1.,0.,0.));
#6734 = ORIENTED_EDGE('',*,*,#6735,.T.);
#6735 = EDGE_CURVE('',#6728,#1401,#6736,.T.);
#6736 = LINE('',#6737,#6738);
#6737 = CARTESIAN_POINT('',(280.84863739032,-73.45779040413,1.5));
#6738 = VECTOR('',#6739,1.);
#6739 = DIRECTION('',(-0.,-0.,-1.));
#6740 = ORIENTED_EDGE('',*,*,#1400,.T.);
#6741 = ORIENTED_EDGE('',*,*,#6706,.F.);
#6742 = PLANE('',#6743);
#6743 = AXIS2_PLACEMENT_3D('',#6744,#6745,#6746);
#6744 = CARTESIAN_POINT('',(280.84863739032,-73.45779040413,1.5));
#6745 = DIRECTION('',(0.,1.,0.));
#6746 = DIRECTION('',(-1.,0.,0.));
#6747 = ADVANCED_FACE('',(#6748),#6766,.F.);
#6748 = FACE_BOUND('',#6749,.F.);
#6749 = EDGE_LOOP('',(#6750,#6758,#6759,#6760));
#6750 = ORIENTED_EDGE('',*,*,#6751,.F.);
#6751 = EDGE_CURVE('',#6699,#6752,#6754,.T.);
#6752 = VERTEX_POINT('',#6753);
#6753 = CARTESIAN_POINT('',(280.84863739032,-87.45778712635,1.5));
#6754 = LINE('',#6755,#6756);
#6755 = CARTESIAN_POINT('',(266.84864066809,-87.45778712635,1.5));
#6756 = VECTOR('',#6757,1.);
#6757 = DIRECTION('',(1.,0.,0.));
#6758 = ORIENTED_EDGE('',*,*,#6713,.T.);
#6759 = ORIENTED_EDGE('',*,*,#1416,.T.);
#6760 = ORIENTED_EDGE('',*,*,#6761,.F.);
#6761 = EDGE_CURVE('',#6752,#1409,#6762,.T.);
#6762 = LINE('',#6763,#6764);
#6763 = CARTESIAN_POINT('',(280.84863739032,-87.45778712635,1.5));
#6764 = VECTOR('',#6765,1.);
#6765 = DIRECTION('',(-0.,-0.,-1.));
#6766 = PLANE('',#6767);
#6767 = AXIS2_PLACEMENT_3D('',#6768,#6769,#6770);
#6768 = CARTESIAN_POINT('',(266.84864066809,-87.45778712635,1.5));
#6769 = DIRECTION('',(0.,-1.,0.));
#6770 = DIRECTION('',(1.,0.,0.));
#6771 = ADVANCED_FACE('',(#6772),#6783,.F.);
#6772 = FACE_BOUND('',#6773,.F.);
#6773 = EDGE_LOOP('',(#6774,#6780,#6781,#6782));
#6774 = ORIENTED_EDGE('',*,*,#6775,.F.);
#6775 = EDGE_CURVE('',#6752,#6728,#6776,.T.);
#6776 = LINE('',#6777,#6778);
#6777 = CARTESIAN_POINT('',(280.84863739032,-87.45778712635,1.5));
#6778 = VECTOR('',#6779,1.);
#6779 = DIRECTION('',(0.,1.,0.));
#6780 = ORIENTED_EDGE('',*,*,#6761,.T.);
#6781 = ORIENTED_EDGE('',*,*,#1408,.T.);
#6782 = ORIENTED_EDGE('',*,*,#6735,.F.);
#6783 = PLANE('',#6784);
#6784 = AXIS2_PLACEMENT_3D('',#6785,#6786,#6787);
#6785 = CARTESIAN_POINT('',(280.84863739032,-87.45778712635,1.5));
#6786 = DIRECTION('',(1.,0.,0.));
#6787 = DIRECTION('',(0.,1.,0.));
#6788 = ADVANCED_FACE('',(#6789),#6814,.T.);
#6789 = FACE_BOUND('',#6790,.T.);
#6790 = EDGE_LOOP('',(#6791,#6801,#6807,#6808));
#6791 = ORIENTED_EDGE('',*,*,#6792,.F.);
#6792 = EDGE_CURVE('',#6793,#6795,#6797,.T.);
#6793 = VERTEX_POINT('',#6794);
#6794 = CARTESIAN_POINT('',(289.13308520809,-63.93279278538,1.5));
#6795 = VERTEX_POINT('',#6796);
#6796 = CARTESIAN_POINT('',(289.13308520809,-55.60279431232,1.5));
#6797 = LINE('',#6798,#6799);
#6798 = CARTESIAN_POINT('',(289.13308520809,-63.93279278538,1.5));
#6799 = VECTOR('',#6800,1.);
#6800 = DIRECTION('',(0.,1.,0.));
#6801 = ORIENTED_EDGE('',*,*,#6802,.T.);
#6802 = EDGE_CURVE('',#6793,#1425,#6803,.T.);
#6803 = LINE('',#6804,#6805);
#6804 = CARTESIAN_POINT('',(289.13308520809,-63.93279278538,1.5));
#6805 = VECTOR('',#6806,1.);
#6806 = DIRECTION('',(-0.,-0.,-1.));
#6807 = ORIENTED_EDGE('',*,*,#1424,.T.);
#6808 = ORIENTED_EDGE('',*,*,#6809,.F.);
#6809 = EDGE_CURVE('',#6795,#1427,#6810,.T.);
#6810 = LINE('',#6811,#6812);
#6811 = CARTESIAN_POINT('',(289.13308520809,-55.60279431232,1.5));
#6812 = VECTOR('',#6813,1.);
#6813 = DIRECTION('',(-0.,-0.,-1.));
#6814 = PLANE('',#6815);
#6815 = AXIS2_PLACEMENT_3D('',#6816,#6817,#6818);
#6816 = CARTESIAN_POINT('',(289.13308520809,-63.93279278538,1.5));
#6817 = DIRECTION('',(1.,0.,0.));
#6818 = DIRECTION('',(0.,1.,0.));
#6819 = ADVANCED_FACE('',(#6820),#6838,.T.);
#6820 = FACE_BOUND('',#6821,.T.);
#6821 = EDGE_LOOP('',(#6822,#6830,#6836,#6837));
#6822 = ORIENTED_EDGE('',*,*,#6823,.F.);
#6823 = EDGE_CURVE('',#6824,#6793,#6826,.T.);
#6824 = VERTEX_POINT('',#6825);
#6825 = CARTESIAN_POINT('',(288.27988531028,-63.93279278538,1.5));
#6826 = LINE('',#6827,#6828);
#6827 = CARTESIAN_POINT('',(288.27988531028,-63.93279278538,1.5));
#6828 = VECTOR('',#6829,1.);
#6829 = DIRECTION('',(1.,0.,0.));
#6830 = ORIENTED_EDGE('',*,*,#6831,.T.);
#6831 = EDGE_CURVE('',#6824,#1507,#6832,.T.);
#6832 = LINE('',#6833,#6834);
#6833 = CARTESIAN_POINT('',(288.27988531028,-63.93279278538,1.5));
#6834 = VECTOR('',#6835,1.);
#6835 = DIRECTION('',(-0.,-0.,-1.));
#6836 = ORIENTED_EDGE('',*,*,#1514,.T.);
#6837 = ORIENTED_EDGE('',*,*,#6802,.F.);
#6838 = PLANE('',#6839);
#6839 = AXIS2_PLACEMENT_3D('',#6840,#6841,#6842);
#6840 = CARTESIAN_POINT('',(288.27988531028,-63.93279278538,1.5));
#6841 = DIRECTION('',(0.,-1.,0.));
#6842 = DIRECTION('',(1.,0.,0.));
#6843 = ADVANCED_FACE('',(#6844),#6862,.T.);
#6844 = FACE_BOUND('',#6845,.T.);
#6845 = EDGE_LOOP('',(#6846,#6854,#6855,#6856));
#6846 = ORIENTED_EDGE('',*,*,#6847,.F.);
#6847 = EDGE_CURVE('',#6795,#6848,#6850,.T.);
#6848 = VERTEX_POINT('',#6849);
#6849 = CARTESIAN_POINT('',(301.42668213469,-55.60279431232,1.5));
#6850 = LINE('',#6851,#6852);
#6851 = CARTESIAN_POINT('',(289.13308520809,-55.60279431232,1.5));
#6852 = VECTOR('',#6853,1.);
#6853 = DIRECTION('',(1.,5.8E-16,0.));
#6854 = ORIENTED_EDGE('',*,*,#6809,.T.);
#6855 = ORIENTED_EDGE('',*,*,#1434,.T.);
#6856 = ORIENTED_EDGE('',*,*,#6857,.F.);
#6857 = EDGE_CURVE('',#6848,#1435,#6858,.T.);
#6858 = LINE('',#6859,#6860);
#6859 = CARTESIAN_POINT('',(301.42668213469,-55.60279431232,1.5));
#6860 = VECTOR('',#6861,1.);
#6861 = DIRECTION('',(-0.,-0.,-1.));
#6862 = PLANE('',#6863);
#6863 = AXIS2_PLACEMENT_3D('',#6864,#6865,#6866);
#6864 = CARTESIAN_POINT('',(289.13308520809,-55.60279431232,1.5));
#6865 = DIRECTION('',(5.8E-16,-1.,0.));
#6866 = DIRECTION('',(1.,5.8E-16,0.));
#6867 = ADVANCED_FACE('',(#6868),#6886,.T.);
#6868 = FACE_BOUND('',#6869,.T.);
#6869 = EDGE_LOOP('',(#6870,#6878,#6884,#6885));
#6870 = ORIENTED_EDGE('',*,*,#6871,.F.);
#6871 = EDGE_CURVE('',#6872,#6824,#6874,.T.);
#6872 = VERTEX_POINT('',#6873);
#6873 = CARTESIAN_POINT('',(288.27988531028,-77.9327895076,1.5));
#6874 = LINE('',#6875,#6876);
#6875 = CARTESIAN_POINT('',(288.27988531028,-77.9327895076,1.5));
#6876 = VECTOR('',#6877,1.);
#6877 = DIRECTION('',(4.06E-15,1.,0.));
#6878 = ORIENTED_EDGE('',*,*,#6879,.T.);
#6879 = EDGE_CURVE('',#6872,#1499,#6880,.T.);
#6880 = LINE('',#6881,#6882);
#6881 = CARTESIAN_POINT('',(288.27988531028,-77.9327895076,1.5));
#6882 = VECTOR('',#6883,1.);
#6883 = DIRECTION('',(-0.,-0.,-1.));
#6884 = ORIENTED_EDGE('',*,*,#1506,.T.);
#6885 = ORIENTED_EDGE('',*,*,#6831,.F.);
#6886 = PLANE('',#6887);
#6887 = AXIS2_PLACEMENT_3D('',#6888,#6889,#6890);
#6888 = CARTESIAN_POINT('',(288.27988531028,-77.9327895076,1.5));
#6889 = DIRECTION('',(1.,-4.06E-15,0.));
#6890 = DIRECTION('',(4.06E-15,1.,0.));
#6891 = ADVANCED_FACE('',(#6892),#6910,.T.);
#6892 = FACE_BOUND('',#6893,.T.);
#6893 = EDGE_LOOP('',(#6894,#6902,#6903,#6904));
#6894 = ORIENTED_EDGE('',*,*,#6895,.F.);
#6895 = EDGE_CURVE('',#6848,#6896,#6898,.T.);
#6896 = VERTEX_POINT('',#6897);
#6897 = CARTESIAN_POINT('',(301.42668213469,-63.93279278538,1.5));
#6898 = LINE('',#6899,#6900);
#6899 = CARTESIAN_POINT('',(301.42668213469,-55.60279431232,1.5));
#6900 = VECTOR('',#6901,1.);
#6901 = DIRECTION('',(6.82E-15,-1.,0.));
#6902 = ORIENTED_EDGE('',*,*,#6857,.T.);
#6903 = ORIENTED_EDGE('',*,*,#1442,.T.);
#6904 = ORIENTED_EDGE('',*,*,#6905,.F.);
#6905 = EDGE_CURVE('',#6896,#1443,#6906,.T.);
#6906 = LINE('',#6907,#6908);
#6907 = CARTESIAN_POINT('',(301.42668213469,-63.93279278538,1.5));
#6908 = VECTOR('',#6909,1.);
#6909 = DIRECTION('',(-0.,-0.,-1.));
#6910 = PLANE('',#6911);
#6911 = AXIS2_PLACEMENT_3D('',#6912,#6913,#6914);
#6912 = CARTESIAN_POINT('',(301.42668213469,-55.60279431232,1.5));
#6913 = DIRECTION('',(-1.,-6.82E-15,0.));
#6914 = DIRECTION('',(6.82E-15,-1.,0.));
#6915 = ADVANCED_FACE('',(#6916),#6934,.T.);
#6916 = FACE_BOUND('',#6917,.T.);
#6917 = EDGE_LOOP('',(#6918,#6926,#6932,#6933));
#6918 = ORIENTED_EDGE('',*,*,#6919,.F.);
#6919 = EDGE_CURVE('',#6920,#6872,#6922,.T.);
#6920 = VERTEX_POINT('',#6921);
#6921 = CARTESIAN_POINT('',(289.13308520809,-77.9327895076,1.5));
#6922 = LINE('',#6923,#6924);
#6923 = CARTESIAN_POINT('',(289.13308520809,-77.9327895076,1.5));
#6924 = VECTOR('',#6925,1.);
#6925 = DIRECTION('',(-1.,0.,0.));
#6926 = ORIENTED_EDGE('',*,*,#6927,.T.);
#6927 = EDGE_CURVE('',#6920,#1491,#6928,.T.);
#6928 = LINE('',#6929,#6930);
#6929 = CARTESIAN_POINT('',(289.13308520809,-77.9327895076,1.5));
#6930 = VECTOR('',#6931,1.);
#6931 = DIRECTION('',(-0.,-0.,-1.));
#6932 = ORIENTED_EDGE('',*,*,#1498,.T.);
#6933 = ORIENTED_EDGE('',*,*,#6879,.F.);
#6934 = PLANE('',#6935);
#6935 = AXIS2_PLACEMENT_3D('',#6936,#6937,#6938);
#6936 = CARTESIAN_POINT('',(289.13308520809,-77.9327895076,1.5));
#6937 = DIRECTION('',(0.,1.,0.));
#6938 = DIRECTION('',(-1.,0.,0.));
#6939 = ADVANCED_FACE('',(#6940),#6958,.T.);
#6940 = FACE_BOUND('',#6941,.T.);
#6941 = EDGE_LOOP('',(#6942,#6950,#6951,#6952));
#6942 = ORIENTED_EDGE('',*,*,#6943,.F.);
#6943 = EDGE_CURVE('',#6896,#6944,#6946,.T.);
#6944 = VERTEX_POINT('',#6945);
#6945 = CARTESIAN_POINT('',(302.2798820325,-63.93279278538,1.5));
#6946 = LINE('',#6947,#6948);
#6947 = CARTESIAN_POINT('',(301.42668213469,-63.93279278538,1.5));
#6948 = VECTOR('',#6949,1.);
#6949 = DIRECTION('',(1.,-2.498E-14,0.));
#6950 = ORIENTED_EDGE('',*,*,#6905,.T.);
#6951 = ORIENTED_EDGE('',*,*,#1450,.T.);
#6952 = ORIENTED_EDGE('',*,*,#6953,.F.);
#6953 = EDGE_CURVE('',#6944,#1451,#6954,.T.);
#6954 = LINE('',#6955,#6956);
#6955 = CARTESIAN_POINT('',(302.2798820325,-63.93279278538,1.5));
#6956 = VECTOR('',#6957,1.);
#6957 = DIRECTION('',(-0.,-0.,-1.));
#6958 = PLANE('',#6959);
#6959 = AXIS2_PLACEMENT_3D('',#6960,#6961,#6962);
#6960 = CARTESIAN_POINT('',(301.42668213469,-63.93279278538,1.5));
#6961 = DIRECTION('',(-2.498E-14,-1.,0.));
#6962 = DIRECTION('',(1.,-2.498E-14,0.));
#6963 = ADVANCED_FACE('',(#6964),#6982,.T.);
#6964 = FACE_BOUND('',#6965,.T.);
#6965 = EDGE_LOOP('',(#6966,#6974,#6980,#6981));
#6966 = ORIENTED_EDGE('',*,*,#6967,.F.);
#6967 = EDGE_CURVE('',#6968,#6920,#6970,.T.);
#6968 = VERTEX_POINT('',#6969);
#6969 = CARTESIAN_POINT('',(289.13308520809,-86.26278798065,1.5));
#6970 = LINE('',#6971,#6972);
#6971 = CARTESIAN_POINT('',(289.13308520809,-86.26278798065,1.5));
#6972 = VECTOR('',#6973,1.);
#6973 = DIRECTION('',(0.,1.,0.));
#6974 = ORIENTED_EDGE('',*,*,#6975,.T.);
#6975 = EDGE_CURVE('',#6968,#1483,#6976,.T.);
#6976 = LINE('',#6977,#6978);
#6977 = CARTESIAN_POINT('',(289.13308520809,-86.26278798065,1.5));
#6978 = VECTOR('',#6979,1.);
#6979 = DIRECTION('',(-0.,-0.,-1.));
#6980 = ORIENTED_EDGE('',*,*,#1490,.T.);
#6981 = ORIENTED_EDGE('',*,*,#6927,.F.);
#6982 = PLANE('',#6983);
#6983 = AXIS2_PLACEMENT_3D('',#6984,#6985,#6986);
#6984 = CARTESIAN_POINT('',(289.13308520809,-86.26278798065,1.5));
#6985 = DIRECTION('',(1.,0.,0.));
#6986 = DIRECTION('',(0.,1.,0.));
#6987 = ADVANCED_FACE('',(#6988),#7006,.T.);
#6988 = FACE_BOUND('',#6989,.T.);
#6989 = EDGE_LOOP('',(#6990,#6998,#6999,#7000));
#6990 = ORIENTED_EDGE('',*,*,#6991,.F.);
#6991 = EDGE_CURVE('',#6944,#6992,#6994,.T.);
#6992 = VERTEX_POINT('',#6993);
#6993 = CARTESIAN_POINT('',(302.2798820325,-77.9327895076,1.5));
#6994 = LINE('',#6995,#6996);
#6995 = CARTESIAN_POINT('',(302.2798820325,-63.93279278538,1.5));
#6996 = VECTOR('',#6997,1.);
#6997 = DIRECTION('',(0.,-1.,0.));
#6998 = ORIENTED_EDGE('',*,*,#6953,.T.);
#6999 = ORIENTED_EDGE('',*,*,#1458,.T.);
#7000 = ORIENTED_EDGE('',*,*,#7001,.F.);
#7001 = EDGE_CURVE('',#6992,#1459,#7002,.T.);
#7002 = LINE('',#7003,#7004);
#7003 = CARTESIAN_POINT('',(302.2798820325,-77.9327895076,1.5));
#7004 = VECTOR('',#7005,1.);
#7005 = DIRECTION('',(-0.,-0.,-1.));
#7006 = PLANE('',#7007);
#7007 = AXIS2_PLACEMENT_3D('',#7008,#7009,#7010);
#7008 = CARTESIAN_POINT('',(302.2798820325,-63.93279278538,1.5));
#7009 = DIRECTION('',(-1.,0.,0.));
#7010 = DIRECTION('',(0.,-1.,0.));
#7011 = ADVANCED_FACE('',(#7012),#7030,.T.);
#7012 = FACE_BOUND('',#7013,.T.);
#7013 = EDGE_LOOP('',(#7014,#7022,#7028,#7029));
#7014 = ORIENTED_EDGE('',*,*,#7015,.F.);
#7015 = EDGE_CURVE('',#7016,#6968,#7018,.T.);
#7016 = VERTEX_POINT('',#7017);
#7017 = CARTESIAN_POINT('',(301.42668213469,-86.26278798065,1.5));
#7018 = LINE('',#7019,#7020);
#7019 = CARTESIAN_POINT('',(301.42668213469,-86.26278798065,1.5));
#7020 = VECTOR('',#7021,1.);
#7021 = DIRECTION('',(-1.,0.,0.));
#7022 = ORIENTED_EDGE('',*,*,#7023,.T.);
#7023 = EDGE_CURVE('',#7016,#1475,#7024,.T.);
#7024 = LINE('',#7025,#7026);
#7025 = CARTESIAN_POINT('',(301.42668213469,-86.26278798065,1.5));
#7026 = VECTOR('',#7027,1.);
#7027 = DIRECTION('',(-0.,-0.,-1.));
#7028 = ORIENTED_EDGE('',*,*,#1482,.T.);
#7029 = ORIENTED_EDGE('',*,*,#6975,.F.);
#7030 = PLANE('',#7031);
#7031 = AXIS2_PLACEMENT_3D('',#7032,#7033,#7034);
#7032 = CARTESIAN_POINT('',(301.42668213469,-86.26278798065,1.5));
#7033 = DIRECTION('',(0.,1.,0.));
#7034 = DIRECTION('',(-1.,0.,0.));
#7035 = ADVANCED_FACE('',(#7036),#7054,.T.);
#7036 = FACE_BOUND('',#7037,.T.);
#7037 = EDGE_LOOP('',(#7038,#7046,#7047,#7048));
#7038 = ORIENTED_EDGE('',*,*,#7039,.F.);
#7039 = EDGE_CURVE('',#6992,#7040,#7042,.T.);
#7040 = VERTEX_POINT('',#7041);
#7041 = CARTESIAN_POINT('',(301.42668213469,-77.9327895076,1.5));
#7042 = LINE('',#7043,#7044);
#7043 = CARTESIAN_POINT('',(302.2798820325,-77.9327895076,1.5));
#7044 = VECTOR('',#7045,1.);
#7045 = DIRECTION('',(-1.,0.,0.));
#7046 = ORIENTED_EDGE('',*,*,#7001,.T.);
#7047 = ORIENTED_EDGE('',*,*,#1466,.T.);
#7048 = ORIENTED_EDGE('',*,*,#7049,.F.);
#7049 = EDGE_CURVE('',#7040,#1467,#7050,.T.);
#7050 = LINE('',#7051,#7052);
#7051 = CARTESIAN_POINT('',(301.42668213469,-77.9327895076,1.5));
#7052 = VECTOR('',#7053,1.);
#7053 = DIRECTION('',(-0.,-0.,-1.));
#7054 = PLANE('',#7055);
#7055 = AXIS2_PLACEMENT_3D('',#7056,#7057,#7058);
#7056 = CARTESIAN_POINT('',(302.2798820325,-77.9327895076,1.5));
#7057 = DIRECTION('',(0.,1.,0.));
#7058 = DIRECTION('',(-1.,0.,0.));
#7059 = ADVANCED_FACE('',(#7060),#7071,.T.);
#7060 = FACE_BOUND('',#7061,.T.);
#7061 = EDGE_LOOP('',(#7062,#7068,#7069,#7070));
#7062 = ORIENTED_EDGE('',*,*,#7063,.F.);
#7063 = EDGE_CURVE('',#7040,#7016,#7064,.T.);
#7064 = LINE('',#7065,#7066);
#7065 = CARTESIAN_POINT('',(301.42668213469,-77.9327895076,1.5));
#7066 = VECTOR('',#7067,1.);
#7067 = DIRECTION('',(-1.365E-14,-1.,0.));
#7068 = ORIENTED_EDGE('',*,*,#7049,.T.);
#7069 = ORIENTED_EDGE('',*,*,#1474,.T.);
#7070 = ORIENTED_EDGE('',*,*,#7023,.F.);
#7071 = PLANE('',#7072);
#7072 = AXIS2_PLACEMENT_3D('',#7073,#7074,#7075);
#7073 = CARTESIAN_POINT('',(301.42668213469,-77.9327895076,1.5));
#7074 = DIRECTION('',(-1.,1.365E-14,0.));
#7075 = DIRECTION('',(-1.365E-14,-1.,0.));
#7076 = ADVANCED_FACE('',(#7077),#7102,.F.);
#7077 = FACE_BOUND('',#7078,.F.);
#7078 = EDGE_LOOP('',(#7079,#7089,#7095,#7096));
#7079 = ORIENTED_EDGE('',*,*,#7080,.F.);
#7080 = EDGE_CURVE('',#7081,#7083,#7085,.T.);
#7081 = VERTEX_POINT('',#7082);
#7082 = CARTESIAN_POINT('',(28.723700199348,-54.40779516663,1.5));
#7083 = VERTEX_POINT('',#7084);
#7084 = CARTESIAN_POINT('',(28.723700199348,-68.40779188885,1.5));
#7085 = LINE('',#7086,#7087);
#7086 = CARTESIAN_POINT('',(28.723700199348,-54.40779516663,1.5));
#7087 = VECTOR('',#7088,1.);
#7088 = DIRECTION('',(0.,-1.,0.));
#7089 = ORIENTED_EDGE('',*,*,#7090,.T.);
#7090 = EDGE_CURVE('',#7081,#1523,#7091,.T.);
#7091 = LINE('',#7092,#7093);
#7092 = CARTESIAN_POINT('',(28.723700199348,-54.40779516663,1.5));
#7093 = VECTOR('',#7094,1.);
#7094 = DIRECTION('',(-0.,-0.,-1.));
#7095 = ORIENTED_EDGE('',*,*,#1522,.T.);
#7096 = ORIENTED_EDGE('',*,*,#7097,.F.);
#7097 = EDGE_CURVE('',#7083,#1525,#7098,.T.);
#7098 = LINE('',#7099,#7100);
#7099 = CARTESIAN_POINT('',(28.723700199348,-68.40779188885,1.5));
#7100 = VECTOR('',#7101,1.);
#7101 = DIRECTION('',(-0.,-0.,-1.));
#7102 = PLANE('',#7103);
#7103 = AXIS2_PLACEMENT_3D('',#7104,#7105,#7106);
#7104 = CARTESIAN_POINT('',(28.723700199348,-54.40779516663,1.5));
#7105 = DIRECTION('',(-1.,0.,0.));
#7106 = DIRECTION('',(0.,-1.,0.));
#7107 = ADVANCED_FACE('',(#7108),#7126,.F.);
#7108 = FACE_BOUND('',#7109,.F.);
#7109 = EDGE_LOOP('',(#7110,#7118,#7124,#7125));
#7110 = ORIENTED_EDGE('',*,*,#7111,.F.);
#7111 = EDGE_CURVE('',#7112,#7081,#7114,.T.);
#7112 = VERTEX_POINT('',#7113);
#7113 = CARTESIAN_POINT('',(42.72369692157,-54.40779516663,1.5));
#7114 = LINE('',#7115,#7116);
#7115 = CARTESIAN_POINT('',(42.72369692157,-54.40779516663,1.5));
#7116 = VECTOR('',#7117,1.);
#7117 = DIRECTION('',(-1.,0.,0.));
#7118 = ORIENTED_EDGE('',*,*,#7119,.T.);
#7119 = EDGE_CURVE('',#7112,#1533,#7120,.T.);
#7120 = LINE('',#7121,#7122);
#7121 = CARTESIAN_POINT('',(42.72369692157,-54.40779516663,1.5));
#7122 = VECTOR('',#7123,1.);
#7123 = DIRECTION('',(-0.,-0.,-1.));
#7124 = ORIENTED_EDGE('',*,*,#1532,.T.);
#7125 = ORIENTED_EDGE('',*,*,#7090,.F.);
#7126 = PLANE('',#7127);
#7127 = AXIS2_PLACEMENT_3D('',#7128,#7129,#7130);
#7128 = CARTESIAN_POINT('',(42.72369692157,-54.40779516663,1.5));
#7129 = DIRECTION('',(0.,1.,0.));
#7130 = DIRECTION('',(-1.,0.,0.));
#7131 = ADVANCED_FACE('',(#7132),#7150,.F.);
#7132 = FACE_BOUND('',#7133,.F.);
#7133 = EDGE_LOOP('',(#7134,#7142,#7143,#7144));
#7134 = ORIENTED_EDGE('',*,*,#7135,.F.);
#7135 = EDGE_CURVE('',#7083,#7136,#7138,.T.);
#7136 = VERTEX_POINT('',#7137);
#7137 = CARTESIAN_POINT('',(42.72369692157,-68.40779188885,1.5));
#7138 = LINE('',#7139,#7140);
#7139 = CARTESIAN_POINT('',(28.723700199348,-68.40779188885,1.5));
#7140 = VECTOR('',#7141,1.);
#7141 = DIRECTION('',(1.,0.,0.));
#7142 = ORIENTED_EDGE('',*,*,#7097,.T.);
#7143 = ORIENTED_EDGE('',*,*,#1548,.T.);
#7144 = ORIENTED_EDGE('',*,*,#7145,.F.);
#7145 = EDGE_CURVE('',#7136,#1541,#7146,.T.);
#7146 = LINE('',#7147,#7148);
#7147 = CARTESIAN_POINT('',(42.72369692157,-68.40779188885,1.5));
#7148 = VECTOR('',#7149,1.);
#7149 = DIRECTION('',(-0.,-0.,-1.));
#7150 = PLANE('',#7151);
#7151 = AXIS2_PLACEMENT_3D('',#7152,#7153,#7154);
#7152 = CARTESIAN_POINT('',(28.723700199348,-68.40779188885,1.5));
#7153 = DIRECTION('',(0.,-1.,0.));
#7154 = DIRECTION('',(1.,0.,0.));
#7155 = ADVANCED_FACE('',(#7156),#7167,.F.);
#7156 = FACE_BOUND('',#7157,.F.);
#7157 = EDGE_LOOP('',(#7158,#7164,#7165,#7166));
#7158 = ORIENTED_EDGE('',*,*,#7159,.F.);
#7159 = EDGE_CURVE('',#7136,#7112,#7160,.T.);
#7160 = LINE('',#7161,#7162);
#7161 = CARTESIAN_POINT('',(42.72369692157,-68.40779188885,1.5));
#7162 = VECTOR('',#7163,1.);
#7163 = DIRECTION('',(0.,1.,0.));
#7164 = ORIENTED_EDGE('',*,*,#7145,.T.);
#7165 = ORIENTED_EDGE('',*,*,#1540,.T.);
#7166 = ORIENTED_EDGE('',*,*,#7119,.F.);
#7167 = PLANE('',#7168);
#7168 = AXIS2_PLACEMENT_3D('',#7169,#7170,#7171);
#7169 = CARTESIAN_POINT('',(42.72369692157,-68.40779188885,1.5));
#7170 = DIRECTION('',(1.,0.,0.));
#7171 = DIRECTION('',(0.,1.,0.));
#7172 = ADVANCED_FACE('',(#7173),#7198,.F.);
#7173 = FACE_BOUND('',#7174,.F.);
#7174 = EDGE_LOOP('',(#7175,#7185,#7191,#7192));
#7175 = ORIENTED_EDGE('',*,*,#7176,.F.);
#7176 = EDGE_CURVE('',#7177,#7179,#7181,.T.);
#7177 = VERTEX_POINT('',#7178);
#7178 = CARTESIAN_POINT('',(52.536194246223,-54.40779516663,1.5));
#7179 = VERTEX_POINT('',#7180);
#7180 = CARTESIAN_POINT('',(52.536194246223,-68.40779188885,1.5));
#7181 = LINE('',#7182,#7183);
#7182 = CARTESIAN_POINT('',(52.536194246223,-54.40779516663,1.5));
#7183 = VECTOR('',#7184,1.);
#7184 = DIRECTION('',(0.,-1.,0.));
#7185 = ORIENTED_EDGE('',*,*,#7186,.T.);
#7186 = EDGE_CURVE('',#7177,#1557,#7187,.T.);
#7187 = LINE('',#7188,#7189);
#7188 = CARTESIAN_POINT('',(52.536194246223,-54.40779516663,1.5));
#7189 = VECTOR('',#7190,1.);
#7190 = DIRECTION('',(-0.,-0.,-1.));
#7191 = ORIENTED_EDGE('',*,*,#1556,.T.);
#7192 = ORIENTED_EDGE('',*,*,#7193,.F.);
#7193 = EDGE_CURVE('',#7179,#1559,#7194,.T.);
#7194 = LINE('',#7195,#7196);
#7195 = CARTESIAN_POINT('',(52.536194246223,-68.40779188885,1.5));
#7196 = VECTOR('',#7197,1.);
#7197 = DIRECTION('',(-0.,-0.,-1.));
#7198 = PLANE('',#7199);
#7199 = AXIS2_PLACEMENT_3D('',#7200,#7201,#7202);
#7200 = CARTESIAN_POINT('',(52.536194246223,-54.40779516663,1.5));
#7201 = DIRECTION('',(-1.,0.,0.));
#7202 = DIRECTION('',(0.,-1.,0.));
#7203 = ADVANCED_FACE('',(#7204),#7222,.F.);
#7204 = FACE_BOUND('',#7205,.F.);
#7205 = EDGE_LOOP('',(#7206,#7214,#7220,#7221));
#7206 = ORIENTED_EDGE('',*,*,#7207,.F.);
#7207 = EDGE_CURVE('',#7208,#7177,#7210,.T.);
#7208 = VERTEX_POINT('',#7209);
#7209 = CARTESIAN_POINT('',(66.536190968445,-54.40779516663,1.5));
#7210 = LINE('',#7211,#7212);
#7211 = CARTESIAN_POINT('',(66.536190968445,-54.40779516663,1.5));
#7212 = VECTOR('',#7213,1.);
#7213 = DIRECTION('',(-1.,0.,0.));
#7214 = ORIENTED_EDGE('',*,*,#7215,.T.);
#7215 = EDGE_CURVE('',#7208,#1567,#7216,.T.);
#7216 = LINE('',#7217,#7218);
#7217 = CARTESIAN_POINT('',(66.536190968445,-54.40779516663,1.5));
#7218 = VECTOR('',#7219,1.);
#7219 = DIRECTION('',(-0.,-0.,-1.));
#7220 = ORIENTED_EDGE('',*,*,#1566,.T.);
#7221 = ORIENTED_EDGE('',*,*,#7186,.F.);
#7222 = PLANE('',#7223);
#7223 = AXIS2_PLACEMENT_3D('',#7224,#7225,#7226);
#7224 = CARTESIAN_POINT('',(66.536190968445,-54.40779516663,1.5));
#7225 = DIRECTION('',(0.,1.,0.));
#7226 = DIRECTION('',(-1.,0.,0.));
#7227 = ADVANCED_FACE('',(#7228),#7246,.F.);
#7228 = FACE_BOUND('',#7229,.F.);
#7229 = EDGE_LOOP('',(#7230,#7238,#7239,#7240));
#7230 = ORIENTED_EDGE('',*,*,#7231,.F.);
#7231 = EDGE_CURVE('',#7179,#7232,#7234,.T.);
#7232 = VERTEX_POINT('',#7233);
#7233 = CARTESIAN_POINT('',(66.536190968445,-68.40779188885,1.5));
#7234 = LINE('',#7235,#7236);
#7235 = CARTESIAN_POINT('',(52.536194246223,-68.40779188885,1.5));
#7236 = VECTOR('',#7237,1.);
#7237 = DIRECTION('',(1.,0.,0.));
#7238 = ORIENTED_EDGE('',*,*,#7193,.T.);
#7239 = ORIENTED_EDGE('',*,*,#1582,.T.);
#7240 = ORIENTED_EDGE('',*,*,#7241,.F.);
#7241 = EDGE_CURVE('',#7232,#1575,#7242,.T.);
#7242 = LINE('',#7243,#7244);
#7243 = CARTESIAN_POINT('',(66.536190968445,-68.40779188885,1.5));
#7244 = VECTOR('',#7245,1.);
#7245 = DIRECTION('',(-0.,-0.,-1.));
#7246 = PLANE('',#7247);
#7247 = AXIS2_PLACEMENT_3D('',#7248,#7249,#7250);
#7248 = CARTESIAN_POINT('',(52.536194246223,-68.40779188885,1.5));
#7249 = DIRECTION('',(0.,-1.,0.));
#7250 = DIRECTION('',(1.,0.,0.));
#7251 = ADVANCED_FACE('',(#7252),#7263,.F.);
#7252 = FACE_BOUND('',#7253,.F.);
#7253 = EDGE_LOOP('',(#7254,#7260,#7261,#7262));
#7254 = ORIENTED_EDGE('',*,*,#7255,.F.);
#7255 = EDGE_CURVE('',#7232,#7208,#7256,.T.);
#7256 = LINE('',#7257,#7258);
#7257 = CARTESIAN_POINT('',(66.536190968445,-68.40779188885,1.5));
#7258 = VECTOR('',#7259,1.);
#7259 = DIRECTION('',(0.,1.,0.));
#7260 = ORIENTED_EDGE('',*,*,#7241,.T.);
#7261 = ORIENTED_EDGE('',*,*,#1574,.T.);
#7262 = ORIENTED_EDGE('',*,*,#7215,.F.);
#7263 = PLANE('',#7264);
#7264 = AXIS2_PLACEMENT_3D('',#7265,#7266,#7267);
#7265 = CARTESIAN_POINT('',(66.536190968445,-68.40779188885,1.5));
#7266 = DIRECTION('',(1.,0.,0.));
#7267 = DIRECTION('',(0.,1.,0.));
#7268 = ADVANCED_FACE('',(#7269),#7294,.F.);
#7269 = FACE_BOUND('',#7270,.F.);
#7270 = EDGE_LOOP('',(#7271,#7281,#7287,#7288));
#7271 = ORIENTED_EDGE('',*,*,#7272,.F.);
#7272 = EDGE_CURVE('',#7273,#7275,#7277,.T.);
#7273 = VERTEX_POINT('',#7274);
#7274 = CARTESIAN_POINT('',(71.586189483723,-54.40779516663,1.5));
#7275 = VERTEX_POINT('',#7276);
#7276 = CARTESIAN_POINT('',(71.586189483723,-68.40779188885,1.5));
#7277 = LINE('',#7278,#7279);
#7278 = CARTESIAN_POINT('',(71.586189483723,-54.40779516663,1.5));
#7279 = VECTOR('',#7280,1.);
#7280 = DIRECTION('',(0.,-1.,0.));
#7281 = ORIENTED_EDGE('',*,*,#7282,.T.);
#7282 = EDGE_CURVE('',#7273,#1591,#7283,.T.);
#7283 = LINE('',#7284,#7285);
#7284 = CARTESIAN_POINT('',(71.586189483723,-54.40779516663,1.5));
#7285 = VECTOR('',#7286,1.);
#7286 = DIRECTION('',(-0.,-0.,-1.));
#7287 = ORIENTED_EDGE('',*,*,#1590,.T.);
#7288 = ORIENTED_EDGE('',*,*,#7289,.F.);
#7289 = EDGE_CURVE('',#7275,#1593,#7290,.T.);
#7290 = LINE('',#7291,#7292);
#7291 = CARTESIAN_POINT('',(71.586189483723,-68.40779188885,1.5));
#7292 = VECTOR('',#7293,1.);
#7293 = DIRECTION('',(-0.,-0.,-1.));
#7294 = PLANE('',#7295);
#7295 = AXIS2_PLACEMENT_3D('',#7296,#7297,#7298);
#7296 = CARTESIAN_POINT('',(71.586189483723,-54.40779516663,1.5));
#7297 = DIRECTION('',(-1.,0.,0.));
#7298 = DIRECTION('',(0.,-1.,0.));
#7299 = ADVANCED_FACE('',(#7300),#7318,.F.);
#7300 = FACE_BOUND('',#7301,.F.);
#7301 = EDGE_LOOP('',(#7302,#7310,#7316,#7317));
#7302 = ORIENTED_EDGE('',*,*,#7303,.F.);
#7303 = EDGE_CURVE('',#7304,#7273,#7306,.T.);
#7304 = VERTEX_POINT('',#7305);
#7305 = CARTESIAN_POINT('',(85.586186205945,-54.40779516663,1.5));
#7306 = LINE('',#7307,#7308);
#7307 = CARTESIAN_POINT('',(85.586186205945,-54.40779516663,1.5));
#7308 = VECTOR('',#7309,1.);
#7309 = DIRECTION('',(-1.,0.,0.));
#7310 = ORIENTED_EDGE('',*,*,#7311,.T.);
#7311 = EDGE_CURVE('',#7304,#1601,#7312,.T.);
#7312 = LINE('',#7313,#7314);
#7313 = CARTESIAN_POINT('',(85.586186205945,-54.40779516663,1.5));
#7314 = VECTOR('',#7315,1.);
#7315 = DIRECTION('',(-0.,-0.,-1.));
#7316 = ORIENTED_EDGE('',*,*,#1600,.T.);
#7317 = ORIENTED_EDGE('',*,*,#7282,.F.);
#7318 = PLANE('',#7319);
#7319 = AXIS2_PLACEMENT_3D('',#7320,#7321,#7322);
#7320 = CARTESIAN_POINT('',(85.586186205945,-54.40779516663,1.5));
#7321 = DIRECTION('',(0.,1.,0.));
#7322 = DIRECTION('',(-1.,0.,0.));
#7323 = ADVANCED_FACE('',(#7324),#7342,.F.);
#7324 = FACE_BOUND('',#7325,.F.);
#7325 = EDGE_LOOP('',(#7326,#7334,#7335,#7336));
#7326 = ORIENTED_EDGE('',*,*,#7327,.F.);
#7327 = EDGE_CURVE('',#7275,#7328,#7330,.T.);
#7328 = VERTEX_POINT('',#7329);
#7329 = CARTESIAN_POINT('',(85.586186205945,-68.40779188885,1.5));
#7330 = LINE('',#7331,#7332);
#7331 = CARTESIAN_POINT('',(71.586189483723,-68.40779188885,1.5));
#7332 = VECTOR('',#7333,1.);
#7333 = DIRECTION('',(1.,0.,0.));
#7334 = ORIENTED_EDGE('',*,*,#7289,.T.);
#7335 = ORIENTED_EDGE('',*,*,#1616,.T.);
#7336 = ORIENTED_EDGE('',*,*,#7337,.F.);
#7337 = EDGE_CURVE('',#7328,#1609,#7338,.T.);
#7338 = LINE('',#7339,#7340);
#7339 = CARTESIAN_POINT('',(85.586186205945,-68.40779188885,1.5));
#7340 = VECTOR('',#7341,1.);
#7341 = DIRECTION('',(-0.,-0.,-1.));
#7342 = PLANE('',#7343);
#7343 = AXIS2_PLACEMENT_3D('',#7344,#7345,#7346);
#7344 = CARTESIAN_POINT('',(71.586189483723,-68.40779188885,1.5));
#7345 = DIRECTION('',(0.,-1.,0.));
#7346 = DIRECTION('',(1.,0.,0.));
#7347 = ADVANCED_FACE('',(#7348),#7359,.F.);
#7348 = FACE_BOUND('',#7349,.F.);
#7349 = EDGE_LOOP('',(#7350,#7356,#7357,#7358));
#7350 = ORIENTED_EDGE('',*,*,#7351,.F.);
#7351 = EDGE_CURVE('',#7328,#7304,#7352,.T.);
#7352 = LINE('',#7353,#7354);
#7353 = CARTESIAN_POINT('',(85.586186205945,-68.40779188885,1.5));
#7354 = VECTOR('',#7355,1.);
#7355 = DIRECTION('',(0.,1.,0.));
#7356 = ORIENTED_EDGE('',*,*,#7337,.T.);
#7357 = ORIENTED_EDGE('',*,*,#1608,.T.);
#7358 = ORIENTED_EDGE('',*,*,#7311,.F.);
#7359 = PLANE('',#7360);
#7360 = AXIS2_PLACEMENT_3D('',#7361,#7362,#7363);
#7361 = CARTESIAN_POINT('',(85.586186205945,-68.40779188885,1.5));
#7362 = DIRECTION('',(1.,0.,0.));
#7363 = DIRECTION('',(0.,1.,0.));
#7364 = ADVANCED_FACE('',(#7365),#7390,.F.);
#7365 = FACE_BOUND('',#7366,.F.);
#7366 = EDGE_LOOP('',(#7367,#7377,#7383,#7384));
#7367 = ORIENTED_EDGE('',*,*,#7368,.F.);
#7368 = EDGE_CURVE('',#7369,#7371,#7373,.T.);
#7369 = VERTEX_POINT('',#7370);
#7370 = CARTESIAN_POINT('',(23.961201389973,-35.35779992913,1.5));
#7371 = VERTEX_POINT('',#7372);
#7372 = CARTESIAN_POINT('',(23.961201389973,-49.35779665135,1.5));
#7373 = LINE('',#7374,#7375);
#7374 = CARTESIAN_POINT('',(23.961201389973,-35.35779992913,1.5));
#7375 = VECTOR('',#7376,1.);
#7376 = DIRECTION('',(0.,-1.,0.));
#7377 = ORIENTED_EDGE('',*,*,#7378,.T.);
#7378 = EDGE_CURVE('',#7369,#1625,#7379,.T.);
#7379 = LINE('',#7380,#7381);
#7380 = CARTESIAN_POINT('',(23.961201389973,-35.35779992913,1.5));
#7381 = VECTOR('',#7382,1.);
#7382 = DIRECTION('',(-0.,-0.,-1.));
#7383 = ORIENTED_EDGE('',*,*,#1624,.T.);
#7384 = ORIENTED_EDGE('',*,*,#7385,.F.);
#7385 = EDGE_CURVE('',#7371,#1627,#7386,.T.);
#7386 = LINE('',#7387,#7388);
#7387 = CARTESIAN_POINT('',(23.961201389973,-49.35779665135,1.5));
#7388 = VECTOR('',#7389,1.);
#7389 = DIRECTION('',(-0.,-0.,-1.));
#7390 = PLANE('',#7391);
#7391 = AXIS2_PLACEMENT_3D('',#7392,#7393,#7394);
#7392 = CARTESIAN_POINT('',(23.961201389973,-35.35779992913,1.5));
#7393 = DIRECTION('',(-1.,0.,0.));
#7394 = DIRECTION('',(0.,-1.,0.));
#7395 = ADVANCED_FACE('',(#7396),#7414,.F.);
#7396 = FACE_BOUND('',#7397,.F.);
#7397 = EDGE_LOOP('',(#7398,#7406,#7412,#7413));
#7398 = ORIENTED_EDGE('',*,*,#7399,.F.);
#7399 = EDGE_CURVE('',#7400,#7369,#7402,.T.);
#7400 = VERTEX_POINT('',#7401);
#7401 = CARTESIAN_POINT('',(37.961198112195,-35.35779992913,1.5));
#7402 = LINE('',#7403,#7404);
#7403 = CARTESIAN_POINT('',(37.961198112195,-35.35779992913,1.5));
#7404 = VECTOR('',#7405,1.);
#7405 = DIRECTION('',(-1.,0.,0.));
#7406 = ORIENTED_EDGE('',*,*,#7407,.T.);
#7407 = EDGE_CURVE('',#7400,#1635,#7408,.T.);
#7408 = LINE('',#7409,#7410);
#7409 = CARTESIAN_POINT('',(37.961198112195,-35.35779992913,1.5));
#7410 = VECTOR('',#7411,1.);
#7411 = DIRECTION('',(-0.,-0.,-1.));
#7412 = ORIENTED_EDGE('',*,*,#1634,.T.);
#7413 = ORIENTED_EDGE('',*,*,#7378,.F.);
#7414 = PLANE('',#7415);
#7415 = AXIS2_PLACEMENT_3D('',#7416,#7417,#7418);
#7416 = CARTESIAN_POINT('',(37.961198112195,-35.35779992913,1.5));
#7417 = DIRECTION('',(0.,1.,0.));
#7418 = DIRECTION('',(-1.,0.,0.));
#7419 = ADVANCED_FACE('',(#7420),#7438,.F.);
#7420 = FACE_BOUND('',#7421,.F.);
#7421 = EDGE_LOOP('',(#7422,#7430,#7431,#7432));
#7422 = ORIENTED_EDGE('',*,*,#7423,.F.);
#7423 = EDGE_CURVE('',#7371,#7424,#7426,.T.);
#7424 = VERTEX_POINT('',#7425);
#7425 = CARTESIAN_POINT('',(37.961198112195,-49.35779665135,1.5));
#7426 = LINE('',#7427,#7428);
#7427 = CARTESIAN_POINT('',(23.961201389973,-49.35779665135,1.5));
#7428 = VECTOR('',#7429,1.);
#7429 = DIRECTION('',(1.,0.,0.));
#7430 = ORIENTED_EDGE('',*,*,#7385,.T.);
#7431 = ORIENTED_EDGE('',*,*,#1650,.T.);
#7432 = ORIENTED_EDGE('',*,*,#7433,.F.);
#7433 = EDGE_CURVE('',#7424,#1643,#7434,.T.);
#7434 = LINE('',#7435,#7436);
#7435 = CARTESIAN_POINT('',(37.961198112195,-49.35779665135,1.5));
#7436 = VECTOR('',#7437,1.);
#7437 = DIRECTION('',(-0.,-0.,-1.));
#7438 = PLANE('',#7439);
#7439 = AXIS2_PLACEMENT_3D('',#7440,#7441,#7442);
#7440 = CARTESIAN_POINT('',(23.961201389973,-49.35779665135,1.5));
#7441 = DIRECTION('',(0.,-1.,0.));
#7442 = DIRECTION('',(1.,0.,0.));
#7443 = ADVANCED_FACE('',(#7444),#7455,.F.);
#7444 = FACE_BOUND('',#7445,.F.);
#7445 = EDGE_LOOP('',(#7446,#7452,#7453,#7454));
#7446 = ORIENTED_EDGE('',*,*,#7447,.F.);
#7447 = EDGE_CURVE('',#7424,#7400,#7448,.T.);
#7448 = LINE('',#7449,#7450);
#7449 = CARTESIAN_POINT('',(37.961198112195,-49.35779665135,1.5));
#7450 = VECTOR('',#7451,1.);
#7451 = DIRECTION('',(0.,1.,0.));
#7452 = ORIENTED_EDGE('',*,*,#7433,.T.);
#7453 = ORIENTED_EDGE('',*,*,#1642,.T.);
#7454 = ORIENTED_EDGE('',*,*,#7407,.F.);
#7455 = PLANE('',#7456);
#7456 = AXIS2_PLACEMENT_3D('',#7457,#7458,#7459);
#7457 = CARTESIAN_POINT('',(37.961198112195,-49.35779665135,1.5));
#7458 = DIRECTION('',(1.,0.,0.));
#7459 = DIRECTION('',(0.,1.,0.));
#7460 = ADVANCED_FACE('',(#7461),#7486,.F.);
#7461 = FACE_BOUND('',#7462,.F.);
#7462 = EDGE_LOOP('',(#7463,#7473,#7479,#7480));
#7463 = ORIENTED_EDGE('',*,*,#7464,.F.);
#7464 = EDGE_CURVE('',#7465,#7467,#7469,.T.);
#7465 = VERTEX_POINT('',#7466);
#7466 = CARTESIAN_POINT('',(43.011196627473,-35.35779992913,1.5));
#7467 = VERTEX_POINT('',#7468);
#7468 = CARTESIAN_POINT('',(43.011196627473,-49.35779665135,1.5));
#7469 = LINE('',#7470,#7471);
#7470 = CARTESIAN_POINT('',(43.011196627473,-35.35779992913,1.5));
#7471 = VECTOR('',#7472,1.);
#7472 = DIRECTION('',(0.,-1.,0.));
#7473 = ORIENTED_EDGE('',*,*,#7474,.T.);
#7474 = EDGE_CURVE('',#7465,#1659,#7475,.T.);
#7475 = LINE('',#7476,#7477);
#7476 = CARTESIAN_POINT('',(43.011196627473,-35.35779992913,1.5));
#7477 = VECTOR('',#7478,1.);
#7478 = DIRECTION('',(-0.,-0.,-1.));
#7479 = ORIENTED_EDGE('',*,*,#1658,.T.);
#7480 = ORIENTED_EDGE('',*,*,#7481,.F.);
#7481 = EDGE_CURVE('',#7467,#1661,#7482,.T.);
#7482 = LINE('',#7483,#7484);
#7483 = CARTESIAN_POINT('',(43.011196627473,-49.35779665135,1.5));
#7484 = VECTOR('',#7485,1.);
#7485 = DIRECTION('',(-0.,-0.,-1.));
#7486 = PLANE('',#7487);
#7487 = AXIS2_PLACEMENT_3D('',#7488,#7489,#7490);
#7488 = CARTESIAN_POINT('',(43.011196627473,-35.35779992913,1.5));
#7489 = DIRECTION('',(-1.,0.,0.));
#7490 = DIRECTION('',(0.,-1.,0.));
#7491 = ADVANCED_FACE('',(#7492),#7510,.F.);
#7492 = FACE_BOUND('',#7493,.F.);
#7493 = EDGE_LOOP('',(#7494,#7502,#7508,#7509));
#7494 = ORIENTED_EDGE('',*,*,#7495,.F.);
#7495 = EDGE_CURVE('',#7496,#7465,#7498,.T.);
#7496 = VERTEX_POINT('',#7497);
#7497 = CARTESIAN_POINT('',(57.011193349695,-35.35779992913,1.5));
#7498 = LINE('',#7499,#7500);
#7499 = CARTESIAN_POINT('',(57.011193349695,-35.35779992913,1.5));
#7500 = VECTOR('',#7501,1.);
#7501 = DIRECTION('',(-1.,0.,0.));
#7502 = ORIENTED_EDGE('',*,*,#7503,.T.);
#7503 = EDGE_CURVE('',#7496,#1669,#7504,.T.);
#7504 = LINE('',#7505,#7506);
#7505 = CARTESIAN_POINT('',(57.011193349695,-35.35779992913,1.5));
#7506 = VECTOR('',#7507,1.);
#7507 = DIRECTION('',(-0.,-0.,-1.));
#7508 = ORIENTED_EDGE('',*,*,#1668,.T.);
#7509 = ORIENTED_EDGE('',*,*,#7474,.F.);
#7510 = PLANE('',#7511);
#7511 = AXIS2_PLACEMENT_3D('',#7512,#7513,#7514);
#7512 = CARTESIAN_POINT('',(57.011193349695,-35.35779992913,1.5));
#7513 = DIRECTION('',(0.,1.,0.));
#7514 = DIRECTION('',(-1.,0.,0.));
#7515 = ADVANCED_FACE('',(#7516),#7534,.F.);
#7516 = FACE_BOUND('',#7517,.F.);
#7517 = EDGE_LOOP('',(#7518,#7526,#7527,#7528));
#7518 = ORIENTED_EDGE('',*,*,#7519,.F.);
#7519 = EDGE_CURVE('',#7467,#7520,#7522,.T.);
#7520 = VERTEX_POINT('',#7521);
#7521 = CARTESIAN_POINT('',(57.011193349695,-49.35779665135,1.5));
#7522 = LINE('',#7523,#7524);
#7523 = CARTESIAN_POINT('',(43.011196627473,-49.35779665135,1.5));
#7524 = VECTOR('',#7525,1.);
#7525 = DIRECTION('',(1.,0.,0.));
#7526 = ORIENTED_EDGE('',*,*,#7481,.T.);
#7527 = ORIENTED_EDGE('',*,*,#1684,.T.);
#7528 = ORIENTED_EDGE('',*,*,#7529,.F.);
#7529 = EDGE_CURVE('',#7520,#1677,#7530,.T.);
#7530 = LINE('',#7531,#7532);
#7531 = CARTESIAN_POINT('',(57.011193349695,-49.35779665135,1.5));
#7532 = VECTOR('',#7533,1.);
#7533 = DIRECTION('',(-0.,-0.,-1.));
#7534 = PLANE('',#7535);
#7535 = AXIS2_PLACEMENT_3D('',#7536,#7537,#7538);
#7536 = CARTESIAN_POINT('',(43.011196627473,-49.35779665135,1.5));
#7537 = DIRECTION('',(0.,-1.,0.));
#7538 = DIRECTION('',(1.,0.,0.));
#7539 = ADVANCED_FACE('',(#7540),#7551,.F.);
#7540 = FACE_BOUND('',#7541,.F.);
#7541 = EDGE_LOOP('',(#7542,#7548,#7549,#7550));
#7542 = ORIENTED_EDGE('',*,*,#7543,.F.);
#7543 = EDGE_CURVE('',#7520,#7496,#7544,.T.);
#7544 = LINE('',#7545,#7546);
#7545 = CARTESIAN_POINT('',(57.011193349695,-49.35779665135,1.5));
#7546 = VECTOR('',#7547,1.);
#7547 = DIRECTION('',(0.,1.,0.));
#7548 = ORIENTED_EDGE('',*,*,#7529,.T.);
#7549 = ORIENTED_EDGE('',*,*,#1676,.T.);
#7550 = ORIENTED_EDGE('',*,*,#7503,.F.);
#7551 = PLANE('',#7552);
#7552 = AXIS2_PLACEMENT_3D('',#7553,#7554,#7555);
#7553 = CARTESIAN_POINT('',(57.011193349695,-49.35779665135,1.5));
#7554 = DIRECTION('',(1.,0.,0.));
#7555 = DIRECTION('',(0.,1.,0.));
#7556 = ADVANCED_FACE('',(#7557),#7582,.F.);
#7557 = FACE_BOUND('',#7558,.F.);
#7558 = EDGE_LOOP('',(#7559,#7569,#7575,#7576));
#7559 = ORIENTED_EDGE('',*,*,#7560,.F.);
#7560 = EDGE_CURVE('',#7561,#7563,#7565,.T.);
#7561 = VERTEX_POINT('',#7562);
#7562 = CARTESIAN_POINT('',(62.061191864973,-35.35779992913,1.5));
#7563 = VERTEX_POINT('',#7564);
#7564 = CARTESIAN_POINT('',(62.061191864973,-49.35779665135,1.5));
#7565 = LINE('',#7566,#7567);
#7566 = CARTESIAN_POINT('',(62.061191864973,-35.35779992913,1.5));
#7567 = VECTOR('',#7568,1.);
#7568 = DIRECTION('',(0.,-1.,0.));
#7569 = ORIENTED_EDGE('',*,*,#7570,.T.);
#7570 = EDGE_CURVE('',#7561,#1693,#7571,.T.);
#7571 = LINE('',#7572,#7573);
#7572 = CARTESIAN_POINT('',(62.061191864973,-35.35779992913,1.5));
#7573 = VECTOR('',#7574,1.);
#7574 = DIRECTION('',(-0.,-0.,-1.));
#7575 = ORIENTED_EDGE('',*,*,#1692,.T.);
#7576 = ORIENTED_EDGE('',*,*,#7577,.F.);
#7577 = EDGE_CURVE('',#7563,#1695,#7578,.T.);
#7578 = LINE('',#7579,#7580);
#7579 = CARTESIAN_POINT('',(62.061191864973,-49.35779665135,1.5));
#7580 = VECTOR('',#7581,1.);
#7581 = DIRECTION('',(-0.,-0.,-1.));
#7582 = PLANE('',#7583);
#7583 = AXIS2_PLACEMENT_3D('',#7584,#7585,#7586);
#7584 = CARTESIAN_POINT('',(62.061191864973,-35.35779992913,1.5));
#7585 = DIRECTION('',(-1.,0.,0.));
#7586 = DIRECTION('',(0.,-1.,0.));
#7587 = ADVANCED_FACE('',(#7588),#7606,.F.);
#7588 = FACE_BOUND('',#7589,.F.);
#7589 = EDGE_LOOP('',(#7590,#7598,#7604,#7605));
#7590 = ORIENTED_EDGE('',*,*,#7591,.F.);
#7591 = EDGE_CURVE('',#7592,#7561,#7594,.T.);
#7592 = VERTEX_POINT('',#7593);
#7593 = CARTESIAN_POINT('',(76.061188587195,-35.35779992913,1.5));
#7594 = LINE('',#7595,#7596);
#7595 = CARTESIAN_POINT('',(76.061188587195,-35.35779992913,1.5));
#7596 = VECTOR('',#7597,1.);
#7597 = DIRECTION('',(-1.,0.,0.));
#7598 = ORIENTED_EDGE('',*,*,#7599,.T.);
#7599 = EDGE_CURVE('',#7592,#1703,#7600,.T.);
#7600 = LINE('',#7601,#7602);
#7601 = CARTESIAN_POINT('',(76.061188587195,-35.35779992913,1.5));
#7602 = VECTOR('',#7603,1.);
#7603 = DIRECTION('',(-0.,-0.,-1.));
#7604 = ORIENTED_EDGE('',*,*,#1702,.T.);
#7605 = ORIENTED_EDGE('',*,*,#7570,.F.);
#7606 = PLANE('',#7607);
#7607 = AXIS2_PLACEMENT_3D('',#7608,#7609,#7610);
#7608 = CARTESIAN_POINT('',(76.061188587195,-35.35779992913,1.5));
#7609 = DIRECTION('',(0.,1.,0.));
#7610 = DIRECTION('',(-1.,0.,0.));
#7611 = ADVANCED_FACE('',(#7612),#7630,.F.);
#7612 = FACE_BOUND('',#7613,.F.);
#7613 = EDGE_LOOP('',(#7614,#7622,#7623,#7624));
#7614 = ORIENTED_EDGE('',*,*,#7615,.F.);
#7615 = EDGE_CURVE('',#7563,#7616,#7618,.T.);
#7616 = VERTEX_POINT('',#7617);
#7617 = CARTESIAN_POINT('',(76.061188587195,-49.35779665135,1.5));
#7618 = LINE('',#7619,#7620);
#7619 = CARTESIAN_POINT('',(62.061191864973,-49.35779665135,1.5));
#7620 = VECTOR('',#7621,1.);
#7621 = DIRECTION('',(1.,0.,0.));
#7622 = ORIENTED_EDGE('',*,*,#7577,.T.);
#7623 = ORIENTED_EDGE('',*,*,#1718,.T.);
#7624 = ORIENTED_EDGE('',*,*,#7625,.F.);
#7625 = EDGE_CURVE('',#7616,#1711,#7626,.T.);
#7626 = LINE('',#7627,#7628);
#7627 = CARTESIAN_POINT('',(76.061188587195,-49.35779665135,1.5));
#7628 = VECTOR('',#7629,1.);
#7629 = DIRECTION('',(-0.,-0.,-1.));
#7630 = PLANE('',#7631);
#7631 = AXIS2_PLACEMENT_3D('',#7632,#7633,#7634);
#7632 = CARTESIAN_POINT('',(62.061191864973,-49.35779665135,1.5));
#7633 = DIRECTION('',(0.,-1.,0.));
#7634 = DIRECTION('',(1.,0.,0.));
#7635 = ADVANCED_FACE('',(#7636),#7647,.F.);
#7636 = FACE_BOUND('',#7637,.F.);
#7637 = EDGE_LOOP('',(#7638,#7644,#7645,#7646));
#7638 = ORIENTED_EDGE('',*,*,#7639,.F.);
#7639 = EDGE_CURVE('',#7616,#7592,#7640,.T.);
#7640 = LINE('',#7641,#7642);
#7641 = CARTESIAN_POINT('',(76.061188587195,-49.35779665135,1.5));
#7642 = VECTOR('',#7643,1.);
#7643 = DIRECTION('',(0.,1.,0.));
#7644 = ORIENTED_EDGE('',*,*,#7625,.T.);
#7645 = ORIENTED_EDGE('',*,*,#1710,.T.);
#7646 = ORIENTED_EDGE('',*,*,#7599,.F.);
#7647 = PLANE('',#7648);
#7648 = AXIS2_PLACEMENT_3D('',#7649,#7650,#7651);
#7649 = CARTESIAN_POINT('',(76.061188587195,-49.35779665135,1.5));
#7650 = DIRECTION('',(1.,0.,0.));
#7651 = DIRECTION('',(0.,1.,0.));
#7652 = ADVANCED_FACE('',(#7653),#7678,.F.);
#7653 = FACE_BOUND('',#7654,.F.);
#7654 = EDGE_LOOP('',(#7655,#7665,#7671,#7672));
#7655 = ORIENTED_EDGE('',*,*,#7656,.F.);
#7656 = EDGE_CURVE('',#7657,#7659,#7661,.T.);
#7657 = VERTEX_POINT('',#7658);
#7658 = CARTESIAN_POINT('',(90.636184721223,-54.40779516663,1.5));
#7659 = VERTEX_POINT('',#7660);
#7660 = CARTESIAN_POINT('',(90.636184721223,-68.40779188885,1.5));
#7661 = LINE('',#7662,#7663);
#7662 = CARTESIAN_POINT('',(90.636184721223,-54.40779516663,1.5));
#7663 = VECTOR('',#7664,1.);
#7664 = DIRECTION('',(0.,-1.,0.));
#7665 = ORIENTED_EDGE('',*,*,#7666,.T.);
#7666 = EDGE_CURVE('',#7657,#1727,#7667,.T.);
#7667 = LINE('',#7668,#7669);
#7668 = CARTESIAN_POINT('',(90.636184721223,-54.40779516663,1.5));
#7669 = VECTOR('',#7670,1.);
#7670 = DIRECTION('',(-0.,-0.,-1.));
#7671 = ORIENTED_EDGE('',*,*,#1726,.T.);
#7672 = ORIENTED_EDGE('',*,*,#7673,.F.);
#7673 = EDGE_CURVE('',#7659,#1729,#7674,.T.);
#7674 = LINE('',#7675,#7676);
#7675 = CARTESIAN_POINT('',(90.636184721223,-68.40779188885,1.5));
#7676 = VECTOR('',#7677,1.);
#7677 = DIRECTION('',(-0.,-0.,-1.));
#7678 = PLANE('',#7679);
#7679 = AXIS2_PLACEMENT_3D('',#7680,#7681,#7682);
#7680 = CARTESIAN_POINT('',(90.636184721223,-54.40779516663,1.5));
#7681 = DIRECTION('',(-1.,0.,0.));
#7682 = DIRECTION('',(0.,-1.,0.));
#7683 = ADVANCED_FACE('',(#7684),#7702,.F.);
#7684 = FACE_BOUND('',#7685,.F.);
#7685 = EDGE_LOOP('',(#7686,#7694,#7700,#7701));
#7686 = ORIENTED_EDGE('',*,*,#7687,.F.);
#7687 = EDGE_CURVE('',#7688,#7657,#7690,.T.);
#7688 = VERTEX_POINT('',#7689);
#7689 = CARTESIAN_POINT('',(104.63618144344,-54.40779516663,1.5));
#7690 = LINE('',#7691,#7692);
#7691 = CARTESIAN_POINT('',(104.63618144344,-54.40779516663,1.5));
#7692 = VECTOR('',#7693,1.);
#7693 = DIRECTION('',(-1.,0.,0.));
#7694 = ORIENTED_EDGE('',*,*,#7695,.T.);
#7695 = EDGE_CURVE('',#7688,#1737,#7696,.T.);
#7696 = LINE('',#7697,#7698);
#7697 = CARTESIAN_POINT('',(104.63618144344,-54.40779516663,1.5));
#7698 = VECTOR('',#7699,1.);
#7699 = DIRECTION('',(-0.,-0.,-1.));
#7700 = ORIENTED_EDGE('',*,*,#1736,.T.);
#7701 = ORIENTED_EDGE('',*,*,#7666,.F.);
#7702 = PLANE('',#7703);
#7703 = AXIS2_PLACEMENT_3D('',#7704,#7705,#7706);
#7704 = CARTESIAN_POINT('',(104.63618144344,-54.40779516663,1.5));
#7705 = DIRECTION('',(0.,1.,0.));
#7706 = DIRECTION('',(-1.,0.,0.));
#7707 = ADVANCED_FACE('',(#7708),#7726,.F.);
#7708 = FACE_BOUND('',#7709,.F.);
#7709 = EDGE_LOOP('',(#7710,#7718,#7719,#7720));
#7710 = ORIENTED_EDGE('',*,*,#7711,.F.);
#7711 = EDGE_CURVE('',#7659,#7712,#7714,.T.);
#7712 = VERTEX_POINT('',#7713);
#7713 = CARTESIAN_POINT('',(104.63618144344,-68.40779188885,1.5));
#7714 = LINE('',#7715,#7716);
#7715 = CARTESIAN_POINT('',(90.636184721223,-68.40779188885,1.5));
#7716 = VECTOR('',#7717,1.);
#7717 = DIRECTION('',(1.,0.,0.));
#7718 = ORIENTED_EDGE('',*,*,#7673,.T.);
#7719 = ORIENTED_EDGE('',*,*,#1752,.T.);
#7720 = ORIENTED_EDGE('',*,*,#7721,.F.);
#7721 = EDGE_CURVE('',#7712,#1745,#7722,.T.);
#7722 = LINE('',#7723,#7724);
#7723 = CARTESIAN_POINT('',(104.63618144344,-68.40779188885,1.5));
#7724 = VECTOR('',#7725,1.);
#7725 = DIRECTION('',(-0.,-0.,-1.));
#7726 = PLANE('',#7727);
#7727 = AXIS2_PLACEMENT_3D('',#7728,#7729,#7730);
#7728 = CARTESIAN_POINT('',(90.636184721223,-68.40779188885,1.5));
#7729 = DIRECTION('',(0.,-1.,0.));
#7730 = DIRECTION('',(1.,0.,0.));
#7731 = ADVANCED_FACE('',(#7732),#7743,.F.);
#7732 = FACE_BOUND('',#7733,.F.);
#7733 = EDGE_LOOP('',(#7734,#7740,#7741,#7742));
#7734 = ORIENTED_EDGE('',*,*,#7735,.F.);
#7735 = EDGE_CURVE('',#7712,#7688,#7736,.T.);
#7736 = LINE('',#7737,#7738);
#7737 = CARTESIAN_POINT('',(104.63618144344,-68.40779188885,1.5));
#7738 = VECTOR('',#7739,1.);
#7739 = DIRECTION('',(0.,1.,0.));
#7740 = ORIENTED_EDGE('',*,*,#7721,.T.);
#7741 = ORIENTED_EDGE('',*,*,#1744,.T.);
#7742 = ORIENTED_EDGE('',*,*,#7695,.F.);
#7743 = PLANE('',#7744);
#7744 = AXIS2_PLACEMENT_3D('',#7745,#7746,#7747);
#7745 = CARTESIAN_POINT('',(104.63618144344,-68.40779188885,1.5));
#7746 = DIRECTION('',(1.,0.,0.));
#7747 = DIRECTION('',(0.,1.,0.));
#7748 = ADVANCED_FACE('',(#7749),#7774,.F.);
#7749 = FACE_BOUND('',#7750,.F.);
#7750 = EDGE_LOOP('',(#7751,#7761,#7767,#7768));
#7751 = ORIENTED_EDGE('',*,*,#7752,.F.);
#7752 = EDGE_CURVE('',#7753,#7755,#7757,.T.);
#7753 = VERTEX_POINT('',#7754);
#7754 = CARTESIAN_POINT('',(109.68617995872,-54.40779516663,1.5));
#7755 = VERTEX_POINT('',#7756);
#7756 = CARTESIAN_POINT('',(109.68617995872,-68.40779188885,1.5));
#7757 = LINE('',#7758,#7759);
#7758 = CARTESIAN_POINT('',(109.68617995872,-54.40779516663,1.5));
#7759 = VECTOR('',#7760,1.);
#7760 = DIRECTION('',(0.,-1.,0.));
#7761 = ORIENTED_EDGE('',*,*,#7762,.T.);
#7762 = EDGE_CURVE('',#7753,#1761,#7763,.T.);
#7763 = LINE('',#7764,#7765);
#7764 = CARTESIAN_POINT('',(109.68617995872,-54.40779516663,1.5));
#7765 = VECTOR('',#7766,1.);
#7766 = DIRECTION('',(-0.,-0.,-1.));
#7767 = ORIENTED_EDGE('',*,*,#1760,.T.);
#7768 = ORIENTED_EDGE('',*,*,#7769,.F.);
#7769 = EDGE_CURVE('',#7755,#1763,#7770,.T.);
#7770 = LINE('',#7771,#7772);
#7771 = CARTESIAN_POINT('',(109.68617995872,-68.40779188885,1.5));
#7772 = VECTOR('',#7773,1.);
#7773 = DIRECTION('',(-0.,-0.,-1.));
#7774 = PLANE('',#7775);
#7775 = AXIS2_PLACEMENT_3D('',#7776,#7777,#7778);
#7776 = CARTESIAN_POINT('',(109.68617995872,-54.40779516663,1.5));
#7777 = DIRECTION('',(-1.,0.,0.));
#7778 = DIRECTION('',(0.,-1.,0.));
#7779 = ADVANCED_FACE('',(#7780),#7798,.F.);
#7780 = FACE_BOUND('',#7781,.F.);
#7781 = EDGE_LOOP('',(#7782,#7790,#7796,#7797));
#7782 = ORIENTED_EDGE('',*,*,#7783,.F.);
#7783 = EDGE_CURVE('',#7784,#7753,#7786,.T.);
#7784 = VERTEX_POINT('',#7785);
#7785 = CARTESIAN_POINT('',(123.68617668094,-54.40779516663,1.5));
#7786 = LINE('',#7787,#7788);
#7787 = CARTESIAN_POINT('',(123.68617668094,-54.40779516663,1.5));
#7788 = VECTOR('',#7789,1.);
#7789 = DIRECTION('',(-1.,0.,0.));
#7790 = ORIENTED_EDGE('',*,*,#7791,.T.);
#7791 = EDGE_CURVE('',#7784,#1771,#7792,.T.);
#7792 = LINE('',#7793,#7794);
#7793 = CARTESIAN_POINT('',(123.68617668094,-54.40779516663,1.5));
#7794 = VECTOR('',#7795,1.);
#7795 = DIRECTION('',(-0.,-0.,-1.));
#7796 = ORIENTED_EDGE('',*,*,#1770,.T.);
#7797 = ORIENTED_EDGE('',*,*,#7762,.F.);
#7798 = PLANE('',#7799);
#7799 = AXIS2_PLACEMENT_3D('',#7800,#7801,#7802);
#7800 = CARTESIAN_POINT('',(123.68617668094,-54.40779516663,1.5));
#7801 = DIRECTION('',(0.,1.,0.));
#7802 = DIRECTION('',(-1.,0.,0.));
#7803 = ADVANCED_FACE('',(#7804),#7822,.F.);
#7804 = FACE_BOUND('',#7805,.F.);
#7805 = EDGE_LOOP('',(#7806,#7814,#7815,#7816));
#7806 = ORIENTED_EDGE('',*,*,#7807,.F.);
#7807 = EDGE_CURVE('',#7755,#7808,#7810,.T.);
#7808 = VERTEX_POINT('',#7809);
#7809 = CARTESIAN_POINT('',(123.68617668094,-68.40779188885,1.5));
#7810 = LINE('',#7811,#7812);
#7811 = CARTESIAN_POINT('',(109.68617995872,-68.40779188885,1.5));
#7812 = VECTOR('',#7813,1.);
#7813 = DIRECTION('',(1.,0.,0.));
#7814 = ORIENTED_EDGE('',*,*,#7769,.T.);
#7815 = ORIENTED_EDGE('',*,*,#1786,.T.);
#7816 = ORIENTED_EDGE('',*,*,#7817,.F.);
#7817 = EDGE_CURVE('',#7808,#1779,#7818,.T.);
#7818 = LINE('',#7819,#7820);
#7819 = CARTESIAN_POINT('',(123.68617668094,-68.40779188885,1.5));
#7820 = VECTOR('',#7821,1.);
#7821 = DIRECTION('',(-0.,-0.,-1.));
#7822 = PLANE('',#7823);
#7823 = AXIS2_PLACEMENT_3D('',#7824,#7825,#7826);
#7824 = CARTESIAN_POINT('',(109.68617995872,-68.40779188885,1.5));
#7825 = DIRECTION('',(0.,-1.,0.));
#7826 = DIRECTION('',(1.,0.,0.));
#7827 = ADVANCED_FACE('',(#7828),#7839,.F.);
#7828 = FACE_BOUND('',#7829,.F.);
#7829 = EDGE_LOOP('',(#7830,#7836,#7837,#7838));
#7830 = ORIENTED_EDGE('',*,*,#7831,.F.);
#7831 = EDGE_CURVE('',#7808,#7784,#7832,.T.);
#7832 = LINE('',#7833,#7834);
#7833 = CARTESIAN_POINT('',(123.68617668094,-68.40779188885,1.5));
#7834 = VECTOR('',#7835,1.);
#7835 = DIRECTION('',(0.,1.,0.));
#7836 = ORIENTED_EDGE('',*,*,#7817,.T.);
#7837 = ORIENTED_EDGE('',*,*,#1778,.T.);
#7838 = ORIENTED_EDGE('',*,*,#7791,.F.);
#7839 = PLANE('',#7840);
#7840 = AXIS2_PLACEMENT_3D('',#7841,#7842,#7843);
#7841 = CARTESIAN_POINT('',(123.68617668094,-68.40779188885,1.5));
#7842 = DIRECTION('',(1.,0.,0.));
#7843 = DIRECTION('',(0.,1.,0.));
#7844 = ADVANCED_FACE('',(#7845),#7870,.F.);
#7845 = FACE_BOUND('',#7846,.F.);
#7846 = EDGE_LOOP('',(#7847,#7857,#7863,#7864));
#7847 = ORIENTED_EDGE('',*,*,#7848,.F.);
#7848 = EDGE_CURVE('',#7849,#7851,#7853,.T.);
#7849 = VERTEX_POINT('',#7850);
#7850 = CARTESIAN_POINT('',(128.73617519622,-54.40779516663,1.5));
#7851 = VERTEX_POINT('',#7852);
#7852 = CARTESIAN_POINT('',(128.73617519622,-68.40779188885,1.5));
#7853 = LINE('',#7854,#7855);
#7854 = CARTESIAN_POINT('',(128.73617519622,-54.40779516663,1.5));
#7855 = VECTOR('',#7856,1.);
#7856 = DIRECTION('',(0.,-1.,0.));
#7857 = ORIENTED_EDGE('',*,*,#7858,.T.);
#7858 = EDGE_CURVE('',#7849,#1795,#7859,.T.);
#7859 = LINE('',#7860,#7861);
#7860 = CARTESIAN_POINT('',(128.73617519622,-54.40779516663,1.5));
#7861 = VECTOR('',#7862,1.);
#7862 = DIRECTION('',(-0.,-0.,-1.));
#7863 = ORIENTED_EDGE('',*,*,#1794,.T.);
#7864 = ORIENTED_EDGE('',*,*,#7865,.F.);
#7865 = EDGE_CURVE('',#7851,#1797,#7866,.T.);
#7866 = LINE('',#7867,#7868);
#7867 = CARTESIAN_POINT('',(128.73617519622,-68.40779188885,1.5));
#7868 = VECTOR('',#7869,1.);
#7869 = DIRECTION('',(-0.,-0.,-1.));
#7870 = PLANE('',#7871);
#7871 = AXIS2_PLACEMENT_3D('',#7872,#7873,#7874);
#7872 = CARTESIAN_POINT('',(128.73617519622,-54.40779516663,1.5));
#7873 = DIRECTION('',(-1.,0.,0.));
#7874 = DIRECTION('',(0.,-1.,0.));
#7875 = ADVANCED_FACE('',(#7876),#7894,.F.);
#7876 = FACE_BOUND('',#7877,.F.);
#7877 = EDGE_LOOP('',(#7878,#7886,#7892,#7893));
#7878 = ORIENTED_EDGE('',*,*,#7879,.F.);
#7879 = EDGE_CURVE('',#7880,#7849,#7882,.T.);
#7880 = VERTEX_POINT('',#7881);
#7881 = CARTESIAN_POINT('',(142.73617191844,-54.40779516663,1.5));
#7882 = LINE('',#7883,#7884);
#7883 = CARTESIAN_POINT('',(142.73617191844,-54.40779516663,1.5));
#7884 = VECTOR('',#7885,1.);
#7885 = DIRECTION('',(-1.,0.,0.));
#7886 = ORIENTED_EDGE('',*,*,#7887,.T.);
#7887 = EDGE_CURVE('',#7880,#1805,#7888,.T.);
#7888 = LINE('',#7889,#7890);
#7889 = CARTESIAN_POINT('',(142.73617191844,-54.40779516663,1.5));
#7890 = VECTOR('',#7891,1.);
#7891 = DIRECTION('',(-0.,-0.,-1.));
#7892 = ORIENTED_EDGE('',*,*,#1804,.T.);
#7893 = ORIENTED_EDGE('',*,*,#7858,.F.);
#7894 = PLANE('',#7895);
#7895 = AXIS2_PLACEMENT_3D('',#7896,#7897,#7898);
#7896 = CARTESIAN_POINT('',(142.73617191844,-54.40779516663,1.5));
#7897 = DIRECTION('',(0.,1.,0.));
#7898 = DIRECTION('',(-1.,0.,0.));
#7899 = ADVANCED_FACE('',(#7900),#7918,.F.);
#7900 = FACE_BOUND('',#7901,.F.);
#7901 = EDGE_LOOP('',(#7902,#7910,#7911,#7912));
#7902 = ORIENTED_EDGE('',*,*,#7903,.F.);
#7903 = EDGE_CURVE('',#7851,#7904,#7906,.T.);
#7904 = VERTEX_POINT('',#7905);
#7905 = CARTESIAN_POINT('',(142.73617191844,-68.40779188885,1.5));
#7906 = LINE('',#7907,#7908);
#7907 = CARTESIAN_POINT('',(128.73617519622,-68.40779188885,1.5));
#7908 = VECTOR('',#7909,1.);
#7909 = DIRECTION('',(1.,0.,0.));
#7910 = ORIENTED_EDGE('',*,*,#7865,.T.);
#7911 = ORIENTED_EDGE('',*,*,#1820,.T.);
#7912 = ORIENTED_EDGE('',*,*,#7913,.F.);
#7913 = EDGE_CURVE('',#7904,#1813,#7914,.T.);
#7914 = LINE('',#7915,#7916);
#7915 = CARTESIAN_POINT('',(142.73617191844,-68.40779188885,1.5));
#7916 = VECTOR('',#7917,1.);
#7917 = DIRECTION('',(-0.,-0.,-1.));
#7918 = PLANE('',#7919);
#7919 = AXIS2_PLACEMENT_3D('',#7920,#7921,#7922);
#7920 = CARTESIAN_POINT('',(128.73617519622,-68.40779188885,1.5));
#7921 = DIRECTION('',(0.,-1.,0.));
#7922 = DIRECTION('',(1.,0.,0.));
#7923 = ADVANCED_FACE('',(#7924),#7935,.F.);
#7924 = FACE_BOUND('',#7925,.F.);
#7925 = EDGE_LOOP('',(#7926,#7932,#7933,#7934));
#7926 = ORIENTED_EDGE('',*,*,#7927,.F.);
#7927 = EDGE_CURVE('',#7904,#7880,#7928,.T.);
#7928 = LINE('',#7929,#7930);
#7929 = CARTESIAN_POINT('',(142.73617191844,-68.40779188885,1.5));
#7930 = VECTOR('',#7931,1.);
#7931 = DIRECTION('',(0.,1.,0.));
#7932 = ORIENTED_EDGE('',*,*,#7913,.T.);
#7933 = ORIENTED_EDGE('',*,*,#1812,.T.);
#7934 = ORIENTED_EDGE('',*,*,#7887,.F.);
#7935 = PLANE('',#7936);
#7936 = AXIS2_PLACEMENT_3D('',#7937,#7938,#7939);
#7937 = CARTESIAN_POINT('',(142.73617191844,-68.40779188885,1.5));
#7938 = DIRECTION('',(1.,0.,0.));
#7939 = DIRECTION('',(0.,1.,0.));
#7940 = ADVANCED_FACE('',(#7941),#7966,.F.);
#7941 = FACE_BOUND('',#7942,.F.);
#7942 = EDGE_LOOP('',(#7943,#7953,#7959,#7960));
#7943 = ORIENTED_EDGE('',*,*,#7944,.F.);
#7944 = EDGE_CURVE('',#7945,#7947,#7949,.T.);
#7945 = VERTEX_POINT('',#7946);
#7946 = CARTESIAN_POINT('',(147.78617043372,-54.40779516663,1.5));
#7947 = VERTEX_POINT('',#7948);
#7948 = CARTESIAN_POINT('',(147.78617043372,-68.40779188885,1.5));
#7949 = LINE('',#7950,#7951);
#7950 = CARTESIAN_POINT('',(147.78617043372,-54.40779516663,1.5));
#7951 = VECTOR('',#7952,1.);
#7952 = DIRECTION('',(0.,-1.,0.));
#7953 = ORIENTED_EDGE('',*,*,#7954,.T.);
#7954 = EDGE_CURVE('',#7945,#1829,#7955,.T.);
#7955 = LINE('',#7956,#7957);
#7956 = CARTESIAN_POINT('',(147.78617043372,-54.40779516663,1.5));
#7957 = VECTOR('',#7958,1.);
#7958 = DIRECTION('',(-0.,-0.,-1.));
#7959 = ORIENTED_EDGE('',*,*,#1828,.T.);
#7960 = ORIENTED_EDGE('',*,*,#7961,.F.);
#7961 = EDGE_CURVE('',#7947,#1831,#7962,.T.);
#7962 = LINE('',#7963,#7964);
#7963 = CARTESIAN_POINT('',(147.78617043372,-68.40779188885,1.5));
#7964 = VECTOR('',#7965,1.);
#7965 = DIRECTION('',(-0.,-0.,-1.));
#7966 = PLANE('',#7967);
#7967 = AXIS2_PLACEMENT_3D('',#7968,#7969,#7970);
#7968 = CARTESIAN_POINT('',(147.78617043372,-54.40779516663,1.5));
#7969 = DIRECTION('',(-1.,0.,0.));
#7970 = DIRECTION('',(0.,-1.,0.));
#7971 = ADVANCED_FACE('',(#7972),#7990,.F.);
#7972 = FACE_BOUND('',#7973,.F.);
#7973 = EDGE_LOOP('',(#7974,#7982,#7988,#7989));
#7974 = ORIENTED_EDGE('',*,*,#7975,.F.);
#7975 = EDGE_CURVE('',#7976,#7945,#7978,.T.);
#7976 = VERTEX_POINT('',#7977);
#7977 = CARTESIAN_POINT('',(161.78616715594,-54.40779516663,1.5));
#7978 = LINE('',#7979,#7980);
#7979 = CARTESIAN_POINT('',(161.78616715594,-54.40779516663,1.5));
#7980 = VECTOR('',#7981,1.);
#7981 = DIRECTION('',(-1.,0.,0.));
#7982 = ORIENTED_EDGE('',*,*,#7983,.T.);
#7983 = EDGE_CURVE('',#7976,#1839,#7984,.T.);
#7984 = LINE('',#7985,#7986);
#7985 = CARTESIAN_POINT('',(161.78616715594,-54.40779516663,1.5));
#7986 = VECTOR('',#7987,1.);
#7987 = DIRECTION('',(-0.,-0.,-1.));
#7988 = ORIENTED_EDGE('',*,*,#1838,.T.);
#7989 = ORIENTED_EDGE('',*,*,#7954,.F.);
#7990 = PLANE('',#7991);
#7991 = AXIS2_PLACEMENT_3D('',#7992,#7993,#7994);
#7992 = CARTESIAN_POINT('',(161.78616715594,-54.40779516663,1.5));
#7993 = DIRECTION('',(0.,1.,0.));
#7994 = DIRECTION('',(-1.,0.,0.));
#7995 = ADVANCED_FACE('',(#7996),#8014,.F.);
#7996 = FACE_BOUND('',#7997,.F.);
#7997 = EDGE_LOOP('',(#7998,#8006,#8007,#8008));
#7998 = ORIENTED_EDGE('',*,*,#7999,.F.);
#7999 = EDGE_CURVE('',#7947,#8000,#8002,.T.);
#8000 = VERTEX_POINT('',#8001);
#8001 = CARTESIAN_POINT('',(161.78616715594,-68.40779188885,1.5));
#8002 = LINE('',#8003,#8004);
#8003 = CARTESIAN_POINT('',(147.78617043372,-68.40779188885,1.5));
#8004 = VECTOR('',#8005,1.);
#8005 = DIRECTION('',(1.,0.,0.));
#8006 = ORIENTED_EDGE('',*,*,#7961,.T.);
#8007 = ORIENTED_EDGE('',*,*,#1854,.T.);
#8008 = ORIENTED_EDGE('',*,*,#8009,.F.);
#8009 = EDGE_CURVE('',#8000,#1847,#8010,.T.);
#8010 = LINE('',#8011,#8012);
#8011 = CARTESIAN_POINT('',(161.78616715594,-68.40779188885,1.5));
#8012 = VECTOR('',#8013,1.);
#8013 = DIRECTION('',(-0.,-0.,-1.));
#8014 = PLANE('',#8015);
#8015 = AXIS2_PLACEMENT_3D('',#8016,#8017,#8018);
#8016 = CARTESIAN_POINT('',(147.78617043372,-68.40779188885,1.5));
#8017 = DIRECTION('',(0.,-1.,0.));
#8018 = DIRECTION('',(1.,0.,0.));
#8019 = ADVANCED_FACE('',(#8020),#8031,.F.);
#8020 = FACE_BOUND('',#8021,.F.);
#8021 = EDGE_LOOP('',(#8022,#8028,#8029,#8030));
#8022 = ORIENTED_EDGE('',*,*,#8023,.F.);
#8023 = EDGE_CURVE('',#8000,#7976,#8024,.T.);
#8024 = LINE('',#8025,#8026);
#8025 = CARTESIAN_POINT('',(161.78616715594,-68.40779188885,1.5));
#8026 = VECTOR('',#8027,1.);
#8027 = DIRECTION('',(0.,1.,0.));
#8028 = ORIENTED_EDGE('',*,*,#8009,.T.);
#8029 = ORIENTED_EDGE('',*,*,#1846,.T.);
#8030 = ORIENTED_EDGE('',*,*,#7983,.F.);
#8031 = PLANE('',#8032);
#8032 = AXIS2_PLACEMENT_3D('',#8033,#8034,#8035);
#8033 = CARTESIAN_POINT('',(161.78616715594,-68.40779188885,1.5));
#8034 = DIRECTION('',(1.,0.,0.));
#8035 = DIRECTION('',(0.,1.,0.));
#8036 = ADVANCED_FACE('',(#8037),#8062,.F.);
#8037 = FACE_BOUND('',#8038,.F.);
#8038 = EDGE_LOOP('',(#8039,#8049,#8055,#8056));
#8039 = ORIENTED_EDGE('',*,*,#8040,.F.);
#8040 = EDGE_CURVE('',#8041,#8043,#8045,.T.);
#8041 = VERTEX_POINT('',#8042);
#8042 = CARTESIAN_POINT('',(81.111187102473,-35.35779992913,1.5));
#8043 = VERTEX_POINT('',#8044);
#8044 = CARTESIAN_POINT('',(81.111187102473,-49.35779665135,1.5));
#8045 = LINE('',#8046,#8047);
#8046 = CARTESIAN_POINT('',(81.111187102473,-35.35779992913,1.5));
#8047 = VECTOR('',#8048,1.);
#8048 = DIRECTION('',(0.,-1.,0.));
#8049 = ORIENTED_EDGE('',*,*,#8050,.T.);
#8050 = EDGE_CURVE('',#8041,#1863,#8051,.T.);
#8051 = LINE('',#8052,#8053);
#8052 = CARTESIAN_POINT('',(81.111187102473,-35.35779992913,1.5));
#8053 = VECTOR('',#8054,1.);
#8054 = DIRECTION('',(-0.,-0.,-1.));
#8055 = ORIENTED_EDGE('',*,*,#1862,.T.);
#8056 = ORIENTED_EDGE('',*,*,#8057,.F.);
#8057 = EDGE_CURVE('',#8043,#1865,#8058,.T.);
#8058 = LINE('',#8059,#8060);
#8059 = CARTESIAN_POINT('',(81.111187102473,-49.35779665135,1.5));
#8060 = VECTOR('',#8061,1.);
#8061 = DIRECTION('',(-0.,-0.,-1.));
#8062 = PLANE('',#8063);
#8063 = AXIS2_PLACEMENT_3D('',#8064,#8065,#8066);
#8064 = CARTESIAN_POINT('',(81.111187102473,-35.35779992913,1.5));
#8065 = DIRECTION('',(-1.,0.,0.));
#8066 = DIRECTION('',(0.,-1.,0.));
#8067 = ADVANCED_FACE('',(#8068),#8086,.F.);
#8068 = FACE_BOUND('',#8069,.F.);
#8069 = EDGE_LOOP('',(#8070,#8078,#8084,#8085));
#8070 = ORIENTED_EDGE('',*,*,#8071,.F.);
#8071 = EDGE_CURVE('',#8072,#8041,#8074,.T.);
#8072 = VERTEX_POINT('',#8073);
#8073 = CARTESIAN_POINT('',(95.111183824695,-35.35779992913,1.5));
#8074 = LINE('',#8075,#8076);
#8075 = CARTESIAN_POINT('',(95.111183824695,-35.35779992913,1.5));
#8076 = VECTOR('',#8077,1.);
#8077 = DIRECTION('',(-1.,0.,0.));
#8078 = ORIENTED_EDGE('',*,*,#8079,.T.);
#8079 = EDGE_CURVE('',#8072,#1873,#8080,.T.);
#8080 = LINE('',#8081,#8082);
#8081 = CARTESIAN_POINT('',(95.111183824695,-35.35779992913,1.5));
#8082 = VECTOR('',#8083,1.);
#8083 = DIRECTION('',(-0.,-0.,-1.));
#8084 = ORIENTED_EDGE('',*,*,#1872,.T.);
#8085 = ORIENTED_EDGE('',*,*,#8050,.F.);
#8086 = PLANE('',#8087);
#8087 = AXIS2_PLACEMENT_3D('',#8088,#8089,#8090);
#8088 = CARTESIAN_POINT('',(95.111183824695,-35.35779992913,1.5));
#8089 = DIRECTION('',(0.,1.,0.));
#8090 = DIRECTION('',(-1.,0.,0.));
#8091 = ADVANCED_FACE('',(#8092),#8110,.F.);
#8092 = FACE_BOUND('',#8093,.F.);
#8093 = EDGE_LOOP('',(#8094,#8102,#8103,#8104));
#8094 = ORIENTED_EDGE('',*,*,#8095,.F.);
#8095 = EDGE_CURVE('',#8043,#8096,#8098,.T.);
#8096 = VERTEX_POINT('',#8097);
#8097 = CARTESIAN_POINT('',(95.111183824695,-49.35779665135,1.5));
#8098 = LINE('',#8099,#8100);
#8099 = CARTESIAN_POINT('',(81.111187102473,-49.35779665135,1.5));
#8100 = VECTOR('',#8101,1.);
#8101 = DIRECTION('',(1.,0.,0.));
#8102 = ORIENTED_EDGE('',*,*,#8057,.T.);
#8103 = ORIENTED_EDGE('',*,*,#1888,.T.);
#8104 = ORIENTED_EDGE('',*,*,#8105,.F.);
#8105 = EDGE_CURVE('',#8096,#1881,#8106,.T.);
#8106 = LINE('',#8107,#8108);
#8107 = CARTESIAN_POINT('',(95.111183824695,-49.35779665135,1.5));
#8108 = VECTOR('',#8109,1.);
#8109 = DIRECTION('',(-0.,-0.,-1.));
#8110 = PLANE('',#8111);
#8111 = AXIS2_PLACEMENT_3D('',#8112,#8113,#8114);
#8112 = CARTESIAN_POINT('',(81.111187102473,-49.35779665135,1.5));
#8113 = DIRECTION('',(0.,-1.,0.));
#8114 = DIRECTION('',(1.,0.,0.));
#8115 = ADVANCED_FACE('',(#8116),#8127,.F.);
#8116 = FACE_BOUND('',#8117,.F.);
#8117 = EDGE_LOOP('',(#8118,#8124,#8125,#8126));
#8118 = ORIENTED_EDGE('',*,*,#8119,.F.);
#8119 = EDGE_CURVE('',#8096,#8072,#8120,.T.);
#8120 = LINE('',#8121,#8122);
#8121 = CARTESIAN_POINT('',(95.111183824695,-49.35779665135,1.5));
#8122 = VECTOR('',#8123,1.);
#8123 = DIRECTION('',(0.,1.,0.));
#8124 = ORIENTED_EDGE('',*,*,#8105,.T.);
#8125 = ORIENTED_EDGE('',*,*,#1880,.T.);
#8126 = ORIENTED_EDGE('',*,*,#8079,.F.);
#8127 = PLANE('',#8128);
#8128 = AXIS2_PLACEMENT_3D('',#8129,#8130,#8131);
#8129 = CARTESIAN_POINT('',(95.111183824695,-49.35779665135,1.5));
#8130 = DIRECTION('',(1.,0.,0.));
#8131 = DIRECTION('',(0.,1.,0.));
#8132 = ADVANCED_FACE('',(#8133),#8158,.F.);
#8133 = FACE_BOUND('',#8134,.F.);
#8134 = EDGE_LOOP('',(#8135,#8145,#8151,#8152));
#8135 = ORIENTED_EDGE('',*,*,#8136,.F.);
#8136 = EDGE_CURVE('',#8137,#8139,#8141,.T.);
#8137 = VERTEX_POINT('',#8138);
#8138 = CARTESIAN_POINT('',(100.16118233997,-35.35779992913,1.5));
#8139 = VERTEX_POINT('',#8140);
#8140 = CARTESIAN_POINT('',(100.16118233997,-49.35779665135,1.5));
#8141 = LINE('',#8142,#8143);
#8142 = CARTESIAN_POINT('',(100.16118233997,-35.35779992913,1.5));
#8143 = VECTOR('',#8144,1.);
#8144 = DIRECTION('',(0.,-1.,0.));
#8145 = ORIENTED_EDGE('',*,*,#8146,.T.);
#8146 = EDGE_CURVE('',#8137,#1897,#8147,.T.);
#8147 = LINE('',#8148,#8149);
#8148 = CARTESIAN_POINT('',(100.16118233997,-35.35779992913,1.5));
#8149 = VECTOR('',#8150,1.);
#8150 = DIRECTION('',(-0.,-0.,-1.));
#8151 = ORIENTED_EDGE('',*,*,#1896,.T.);
#8152 = ORIENTED_EDGE('',*,*,#8153,.F.);
#8153 = EDGE_CURVE('',#8139,#1899,#8154,.T.);
#8154 = LINE('',#8155,#8156);
#8155 = CARTESIAN_POINT('',(100.16118233997,-49.35779665135,1.5));
#8156 = VECTOR('',#8157,1.);
#8157 = DIRECTION('',(-0.,-0.,-1.));
#8158 = PLANE('',#8159);
#8159 = AXIS2_PLACEMENT_3D('',#8160,#8161,#8162);
#8160 = CARTESIAN_POINT('',(100.16118233997,-35.35779992913,1.5));
#8161 = DIRECTION('',(-1.,0.,0.));
#8162 = DIRECTION('',(0.,-1.,0.));
#8163 = ADVANCED_FACE('',(#8164),#8182,.F.);
#8164 = FACE_BOUND('',#8165,.F.);
#8165 = EDGE_LOOP('',(#8166,#8174,#8180,#8181));
#8166 = ORIENTED_EDGE('',*,*,#8167,.F.);
#8167 = EDGE_CURVE('',#8168,#8137,#8170,.T.);
#8168 = VERTEX_POINT('',#8169);
#8169 = CARTESIAN_POINT('',(114.16117906219,-35.35779992913,1.5));
#8170 = LINE('',#8171,#8172);
#8171 = CARTESIAN_POINT('',(114.16117906219,-35.35779992913,1.5));
#8172 = VECTOR('',#8173,1.);
#8173 = DIRECTION('',(-1.,0.,0.));
#8174 = ORIENTED_EDGE('',*,*,#8175,.T.);
#8175 = EDGE_CURVE('',#8168,#1907,#8176,.T.);
#8176 = LINE('',#8177,#8178);
#8177 = CARTESIAN_POINT('',(114.16117906219,-35.35779992913,1.5));
#8178 = VECTOR('',#8179,1.);
#8179 = DIRECTION('',(-0.,-0.,-1.));
#8180 = ORIENTED_EDGE('',*,*,#1906,.T.);
#8181 = ORIENTED_EDGE('',*,*,#8146,.F.);
#8182 = PLANE('',#8183);
#8183 = AXIS2_PLACEMENT_3D('',#8184,#8185,#8186);
#8184 = CARTESIAN_POINT('',(114.16117906219,-35.35779992913,1.5));
#8185 = DIRECTION('',(0.,1.,0.));
#8186 = DIRECTION('',(-1.,0.,0.));
#8187 = ADVANCED_FACE('',(#8188),#8206,.F.);
#8188 = FACE_BOUND('',#8189,.F.);
#8189 = EDGE_LOOP('',(#8190,#8198,#8199,#8200));
#8190 = ORIENTED_EDGE('',*,*,#8191,.F.);
#8191 = EDGE_CURVE('',#8139,#8192,#8194,.T.);
#8192 = VERTEX_POINT('',#8193);
#8193 = CARTESIAN_POINT('',(114.16117906219,-49.35779665135,1.5));
#8194 = LINE('',#8195,#8196);
#8195 = CARTESIAN_POINT('',(100.16118233997,-49.35779665135,1.5));
#8196 = VECTOR('',#8197,1.);
#8197 = DIRECTION('',(1.,0.,0.));
#8198 = ORIENTED_EDGE('',*,*,#8153,.T.);
#8199 = ORIENTED_EDGE('',*,*,#1922,.T.);
#8200 = ORIENTED_EDGE('',*,*,#8201,.F.);
#8201 = EDGE_CURVE('',#8192,#1915,#8202,.T.);
#8202 = LINE('',#8203,#8204);
#8203 = CARTESIAN_POINT('',(114.16117906219,-49.35779665135,1.5));
#8204 = VECTOR('',#8205,1.);
#8205 = DIRECTION('',(-0.,-0.,-1.));
#8206 = PLANE('',#8207);
#8207 = AXIS2_PLACEMENT_3D('',#8208,#8209,#8210);
#8208 = CARTESIAN_POINT('',(100.16118233997,-49.35779665135,1.5));
#8209 = DIRECTION('',(0.,-1.,0.));
#8210 = DIRECTION('',(1.,0.,0.));
#8211 = ADVANCED_FACE('',(#8212),#8223,.F.);
#8212 = FACE_BOUND('',#8213,.F.);
#8213 = EDGE_LOOP('',(#8214,#8220,#8221,#8222));
#8214 = ORIENTED_EDGE('',*,*,#8215,.F.);
#8215 = EDGE_CURVE('',#8192,#8168,#8216,.T.);
#8216 = LINE('',#8217,#8218);
#8217 = CARTESIAN_POINT('',(114.16117906219,-49.35779665135,1.5));
#8218 = VECTOR('',#8219,1.);
#8219 = DIRECTION('',(0.,1.,0.));
#8220 = ORIENTED_EDGE('',*,*,#8201,.T.);
#8221 = ORIENTED_EDGE('',*,*,#1914,.T.);
#8222 = ORIENTED_EDGE('',*,*,#8175,.F.);
#8223 = PLANE('',#8224);
#8224 = AXIS2_PLACEMENT_3D('',#8225,#8226,#8227);
#8225 = CARTESIAN_POINT('',(114.16117906219,-49.35779665135,1.5));
#8226 = DIRECTION('',(1.,0.,0.));
#8227 = DIRECTION('',(0.,1.,0.));
#8228 = ADVANCED_FACE('',(#8229),#8254,.F.);
#8229 = FACE_BOUND('',#8230,.F.);
#8230 = EDGE_LOOP('',(#8231,#8241,#8247,#8248));
#8231 = ORIENTED_EDGE('',*,*,#8232,.F.);
#8232 = EDGE_CURVE('',#8233,#8235,#8237,.T.);
#8233 = VERTEX_POINT('',#8234);
#8234 = CARTESIAN_POINT('',(119.21117757747,-35.35779992913,1.5));
#8235 = VERTEX_POINT('',#8236);
#8236 = CARTESIAN_POINT('',(119.21117757747,-49.35779665135,1.5));
#8237 = LINE('',#8238,#8239);
#8238 = CARTESIAN_POINT('',(119.21117757747,-35.35779992913,1.5));
#8239 = VECTOR('',#8240,1.);
#8240 = DIRECTION('',(0.,-1.,0.));
#8241 = ORIENTED_EDGE('',*,*,#8242,.T.);
#8242 = EDGE_CURVE('',#8233,#1931,#8243,.T.);
#8243 = LINE('',#8244,#8245);
#8244 = CARTESIAN_POINT('',(119.21117757747,-35.35779992913,1.5));
#8245 = VECTOR('',#8246,1.);
#8246 = DIRECTION('',(-0.,-0.,-1.));
#8247 = ORIENTED_EDGE('',*,*,#1930,.T.);
#8248 = ORIENTED_EDGE('',*,*,#8249,.F.);
#8249 = EDGE_CURVE('',#8235,#1933,#8250,.T.);
#8250 = LINE('',#8251,#8252);
#8251 = CARTESIAN_POINT('',(119.21117757747,-49.35779665135,1.5));
#8252 = VECTOR('',#8253,1.);
#8253 = DIRECTION('',(-0.,-0.,-1.));
#8254 = PLANE('',#8255);
#8255 = AXIS2_PLACEMENT_3D('',#8256,#8257,#8258);
#8256 = CARTESIAN_POINT('',(119.21117757747,-35.35779992913,1.5));
#8257 = DIRECTION('',(-1.,0.,0.));
#8258 = DIRECTION('',(0.,-1.,0.));
#8259 = ADVANCED_FACE('',(#8260),#8278,.F.);
#8260 = FACE_BOUND('',#8261,.F.);
#8261 = EDGE_LOOP('',(#8262,#8270,#8276,#8277));
#8262 = ORIENTED_EDGE('',*,*,#8263,.F.);
#8263 = EDGE_CURVE('',#8264,#8233,#8266,.T.);
#8264 = VERTEX_POINT('',#8265);
#8265 = CARTESIAN_POINT('',(133.21117429969,-35.35779992913,1.5));
#8266 = LINE('',#8267,#8268);
#8267 = CARTESIAN_POINT('',(133.21117429969,-35.35779992913,1.5));
#8268 = VECTOR('',#8269,1.);
#8269 = DIRECTION('',(-1.,0.,0.));
#8270 = ORIENTED_EDGE('',*,*,#8271,.T.);
#8271 = EDGE_CURVE('',#8264,#1941,#8272,.T.);
#8272 = LINE('',#8273,#8274);
#8273 = CARTESIAN_POINT('',(133.21117429969,-35.35779992913,1.5));
#8274 = VECTOR('',#8275,1.);
#8275 = DIRECTION('',(-0.,-0.,-1.));
#8276 = ORIENTED_EDGE('',*,*,#1940,.T.);
#8277 = ORIENTED_EDGE('',*,*,#8242,.F.);
#8278 = PLANE('',#8279);
#8279 = AXIS2_PLACEMENT_3D('',#8280,#8281,#8282);
#8280 = CARTESIAN_POINT('',(133.21117429969,-35.35779992913,1.5));
#8281 = DIRECTION('',(0.,1.,0.));
#8282 = DIRECTION('',(-1.,0.,0.));
#8283 = ADVANCED_FACE('',(#8284),#8302,.F.);
#8284 = FACE_BOUND('',#8285,.F.);
#8285 = EDGE_LOOP('',(#8286,#8294,#8295,#8296));
#8286 = ORIENTED_EDGE('',*,*,#8287,.F.);
#8287 = EDGE_CURVE('',#8235,#8288,#8290,.T.);
#8288 = VERTEX_POINT('',#8289);
#8289 = CARTESIAN_POINT('',(133.21117429969,-49.35779665135,1.5));
#8290 = LINE('',#8291,#8292);
#8291 = CARTESIAN_POINT('',(119.21117757747,-49.35779665135,1.5));
#8292 = VECTOR('',#8293,1.);
#8293 = DIRECTION('',(1.,0.,0.));
#8294 = ORIENTED_EDGE('',*,*,#8249,.T.);
#8295 = ORIENTED_EDGE('',*,*,#1956,.T.);
#8296 = ORIENTED_EDGE('',*,*,#8297,.F.);
#8297 = EDGE_CURVE('',#8288,#1949,#8298,.T.);
#8298 = LINE('',#8299,#8300);
#8299 = CARTESIAN_POINT('',(133.21117429969,-49.35779665135,1.5));
#8300 = VECTOR('',#8301,1.);
#8301 = DIRECTION('',(-0.,-0.,-1.));
#8302 = PLANE('',#8303);
#8303 = AXIS2_PLACEMENT_3D('',#8304,#8305,#8306);
#8304 = CARTESIAN_POINT('',(119.21117757747,-49.35779665135,1.5));
#8305 = DIRECTION('',(0.,-1.,0.));
#8306 = DIRECTION('',(1.,0.,0.));
#8307 = ADVANCED_FACE('',(#8308),#8319,.F.);
#8308 = FACE_BOUND('',#8309,.F.);
#8309 = EDGE_LOOP('',(#8310,#8316,#8317,#8318));
#8310 = ORIENTED_EDGE('',*,*,#8311,.F.);
#8311 = EDGE_CURVE('',#8288,#8264,#8312,.T.);
#8312 = LINE('',#8313,#8314);
#8313 = CARTESIAN_POINT('',(133.21117429969,-49.35779665135,1.5));
#8314 = VECTOR('',#8315,1.);
#8315 = DIRECTION('',(0.,1.,0.));
#8316 = ORIENTED_EDGE('',*,*,#8297,.T.);
#8317 = ORIENTED_EDGE('',*,*,#1948,.T.);
#8318 = ORIENTED_EDGE('',*,*,#8271,.F.);
#8319 = PLANE('',#8320);
#8320 = AXIS2_PLACEMENT_3D('',#8321,#8322,#8323);
#8321 = CARTESIAN_POINT('',(133.21117429969,-49.35779665135,1.5));
#8322 = DIRECTION('',(1.,0.,0.));
#8323 = DIRECTION('',(0.,1.,0.));
#8324 = ADVANCED_FACE('',(#8325),#8350,.F.);
#8325 = FACE_BOUND('',#8326,.F.);
#8326 = EDGE_LOOP('',(#8327,#8337,#8343,#8344));
#8327 = ORIENTED_EDGE('',*,*,#8328,.F.);
#8328 = EDGE_CURVE('',#8329,#8331,#8333,.T.);
#8329 = VERTEX_POINT('',#8330);
#8330 = CARTESIAN_POINT('',(138.26117281497,-35.35779992913,1.5));
#8331 = VERTEX_POINT('',#8332);
#8332 = CARTESIAN_POINT('',(138.26117281497,-49.35779665135,1.5));
#8333 = LINE('',#8334,#8335);
#8334 = CARTESIAN_POINT('',(138.26117281497,-35.35779992913,1.5));
#8335 = VECTOR('',#8336,1.);
#8336 = DIRECTION('',(0.,-1.,0.));
#8337 = ORIENTED_EDGE('',*,*,#8338,.T.);
#8338 = EDGE_CURVE('',#8329,#1965,#8339,.T.);
#8339 = LINE('',#8340,#8341);
#8340 = CARTESIAN_POINT('',(138.26117281497,-35.35779992913,1.5));
#8341 = VECTOR('',#8342,1.);
#8342 = DIRECTION('',(-0.,-0.,-1.));
#8343 = ORIENTED_EDGE('',*,*,#1964,.T.);
#8344 = ORIENTED_EDGE('',*,*,#8345,.F.);
#8345 = EDGE_CURVE('',#8331,#1967,#8346,.T.);
#8346 = LINE('',#8347,#8348);
#8347 = CARTESIAN_POINT('',(138.26117281497,-49.35779665135,1.5));
#8348 = VECTOR('',#8349,1.);
#8349 = DIRECTION('',(-0.,-0.,-1.));
#8350 = PLANE('',#8351);
#8351 = AXIS2_PLACEMENT_3D('',#8352,#8353,#8354);
#8352 = CARTESIAN_POINT('',(138.26117281497,-35.35779992913,1.5));
#8353 = DIRECTION('',(-1.,0.,0.));
#8354 = DIRECTION('',(0.,-1.,0.));
#8355 = ADVANCED_FACE('',(#8356),#8374,.F.);
#8356 = FACE_BOUND('',#8357,.F.);
#8357 = EDGE_LOOP('',(#8358,#8366,#8372,#8373));
#8358 = ORIENTED_EDGE('',*,*,#8359,.F.);
#8359 = EDGE_CURVE('',#8360,#8329,#8362,.T.);
#8360 = VERTEX_POINT('',#8361);
#8361 = CARTESIAN_POINT('',(152.26116953719,-35.35779992913,1.5));
#8362 = LINE('',#8363,#8364);
#8363 = CARTESIAN_POINT('',(152.26116953719,-35.35779992913,1.5));
#8364 = VECTOR('',#8365,1.);
#8365 = DIRECTION('',(-1.,0.,0.));
#8366 = ORIENTED_EDGE('',*,*,#8367,.T.);
#8367 = EDGE_CURVE('',#8360,#1975,#8368,.T.);
#8368 = LINE('',#8369,#8370);
#8369 = CARTESIAN_POINT('',(152.26116953719,-35.35779992913,1.5));
#8370 = VECTOR('',#8371,1.);
#8371 = DIRECTION('',(-0.,-0.,-1.));
#8372 = ORIENTED_EDGE('',*,*,#1974,.T.);
#8373 = ORIENTED_EDGE('',*,*,#8338,.F.);
#8374 = PLANE('',#8375);
#8375 = AXIS2_PLACEMENT_3D('',#8376,#8377,#8378);
#8376 = CARTESIAN_POINT('',(152.26116953719,-35.35779992913,1.5));
#8377 = DIRECTION('',(0.,1.,0.));
#8378 = DIRECTION('',(-1.,0.,0.));
#8379 = ADVANCED_FACE('',(#8380),#8398,.F.);
#8380 = FACE_BOUND('',#8381,.F.);
#8381 = EDGE_LOOP('',(#8382,#8390,#8391,#8392));
#8382 = ORIENTED_EDGE('',*,*,#8383,.F.);
#8383 = EDGE_CURVE('',#8331,#8384,#8386,.T.);
#8384 = VERTEX_POINT('',#8385);
#8385 = CARTESIAN_POINT('',(152.26116953719,-49.35779665135,1.5));
#8386 = LINE('',#8387,#8388);
#8387 = CARTESIAN_POINT('',(138.26117281497,-49.35779665135,1.5));
#8388 = VECTOR('',#8389,1.);
#8389 = DIRECTION('',(1.,0.,0.));
#8390 = ORIENTED_EDGE('',*,*,#8345,.T.);
#8391 = ORIENTED_EDGE('',*,*,#1990,.T.);
#8392 = ORIENTED_EDGE('',*,*,#8393,.F.);
#8393 = EDGE_CURVE('',#8384,#1983,#8394,.T.);
#8394 = LINE('',#8395,#8396);
#8395 = CARTESIAN_POINT('',(152.26116953719,-49.35779665135,1.5));
#8396 = VECTOR('',#8397,1.);
#8397 = DIRECTION('',(-0.,-0.,-1.));
#8398 = PLANE('',#8399);
#8399 = AXIS2_PLACEMENT_3D('',#8400,#8401,#8402);
#8400 = CARTESIAN_POINT('',(138.26117281497,-49.35779665135,1.5));
#8401 = DIRECTION('',(0.,-1.,0.));
#8402 = DIRECTION('',(1.,0.,0.));
#8403 = ADVANCED_FACE('',(#8404),#8415,.F.);
#8404 = FACE_BOUND('',#8405,.F.);
#8405 = EDGE_LOOP('',(#8406,#8412,#8413,#8414));
#8406 = ORIENTED_EDGE('',*,*,#8407,.F.);
#8407 = EDGE_CURVE('',#8384,#8360,#8408,.T.);
#8408 = LINE('',#8409,#8410);
#8409 = CARTESIAN_POINT('',(152.26116953719,-49.35779665135,1.5));
#8410 = VECTOR('',#8411,1.);
#8411 = DIRECTION('',(0.,1.,0.));
#8412 = ORIENTED_EDGE('',*,*,#8393,.T.);
#8413 = ORIENTED_EDGE('',*,*,#1982,.T.);
#8414 = ORIENTED_EDGE('',*,*,#8367,.F.);
#8415 = PLANE('',#8416);
#8416 = AXIS2_PLACEMENT_3D('',#8417,#8418,#8419);
#8417 = CARTESIAN_POINT('',(152.26116953719,-49.35779665135,1.5));
#8418 = DIRECTION('',(1.,0.,0.));
#8419 = DIRECTION('',(0.,1.,0.));
#8420 = ADVANCED_FACE('',(#8421),#8446,.F.);
#8421 = FACE_BOUND('',#8422,.F.);
#8422 = EDGE_LOOP('',(#8423,#8433,#8439,#8440));
#8423 = ORIENTED_EDGE('',*,*,#8424,.F.);
#8424 = EDGE_CURVE('',#8425,#8427,#8429,.T.);
#8425 = VERTEX_POINT('',#8426);
#8426 = CARTESIAN_POINT('',(166.83616567122,-54.40779516663,1.5));
#8427 = VERTEX_POINT('',#8428);
#8428 = CARTESIAN_POINT('',(166.83616567122,-68.40779188885,1.5));
#8429 = LINE('',#8430,#8431);
#8430 = CARTESIAN_POINT('',(166.83616567122,-54.40779516663,1.5));
#8431 = VECTOR('',#8432,1.);
#8432 = DIRECTION('',(0.,-1.,0.));
#8433 = ORIENTED_EDGE('',*,*,#8434,.T.);
#8434 = EDGE_CURVE('',#8425,#1999,#8435,.T.);
#8435 = LINE('',#8436,#8437);
#8436 = CARTESIAN_POINT('',(166.83616567122,-54.40779516663,1.5));
#8437 = VECTOR('',#8438,1.);
#8438 = DIRECTION('',(-0.,-0.,-1.));
#8439 = ORIENTED_EDGE('',*,*,#1998,.T.);
#8440 = ORIENTED_EDGE('',*,*,#8441,.F.);
#8441 = EDGE_CURVE('',#8427,#2001,#8442,.T.);
#8442 = LINE('',#8443,#8444);
#8443 = CARTESIAN_POINT('',(166.83616567122,-68.40779188885,1.5));
#8444 = VECTOR('',#8445,1.);
#8445 = DIRECTION('',(-0.,-0.,-1.));
#8446 = PLANE('',#8447);
#8447 = AXIS2_PLACEMENT_3D('',#8448,#8449,#8450);
#8448 = CARTESIAN_POINT('',(166.83616567122,-54.40779516663,1.5));
#8449 = DIRECTION('',(-1.,0.,0.));
#8450 = DIRECTION('',(0.,-1.,0.));
#8451 = ADVANCED_FACE('',(#8452),#8470,.F.);
#8452 = FACE_BOUND('',#8453,.F.);
#8453 = EDGE_LOOP('',(#8454,#8462,#8468,#8469));
#8454 = ORIENTED_EDGE('',*,*,#8455,.F.);
#8455 = EDGE_CURVE('',#8456,#8425,#8458,.T.);
#8456 = VERTEX_POINT('',#8457);
#8457 = CARTESIAN_POINT('',(180.83616239344,-54.40779516663,1.5));
#8458 = LINE('',#8459,#8460);
#8459 = CARTESIAN_POINT('',(180.83616239344,-54.40779516663,1.5));
#8460 = VECTOR('',#8461,1.);
#8461 = DIRECTION('',(-1.,0.,0.));
#8462 = ORIENTED_EDGE('',*,*,#8463,.T.);
#8463 = EDGE_CURVE('',#8456,#2009,#8464,.T.);
#8464 = LINE('',#8465,#8466);
#8465 = CARTESIAN_POINT('',(180.83616239344,-54.40779516663,1.5));
#8466 = VECTOR('',#8467,1.);
#8467 = DIRECTION('',(-0.,-0.,-1.));
#8468 = ORIENTED_EDGE('',*,*,#2008,.T.);
#8469 = ORIENTED_EDGE('',*,*,#8434,.F.);
#8470 = PLANE('',#8471);
#8471 = AXIS2_PLACEMENT_3D('',#8472,#8473,#8474);
#8472 = CARTESIAN_POINT('',(180.83616239344,-54.40779516663,1.5));
#8473 = DIRECTION('',(0.,1.,0.));
#8474 = DIRECTION('',(-1.,0.,0.));
#8475 = ADVANCED_FACE('',(#8476),#8494,.F.);
#8476 = FACE_BOUND('',#8477,.F.);
#8477 = EDGE_LOOP('',(#8478,#8486,#8487,#8488));
#8478 = ORIENTED_EDGE('',*,*,#8479,.F.);
#8479 = EDGE_CURVE('',#8427,#8480,#8482,.T.);
#8480 = VERTEX_POINT('',#8481);
#8481 = CARTESIAN_POINT('',(180.83616239344,-68.40779188885,1.5));
#8482 = LINE('',#8483,#8484);
#8483 = CARTESIAN_POINT('',(166.83616567122,-68.40779188885,1.5));
#8484 = VECTOR('',#8485,1.);
#8485 = DIRECTION('',(1.,0.,0.));
#8486 = ORIENTED_EDGE('',*,*,#8441,.T.);
#8487 = ORIENTED_EDGE('',*,*,#2024,.T.);
#8488 = ORIENTED_EDGE('',*,*,#8489,.F.);
#8489 = EDGE_CURVE('',#8480,#2017,#8490,.T.);
#8490 = LINE('',#8491,#8492);
#8491 = CARTESIAN_POINT('',(180.83616239344,-68.40779188885,1.5));
#8492 = VECTOR('',#8493,1.);
#8493 = DIRECTION('',(-0.,-0.,-1.));
#8494 = PLANE('',#8495);
#8495 = AXIS2_PLACEMENT_3D('',#8496,#8497,#8498);
#8496 = CARTESIAN_POINT('',(166.83616567122,-68.40779188885,1.5));
#8497 = DIRECTION('',(0.,-1.,0.));
#8498 = DIRECTION('',(1.,0.,0.));
#8499 = ADVANCED_FACE('',(#8500),#8511,.F.);
#8500 = FACE_BOUND('',#8501,.F.);
#8501 = EDGE_LOOP('',(#8502,#8508,#8509,#8510));
#8502 = ORIENTED_EDGE('',*,*,#8503,.F.);
#8503 = EDGE_CURVE('',#8480,#8456,#8504,.T.);
#8504 = LINE('',#8505,#8506);
#8505 = CARTESIAN_POINT('',(180.83616239344,-68.40779188885,1.5));
#8506 = VECTOR('',#8507,1.);
#8507 = DIRECTION('',(0.,1.,0.));
#8508 = ORIENTED_EDGE('',*,*,#8489,.T.);
#8509 = ORIENTED_EDGE('',*,*,#2016,.T.);
#8510 = ORIENTED_EDGE('',*,*,#8463,.F.);
#8511 = PLANE('',#8512);
#8512 = AXIS2_PLACEMENT_3D('',#8513,#8514,#8515);
#8513 = CARTESIAN_POINT('',(180.83616239344,-68.40779188885,1.5));
#8514 = DIRECTION('',(1.,0.,0.));
#8515 = DIRECTION('',(0.,1.,0.));
#8516 = ADVANCED_FACE('',(#8517),#8542,.F.);
#8517 = FACE_BOUND('',#8518,.F.);
#8518 = EDGE_LOOP('',(#8519,#8529,#8535,#8536));
#8519 = ORIENTED_EDGE('',*,*,#8520,.F.);
#8520 = EDGE_CURVE('',#8521,#8523,#8525,.T.);
#8521 = VERTEX_POINT('',#8522);
#8522 = CARTESIAN_POINT('',(185.88616090872,-54.40779516663,1.5));
#8523 = VERTEX_POINT('',#8524);
#8524 = CARTESIAN_POINT('',(185.88616090872,-68.40779188885,1.5));
#8525 = LINE('',#8526,#8527);
#8526 = CARTESIAN_POINT('',(185.88616090872,-54.40779516663,1.5));
#8527 = VECTOR('',#8528,1.);
#8528 = DIRECTION('',(0.,-1.,0.));
#8529 = ORIENTED_EDGE('',*,*,#8530,.T.);
#8530 = EDGE_CURVE('',#8521,#2033,#8531,.T.);
#8531 = LINE('',#8532,#8533);
#8532 = CARTESIAN_POINT('',(185.88616090872,-54.40779516663,1.5));
#8533 = VECTOR('',#8534,1.);
#8534 = DIRECTION('',(-0.,-0.,-1.));
#8535 = ORIENTED_EDGE('',*,*,#2032,.T.);
#8536 = ORIENTED_EDGE('',*,*,#8537,.F.);
#8537 = EDGE_CURVE('',#8523,#2035,#8538,.T.);
#8538 = LINE('',#8539,#8540);
#8539 = CARTESIAN_POINT('',(185.88616090872,-68.40779188885,1.5));
#8540 = VECTOR('',#8541,1.);
#8541 = DIRECTION('',(-0.,-0.,-1.));
#8542 = PLANE('',#8543);
#8543 = AXIS2_PLACEMENT_3D('',#8544,#8545,#8546);
#8544 = CARTESIAN_POINT('',(185.88616090872,-54.40779516663,1.5));
#8545 = DIRECTION('',(-1.,0.,0.));
#8546 = DIRECTION('',(0.,-1.,0.));
#8547 = ADVANCED_FACE('',(#8548),#8566,.F.);
#8548 = FACE_BOUND('',#8549,.F.);
#8549 = EDGE_LOOP('',(#8550,#8558,#8564,#8565));
#8550 = ORIENTED_EDGE('',*,*,#8551,.F.);
#8551 = EDGE_CURVE('',#8552,#8521,#8554,.T.);
#8552 = VERTEX_POINT('',#8553);
#8553 = CARTESIAN_POINT('',(199.88615763094,-54.40779516663,1.5));
#8554 = LINE('',#8555,#8556);
#8555 = CARTESIAN_POINT('',(199.88615763094,-54.40779516663,1.5));
#8556 = VECTOR('',#8557,1.);
#8557 = DIRECTION('',(-1.,0.,0.));
#8558 = ORIENTED_EDGE('',*,*,#8559,.T.);
#8559 = EDGE_CURVE('',#8552,#2043,#8560,.T.);
#8560 = LINE('',#8561,#8562);
#8561 = CARTESIAN_POINT('',(199.88615763094,-54.40779516663,1.5));
#8562 = VECTOR('',#8563,1.);
#8563 = DIRECTION('',(-0.,-0.,-1.));
#8564 = ORIENTED_EDGE('',*,*,#2042,.T.);
#8565 = ORIENTED_EDGE('',*,*,#8530,.F.);
#8566 = PLANE('',#8567);
#8567 = AXIS2_PLACEMENT_3D('',#8568,#8569,#8570);
#8568 = CARTESIAN_POINT('',(199.88615763094,-54.40779516663,1.5));
#8569 = DIRECTION('',(0.,1.,0.));
#8570 = DIRECTION('',(-1.,0.,0.));
#8571 = ADVANCED_FACE('',(#8572),#8590,.F.);
#8572 = FACE_BOUND('',#8573,.F.);
#8573 = EDGE_LOOP('',(#8574,#8582,#8583,#8584));
#8574 = ORIENTED_EDGE('',*,*,#8575,.F.);
#8575 = EDGE_CURVE('',#8523,#8576,#8578,.T.);
#8576 = VERTEX_POINT('',#8577);
#8577 = CARTESIAN_POINT('',(199.88615763094,-68.40779188885,1.5));
#8578 = LINE('',#8579,#8580);
#8579 = CARTESIAN_POINT('',(185.88616090872,-68.40779188885,1.5));
#8580 = VECTOR('',#8581,1.);
#8581 = DIRECTION('',(1.,0.,0.));
#8582 = ORIENTED_EDGE('',*,*,#8537,.T.);
#8583 = ORIENTED_EDGE('',*,*,#2058,.T.);
#8584 = ORIENTED_EDGE('',*,*,#8585,.F.);
#8585 = EDGE_CURVE('',#8576,#2051,#8586,.T.);
#8586 = LINE('',#8587,#8588);
#8587 = CARTESIAN_POINT('',(199.88615763094,-68.40779188885,1.5));
#8588 = VECTOR('',#8589,1.);
#8589 = DIRECTION('',(-0.,-0.,-1.));
#8590 = PLANE('',#8591);
#8591 = AXIS2_PLACEMENT_3D('',#8592,#8593,#8594);
#8592 = CARTESIAN_POINT('',(185.88616090872,-68.40779188885,1.5));
#8593 = DIRECTION('',(0.,-1.,0.));
#8594 = DIRECTION('',(1.,0.,0.));
#8595 = ADVANCED_FACE('',(#8596),#8607,.F.);
#8596 = FACE_BOUND('',#8597,.F.);
#8597 = EDGE_LOOP('',(#8598,#8604,#8605,#8606));
#8598 = ORIENTED_EDGE('',*,*,#8599,.F.);
#8599 = EDGE_CURVE('',#8576,#8552,#8600,.T.);
#8600 = LINE('',#8601,#8602);
#8601 = CARTESIAN_POINT('',(199.88615763094,-68.40779188885,1.5));
#8602 = VECTOR('',#8603,1.);
#8603 = DIRECTION('',(0.,1.,0.));
#8604 = ORIENTED_EDGE('',*,*,#8585,.T.);
#8605 = ORIENTED_EDGE('',*,*,#2050,.T.);
#8606 = ORIENTED_EDGE('',*,*,#8559,.F.);
#8607 = PLANE('',#8608);
#8608 = AXIS2_PLACEMENT_3D('',#8609,#8610,#8611);
#8609 = CARTESIAN_POINT('',(199.88615763094,-68.40779188885,1.5));
#8610 = DIRECTION('',(1.,0.,0.));
#8611 = DIRECTION('',(0.,1.,0.));
#8612 = ADVANCED_FACE('',(#8613),#8638,.F.);
#8613 = FACE_BOUND('',#8614,.F.);
#8614 = EDGE_LOOP('',(#8615,#8625,#8631,#8632));
#8615 = ORIENTED_EDGE('',*,*,#8616,.F.);
#8616 = EDGE_CURVE('',#8617,#8619,#8621,.T.);
#8617 = VERTEX_POINT('',#8618);
#8618 = CARTESIAN_POINT('',(204.93615614622,-54.40779516663,1.5));
#8619 = VERTEX_POINT('',#8620);
#8620 = CARTESIAN_POINT('',(204.93615614622,-68.40779188885,1.5));
#8621 = LINE('',#8622,#8623);
#8622 = CARTESIAN_POINT('',(204.93615614622,-54.40779516663,1.5));
#8623 = VECTOR('',#8624,1.);
#8624 = DIRECTION('',(0.,-1.,0.));
#8625 = ORIENTED_EDGE('',*,*,#8626,.T.);
#8626 = EDGE_CURVE('',#8617,#2067,#8627,.T.);
#8627 = LINE('',#8628,#8629);
#8628 = CARTESIAN_POINT('',(204.93615614622,-54.40779516663,1.5));
#8629 = VECTOR('',#8630,1.);
#8630 = DIRECTION('',(-0.,-0.,-1.));
#8631 = ORIENTED_EDGE('',*,*,#2066,.T.);
#8632 = ORIENTED_EDGE('',*,*,#8633,.F.);
#8633 = EDGE_CURVE('',#8619,#2069,#8634,.T.);
#8634 = LINE('',#8635,#8636);
#8635 = CARTESIAN_POINT('',(204.93615614622,-68.40779188885,1.5));
#8636 = VECTOR('',#8637,1.);
#8637 = DIRECTION('',(-0.,-0.,-1.));
#8638 = PLANE('',#8639);
#8639 = AXIS2_PLACEMENT_3D('',#8640,#8641,#8642);
#8640 = CARTESIAN_POINT('',(204.93615614622,-54.40779516663,1.5));
#8641 = DIRECTION('',(-1.,0.,0.));
#8642 = DIRECTION('',(0.,-1.,0.));
#8643 = ADVANCED_FACE('',(#8644),#8662,.F.);
#8644 = FACE_BOUND('',#8645,.F.);
#8645 = EDGE_LOOP('',(#8646,#8654,#8660,#8661));
#8646 = ORIENTED_EDGE('',*,*,#8647,.F.);
#8647 = EDGE_CURVE('',#8648,#8617,#8650,.T.);
#8648 = VERTEX_POINT('',#8649);
#8649 = CARTESIAN_POINT('',(218.93615286844,-54.40779516663,1.5));
#8650 = LINE('',#8651,#8652);
#8651 = CARTESIAN_POINT('',(218.93615286844,-54.40779516663,1.5));
#8652 = VECTOR('',#8653,1.);
#8653 = DIRECTION('',(-1.,0.,0.));
#8654 = ORIENTED_EDGE('',*,*,#8655,.T.);
#8655 = EDGE_CURVE('',#8648,#2077,#8656,.T.);
#8656 = LINE('',#8657,#8658);
#8657 = CARTESIAN_POINT('',(218.93615286844,-54.40779516663,1.5));
#8658 = VECTOR('',#8659,1.);
#8659 = DIRECTION('',(-0.,-0.,-1.));
#8660 = ORIENTED_EDGE('',*,*,#2076,.T.);
#8661 = ORIENTED_EDGE('',*,*,#8626,.F.);
#8662 = PLANE('',#8663);
#8663 = AXIS2_PLACEMENT_3D('',#8664,#8665,#8666);
#8664 = CARTESIAN_POINT('',(218.93615286844,-54.40779516663,1.5));
#8665 = DIRECTION('',(0.,1.,0.));
#8666 = DIRECTION('',(-1.,0.,0.));
#8667 = ADVANCED_FACE('',(#8668),#8686,.F.);
#8668 = FACE_BOUND('',#8669,.F.);
#8669 = EDGE_LOOP('',(#8670,#8678,#8679,#8680));
#8670 = ORIENTED_EDGE('',*,*,#8671,.F.);
#8671 = EDGE_CURVE('',#8619,#8672,#8674,.T.);
#8672 = VERTEX_POINT('',#8673);
#8673 = CARTESIAN_POINT('',(218.93615286844,-68.40779188885,1.5));
#8674 = LINE('',#8675,#8676);
#8675 = CARTESIAN_POINT('',(204.93615614622,-68.40779188885,1.5));
#8676 = VECTOR('',#8677,1.);
#8677 = DIRECTION('',(1.,0.,0.));
#8678 = ORIENTED_EDGE('',*,*,#8633,.T.);
#8679 = ORIENTED_EDGE('',*,*,#2092,.T.);
#8680 = ORIENTED_EDGE('',*,*,#8681,.F.);
#8681 = EDGE_CURVE('',#8672,#2085,#8682,.T.);
#8682 = LINE('',#8683,#8684);
#8683 = CARTESIAN_POINT('',(218.93615286844,-68.40779188885,1.5));
#8684 = VECTOR('',#8685,1.);
#8685 = DIRECTION('',(-0.,-0.,-1.));
#8686 = PLANE('',#8687);
#8687 = AXIS2_PLACEMENT_3D('',#8688,#8689,#8690);
#8688 = CARTESIAN_POINT('',(204.93615614622,-68.40779188885,1.5));
#8689 = DIRECTION('',(0.,-1.,0.));
#8690 = DIRECTION('',(1.,0.,0.));
#8691 = ADVANCED_FACE('',(#8692),#8703,.F.);
#8692 = FACE_BOUND('',#8693,.F.);
#8693 = EDGE_LOOP('',(#8694,#8700,#8701,#8702));
#8694 = ORIENTED_EDGE('',*,*,#8695,.F.);
#8695 = EDGE_CURVE('',#8672,#8648,#8696,.T.);
#8696 = LINE('',#8697,#8698);
#8697 = CARTESIAN_POINT('',(218.93615286844,-68.40779188885,1.5));
#8698 = VECTOR('',#8699,1.);
#8699 = DIRECTION('',(0.,1.,0.));
#8700 = ORIENTED_EDGE('',*,*,#8681,.T.);
#8701 = ORIENTED_EDGE('',*,*,#2084,.T.);
#8702 = ORIENTED_EDGE('',*,*,#8655,.F.);
#8703 = PLANE('',#8704);
#8704 = AXIS2_PLACEMENT_3D('',#8705,#8706,#8707);
#8705 = CARTESIAN_POINT('',(218.93615286844,-68.40779188885,1.5));
#8706 = DIRECTION('',(1.,0.,0.));
#8707 = DIRECTION('',(0.,1.,0.));
#8708 = ADVANCED_FACE('',(#8709),#8734,.F.);
#8709 = FACE_BOUND('',#8710,.F.);
#8710 = EDGE_LOOP('',(#8711,#8721,#8727,#8728));
#8711 = ORIENTED_EDGE('',*,*,#8712,.F.);
#8712 = EDGE_CURVE('',#8713,#8715,#8717,.T.);
#8713 = VERTEX_POINT('',#8714);
#8714 = CARTESIAN_POINT('',(223.98615138372,-54.40779516663,1.5));
#8715 = VERTEX_POINT('',#8716);
#8716 = CARTESIAN_POINT('',(223.98615138372,-68.40779188885,1.5));
#8717 = LINE('',#8718,#8719);
#8718 = CARTESIAN_POINT('',(223.98615138372,-54.40779516663,1.5));
#8719 = VECTOR('',#8720,1.);
#8720 = DIRECTION('',(0.,-1.,0.));
#8721 = ORIENTED_EDGE('',*,*,#8722,.T.);
#8722 = EDGE_CURVE('',#8713,#2101,#8723,.T.);
#8723 = LINE('',#8724,#8725);
#8724 = CARTESIAN_POINT('',(223.98615138372,-54.40779516663,1.5));
#8725 = VECTOR('',#8726,1.);
#8726 = DIRECTION('',(-0.,-0.,-1.));
#8727 = ORIENTED_EDGE('',*,*,#2100,.T.);
#8728 = ORIENTED_EDGE('',*,*,#8729,.F.);
#8729 = EDGE_CURVE('',#8715,#2103,#8730,.T.);
#8730 = LINE('',#8731,#8732);
#8731 = CARTESIAN_POINT('',(223.98615138372,-68.40779188885,1.5));
#8732 = VECTOR('',#8733,1.);
#8733 = DIRECTION('',(-0.,-0.,-1.));
#8734 = PLANE('',#8735);
#8735 = AXIS2_PLACEMENT_3D('',#8736,#8737,#8738);
#8736 = CARTESIAN_POINT('',(223.98615138372,-54.40779516663,1.5));
#8737 = DIRECTION('',(-1.,0.,0.));
#8738 = DIRECTION('',(0.,-1.,0.));
#8739 = ADVANCED_FACE('',(#8740),#8758,.F.);
#8740 = FACE_BOUND('',#8741,.F.);
#8741 = EDGE_LOOP('',(#8742,#8750,#8756,#8757));
#8742 = ORIENTED_EDGE('',*,*,#8743,.F.);
#8743 = EDGE_CURVE('',#8744,#8713,#8746,.T.);
#8744 = VERTEX_POINT('',#8745);
#8745 = CARTESIAN_POINT('',(237.98614810594,-54.40779516663,1.5));
#8746 = LINE('',#8747,#8748);
#8747 = CARTESIAN_POINT('',(237.98614810594,-54.40779516663,1.5));
#8748 = VECTOR('',#8749,1.);
#8749 = DIRECTION('',(-1.,0.,0.));
#8750 = ORIENTED_EDGE('',*,*,#8751,.T.);
#8751 = EDGE_CURVE('',#8744,#2111,#8752,.T.);
#8752 = LINE('',#8753,#8754);
#8753 = CARTESIAN_POINT('',(237.98614810594,-54.40779516663,1.5));
#8754 = VECTOR('',#8755,1.);
#8755 = DIRECTION('',(-0.,-0.,-1.));
#8756 = ORIENTED_EDGE('',*,*,#2110,.T.);
#8757 = ORIENTED_EDGE('',*,*,#8722,.F.);
#8758 = PLANE('',#8759);
#8759 = AXIS2_PLACEMENT_3D('',#8760,#8761,#8762);
#8760 = CARTESIAN_POINT('',(237.98614810594,-54.40779516663,1.5));
#8761 = DIRECTION('',(0.,1.,0.));
#8762 = DIRECTION('',(-1.,0.,0.));
#8763 = ADVANCED_FACE('',(#8764),#8782,.F.);
#8764 = FACE_BOUND('',#8765,.F.);
#8765 = EDGE_LOOP('',(#8766,#8774,#8775,#8776));
#8766 = ORIENTED_EDGE('',*,*,#8767,.F.);
#8767 = EDGE_CURVE('',#8715,#8768,#8770,.T.);
#8768 = VERTEX_POINT('',#8769);
#8769 = CARTESIAN_POINT('',(237.98614810594,-68.40779188885,1.5));
#8770 = LINE('',#8771,#8772);
#8771 = CARTESIAN_POINT('',(223.98615138372,-68.40779188885,1.5));
#8772 = VECTOR('',#8773,1.);
#8773 = DIRECTION('',(1.,0.,0.));
#8774 = ORIENTED_EDGE('',*,*,#8729,.T.);
#8775 = ORIENTED_EDGE('',*,*,#2126,.T.);
#8776 = ORIENTED_EDGE('',*,*,#8777,.F.);
#8777 = EDGE_CURVE('',#8768,#2119,#8778,.T.);
#8778 = LINE('',#8779,#8780);
#8779 = CARTESIAN_POINT('',(237.98614810594,-68.40779188885,1.5));
#8780 = VECTOR('',#8781,1.);
#8781 = DIRECTION('',(-0.,-0.,-1.));
#8782 = PLANE('',#8783);
#8783 = AXIS2_PLACEMENT_3D('',#8784,#8785,#8786);
#8784 = CARTESIAN_POINT('',(223.98615138372,-68.40779188885,1.5));
#8785 = DIRECTION('',(0.,-1.,0.));
#8786 = DIRECTION('',(1.,0.,0.));
#8787 = ADVANCED_FACE('',(#8788),#8799,.F.);
#8788 = FACE_BOUND('',#8789,.F.);
#8789 = EDGE_LOOP('',(#8790,#8796,#8797,#8798));
#8790 = ORIENTED_EDGE('',*,*,#8791,.F.);
#8791 = EDGE_CURVE('',#8768,#8744,#8792,.T.);
#8792 = LINE('',#8793,#8794);
#8793 = CARTESIAN_POINT('',(237.98614810594,-68.40779188885,1.5));
#8794 = VECTOR('',#8795,1.);
#8795 = DIRECTION('',(0.,1.,0.));
#8796 = ORIENTED_EDGE('',*,*,#8777,.T.);
#8797 = ORIENTED_EDGE('',*,*,#2118,.T.);
#8798 = ORIENTED_EDGE('',*,*,#8751,.F.);
#8799 = PLANE('',#8800);
#8800 = AXIS2_PLACEMENT_3D('',#8801,#8802,#8803);
#8801 = CARTESIAN_POINT('',(237.98614810594,-68.40779188885,1.5));
#8802 = DIRECTION('',(1.,0.,0.));
#8803 = DIRECTION('',(0.,1.,0.));
#8804 = ADVANCED_FACE('',(#8805),#8830,.F.);
#8805 = FACE_BOUND('',#8806,.F.);
#8806 = EDGE_LOOP('',(#8807,#8817,#8823,#8824));
#8807 = ORIENTED_EDGE('',*,*,#8808,.F.);
#8808 = EDGE_CURVE('',#8809,#8811,#8813,.T.);
#8809 = VERTEX_POINT('',#8810);
#8810 = CARTESIAN_POINT('',(157.31116805247,-35.35779992913,1.5));
#8811 = VERTEX_POINT('',#8812);
#8812 = CARTESIAN_POINT('',(157.31116805247,-49.35779665135,1.5));
#8813 = LINE('',#8814,#8815);
#8814 = CARTESIAN_POINT('',(157.31116805247,-35.35779992913,1.5));
#8815 = VECTOR('',#8816,1.);
#8816 = DIRECTION('',(0.,-1.,0.));
#8817 = ORIENTED_EDGE('',*,*,#8818,.T.);
#8818 = EDGE_CURVE('',#8809,#2135,#8819,.T.);
#8819 = LINE('',#8820,#8821);
#8820 = CARTESIAN_POINT('',(157.31116805247,-35.35779992913,1.5));
#8821 = VECTOR('',#8822,1.);
#8822 = DIRECTION('',(-0.,-0.,-1.));
#8823 = ORIENTED_EDGE('',*,*,#2134,.T.);
#8824 = ORIENTED_EDGE('',*,*,#8825,.F.);
#8825 = EDGE_CURVE('',#8811,#2137,#8826,.T.);
#8826 = LINE('',#8827,#8828);
#8827 = CARTESIAN_POINT('',(157.31116805247,-49.35779665135,1.5));
#8828 = VECTOR('',#8829,1.);
#8829 = DIRECTION('',(-0.,-0.,-1.));
#8830 = PLANE('',#8831);
#8831 = AXIS2_PLACEMENT_3D('',#8832,#8833,#8834);
#8832 = CARTESIAN_POINT('',(157.31116805247,-35.35779992913,1.5));
#8833 = DIRECTION('',(-1.,0.,0.));
#8834 = DIRECTION('',(0.,-1.,0.));
#8835 = ADVANCED_FACE('',(#8836),#8854,.F.);
#8836 = FACE_BOUND('',#8837,.F.);
#8837 = EDGE_LOOP('',(#8838,#8846,#8852,#8853));
#8838 = ORIENTED_EDGE('',*,*,#8839,.F.);
#8839 = EDGE_CURVE('',#8840,#8809,#8842,.T.);
#8840 = VERTEX_POINT('',#8841);
#8841 = CARTESIAN_POINT('',(171.31116477469,-35.35779992913,1.5));
#8842 = LINE('',#8843,#8844);
#8843 = CARTESIAN_POINT('',(171.31116477469,-35.35779992913,1.5));
#8844 = VECTOR('',#8845,1.);
#8845 = DIRECTION('',(-1.,0.,0.));
#8846 = ORIENTED_EDGE('',*,*,#8847,.T.);
#8847 = EDGE_CURVE('',#8840,#2145,#8848,.T.);
#8848 = LINE('',#8849,#8850);
#8849 = CARTESIAN_POINT('',(171.31116477469,-35.35779992913,1.5));
#8850 = VECTOR('',#8851,1.);
#8851 = DIRECTION('',(-0.,-0.,-1.));
#8852 = ORIENTED_EDGE('',*,*,#2144,.T.);
#8853 = ORIENTED_EDGE('',*,*,#8818,.F.);
#8854 = PLANE('',#8855);
#8855 = AXIS2_PLACEMENT_3D('',#8856,#8857,#8858);
#8856 = CARTESIAN_POINT('',(171.31116477469,-35.35779992913,1.5));
#8857 = DIRECTION('',(0.,1.,0.));
#8858 = DIRECTION('',(-1.,0.,0.));
#8859 = ADVANCED_FACE('',(#8860),#8878,.F.);
#8860 = FACE_BOUND('',#8861,.F.);
#8861 = EDGE_LOOP('',(#8862,#8870,#8871,#8872));
#8862 = ORIENTED_EDGE('',*,*,#8863,.F.);
#8863 = EDGE_CURVE('',#8811,#8864,#8866,.T.);
#8864 = VERTEX_POINT('',#8865);
#8865 = CARTESIAN_POINT('',(171.31116477469,-49.35779665135,1.5));
#8866 = LINE('',#8867,#8868);
#8867 = CARTESIAN_POINT('',(157.31116805247,-49.35779665135,1.5));
#8868 = VECTOR('',#8869,1.);
#8869 = DIRECTION('',(1.,0.,0.));
#8870 = ORIENTED_EDGE('',*,*,#8825,.T.);
#8871 = ORIENTED_EDGE('',*,*,#2160,.T.);
#8872 = ORIENTED_EDGE('',*,*,#8873,.F.);
#8873 = EDGE_CURVE('',#8864,#2153,#8874,.T.);
#8874 = LINE('',#8875,#8876);
#8875 = CARTESIAN_POINT('',(171.31116477469,-49.35779665135,1.5));
#8876 = VECTOR('',#8877,1.);
#8877 = DIRECTION('',(-0.,-0.,-1.));
#8878 = PLANE('',#8879);
#8879 = AXIS2_PLACEMENT_3D('',#8880,#8881,#8882);
#8880 = CARTESIAN_POINT('',(157.31116805247,-49.35779665135,1.5));
#8881 = DIRECTION('',(0.,-1.,0.));
#8882 = DIRECTION('',(1.,0.,0.));
#8883 = ADVANCED_FACE('',(#8884),#8895,.F.);
#8884 = FACE_BOUND('',#8885,.F.);
#8885 = EDGE_LOOP('',(#8886,#8892,#8893,#8894));
#8886 = ORIENTED_EDGE('',*,*,#8887,.F.);
#8887 = EDGE_CURVE('',#8864,#8840,#8888,.T.);
#8888 = LINE('',#8889,#8890);
#8889 = CARTESIAN_POINT('',(171.31116477469,-49.35779665135,1.5));
#8890 = VECTOR('',#8891,1.);
#8891 = DIRECTION('',(0.,1.,0.));
#8892 = ORIENTED_EDGE('',*,*,#8873,.T.);
#8893 = ORIENTED_EDGE('',*,*,#2152,.T.);
#8894 = ORIENTED_EDGE('',*,*,#8847,.F.);
#8895 = PLANE('',#8896);
#8896 = AXIS2_PLACEMENT_3D('',#8897,#8898,#8899);
#8897 = CARTESIAN_POINT('',(171.31116477469,-49.35779665135,1.5));
#8898 = DIRECTION('',(1.,0.,0.));
#8899 = DIRECTION('',(0.,1.,0.));
#8900 = ADVANCED_FACE('',(#8901),#8926,.F.);
#8901 = FACE_BOUND('',#8902,.F.);
#8902 = EDGE_LOOP('',(#8903,#8913,#8919,#8920));
#8903 = ORIENTED_EDGE('',*,*,#8904,.F.);
#8904 = EDGE_CURVE('',#8905,#8907,#8909,.T.);
#8905 = VERTEX_POINT('',#8906);
#8906 = CARTESIAN_POINT('',(176.36116328997,-35.35779992913,1.5));
#8907 = VERTEX_POINT('',#8908);
#8908 = CARTESIAN_POINT('',(176.36116328997,-49.35779665135,1.5));
#8909 = LINE('',#8910,#8911);
#8910 = CARTESIAN_POINT('',(176.36116328997,-35.35779992913,1.5));
#8911 = VECTOR('',#8912,1.);
#8912 = DIRECTION('',(0.,-1.,0.));
#8913 = ORIENTED_EDGE('',*,*,#8914,.T.);
#8914 = EDGE_CURVE('',#8905,#2169,#8915,.T.);
#8915 = LINE('',#8916,#8917);
#8916 = CARTESIAN_POINT('',(176.36116328997,-35.35779992913,1.5));
#8917 = VECTOR('',#8918,1.);
#8918 = DIRECTION('',(-0.,-0.,-1.));
#8919 = ORIENTED_EDGE('',*,*,#2168,.T.);
#8920 = ORIENTED_EDGE('',*,*,#8921,.F.);
#8921 = EDGE_CURVE('',#8907,#2171,#8922,.T.);
#8922 = LINE('',#8923,#8924);
#8923 = CARTESIAN_POINT('',(176.36116328997,-49.35779665135,1.5));
#8924 = VECTOR('',#8925,1.);
#8925 = DIRECTION('',(-0.,-0.,-1.));
#8926 = PLANE('',#8927);
#8927 = AXIS2_PLACEMENT_3D('',#8928,#8929,#8930);
#8928 = CARTESIAN_POINT('',(176.36116328997,-35.35779992913,1.5));
#8929 = DIRECTION('',(-1.,0.,0.));
#8930 = DIRECTION('',(0.,-1.,0.));
#8931 = ADVANCED_FACE('',(#8932),#8950,.F.);
#8932 = FACE_BOUND('',#8933,.F.);
#8933 = EDGE_LOOP('',(#8934,#8942,#8948,#8949));
#8934 = ORIENTED_EDGE('',*,*,#8935,.F.);
#8935 = EDGE_CURVE('',#8936,#8905,#8938,.T.);
#8936 = VERTEX_POINT('',#8937);
#8937 = CARTESIAN_POINT('',(190.36116001219,-35.35779992913,1.5));
#8938 = LINE('',#8939,#8940);
#8939 = CARTESIAN_POINT('',(190.36116001219,-35.35779992913,1.5));
#8940 = VECTOR('',#8941,1.);
#8941 = DIRECTION('',(-1.,0.,0.));
#8942 = ORIENTED_EDGE('',*,*,#8943,.T.);
#8943 = EDGE_CURVE('',#8936,#2179,#8944,.T.);
#8944 = LINE('',#8945,#8946);
#8945 = CARTESIAN_POINT('',(190.36116001219,-35.35779992913,1.5));
#8946 = VECTOR('',#8947,1.);
#8947 = DIRECTION('',(-0.,-0.,-1.));
#8948 = ORIENTED_EDGE('',*,*,#2178,.T.);
#8949 = ORIENTED_EDGE('',*,*,#8914,.F.);
#8950 = PLANE('',#8951);
#8951 = AXIS2_PLACEMENT_3D('',#8952,#8953,#8954);
#8952 = CARTESIAN_POINT('',(190.36116001219,-35.35779992913,1.5));
#8953 = DIRECTION('',(0.,1.,0.));
#8954 = DIRECTION('',(-1.,0.,0.));
#8955 = ADVANCED_FACE('',(#8956),#8974,.F.);
#8956 = FACE_BOUND('',#8957,.F.);
#8957 = EDGE_LOOP('',(#8958,#8966,#8967,#8968));
#8958 = ORIENTED_EDGE('',*,*,#8959,.F.);
#8959 = EDGE_CURVE('',#8907,#8960,#8962,.T.);
#8960 = VERTEX_POINT('',#8961);
#8961 = CARTESIAN_POINT('',(190.36116001219,-49.35779665135,1.5));
#8962 = LINE('',#8963,#8964);
#8963 = CARTESIAN_POINT('',(176.36116328997,-49.35779665135,1.5));
#8964 = VECTOR('',#8965,1.);
#8965 = DIRECTION('',(1.,0.,0.));
#8966 = ORIENTED_EDGE('',*,*,#8921,.T.);
#8967 = ORIENTED_EDGE('',*,*,#2194,.T.);
#8968 = ORIENTED_EDGE('',*,*,#8969,.F.);
#8969 = EDGE_CURVE('',#8960,#2187,#8970,.T.);
#8970 = LINE('',#8971,#8972);
#8971 = CARTESIAN_POINT('',(190.36116001219,-49.35779665135,1.5));
#8972 = VECTOR('',#8973,1.);
#8973 = DIRECTION('',(-0.,-0.,-1.));
#8974 = PLANE('',#8975);
#8975 = AXIS2_PLACEMENT_3D('',#8976,#8977,#8978);
#8976 = CARTESIAN_POINT('',(176.36116328997,-49.35779665135,1.5));
#8977 = DIRECTION('',(0.,-1.,0.));
#8978 = DIRECTION('',(1.,0.,0.));
#8979 = ADVANCED_FACE('',(#8980),#8991,.F.);
#8980 = FACE_BOUND('',#8981,.F.);
#8981 = EDGE_LOOP('',(#8982,#8988,#8989,#8990));
#8982 = ORIENTED_EDGE('',*,*,#8983,.F.);
#8983 = EDGE_CURVE('',#8960,#8936,#8984,.T.);
#8984 = LINE('',#8985,#8986);
#8985 = CARTESIAN_POINT('',(190.36116001219,-49.35779665135,1.5));
#8986 = VECTOR('',#8987,1.);
#8987 = DIRECTION('',(0.,1.,0.));
#8988 = ORIENTED_EDGE('',*,*,#8969,.T.);
#8989 = ORIENTED_EDGE('',*,*,#2186,.T.);
#8990 = ORIENTED_EDGE('',*,*,#8943,.F.);
#8991 = PLANE('',#8992);
#8992 = AXIS2_PLACEMENT_3D('',#8993,#8994,#8995);
#8993 = CARTESIAN_POINT('',(190.36116001219,-49.35779665135,1.5));
#8994 = DIRECTION('',(1.,0.,0.));
#8995 = DIRECTION('',(0.,1.,0.));
#8996 = ADVANCED_FACE('',(#8997),#9022,.F.);
#8997 = FACE_BOUND('',#8998,.F.);
#8998 = EDGE_LOOP('',(#8999,#9009,#9015,#9016));
#8999 = ORIENTED_EDGE('',*,*,#9000,.F.);
#9000 = EDGE_CURVE('',#9001,#9003,#9005,.T.);
#9001 = VERTEX_POINT('',#9002);
#9002 = CARTESIAN_POINT('',(195.41115852747,-35.35779992913,1.5));
#9003 = VERTEX_POINT('',#9004);
#9004 = CARTESIAN_POINT('',(195.41115852747,-49.35779665135,1.5));
#9005 = LINE('',#9006,#9007);
#9006 = CARTESIAN_POINT('',(195.41115852747,-35.35779992913,1.5));
#9007 = VECTOR('',#9008,1.);
#9008 = DIRECTION('',(0.,-1.,0.));
#9009 = ORIENTED_EDGE('',*,*,#9010,.T.);
#9010 = EDGE_CURVE('',#9001,#2203,#9011,.T.);
#9011 = LINE('',#9012,#9013);
#9012 = CARTESIAN_POINT('',(195.41115852747,-35.35779992913,1.5));
#9013 = VECTOR('',#9014,1.);
#9014 = DIRECTION('',(-0.,-0.,-1.));
#9015 = ORIENTED_EDGE('',*,*,#2202,.T.);
#9016 = ORIENTED_EDGE('',*,*,#9017,.F.);
#9017 = EDGE_CURVE('',#9003,#2205,#9018,.T.);
#9018 = LINE('',#9019,#9020);
#9019 = CARTESIAN_POINT('',(195.41115852747,-49.35779665135,1.5));
#9020 = VECTOR('',#9021,1.);
#9021 = DIRECTION('',(-0.,-0.,-1.));
#9022 = PLANE('',#9023);
#9023 = AXIS2_PLACEMENT_3D('',#9024,#9025,#9026);
#9024 = CARTESIAN_POINT('',(195.41115852747,-35.35779992913,1.5));
#9025 = DIRECTION('',(-1.,0.,0.));
#9026 = DIRECTION('',(0.,-1.,0.));
#9027 = ADVANCED_FACE('',(#9028),#9046,.F.);
#9028 = FACE_BOUND('',#9029,.F.);
#9029 = EDGE_LOOP('',(#9030,#9038,#9044,#9045));
#9030 = ORIENTED_EDGE('',*,*,#9031,.F.);
#9031 = EDGE_CURVE('',#9032,#9001,#9034,.T.);
#9032 = VERTEX_POINT('',#9033);
#9033 = CARTESIAN_POINT('',(209.41115524969,-35.35779992913,1.5));
#9034 = LINE('',#9035,#9036);
#9035 = CARTESIAN_POINT('',(209.41115524969,-35.35779992913,1.5));
#9036 = VECTOR('',#9037,1.);
#9037 = DIRECTION('',(-1.,0.,0.));
#9038 = ORIENTED_EDGE('',*,*,#9039,.T.);
#9039 = EDGE_CURVE('',#9032,#2213,#9040,.T.);
#9040 = LINE('',#9041,#9042);
#9041 = CARTESIAN_POINT('',(209.41115524969,-35.35779992913,1.5));
#9042 = VECTOR('',#9043,1.);
#9043 = DIRECTION('',(-0.,-0.,-1.));
#9044 = ORIENTED_EDGE('',*,*,#2212,.T.);
#9045 = ORIENTED_EDGE('',*,*,#9010,.F.);
#9046 = PLANE('',#9047);
#9047 = AXIS2_PLACEMENT_3D('',#9048,#9049,#9050);
#9048 = CARTESIAN_POINT('',(209.41115524969,-35.35779992913,1.5));
#9049 = DIRECTION('',(0.,1.,0.));
#9050 = DIRECTION('',(-1.,0.,0.));
#9051 = ADVANCED_FACE('',(#9052),#9070,.F.);
#9052 = FACE_BOUND('',#9053,.F.);
#9053 = EDGE_LOOP('',(#9054,#9062,#9063,#9064));
#9054 = ORIENTED_EDGE('',*,*,#9055,.F.);
#9055 = EDGE_CURVE('',#9003,#9056,#9058,.T.);
#9056 = VERTEX_POINT('',#9057);
#9057 = CARTESIAN_POINT('',(209.41115524969,-49.35779665135,1.5));
#9058 = LINE('',#9059,#9060);
#9059 = CARTESIAN_POINT('',(195.41115852747,-49.35779665135,1.5));
#9060 = VECTOR('',#9061,1.);
#9061 = DIRECTION('',(1.,0.,0.));
#9062 = ORIENTED_EDGE('',*,*,#9017,.T.);
#9063 = ORIENTED_EDGE('',*,*,#2228,.T.);
#9064 = ORIENTED_EDGE('',*,*,#9065,.F.);
#9065 = EDGE_CURVE('',#9056,#2221,#9066,.T.);
#9066 = LINE('',#9067,#9068);
#9067 = CARTESIAN_POINT('',(209.41115524969,-49.35779665135,1.5));
#9068 = VECTOR('',#9069,1.);
#9069 = DIRECTION('',(-0.,-0.,-1.));
#9070 = PLANE('',#9071);
#9071 = AXIS2_PLACEMENT_3D('',#9072,#9073,#9074);
#9072 = CARTESIAN_POINT('',(195.41115852747,-49.35779665135,1.5));
#9073 = DIRECTION('',(0.,-1.,0.));
#9074 = DIRECTION('',(1.,0.,0.));
#9075 = ADVANCED_FACE('',(#9076),#9087,.F.);
#9076 = FACE_BOUND('',#9077,.F.);
#9077 = EDGE_LOOP('',(#9078,#9084,#9085,#9086));
#9078 = ORIENTED_EDGE('',*,*,#9079,.F.);
#9079 = EDGE_CURVE('',#9056,#9032,#9080,.T.);
#9080 = LINE('',#9081,#9082);
#9081 = CARTESIAN_POINT('',(209.41115524969,-49.35779665135,1.5));
#9082 = VECTOR('',#9083,1.);
#9083 = DIRECTION('',(0.,1.,0.));
#9084 = ORIENTED_EDGE('',*,*,#9065,.T.);
#9085 = ORIENTED_EDGE('',*,*,#2220,.T.);
#9086 = ORIENTED_EDGE('',*,*,#9039,.F.);
#9087 = PLANE('',#9088);
#9088 = AXIS2_PLACEMENT_3D('',#9089,#9090,#9091);
#9089 = CARTESIAN_POINT('',(209.41115524969,-49.35779665135,1.5));
#9090 = DIRECTION('',(1.,0.,0.));
#9091 = DIRECTION('',(0.,1.,0.));
#9092 = ADVANCED_FACE('',(#9093),#9118,.F.);
#9093 = FACE_BOUND('',#9094,.F.);
#9094 = EDGE_LOOP('',(#9095,#9105,#9111,#9112));
#9095 = ORIENTED_EDGE('',*,*,#9096,.F.);
#9096 = EDGE_CURVE('',#9097,#9099,#9101,.T.);
#9097 = VERTEX_POINT('',#9098);
#9098 = CARTESIAN_POINT('',(214.46115376497,-35.35779992913,1.5));
#9099 = VERTEX_POINT('',#9100);
#9100 = CARTESIAN_POINT('',(214.46115376497,-49.35779665135,1.5));
#9101 = LINE('',#9102,#9103);
#9102 = CARTESIAN_POINT('',(214.46115376497,-35.35779992913,1.5));
#9103 = VECTOR('',#9104,1.);
#9104 = DIRECTION('',(0.,-1.,0.));
#9105 = ORIENTED_EDGE('',*,*,#9106,.T.);
#9106 = EDGE_CURVE('',#9097,#2237,#9107,.T.);
#9107 = LINE('',#9108,#9109);
#9108 = CARTESIAN_POINT('',(214.46115376497,-35.35779992913,1.5));
#9109 = VECTOR('',#9110,1.);
#9110 = DIRECTION('',(-0.,-0.,-1.));
#9111 = ORIENTED_EDGE('',*,*,#2236,.T.);
#9112 = ORIENTED_EDGE('',*,*,#9113,.F.);
#9113 = EDGE_CURVE('',#9099,#2239,#9114,.T.);
#9114 = LINE('',#9115,#9116);
#9115 = CARTESIAN_POINT('',(214.46115376497,-49.35779665135,1.5));
#9116 = VECTOR('',#9117,1.);
#9117 = DIRECTION('',(-0.,-0.,-1.));
#9118 = PLANE('',#9119);
#9119 = AXIS2_PLACEMENT_3D('',#9120,#9121,#9122);
#9120 = CARTESIAN_POINT('',(214.46115376497,-35.35779992913,1.5));
#9121 = DIRECTION('',(-1.,0.,0.));
#9122 = DIRECTION('',(0.,-1.,0.));
#9123 = ADVANCED_FACE('',(#9124),#9142,.F.);
#9124 = FACE_BOUND('',#9125,.F.);
#9125 = EDGE_LOOP('',(#9126,#9134,#9140,#9141));
#9126 = ORIENTED_EDGE('',*,*,#9127,.F.);
#9127 = EDGE_CURVE('',#9128,#9097,#9130,.T.);
#9128 = VERTEX_POINT('',#9129);
#9129 = CARTESIAN_POINT('',(228.46115048719,-35.35779992913,1.5));
#9130 = LINE('',#9131,#9132);
#9131 = CARTESIAN_POINT('',(228.46115048719,-35.35779992913,1.5));
#9132 = VECTOR('',#9133,1.);
#9133 = DIRECTION('',(-1.,0.,0.));
#9134 = ORIENTED_EDGE('',*,*,#9135,.T.);
#9135 = EDGE_CURVE('',#9128,#2247,#9136,.T.);
#9136 = LINE('',#9137,#9138);
#9137 = CARTESIAN_POINT('',(228.46115048719,-35.35779992913,1.5));
#9138 = VECTOR('',#9139,1.);
#9139 = DIRECTION('',(-0.,-0.,-1.));
#9140 = ORIENTED_EDGE('',*,*,#2246,.T.);
#9141 = ORIENTED_EDGE('',*,*,#9106,.F.);
#9142 = PLANE('',#9143);
#9143 = AXIS2_PLACEMENT_3D('',#9144,#9145,#9146);
#9144 = CARTESIAN_POINT('',(228.46115048719,-35.35779992913,1.5));
#9145 = DIRECTION('',(0.,1.,0.));
#9146 = DIRECTION('',(-1.,0.,0.));
#9147 = ADVANCED_FACE('',(#9148),#9166,.F.);
#9148 = FACE_BOUND('',#9149,.F.);
#9149 = EDGE_LOOP('',(#9150,#9158,#9159,#9160));
#9150 = ORIENTED_EDGE('',*,*,#9151,.F.);
#9151 = EDGE_CURVE('',#9099,#9152,#9154,.T.);
#9152 = VERTEX_POINT('',#9153);
#9153 = CARTESIAN_POINT('',(228.46115048719,-49.35779665135,1.5));
#9154 = LINE('',#9155,#9156);
#9155 = CARTESIAN_POINT('',(214.46115376497,-49.35779665135,1.5));
#9156 = VECTOR('',#9157,1.);
#9157 = DIRECTION('',(1.,0.,0.));
#9158 = ORIENTED_EDGE('',*,*,#9113,.T.);
#9159 = ORIENTED_EDGE('',*,*,#2262,.T.);
#9160 = ORIENTED_EDGE('',*,*,#9161,.F.);
#9161 = EDGE_CURVE('',#9152,#2255,#9162,.T.);
#9162 = LINE('',#9163,#9164);
#9163 = CARTESIAN_POINT('',(228.46115048719,-49.35779665135,1.5));
#9164 = VECTOR('',#9165,1.);
#9165 = DIRECTION('',(-0.,-0.,-1.));
#9166 = PLANE('',#9167);
#9167 = AXIS2_PLACEMENT_3D('',#9168,#9169,#9170);
#9168 = CARTESIAN_POINT('',(214.46115376497,-49.35779665135,1.5));
#9169 = DIRECTION('',(0.,-1.,0.));
#9170 = DIRECTION('',(1.,0.,0.));
#9171 = ADVANCED_FACE('',(#9172),#9183,.F.);
#9172 = FACE_BOUND('',#9173,.F.);
#9173 = EDGE_LOOP('',(#9174,#9180,#9181,#9182));
#9174 = ORIENTED_EDGE('',*,*,#9175,.F.);
#9175 = EDGE_CURVE('',#9152,#9128,#9176,.T.);
#9176 = LINE('',#9177,#9178);
#9177 = CARTESIAN_POINT('',(228.46115048719,-49.35779665135,1.5));
#9178 = VECTOR('',#9179,1.);
#9179 = DIRECTION('',(0.,1.,0.));
#9180 = ORIENTED_EDGE('',*,*,#9161,.T.);
#9181 = ORIENTED_EDGE('',*,*,#2254,.T.);
#9182 = ORIENTED_EDGE('',*,*,#9135,.F.);
#9183 = PLANE('',#9184);
#9184 = AXIS2_PLACEMENT_3D('',#9185,#9186,#9187);
#9185 = CARTESIAN_POINT('',(228.46115048719,-49.35779665135,1.5));
#9186 = DIRECTION('',(1.,0.,0.));
#9187 = DIRECTION('',(0.,1.,0.));
#9188 = ADVANCED_FACE('',(#9189),#9214,.F.);
#9189 = FACE_BOUND('',#9190,.F.);
#9190 = EDGE_LOOP('',(#9191,#9201,#9207,#9208));
#9191 = ORIENTED_EDGE('',*,*,#9192,.F.);
#9192 = EDGE_CURVE('',#9193,#9195,#9197,.T.);
#9193 = VERTEX_POINT('',#9194);
#9194 = CARTESIAN_POINT('',(233.51114900247,-35.35779992913,1.5));
#9195 = VERTEX_POINT('',#9196);
#9196 = CARTESIAN_POINT('',(233.51114900247,-49.35779665135,1.5));
#9197 = LINE('',#9198,#9199);
#9198 = CARTESIAN_POINT('',(233.51114900247,-35.35779992913,1.5));
#9199 = VECTOR('',#9200,1.);
#9200 = DIRECTION('',(0.,-1.,0.));
#9201 = ORIENTED_EDGE('',*,*,#9202,.T.);
#9202 = EDGE_CURVE('',#9193,#2271,#9203,.T.);
#9203 = LINE('',#9204,#9205);
#9204 = CARTESIAN_POINT('',(233.51114900247,-35.35779992913,1.5));
#9205 = VECTOR('',#9206,1.);
#9206 = DIRECTION('',(-0.,-0.,-1.));
#9207 = ORIENTED_EDGE('',*,*,#2270,.T.);
#9208 = ORIENTED_EDGE('',*,*,#9209,.F.);
#9209 = EDGE_CURVE('',#9195,#2273,#9210,.T.);
#9210 = LINE('',#9211,#9212);
#9211 = CARTESIAN_POINT('',(233.51114900247,-49.35779665135,1.5));
#9212 = VECTOR('',#9213,1.);
#9213 = DIRECTION('',(-0.,-0.,-1.));
#9214 = PLANE('',#9215);
#9215 = AXIS2_PLACEMENT_3D('',#9216,#9217,#9218);
#9216 = CARTESIAN_POINT('',(233.51114900247,-35.35779992913,1.5));
#9217 = DIRECTION('',(-1.,0.,0.));
#9218 = DIRECTION('',(0.,-1.,0.));
#9219 = ADVANCED_FACE('',(#9220),#9238,.F.);
#9220 = FACE_BOUND('',#9221,.F.);
#9221 = EDGE_LOOP('',(#9222,#9230,#9236,#9237));
#9222 = ORIENTED_EDGE('',*,*,#9223,.F.);
#9223 = EDGE_CURVE('',#9224,#9193,#9226,.T.);
#9224 = VERTEX_POINT('',#9225);
#9225 = CARTESIAN_POINT('',(247.51114572469,-35.35779992913,1.5));
#9226 = LINE('',#9227,#9228);
#9227 = CARTESIAN_POINT('',(247.51114572469,-35.35779992913,1.5));
#9228 = VECTOR('',#9229,1.);
#9229 = DIRECTION('',(-1.,0.,0.));
#9230 = ORIENTED_EDGE('',*,*,#9231,.T.);
#9231 = EDGE_CURVE('',#9224,#2281,#9232,.T.);
#9232 = LINE('',#9233,#9234);
#9233 = CARTESIAN_POINT('',(247.51114572469,-35.35779992913,1.5));
#9234 = VECTOR('',#9235,1.);
#9235 = DIRECTION('',(-0.,-0.,-1.));
#9236 = ORIENTED_EDGE('',*,*,#2280,.T.);
#9237 = ORIENTED_EDGE('',*,*,#9202,.F.);
#9238 = PLANE('',#9239);
#9239 = AXIS2_PLACEMENT_3D('',#9240,#9241,#9242);
#9240 = CARTESIAN_POINT('',(247.51114572469,-35.35779992913,1.5));
#9241 = DIRECTION('',(0.,1.,0.));
#9242 = DIRECTION('',(-1.,0.,0.));
#9243 = ADVANCED_FACE('',(#9244),#9262,.F.);
#9244 = FACE_BOUND('',#9245,.F.);
#9245 = EDGE_LOOP('',(#9246,#9254,#9255,#9256));
#9246 = ORIENTED_EDGE('',*,*,#9247,.F.);
#9247 = EDGE_CURVE('',#9195,#9248,#9250,.T.);
#9248 = VERTEX_POINT('',#9249);
#9249 = CARTESIAN_POINT('',(247.51114572469,-49.35779665135,1.5));
#9250 = LINE('',#9251,#9252);
#9251 = CARTESIAN_POINT('',(233.51114900247,-49.35779665135,1.5));
#9252 = VECTOR('',#9253,1.);
#9253 = DIRECTION('',(1.,0.,0.));
#9254 = ORIENTED_EDGE('',*,*,#9209,.T.);
#9255 = ORIENTED_EDGE('',*,*,#2296,.T.);
#9256 = ORIENTED_EDGE('',*,*,#9257,.F.);
#9257 = EDGE_CURVE('',#9248,#2289,#9258,.T.);
#9258 = LINE('',#9259,#9260);
#9259 = CARTESIAN_POINT('',(247.51114572469,-49.35779665135,1.5));
#9260 = VECTOR('',#9261,1.);
#9261 = DIRECTION('',(-0.,-0.,-1.));
#9262 = PLANE('',#9263);
#9263 = AXIS2_PLACEMENT_3D('',#9264,#9265,#9266);
#9264 = CARTESIAN_POINT('',(233.51114900247,-49.35779665135,1.5));
#9265 = DIRECTION('',(0.,-1.,0.));
#9266 = DIRECTION('',(1.,0.,0.));
#9267 = ADVANCED_FACE('',(#9268),#9279,.F.);
#9268 = FACE_BOUND('',#9269,.F.);
#9269 = EDGE_LOOP('',(#9270,#9276,#9277,#9278));
#9270 = ORIENTED_EDGE('',*,*,#9271,.F.);
#9271 = EDGE_CURVE('',#9248,#9224,#9272,.T.);
#9272 = LINE('',#9273,#9274);
#9273 = CARTESIAN_POINT('',(247.51114572469,-49.35779665135,1.5));
#9274 = VECTOR('',#9275,1.);
#9275 = DIRECTION('',(0.,1.,0.));
#9276 = ORIENTED_EDGE('',*,*,#9257,.T.);
#9277 = ORIENTED_EDGE('',*,*,#2288,.T.);
#9278 = ORIENTED_EDGE('',*,*,#9231,.F.);
#9279 = PLANE('',#9280);
#9280 = AXIS2_PLACEMENT_3D('',#9281,#9282,#9283);
#9281 = CARTESIAN_POINT('',(247.51114572469,-49.35779665135,1.5));
#9282 = DIRECTION('',(1.,0.,0.));
#9283 = DIRECTION('',(0.,1.,0.));
#9284 = ADVANCED_FACE('',(#9285),#9310,.F.);
#9285 = FACE_BOUND('',#9286,.F.);
#9286 = EDGE_LOOP('',(#9287,#9297,#9303,#9304));
#9287 = ORIENTED_EDGE('',*,*,#9288,.F.);
#9288 = EDGE_CURVE('',#9289,#9291,#9293,.T.);
#9289 = VERTEX_POINT('',#9290);
#9290 = CARTESIAN_POINT('',(243.03614662122,-54.40779516663,1.5));
#9291 = VERTEX_POINT('',#9292);
#9292 = CARTESIAN_POINT('',(243.03614662122,-68.40779188885,1.5));
#9293 = LINE('',#9294,#9295);
#9294 = CARTESIAN_POINT('',(243.03614662122,-54.40779516663,1.5));
#9295 = VECTOR('',#9296,1.);
#9296 = DIRECTION('',(0.,-1.,0.));
#9297 = ORIENTED_EDGE('',*,*,#9298,.T.);
#9298 = EDGE_CURVE('',#9289,#2305,#9299,.T.);
#9299 = LINE('',#9300,#9301);
#9300 = CARTESIAN_POINT('',(243.03614662122,-54.40779516663,1.5));
#9301 = VECTOR('',#9302,1.);
#9302 = DIRECTION('',(-0.,-0.,-1.));
#9303 = ORIENTED_EDGE('',*,*,#2304,.T.);
#9304 = ORIENTED_EDGE('',*,*,#9305,.F.);
#9305 = EDGE_CURVE('',#9291,#2307,#9306,.T.);
#9306 = LINE('',#9307,#9308);
#9307 = CARTESIAN_POINT('',(243.03614662122,-68.40779188885,1.5));
#9308 = VECTOR('',#9309,1.);
#9309 = DIRECTION('',(-0.,-0.,-1.));
#9310 = PLANE('',#9311);
#9311 = AXIS2_PLACEMENT_3D('',#9312,#9313,#9314);
#9312 = CARTESIAN_POINT('',(243.03614662122,-54.40779516663,1.5));
#9313 = DIRECTION('',(-1.,0.,0.));
#9314 = DIRECTION('',(0.,-1.,0.));
#9315 = ADVANCED_FACE('',(#9316),#9334,.F.);
#9316 = FACE_BOUND('',#9317,.F.);
#9317 = EDGE_LOOP('',(#9318,#9326,#9332,#9333));
#9318 = ORIENTED_EDGE('',*,*,#9319,.F.);
#9319 = EDGE_CURVE('',#9320,#9289,#9322,.T.);
#9320 = VERTEX_POINT('',#9321);
#9321 = CARTESIAN_POINT('',(257.03614334344,-54.40779516663,1.5));
#9322 = LINE('',#9323,#9324);
#9323 = CARTESIAN_POINT('',(257.03614334344,-54.40779516663,1.5));
#9324 = VECTOR('',#9325,1.);
#9325 = DIRECTION('',(-1.,0.,0.));
#9326 = ORIENTED_EDGE('',*,*,#9327,.T.);
#9327 = EDGE_CURVE('',#9320,#2315,#9328,.T.);
#9328 = LINE('',#9329,#9330);
#9329 = CARTESIAN_POINT('',(257.03614334344,-54.40779516663,1.5));
#9330 = VECTOR('',#9331,1.);
#9331 = DIRECTION('',(-0.,-0.,-1.));
#9332 = ORIENTED_EDGE('',*,*,#2314,.T.);
#9333 = ORIENTED_EDGE('',*,*,#9298,.F.);
#9334 = PLANE('',#9335);
#9335 = AXIS2_PLACEMENT_3D('',#9336,#9337,#9338);
#9336 = CARTESIAN_POINT('',(257.03614334344,-54.40779516663,1.5));
#9337 = DIRECTION('',(0.,1.,0.));
#9338 = DIRECTION('',(-1.,0.,0.));
#9339 = ADVANCED_FACE('',(#9340),#9358,.F.);
#9340 = FACE_BOUND('',#9341,.F.);
#9341 = EDGE_LOOP('',(#9342,#9350,#9351,#9352));
#9342 = ORIENTED_EDGE('',*,*,#9343,.F.);
#9343 = EDGE_CURVE('',#9291,#9344,#9346,.T.);
#9344 = VERTEX_POINT('',#9345);
#9345 = CARTESIAN_POINT('',(257.03614334344,-68.40779188885,1.5));
#9346 = LINE('',#9347,#9348);
#9347 = CARTESIAN_POINT('',(243.03614662122,-68.40779188885,1.5));
#9348 = VECTOR('',#9349,1.);
#9349 = DIRECTION('',(1.,0.,0.));
#9350 = ORIENTED_EDGE('',*,*,#9305,.T.);
#9351 = ORIENTED_EDGE('',*,*,#2330,.T.);
#9352 = ORIENTED_EDGE('',*,*,#9353,.F.);
#9353 = EDGE_CURVE('',#9344,#2323,#9354,.T.);
#9354 = LINE('',#9355,#9356);
#9355 = CARTESIAN_POINT('',(257.03614334344,-68.40779188885,1.5));
#9356 = VECTOR('',#9357,1.);
#9357 = DIRECTION('',(-0.,-0.,-1.));
#9358 = PLANE('',#9359);
#9359 = AXIS2_PLACEMENT_3D('',#9360,#9361,#9362);
#9360 = CARTESIAN_POINT('',(243.03614662122,-68.40779188885,1.5));
#9361 = DIRECTION('',(0.,-1.,0.));
#9362 = DIRECTION('',(1.,0.,0.));
#9363 = ADVANCED_FACE('',(#9364),#9375,.F.);
#9364 = FACE_BOUND('',#9365,.F.);
#9365 = EDGE_LOOP('',(#9366,#9372,#9373,#9374));
#9366 = ORIENTED_EDGE('',*,*,#9367,.F.);
#9367 = EDGE_CURVE('',#9344,#9320,#9368,.T.);
#9368 = LINE('',#9369,#9370);
#9369 = CARTESIAN_POINT('',(257.03614334344,-68.40779188885,1.5));
#9370 = VECTOR('',#9371,1.);
#9371 = DIRECTION('',(0.,1.,0.));
#9372 = ORIENTED_EDGE('',*,*,#9353,.T.);
#9373 = ORIENTED_EDGE('',*,*,#2322,.T.);
#9374 = ORIENTED_EDGE('',*,*,#9327,.F.);
#9375 = PLANE('',#9376);
#9376 = AXIS2_PLACEMENT_3D('',#9377,#9378,#9379);
#9377 = CARTESIAN_POINT('',(257.03614334344,-68.40779188885,1.5));
#9378 = DIRECTION('',(1.,0.,0.));
#9379 = DIRECTION('',(0.,1.,0.));
#9380 = ADVANCED_FACE('',(#9381),#9406,.F.);
#9381 = FACE_BOUND('',#9382,.F.);
#9382 = EDGE_LOOP('',(#9383,#9393,#9399,#9400));
#9383 = ORIENTED_EDGE('',*,*,#9384,.F.);
#9384 = EDGE_CURVE('',#9385,#9387,#9389,.T.);
#9385 = VERTEX_POINT('',#9386);
#9386 = CARTESIAN_POINT('',(262.08614185872,-54.40779516663,1.5));
#9387 = VERTEX_POINT('',#9388);
#9388 = CARTESIAN_POINT('',(262.08614185872,-68.40779188885,1.5));
#9389 = LINE('',#9390,#9391);
#9390 = CARTESIAN_POINT('',(262.08614185872,-54.40779516663,1.5));
#9391 = VECTOR('',#9392,1.);
#9392 = DIRECTION('',(0.,-1.,0.));
#9393 = ORIENTED_EDGE('',*,*,#9394,.T.);
#9394 = EDGE_CURVE('',#9385,#2339,#9395,.T.);
#9395 = LINE('',#9396,#9397);
#9396 = CARTESIAN_POINT('',(262.08614185872,-54.40779516663,1.5));
#9397 = VECTOR('',#9398,1.);
#9398 = DIRECTION('',(-0.,-0.,-1.));
#9399 = ORIENTED_EDGE('',*,*,#2338,.T.);
#9400 = ORIENTED_EDGE('',*,*,#9401,.F.);
#9401 = EDGE_CURVE('',#9387,#2341,#9402,.T.);
#9402 = LINE('',#9403,#9404);
#9403 = CARTESIAN_POINT('',(262.08614185872,-68.40779188885,1.5));
#9404 = VECTOR('',#9405,1.);
#9405 = DIRECTION('',(-0.,-0.,-1.));
#9406 = PLANE('',#9407);
#9407 = AXIS2_PLACEMENT_3D('',#9408,#9409,#9410);
#9408 = CARTESIAN_POINT('',(262.08614185872,-54.40779516663,1.5));
#9409 = DIRECTION('',(-1.,0.,0.));
#9410 = DIRECTION('',(0.,-1.,0.));
#9411 = ADVANCED_FACE('',(#9412),#9430,.F.);
#9412 = FACE_BOUND('',#9413,.F.);
#9413 = EDGE_LOOP('',(#9414,#9422,#9428,#9429));
#9414 = ORIENTED_EDGE('',*,*,#9415,.F.);
#9415 = EDGE_CURVE('',#9416,#9385,#9418,.T.);
#9416 = VERTEX_POINT('',#9417);
#9417 = CARTESIAN_POINT('',(276.08613858094,-54.40779516663,1.5));
#9418 = LINE('',#9419,#9420);
#9419 = CARTESIAN_POINT('',(276.08613858094,-54.40779516663,1.5));
#9420 = VECTOR('',#9421,1.);
#9421 = DIRECTION('',(-1.,0.,0.));
#9422 = ORIENTED_EDGE('',*,*,#9423,.T.);
#9423 = EDGE_CURVE('',#9416,#2349,#9424,.T.);
#9424 = LINE('',#9425,#9426);
#9425 = CARTESIAN_POINT('',(276.08613858094,-54.40779516663,1.5));
#9426 = VECTOR('',#9427,1.);
#9427 = DIRECTION('',(-0.,-0.,-1.));
#9428 = ORIENTED_EDGE('',*,*,#2348,.T.);
#9429 = ORIENTED_EDGE('',*,*,#9394,.F.);
#9430 = PLANE('',#9431);
#9431 = AXIS2_PLACEMENT_3D('',#9432,#9433,#9434);
#9432 = CARTESIAN_POINT('',(276.08613858094,-54.40779516663,1.5));
#9433 = DIRECTION('',(0.,1.,0.));
#9434 = DIRECTION('',(-1.,0.,0.));
#9435 = ADVANCED_FACE('',(#9436),#9454,.F.);
#9436 = FACE_BOUND('',#9437,.F.);
#9437 = EDGE_LOOP('',(#9438,#9446,#9447,#9448));
#9438 = ORIENTED_EDGE('',*,*,#9439,.F.);
#9439 = EDGE_CURVE('',#9387,#9440,#9442,.T.);
#9440 = VERTEX_POINT('',#9441);
#9441 = CARTESIAN_POINT('',(276.08613858094,-68.40779188885,1.5));
#9442 = LINE('',#9443,#9444);
#9443 = CARTESIAN_POINT('',(262.08614185872,-68.40779188885,1.5));
#9444 = VECTOR('',#9445,1.);
#9445 = DIRECTION('',(1.,0.,0.));
#9446 = ORIENTED_EDGE('',*,*,#9401,.T.);
#9447 = ORIENTED_EDGE('',*,*,#2364,.T.);
#9448 = ORIENTED_EDGE('',*,*,#9449,.F.);
#9449 = EDGE_CURVE('',#9440,#2357,#9450,.T.);
#9450 = LINE('',#9451,#9452);
#9451 = CARTESIAN_POINT('',(276.08613858094,-68.40779188885,1.5));
#9452 = VECTOR('',#9453,1.);
#9453 = DIRECTION('',(-0.,-0.,-1.));
#9454 = PLANE('',#9455);
#9455 = AXIS2_PLACEMENT_3D('',#9456,#9457,#9458);
#9456 = CARTESIAN_POINT('',(262.08614185872,-68.40779188885,1.5));
#9457 = DIRECTION('',(0.,-1.,0.));
#9458 = DIRECTION('',(1.,0.,0.));
#9459 = ADVANCED_FACE('',(#9460),#9471,.F.);
#9460 = FACE_BOUND('',#9461,.F.);
#9461 = EDGE_LOOP('',(#9462,#9468,#9469,#9470));
#9462 = ORIENTED_EDGE('',*,*,#9463,.F.);
#9463 = EDGE_CURVE('',#9440,#9416,#9464,.T.);
#9464 = LINE('',#9465,#9466);
#9465 = CARTESIAN_POINT('',(276.08613858094,-68.40779188885,1.5));
#9466 = VECTOR('',#9467,1.);
#9467 = DIRECTION('',(0.,1.,0.));
#9468 = ORIENTED_EDGE('',*,*,#9449,.T.);
#9469 = ORIENTED_EDGE('',*,*,#2356,.T.);
#9470 = ORIENTED_EDGE('',*,*,#9423,.F.);
#9471 = PLANE('',#9472);
#9472 = AXIS2_PLACEMENT_3D('',#9473,#9474,#9475);
#9473 = CARTESIAN_POINT('',(276.08613858094,-68.40779188885,1.5));
#9474 = DIRECTION('',(1.,0.,0.));
#9475 = DIRECTION('',(0.,1.,0.));
#9476 = ADVANCED_FACE('',(#9477),#9502,.F.);
#9477 = FACE_BOUND('',#9478,.F.);
#9478 = EDGE_LOOP('',(#9479,#9489,#9495,#9496));
#9479 = ORIENTED_EDGE('',*,*,#9480,.F.);
#9480 = EDGE_CURVE('',#9481,#9483,#9485,.T.);
#9481 = VERTEX_POINT('',#9482);
#9482 = CARTESIAN_POINT('',(252.56114423997,-35.35779992913,1.5));
#9483 = VERTEX_POINT('',#9484);
#9484 = CARTESIAN_POINT('',(252.56114423997,-49.35779665135,1.5));
#9485 = LINE('',#9486,#9487);
#9486 = CARTESIAN_POINT('',(252.56114423997,-35.35779992913,1.5));
#9487 = VECTOR('',#9488,1.);
#9488 = DIRECTION('',(0.,-1.,0.));
#9489 = ORIENTED_EDGE('',*,*,#9490,.T.);
#9490 = EDGE_CURVE('',#9481,#2373,#9491,.T.);
#9491 = LINE('',#9492,#9493);
#9492 = CARTESIAN_POINT('',(252.56114423997,-35.35779992913,1.5));
#9493 = VECTOR('',#9494,1.);
#9494 = DIRECTION('',(-0.,-0.,-1.));
#9495 = ORIENTED_EDGE('',*,*,#2372,.T.);
#9496 = ORIENTED_EDGE('',*,*,#9497,.F.);
#9497 = EDGE_CURVE('',#9483,#2375,#9498,.T.);
#9498 = LINE('',#9499,#9500);
#9499 = CARTESIAN_POINT('',(252.56114423997,-49.35779665135,1.5));
#9500 = VECTOR('',#9501,1.);
#9501 = DIRECTION('',(-0.,-0.,-1.));
#9502 = PLANE('',#9503);
#9503 = AXIS2_PLACEMENT_3D('',#9504,#9505,#9506);
#9504 = CARTESIAN_POINT('',(252.56114423997,-35.35779992913,1.5));
#9505 = DIRECTION('',(-1.,0.,0.));
#9506 = DIRECTION('',(0.,-1.,0.));
#9507 = ADVANCED_FACE('',(#9508),#9526,.F.);
#9508 = FACE_BOUND('',#9509,.F.);
#9509 = EDGE_LOOP('',(#9510,#9518,#9524,#9525));
#9510 = ORIENTED_EDGE('',*,*,#9511,.F.);
#9511 = EDGE_CURVE('',#9512,#9481,#9514,.T.);
#9512 = VERTEX_POINT('',#9513);
#9513 = CARTESIAN_POINT('',(266.56114096219,-35.35779992913,1.5));
#9514 = LINE('',#9515,#9516);
#9515 = CARTESIAN_POINT('',(266.56114096219,-35.35779992913,1.5));
#9516 = VECTOR('',#9517,1.);
#9517 = DIRECTION('',(-1.,0.,0.));
#9518 = ORIENTED_EDGE('',*,*,#9519,.T.);
#9519 = EDGE_CURVE('',#9512,#2383,#9520,.T.);
#9520 = LINE('',#9521,#9522);
#9521 = CARTESIAN_POINT('',(266.56114096219,-35.35779992913,1.5));
#9522 = VECTOR('',#9523,1.);
#9523 = DIRECTION('',(-0.,-0.,-1.));
#9524 = ORIENTED_EDGE('',*,*,#2382,.T.);
#9525 = ORIENTED_EDGE('',*,*,#9490,.F.);
#9526 = PLANE('',#9527);
#9527 = AXIS2_PLACEMENT_3D('',#9528,#9529,#9530);
#9528 = CARTESIAN_POINT('',(266.56114096219,-35.35779992913,1.5));
#9529 = DIRECTION('',(0.,1.,0.));
#9530 = DIRECTION('',(-1.,0.,0.));
#9531 = ADVANCED_FACE('',(#9532),#9550,.F.);
#9532 = FACE_BOUND('',#9533,.F.);
#9533 = EDGE_LOOP('',(#9534,#9542,#9543,#9544));
#9534 = ORIENTED_EDGE('',*,*,#9535,.F.);
#9535 = EDGE_CURVE('',#9483,#9536,#9538,.T.);
#9536 = VERTEX_POINT('',#9537);
#9537 = CARTESIAN_POINT('',(266.56114096219,-49.35779665135,1.5));
#9538 = LINE('',#9539,#9540);
#9539 = CARTESIAN_POINT('',(252.56114423997,-49.35779665135,1.5));
#9540 = VECTOR('',#9541,1.);
#9541 = DIRECTION('',(1.,0.,0.));
#9542 = ORIENTED_EDGE('',*,*,#9497,.T.);
#9543 = ORIENTED_EDGE('',*,*,#2398,.T.);
#9544 = ORIENTED_EDGE('',*,*,#9545,.F.);
#9545 = EDGE_CURVE('',#9536,#2391,#9546,.T.);
#9546 = LINE('',#9547,#9548);
#9547 = CARTESIAN_POINT('',(266.56114096219,-49.35779665135,1.5));
#9548 = VECTOR('',#9549,1.);
#9549 = DIRECTION('',(-0.,-0.,-1.));
#9550 = PLANE('',#9551);
#9551 = AXIS2_PLACEMENT_3D('',#9552,#9553,#9554);
#9552 = CARTESIAN_POINT('',(252.56114423997,-49.35779665135,1.5));
#9553 = DIRECTION('',(0.,-1.,0.));
#9554 = DIRECTION('',(1.,0.,0.));
#9555 = ADVANCED_FACE('',(#9556),#9567,.F.);
#9556 = FACE_BOUND('',#9557,.F.);
#9557 = EDGE_LOOP('',(#9558,#9564,#9565,#9566));
#9558 = ORIENTED_EDGE('',*,*,#9559,.F.);
#9559 = EDGE_CURVE('',#9536,#9512,#9560,.T.);
#9560 = LINE('',#9561,#9562);
#9561 = CARTESIAN_POINT('',(266.56114096219,-49.35779665135,1.5));
#9562 = VECTOR('',#9563,1.);
#9563 = DIRECTION('',(0.,1.,0.));
#9564 = ORIENTED_EDGE('',*,*,#9545,.T.);
#9565 = ORIENTED_EDGE('',*,*,#2390,.T.);
#9566 = ORIENTED_EDGE('',*,*,#9519,.F.);
#9567 = PLANE('',#9568);
#9568 = AXIS2_PLACEMENT_3D('',#9569,#9570,#9571);
#9569 = CARTESIAN_POINT('',(266.56114096219,-49.35779665135,1.5));
#9570 = DIRECTION('',(1.,0.,0.));
#9571 = DIRECTION('',(0.,1.,0.));
#9572 = ADVANCED_FACE('',(#9573),#9598,.T.);
#9573 = FACE_BOUND('',#9574,.T.);
#9574 = EDGE_LOOP('',(#9575,#9585,#9591,#9592));
#9575 = ORIENTED_EDGE('',*,*,#9576,.F.);
#9576 = EDGE_CURVE('',#9577,#9579,#9581,.T.);
#9577 = VERTEX_POINT('',#9578);
#9578 = CARTESIAN_POINT('',(272.86813930211,-48.50459675354,1.5));
#9579 = VERTEX_POINT('',#9580);
#9580 = CARTESIAN_POINT('',(272.86813930211,-36.21099982694,1.5));
#9581 = LINE('',#9582,#9583);
#9582 = CARTESIAN_POINT('',(272.86813930211,-48.50459675354,1.5));
#9583 = VECTOR('',#9584,1.);
#9584 = DIRECTION('',(0.,1.,0.));
#9585 = ORIENTED_EDGE('',*,*,#9586,.T.);
#9586 = EDGE_CURVE('',#9577,#2407,#9587,.T.);
#9587 = LINE('',#9588,#9589);
#9588 = CARTESIAN_POINT('',(272.86813930211,-48.50459675354,1.5));
#9589 = VECTOR('',#9590,1.);
#9590 = DIRECTION('',(-0.,-0.,-1.));
#9591 = ORIENTED_EDGE('',*,*,#2406,.T.);
#9592 = ORIENTED_EDGE('',*,*,#9593,.F.);
#9593 = EDGE_CURVE('',#9579,#2409,#9594,.T.);
#9594 = LINE('',#9595,#9596);
#9595 = CARTESIAN_POINT('',(272.86813930211,-36.21099982694,1.5));
#9596 = VECTOR('',#9597,1.);
#9597 = DIRECTION('',(-0.,-0.,-1.));
#9598 = PLANE('',#9599);
#9599 = AXIS2_PLACEMENT_3D('',#9600,#9601,#9602);
#9600 = CARTESIAN_POINT('',(272.86813930211,-48.50459675354,1.5));
#9601 = DIRECTION('',(1.,0.,0.));
#9602 = DIRECTION('',(0.,1.,0.));
#9603 = ADVANCED_FACE('',(#9604),#9622,.T.);
#9604 = FACE_BOUND('',#9605,.T.);
#9605 = EDGE_LOOP('',(#9606,#9614,#9620,#9621));
#9606 = ORIENTED_EDGE('',*,*,#9607,.F.);
#9607 = EDGE_CURVE('',#9608,#9577,#9610,.T.);
#9608 = VERTEX_POINT('',#9609);
#9609 = CARTESIAN_POINT('',(281.13613709622,-48.50459675354,1.5));
#9610 = LINE('',#9611,#9612);
#9611 = CARTESIAN_POINT('',(281.13613709622,-48.50459675354,1.5));
#9612 = VECTOR('',#9613,1.);
#9613 = DIRECTION('',(-1.,0.,0.));
#9614 = ORIENTED_EDGE('',*,*,#9615,.T.);
#9615 = EDGE_CURVE('',#9608,#2489,#9616,.T.);
#9616 = LINE('',#9617,#9618);
#9617 = CARTESIAN_POINT('',(281.13613709622,-48.50459675354,1.5));
#9618 = VECTOR('',#9619,1.);
#9619 = DIRECTION('',(-0.,-0.,-1.));
#9620 = ORIENTED_EDGE('',*,*,#2496,.T.);
#9621 = ORIENTED_EDGE('',*,*,#9586,.F.);
#9622 = PLANE('',#9623);
#9623 = AXIS2_PLACEMENT_3D('',#9624,#9625,#9626);
#9624 = CARTESIAN_POINT('',(281.13613709622,-48.50459675354,1.5));
#9625 = DIRECTION('',(0.,1.,0.));
#9626 = DIRECTION('',(-1.,0.,0.));
#9627 = ADVANCED_FACE('',(#9628),#9646,.T.);
#9628 = FACE_BOUND('',#9629,.T.);
#9629 = EDGE_LOOP('',(#9630,#9638,#9639,#9640));
#9630 = ORIENTED_EDGE('',*,*,#9631,.F.);
#9631 = EDGE_CURVE('',#9579,#9632,#9634,.T.);
#9632 = VERTEX_POINT('',#9633);
#9633 = CARTESIAN_POINT('',(281.13613709622,-36.21099982694,1.5));
#9634 = LINE('',#9635,#9636);
#9635 = CARTESIAN_POINT('',(272.86813930211,-36.21099982694,1.5));
#9636 = VECTOR('',#9637,1.);
#9637 = DIRECTION('',(1.,0.,0.));
#9638 = ORIENTED_EDGE('',*,*,#9593,.T.);
#9639 = ORIENTED_EDGE('',*,*,#2416,.T.);
#9640 = ORIENTED_EDGE('',*,*,#9641,.F.);
#9641 = EDGE_CURVE('',#9632,#2417,#9642,.T.);
#9642 = LINE('',#9643,#9644);
#9643 = CARTESIAN_POINT('',(281.13613709622,-36.21099982694,1.5));
#9644 = VECTOR('',#9645,1.);
#9645 = DIRECTION('',(-0.,-0.,-1.));
#9646 = PLANE('',#9647);
#9647 = AXIS2_PLACEMENT_3D('',#9648,#9649,#9650);
#9648 = CARTESIAN_POINT('',(272.86813930211,-36.21099982694,1.5));
#9649 = DIRECTION('',(0.,-1.,0.));
#9650 = DIRECTION('',(1.,0.,0.));
#9651 = ADVANCED_FACE('',(#9652),#9670,.T.);
#9652 = FACE_BOUND('',#9653,.T.);
#9653 = EDGE_LOOP('',(#9654,#9662,#9668,#9669));
#9654 = ORIENTED_EDGE('',*,*,#9655,.F.);
#9655 = EDGE_CURVE('',#9656,#9608,#9658,.T.);
#9656 = VERTEX_POINT('',#9657);
#9657 = CARTESIAN_POINT('',(281.13613709622,-49.35779665135,1.5));
#9658 = LINE('',#9659,#9660);
#9659 = CARTESIAN_POINT('',(281.13613709622,-49.35779665135,1.5));
#9660 = VECTOR('',#9661,1.);
#9661 = DIRECTION('',(0.,1.,0.));
#9662 = ORIENTED_EDGE('',*,*,#9663,.T.);
#9663 = EDGE_CURVE('',#9656,#2481,#9664,.T.);
#9664 = LINE('',#9665,#9666);
#9665 = CARTESIAN_POINT('',(281.13613709622,-49.35779665135,1.5));
#9666 = VECTOR('',#9667,1.);
#9667 = DIRECTION('',(-0.,-0.,-1.));
#9668 = ORIENTED_EDGE('',*,*,#2488,.T.);
#9669 = ORIENTED_EDGE('',*,*,#9615,.F.);
#9670 = PLANE('',#9671);
#9671 = AXIS2_PLACEMENT_3D('',#9672,#9673,#9674);
#9672 = CARTESIAN_POINT('',(281.13613709622,-49.35779665135,1.5));
#9673 = DIRECTION('',(1.,0.,0.));
#9674 = DIRECTION('',(0.,1.,0.));
#9675 = ADVANCED_FACE('',(#9676),#9694,.T.);
#9676 = FACE_BOUND('',#9677,.T.);
#9677 = EDGE_LOOP('',(#9678,#9686,#9687,#9688));
#9678 = ORIENTED_EDGE('',*,*,#9679,.F.);
#9679 = EDGE_CURVE('',#9632,#9680,#9682,.T.);
#9680 = VERTEX_POINT('',#9681);
#9681 = CARTESIAN_POINT('',(281.13613709622,-35.35779992913,1.5));
#9682 = LINE('',#9683,#9684);
#9683 = CARTESIAN_POINT('',(281.13613709622,-36.21099982694,1.5));
#9684 = VECTOR('',#9685,1.);
#9685 = DIRECTION('',(-6.662E-14,1.,0.));
#9686 = ORIENTED_EDGE('',*,*,#9641,.T.);
#9687 = ORIENTED_EDGE('',*,*,#2424,.T.);
#9688 = ORIENTED_EDGE('',*,*,#9689,.F.);
#9689 = EDGE_CURVE('',#9680,#2425,#9690,.T.);
#9690 = LINE('',#9691,#9692);
#9691 = CARTESIAN_POINT('',(281.13613709622,-35.35779992913,1.5));
#9692 = VECTOR('',#9693,1.);
#9693 = DIRECTION('',(-0.,-0.,-1.));
#9694 = PLANE('',#9695);
#9695 = AXIS2_PLACEMENT_3D('',#9696,#9697,#9698);
#9696 = CARTESIAN_POINT('',(281.13613709622,-36.21099982694,1.5));
#9697 = DIRECTION('',(1.,6.662E-14,0.));
#9698 = DIRECTION('',(-6.662E-14,1.,0.));
#9699 = ADVANCED_FACE('',(#9700),#9718,.T.);
#9700 = FACE_BOUND('',#9701,.T.);
#9701 = EDGE_LOOP('',(#9702,#9710,#9716,#9717));
#9702 = ORIENTED_EDGE('',*,*,#9703,.F.);
#9703 = EDGE_CURVE('',#9704,#9656,#9706,.T.);
#9704 = VERTEX_POINT('',#9705);
#9705 = CARTESIAN_POINT('',(295.13613381844,-49.35779665135,1.5));
#9706 = LINE('',#9707,#9708);
#9707 = CARTESIAN_POINT('',(295.13613381844,-49.35779665135,1.5));
#9708 = VECTOR('',#9709,1.);
#9709 = DIRECTION('',(-1.,0.,0.));
#9710 = ORIENTED_EDGE('',*,*,#9711,.T.);
#9711 = EDGE_CURVE('',#9704,#2473,#9712,.T.);
#9712 = LINE('',#9713,#9714);
#9713 = CARTESIAN_POINT('',(295.13613381844,-49.35779665135,1.5));
#9714 = VECTOR('',#9715,1.);
#9715 = DIRECTION('',(-0.,-0.,-1.));
#9716 = ORIENTED_EDGE('',*,*,#2480,.T.);
#9717 = ORIENTED_EDGE('',*,*,#9663,.F.);
#9718 = PLANE('',#9719);
#9719 = AXIS2_PLACEMENT_3D('',#9720,#9721,#9722);
#9720 = CARTESIAN_POINT('',(295.13613381844,-49.35779665135,1.5));
#9721 = DIRECTION('',(0.,1.,0.));
#9722 = DIRECTION('',(-1.,0.,0.));
#9723 = ADVANCED_FACE('',(#9724),#9742,.T.);
#9724 = FACE_BOUND('',#9725,.T.);
#9725 = EDGE_LOOP('',(#9726,#9734,#9735,#9736));
#9726 = ORIENTED_EDGE('',*,*,#9727,.F.);
#9727 = EDGE_CURVE('',#9680,#9728,#9730,.T.);
#9728 = VERTEX_POINT('',#9729);
#9729 = CARTESIAN_POINT('',(295.13613381844,-35.35779992913,1.5));
#9730 = LINE('',#9731,#9732);
#9731 = CARTESIAN_POINT('',(281.13613709622,-35.35779992913,1.5));
#9732 = VECTOR('',#9733,1.);
#9733 = DIRECTION('',(1.,5.1E-16,0.));
#9734 = ORIENTED_EDGE('',*,*,#9689,.T.);
#9735 = ORIENTED_EDGE('',*,*,#2432,.T.);
#9736 = ORIENTED_EDGE('',*,*,#9737,.F.);
#9737 = EDGE_CURVE('',#9728,#2433,#9738,.T.);
#9738 = LINE('',#9739,#9740);
#9739 = CARTESIAN_POINT('',(295.13613381844,-35.35779992913,1.5));
#9740 = VECTOR('',#9741,1.);
#9741 = DIRECTION('',(-0.,-0.,-1.));
#9742 = PLANE('',#9743);
#9743 = AXIS2_PLACEMENT_3D('',#9744,#9745,#9746);
#9744 = CARTESIAN_POINT('',(281.13613709622,-35.35779992913,1.5));
#9745 = DIRECTION('',(5.1E-16,-1.,0.));
#9746 = DIRECTION('',(1.,5.1E-16,0.));
#9747 = ADVANCED_FACE('',(#9748),#9766,.T.);
#9748 = FACE_BOUND('',#9749,.T.);
#9749 = EDGE_LOOP('',(#9750,#9758,#9764,#9765));
#9750 = ORIENTED_EDGE('',*,*,#9751,.F.);
#9751 = EDGE_CURVE('',#9752,#9704,#9754,.T.);
#9752 = VERTEX_POINT('',#9753);
#9753 = CARTESIAN_POINT('',(295.13613381844,-48.50459675354,1.5));
#9754 = LINE('',#9755,#9756);
#9755 = CARTESIAN_POINT('',(295.13613381844,-48.50459675354,1.5));
#9756 = VECTOR('',#9757,1.);
#9757 = DIRECTION('',(0.,-1.,0.));
#9758 = ORIENTED_EDGE('',*,*,#9759,.T.);
#9759 = EDGE_CURVE('',#9752,#2465,#9760,.T.);
#9760 = LINE('',#9761,#9762);
#9761 = CARTESIAN_POINT('',(295.13613381844,-48.50459675354,1.5));
#9762 = VECTOR('',#9763,1.);
#9763 = DIRECTION('',(-0.,-0.,-1.));
#9764 = ORIENTED_EDGE('',*,*,#2472,.T.);
#9765 = ORIENTED_EDGE('',*,*,#9711,.F.);
#9766 = PLANE('',#9767);
#9767 = AXIS2_PLACEMENT_3D('',#9768,#9769,#9770);
#9768 = CARTESIAN_POINT('',(295.13613381844,-48.50459675354,1.5));
#9769 = DIRECTION('',(-1.,0.,0.));
#9770 = DIRECTION('',(0.,-1.,0.));
#9771 = ADVANCED_FACE('',(#9772),#9790,.T.);
#9772 = FACE_BOUND('',#9773,.T.);
#9773 = EDGE_LOOP('',(#9774,#9782,#9783,#9784));
#9774 = ORIENTED_EDGE('',*,*,#9775,.F.);
#9775 = EDGE_CURVE('',#9728,#9776,#9778,.T.);
#9776 = VERTEX_POINT('',#9777);
#9777 = CARTESIAN_POINT('',(295.13613381844,-36.21099982694,1.5));
#9778 = LINE('',#9779,#9780);
#9779 = CARTESIAN_POINT('',(295.13613381844,-35.35779992913,1.5));
#9780 = VECTOR('',#9781,1.);
#9781 = DIRECTION('',(0.,-1.,0.));
#9782 = ORIENTED_EDGE('',*,*,#9737,.T.);
#9783 = ORIENTED_EDGE('',*,*,#2440,.T.);
#9784 = ORIENTED_EDGE('',*,*,#9785,.F.);
#9785 = EDGE_CURVE('',#9776,#2441,#9786,.T.);
#9786 = LINE('',#9787,#9788);
#9787 = CARTESIAN_POINT('',(295.13613381844,-36.21099982694,1.5));
#9788 = VECTOR('',#9789,1.);
#9789 = DIRECTION('',(-0.,-0.,-1.));
#9790 = PLANE('',#9791);
#9791 = AXIS2_PLACEMENT_3D('',#9792,#9793,#9794);
#9792 = CARTESIAN_POINT('',(295.13613381844,-35.35779992913,1.5));
#9793 = DIRECTION('',(-1.,0.,0.));
#9794 = DIRECTION('',(0.,-1.,0.));
#9795 = ADVANCED_FACE('',(#9796),#9814,.T.);
#9796 = FACE_BOUND('',#9797,.T.);
#9797 = EDGE_LOOP('',(#9798,#9806,#9812,#9813));
#9798 = ORIENTED_EDGE('',*,*,#9799,.F.);
#9799 = EDGE_CURVE('',#9800,#9752,#9802,.T.);
#9800 = VERTEX_POINT('',#9801);
#9801 = CARTESIAN_POINT('',(303.40413161255,-48.50459675354,1.5));
#9802 = LINE('',#9803,#9804);
#9803 = CARTESIAN_POINT('',(303.40413161255,-48.50459675354,1.5));
#9804 = VECTOR('',#9805,1.);
#9805 = DIRECTION('',(-1.,0.,0.));
#9806 = ORIENTED_EDGE('',*,*,#9807,.T.);
#9807 = EDGE_CURVE('',#9800,#2457,#9808,.T.);
#9808 = LINE('',#9809,#9810);
#9809 = CARTESIAN_POINT('',(303.40413161255,-48.50459675354,1.5));
#9810 = VECTOR('',#9811,1.);
#9811 = DIRECTION('',(-0.,-0.,-1.));
#9812 = ORIENTED_EDGE('',*,*,#2464,.T.);
#9813 = ORIENTED_EDGE('',*,*,#9759,.F.);
#9814 = PLANE('',#9815);
#9815 = AXIS2_PLACEMENT_3D('',#9816,#9817,#9818);
#9816 = CARTESIAN_POINT('',(303.40413161255,-48.50459675354,1.5));
#9817 = DIRECTION('',(0.,1.,0.));
#9818 = DIRECTION('',(-1.,0.,0.));
#9819 = ADVANCED_FACE('',(#9820),#9838,.T.);
#9820 = FACE_BOUND('',#9821,.T.);
#9821 = EDGE_LOOP('',(#9822,#9830,#9831,#9832));
#9822 = ORIENTED_EDGE('',*,*,#9823,.F.);
#9823 = EDGE_CURVE('',#9776,#9824,#9826,.T.);
#9824 = VERTEX_POINT('',#9825);
#9825 = CARTESIAN_POINT('',(303.40413161255,-36.21099982694,1.5));
#9826 = LINE('',#9827,#9828);
#9827 = CARTESIAN_POINT('',(295.13613381844,-36.21099982694,1.5));
#9828 = VECTOR('',#9829,1.);
#9829 = DIRECTION('',(1.,0.,0.));
#9830 = ORIENTED_EDGE('',*,*,#9785,.T.);
#9831 = ORIENTED_EDGE('',*,*,#2448,.T.);
#9832 = ORIENTED_EDGE('',*,*,#9833,.F.);
#9833 = EDGE_CURVE('',#9824,#2449,#9834,.T.);
#9834 = LINE('',#9835,#9836);
#9835 = CARTESIAN_POINT('',(303.40413161255,-36.21099982694,1.5));
#9836 = VECTOR('',#9837,1.);
#9837 = DIRECTION('',(-0.,-0.,-1.));
#9838 = PLANE('',#9839);
#9839 = AXIS2_PLACEMENT_3D('',#9840,#9841,#9842);
#9840 = CARTESIAN_POINT('',(295.13613381844,-36.21099982694,1.5));
#9841 = DIRECTION('',(0.,-1.,0.));
#9842 = DIRECTION('',(1.,0.,0.));
#9843 = ADVANCED_FACE('',(#9844),#9855,.T.);
#9844 = FACE_BOUND('',#9845,.T.);
#9845 = EDGE_LOOP('',(#9846,#9852,#9853,#9854));
#9846 = ORIENTED_EDGE('',*,*,#9847,.F.);
#9847 = EDGE_CURVE('',#9824,#9800,#9848,.T.);
#9848 = LINE('',#9849,#9850);
#9849 = CARTESIAN_POINT('',(303.40413161255,-36.21099982694,1.5));
#9850 = VECTOR('',#9851,1.);
#9851 = DIRECTION('',(-4.62E-15,-1.,0.));
#9852 = ORIENTED_EDGE('',*,*,#9833,.T.);
#9853 = ORIENTED_EDGE('',*,*,#2456,.T.);
#9854 = ORIENTED_EDGE('',*,*,#9807,.F.);
#9855 = PLANE('',#9856);
#9856 = AXIS2_PLACEMENT_3D('',#9857,#9858,#9859);
#9857 = CARTESIAN_POINT('',(303.40413161255,-36.21099982694,1.5));
#9858 = DIRECTION('',(-1.,4.62E-15,0.));
#9859 = DIRECTION('',(-4.62E-15,-1.,0.));
#9860 = ADVANCED_FACE('',(#9861),#9880,.F.);
#9861 = FACE_BOUND('',#9862,.F.);
#9862 = EDGE_LOOP('',(#9863,#9872,#9878,#9879));
#9863 = ORIENTED_EDGE('',*,*,#9864,.F.);
#9864 = EDGE_CURVE('',#9865,#9865,#9867,.T.);
#9865 = VERTEX_POINT('',#9866);
#9866 = CARTESIAN_POINT('',(179.92366056601,-15.4428043801,1.5));
#9867 = CIRCLE('',#9868,2.25);
#9868 = AXIS2_PLACEMENT_3D('',#9869,#9870,#9871);
#9869 = CARTESIAN_POINT('',(177.67366056601,-15.4428043801,1.5));
#9870 = DIRECTION('',(0.,0.,1.));
#9871 = DIRECTION('',(1.,0.,0.));
#9872 = ORIENTED_EDGE('',*,*,#9873,.T.);
#9873 = EDGE_CURVE('',#9865,#2505,#9874,.T.);
#9874 = LINE('',#9875,#9876);
#9875 = CARTESIAN_POINT('',(179.92366056601,-15.4428043801,1.5));
#9876 = VECTOR('',#9877,1.);
#9877 = DIRECTION('',(-0.,-0.,-1.));
#9878 = ORIENTED_EDGE('',*,*,#2504,.T.);
#9879 = ORIENTED_EDGE('',*,*,#9873,.F.);
#9880 = CYLINDRICAL_SURFACE('',#9881,2.25);
#9881 = AXIS2_PLACEMENT_3D('',#9882,#9883,#9884);
#9882 = CARTESIAN_POINT('',(177.67366056601,-15.4428043801,1.5));
#9883 = DIRECTION('',(0.,0.,1.));
#9884 = DIRECTION('',(1.,0.,0.));
#9885 = ADVANCED_FACE('',(#9886),#9911,.F.);
#9886 = FACE_BOUND('',#9887,.F.);
#9887 = EDGE_LOOP('',(#9888,#9898,#9904,#9905));
#9888 = ORIENTED_EDGE('',*,*,#9889,.F.);
#9889 = EDGE_CURVE('',#9890,#9892,#9894,.T.);
#9890 = VERTEX_POINT('',#9891);
#9891 = CARTESIAN_POINT('',(180.99866069309,-4.032809732601,1.5));
#9892 = VERTEX_POINT('',#9893);
#9893 = CARTESIAN_POINT('',(180.99866069309,-17.78280701732,1.5));
#9894 = LINE('',#9895,#9896);
#9895 = CARTESIAN_POINT('',(180.99866069309,-4.032809732601,1.5));
#9896 = VECTOR('',#9897,1.);
#9897 = DIRECTION('',(0.,-1.,0.));
#9898 = ORIENTED_EDGE('',*,*,#9899,.T.);
#9899 = EDGE_CURVE('',#9890,#2516,#9900,.T.);
#9900 = LINE('',#9901,#9902);
#9901 = CARTESIAN_POINT('',(180.99866069309,-4.032809732601,1.5));
#9902 = VECTOR('',#9903,1.);
#9903 = DIRECTION('',(-0.,-0.,-1.));
#9904 = ORIENTED_EDGE('',*,*,#2515,.T.);
#9905 = ORIENTED_EDGE('',*,*,#9906,.F.);
#9906 = EDGE_CURVE('',#9892,#2518,#9907,.T.);
#9907 = LINE('',#9908,#9909);
#9908 = CARTESIAN_POINT('',(180.99866069309,-17.78280701732,1.5));
#9909 = VECTOR('',#9910,1.);
#9910 = DIRECTION('',(-0.,-0.,-1.));
#9911 = PLANE('',#9912);
#9912 = AXIS2_PLACEMENT_3D('',#9913,#9914,#9915);
#9913 = CARTESIAN_POINT('',(180.99866069309,-4.032809732601,1.5));
#9914 = DIRECTION('',(-1.,0.,0.));
#9915 = DIRECTION('',(0.,-1.,0.));
#9916 = ADVANCED_FACE('',(#9917),#9935,.F.);
#9917 = FACE_BOUND('',#9918,.F.);
#9918 = EDGE_LOOP('',(#9919,#9927,#9933,#9934));
#9919 = ORIENTED_EDGE('',*,*,#9920,.F.);
#9920 = EDGE_CURVE('',#9921,#9890,#9923,.T.);
#9921 = VERTEX_POINT('',#9922);
#9922 = CARTESIAN_POINT('',(194.74865797782,-4.032809732601,1.5));
#9923 = LINE('',#9924,#9925);
#9924 = CARTESIAN_POINT('',(194.74865797782,-4.032809732601,1.5));
#9925 = VECTOR('',#9926,1.);
#9926 = DIRECTION('',(-1.,0.,0.));
#9927 = ORIENTED_EDGE('',*,*,#9928,.T.);
#9928 = EDGE_CURVE('',#9921,#2526,#9929,.T.);
#9929 = LINE('',#9930,#9931);
#9930 = CARTESIAN_POINT('',(194.74865797782,-4.032809732601,1.5));
#9931 = VECTOR('',#9932,1.);
#9932 = DIRECTION('',(-0.,-0.,-1.));
#9933 = ORIENTED_EDGE('',*,*,#2525,.T.);
#9934 = ORIENTED_EDGE('',*,*,#9899,.F.);
#9935 = PLANE('',#9936);
#9936 = AXIS2_PLACEMENT_3D('',#9937,#9938,#9939);
#9937 = CARTESIAN_POINT('',(194.74865797782,-4.032809732601,1.5));
#9938 = DIRECTION('',(0.,1.,0.));
#9939 = DIRECTION('',(-1.,0.,0.));
#9940 = ADVANCED_FACE('',(#9941),#9959,.F.);
#9941 = FACE_BOUND('',#9942,.F.);
#9942 = EDGE_LOOP('',(#9943,#9951,#9952,#9953));
#9943 = ORIENTED_EDGE('',*,*,#9944,.F.);
#9944 = EDGE_CURVE('',#9892,#9945,#9947,.T.);
#9945 = VERTEX_POINT('',#9946);
#9946 = CARTESIAN_POINT('',(194.74865797782,-17.78280701732,1.5));
#9947 = LINE('',#9948,#9949);
#9948 = CARTESIAN_POINT('',(180.99866069309,-17.78280701732,1.5));
#9949 = VECTOR('',#9950,1.);
#9950 = DIRECTION('',(1.,0.,0.));
#9951 = ORIENTED_EDGE('',*,*,#9906,.T.);
#9952 = ORIENTED_EDGE('',*,*,#2541,.T.);
#9953 = ORIENTED_EDGE('',*,*,#9954,.F.);
#9954 = EDGE_CURVE('',#9945,#2534,#9955,.T.);
#9955 = LINE('',#9956,#9957);
#9956 = CARTESIAN_POINT('',(194.74865797782,-17.78280701732,1.5));
#9957 = VECTOR('',#9958,1.);
#9958 = DIRECTION('',(-0.,-0.,-1.));
#9959 = PLANE('',#9960);
#9960 = AXIS2_PLACEMENT_3D('',#9961,#9962,#9963);
#9961 = CARTESIAN_POINT('',(180.99866069309,-17.78280701732,1.5));
#9962 = DIRECTION('',(0.,-1.,0.));
#9963 = DIRECTION('',(1.,0.,0.));
#9964 = ADVANCED_FACE('',(#9965),#9976,.F.);
#9965 = FACE_BOUND('',#9966,.F.);
#9966 = EDGE_LOOP('',(#9967,#9973,#9974,#9975));
#9967 = ORIENTED_EDGE('',*,*,#9968,.F.);
#9968 = EDGE_CURVE('',#9945,#9921,#9969,.T.);
#9969 = LINE('',#9970,#9971);
#9970 = CARTESIAN_POINT('',(194.74865797782,-17.78280701732,1.5));
#9971 = VECTOR('',#9972,1.);
#9972 = DIRECTION('',(0.,1.,0.));
#9973 = ORIENTED_EDGE('',*,*,#9954,.T.);
#9974 = ORIENTED_EDGE('',*,*,#2533,.T.);
#9975 = ORIENTED_EDGE('',*,*,#9928,.F.);
#9976 = PLANE('',#9977);
#9977 = AXIS2_PLACEMENT_3D('',#9978,#9979,#9980);
#9978 = CARTESIAN_POINT('',(194.74865797782,-17.78280701732,1.5));
#9979 = DIRECTION('',(1.,0.,0.));
#9980 = DIRECTION('',(0.,1.,0.));
#9981 = ADVANCED_FACE('',(#9982),#10001,.F.);
#9982 = FACE_BOUND('',#9983,.F.);
#9983 = EDGE_LOOP('',(#9984,#9993,#9999,#10000));
#9984 = ORIENTED_EDGE('',*,*,#9985,.F.);
#9985 = EDGE_CURVE('',#9986,#9986,#9988,.T.);
#9986 = VERTEX_POINT('',#9987);
#9987 = CARTESIAN_POINT('',(201.82365503546,-6.372808842046,1.5));
#9988 = CIRCLE('',#9989,2.25);
#9989 = AXIS2_PLACEMENT_3D('',#9990,#9991,#9992);
#9990 = CARTESIAN_POINT('',(199.57365503546,-6.372808842046,1.5));
#9991 = DIRECTION('',(0.,0.,1.));
#9992 = DIRECTION('',(1.,0.,0.));
#9993 = ORIENTED_EDGE('',*,*,#9994,.T.);
#9994 = EDGE_CURVE('',#9986,#2550,#9995,.T.);
#9995 = LINE('',#9996,#9997);
#9996 = CARTESIAN_POINT('',(201.82365503546,-6.372808842046,1.5));
#9997 = VECTOR('',#9998,1.);
#9998 = DIRECTION('',(-0.,-0.,-1.));
#9999 = ORIENTED_EDGE('',*,*,#2549,.T.);
#10000 = ORIENTED_EDGE('',*,*,#9994,.F.);
#10001 = CYLINDRICAL_SURFACE('',#10002,2.25);
#10002 = AXIS2_PLACEMENT_3D('',#10003,#10004,#10005);
#10003 = CARTESIAN_POINT('',(199.57365503546,-6.372808842046,1.5));
#10004 = DIRECTION('',(0.,0.,1.));
#10005 = DIRECTION('',(1.,0.,0.));
#10006 = ADVANCED_FACE('',(#10007),#10026,.F.);
#10007 = FACE_BOUND('',#10008,.F.);
#10008 = EDGE_LOOP('',(#10009,#10018,#10024,#10025));
#10009 = ORIENTED_EDGE('',*,*,#10010,.F.);
#10010 = EDGE_CURVE('',#10011,#10011,#10013,.T.);
#10011 = VERTEX_POINT('',#10012);
#10012 = CARTESIAN_POINT('',(208.49865342226,-15.4428043801,1.5));
#10013 = CIRCLE('',#10014,2.25);
#10014 = AXIS2_PLACEMENT_3D('',#10015,#10016,#10017);
#10015 = CARTESIAN_POINT('',(206.24865342226,-15.4428043801,1.5));
#10016 = DIRECTION('',(0.,0.,1.));
#10017 = DIRECTION('',(1.,0.,0.));
#10018 = ORIENTED_EDGE('',*,*,#10019,.T.);
#10019 = EDGE_CURVE('',#10011,#2561,#10020,.T.);
#10020 = LINE('',#10021,#10022);
#10021 = CARTESIAN_POINT('',(208.49865342226,-15.4428043801,1.5));
#10022 = VECTOR('',#10023,1.);
#10023 = DIRECTION('',(-0.,-0.,-1.));
#10024 = ORIENTED_EDGE('',*,*,#2560,.T.);
#10025 = ORIENTED_EDGE('',*,*,#10019,.F.);
#10026 = CYLINDRICAL_SURFACE('',#10027,2.25);
#10027 = AXIS2_PLACEMENT_3D('',#10028,#10029,#10030);
#10028 = CARTESIAN_POINT('',(206.24865342226,-15.4428043801,1.5));
#10029 = DIRECTION('',(0.,0.,1.));
#10030 = DIRECTION('',(1.,0.,0.));
#10031 = ADVANCED_FACE('',(#10032),#10051,.F.);
#10032 = FACE_BOUND('',#10033,.F.);
#10033 = EDGE_LOOP('',(#10034,#10043,#10049,#10050));
#10034 = ORIENTED_EDGE('',*,*,#10035,.F.);
#10035 = EDGE_CURVE('',#10036,#10036,#10038,.T.);
#10036 = VERTEX_POINT('',#10037);
#10037 = CARTESIAN_POINT('',(237.07364627851,-15.4428043801,1.5));
#10038 = CIRCLE('',#10039,2.25);
#10039 = AXIS2_PLACEMENT_3D('',#10040,#10041,#10042);
#10040 = CARTESIAN_POINT('',(234.82364627851,-15.4428043801,1.5));
#10041 = DIRECTION('',(0.,0.,1.));
#10042 = DIRECTION('',(1.,0.,0.));
#10043 = ORIENTED_EDGE('',*,*,#10044,.T.);
#10044 = EDGE_CURVE('',#10036,#2572,#10045,.T.);
#10045 = LINE('',#10046,#10047);
#10046 = CARTESIAN_POINT('',(237.07364627851,-15.4428043801,1.5));
#10047 = VECTOR('',#10048,1.);
#10048 = DIRECTION('',(-0.,-0.,-1.));
#10049 = ORIENTED_EDGE('',*,*,#2571,.T.);
#10050 = ORIENTED_EDGE('',*,*,#10044,.F.);
#10051 = CYLINDRICAL_SURFACE('',#10052,2.25);
#10052 = AXIS2_PLACEMENT_3D('',#10053,#10054,#10055);
#10053 = CARTESIAN_POINT('',(234.82364627851,-15.4428043801,1.5));
#10054 = DIRECTION('',(0.,0.,1.));
#10055 = DIRECTION('',(1.,0.,0.));
#10056 = ADVANCED_FACE('',(#10057),#10082,.F.);
#10057 = FACE_BOUND('',#10058,.F.);
#10058 = EDGE_LOOP('',(#10059,#10069,#10075,#10076));
#10059 = ORIENTED_EDGE('',*,*,#10060,.F.);
#10060 = EDGE_CURVE('',#10061,#10063,#10065,.T.);
#10061 = VERTEX_POINT('',#10062);
#10062 = CARTESIAN_POINT('',(209.57866069309,-4.032809732601,1.5));
#10063 = VERTEX_POINT('',#10064);
#10064 = CARTESIAN_POINT('',(209.57866069309,-17.78280701732,1.5));
#10065 = LINE('',#10066,#10067);
#10066 = CARTESIAN_POINT('',(209.57866069309,-4.032809732601,1.5));
#10067 = VECTOR('',#10068,1.);
#10068 = DIRECTION('',(0.,-1.,0.));
#10069 = ORIENTED_EDGE('',*,*,#10070,.T.);
#10070 = EDGE_CURVE('',#10061,#2583,#10071,.T.);
#10071 = LINE('',#10072,#10073);
#10072 = CARTESIAN_POINT('',(209.57866069309,-4.032809732601,1.5));
#10073 = VECTOR('',#10074,1.);
#10074 = DIRECTION('',(-0.,-0.,-1.));
#10075 = ORIENTED_EDGE('',*,*,#2582,.T.);
#10076 = ORIENTED_EDGE('',*,*,#10077,.F.);
#10077 = EDGE_CURVE('',#10063,#2585,#10078,.T.);
#10078 = LINE('',#10079,#10080);
#10079 = CARTESIAN_POINT('',(209.57866069309,-17.78280701732,1.5));
#10080 = VECTOR('',#10081,1.);
#10081 = DIRECTION('',(-0.,-0.,-1.));
#10082 = PLANE('',#10083);
#10083 = AXIS2_PLACEMENT_3D('',#10084,#10085,#10086);
#10084 = CARTESIAN_POINT('',(209.57866069309,-4.032809732601,1.5));
#10085 = DIRECTION('',(-1.,0.,0.));
#10086 = DIRECTION('',(0.,-1.,0.));
#10087 = ADVANCED_FACE('',(#10088),#10106,.F.);
#10088 = FACE_BOUND('',#10089,.F.);
#10089 = EDGE_LOOP('',(#10090,#10098,#10104,#10105));
#10090 = ORIENTED_EDGE('',*,*,#10091,.F.);
#10091 = EDGE_CURVE('',#10092,#10061,#10094,.T.);
#10092 = VERTEX_POINT('',#10093);
#10093 = CARTESIAN_POINT('',(223.32865797782,-4.032809732601,1.5));
#10094 = LINE('',#10095,#10096);
#10095 = CARTESIAN_POINT('',(223.32865797782,-4.032809732601,1.5));
#10096 = VECTOR('',#10097,1.);
#10097 = DIRECTION('',(-1.,0.,0.));
#10098 = ORIENTED_EDGE('',*,*,#10099,.T.);
#10099 = EDGE_CURVE('',#10092,#2593,#10100,.T.);
#10100 = LINE('',#10101,#10102);
#10101 = CARTESIAN_POINT('',(223.32865797782,-4.032809732601,1.5));
#10102 = VECTOR('',#10103,1.);
#10103 = DIRECTION('',(-0.,-0.,-1.));
#10104 = ORIENTED_EDGE('',*,*,#2592,.T.);
#10105 = ORIENTED_EDGE('',*,*,#10070,.F.);
#10106 = PLANE('',#10107);
#10107 = AXIS2_PLACEMENT_3D('',#10108,#10109,#10110);
#10108 = CARTESIAN_POINT('',(223.32865797782,-4.032809732601,1.5));
#10109 = DIRECTION('',(0.,1.,0.));
#10110 = DIRECTION('',(-1.,0.,0.));
#10111 = ADVANCED_FACE('',(#10112),#10130,.F.);
#10112 = FACE_BOUND('',#10113,.F.);
#10113 = EDGE_LOOP('',(#10114,#10122,#10123,#10124));
#10114 = ORIENTED_EDGE('',*,*,#10115,.F.);
#10115 = EDGE_CURVE('',#10063,#10116,#10118,.T.);
#10116 = VERTEX_POINT('',#10117);
#10117 = CARTESIAN_POINT('',(223.32865797782,-17.78280701732,1.5));
#10118 = LINE('',#10119,#10120);
#10119 = CARTESIAN_POINT('',(209.57866069309,-17.78280701732,1.5));
#10120 = VECTOR('',#10121,1.);
#10121 = DIRECTION('',(1.,0.,0.));
#10122 = ORIENTED_EDGE('',*,*,#10077,.T.);
#10123 = ORIENTED_EDGE('',*,*,#2608,.T.);
#10124 = ORIENTED_EDGE('',*,*,#10125,.F.);
#10125 = EDGE_CURVE('',#10116,#2601,#10126,.T.);
#10126 = LINE('',#10127,#10128);
#10127 = CARTESIAN_POINT('',(223.32865797782,-17.78280701732,1.5));
#10128 = VECTOR('',#10129,1.);
#10129 = DIRECTION('',(-0.,-0.,-1.));
#10130 = PLANE('',#10131);
#10131 = AXIS2_PLACEMENT_3D('',#10132,#10133,#10134);
#10132 = CARTESIAN_POINT('',(209.57866069309,-17.78280701732,1.5));
#10133 = DIRECTION('',(0.,-1.,0.));
#10134 = DIRECTION('',(1.,0.,0.));
#10135 = ADVANCED_FACE('',(#10136),#10147,.F.);
#10136 = FACE_BOUND('',#10137,.F.);
#10137 = EDGE_LOOP('',(#10138,#10144,#10145,#10146));
#10138 = ORIENTED_EDGE('',*,*,#10139,.F.);
#10139 = EDGE_CURVE('',#10116,#10092,#10140,.T.);
#10140 = LINE('',#10141,#10142);
#10141 = CARTESIAN_POINT('',(223.32865797782,-17.78280701732,1.5));
#10142 = VECTOR('',#10143,1.);
#10143 = DIRECTION('',(0.,1.,0.));
#10144 = ORIENTED_EDGE('',*,*,#10125,.T.);
#10145 = ORIENTED_EDGE('',*,*,#2600,.T.);
#10146 = ORIENTED_EDGE('',*,*,#10099,.F.);
#10147 = PLANE('',#10148);
#10148 = AXIS2_PLACEMENT_3D('',#10149,#10150,#10151);
#10149 = CARTESIAN_POINT('',(223.32865797782,-17.78280701732,1.5));
#10150 = DIRECTION('',(1.,0.,0.));
#10151 = DIRECTION('',(0.,1.,0.));
#10152 = ADVANCED_FACE('',(#10153),#10172,.F.);
#10153 = FACE_BOUND('',#10154,.F.);
#10154 = EDGE_LOOP('',(#10155,#10164,#10170,#10171));
#10155 = ORIENTED_EDGE('',*,*,#10156,.F.);
#10156 = EDGE_CURVE('',#10157,#10157,#10159,.T.);
#10157 = VERTEX_POINT('',#10158);
#10158 = CARTESIAN_POINT('',(230.39864789171,-6.372808842046,1.5));
#10159 = CIRCLE('',#10160,2.25);
#10160 = AXIS2_PLACEMENT_3D('',#10161,#10162,#10163);
#10161 = CARTESIAN_POINT('',(228.14864789171,-6.372808842046,1.5));
#10162 = DIRECTION('',(0.,0.,1.));
#10163 = DIRECTION('',(1.,0.,0.));
#10164 = ORIENTED_EDGE('',*,*,#10165,.T.);
#10165 = EDGE_CURVE('',#10157,#2617,#10166,.T.);
#10166 = LINE('',#10167,#10168);
#10167 = CARTESIAN_POINT('',(230.39864789171,-6.372808842046,1.5));
#10168 = VECTOR('',#10169,1.);
#10169 = DIRECTION('',(-0.,-0.,-1.));
#10170 = ORIENTED_EDGE('',*,*,#2616,.T.);
#10171 = ORIENTED_EDGE('',*,*,#10165,.F.);
#10172 = CYLINDRICAL_SURFACE('',#10173,2.25);
#10173 = AXIS2_PLACEMENT_3D('',#10174,#10175,#10176);
#10174 = CARTESIAN_POINT('',(228.14864789171,-6.372808842046,1.5));
#10175 = DIRECTION('',(0.,0.,1.));
#10176 = DIRECTION('',(1.,0.,0.));
#10177 = ADVANCED_FACE('',(#10178),#10197,.F.);
#10178 = FACE_BOUND('',#10179,.F.);
#10179 = EDGE_LOOP('',(#10180,#10189,#10195,#10196));
#10180 = ORIENTED_EDGE('',*,*,#10181,.F.);
#10181 = EDGE_CURVE('',#10182,#10182,#10184,.T.);
#10182 = VERTEX_POINT('',#10183);
#10183 = CARTESIAN_POINT('',(265.66114157608,-15.4428043801,1.5));
#10184 = CIRCLE('',#10185,2.25);
#10185 = AXIS2_PLACEMENT_3D('',#10186,#10187,#10188);
#10186 = CARTESIAN_POINT('',(263.41114157608,-15.4428043801,1.5));
#10187 = DIRECTION('',(0.,0.,1.));
#10188 = DIRECTION('',(1.,0.,0.));
#10189 = ORIENTED_EDGE('',*,*,#10190,.T.);
#10190 = EDGE_CURVE('',#10182,#2628,#10191,.T.);
#10191 = LINE('',#10192,#10193);
#10192 = CARTESIAN_POINT('',(265.66114157608,-15.4428043801,1.5));
#10193 = VECTOR('',#10194,1.);
#10194 = DIRECTION('',(-0.,-0.,-1.));
#10195 = ORIENTED_EDGE('',*,*,#2627,.T.);
#10196 = ORIENTED_EDGE('',*,*,#10190,.F.);
#10197 = CYLINDRICAL_SURFACE('',#10198,2.25);
#10198 = AXIS2_PLACEMENT_3D('',#10199,#10200,#10201);
#10199 = CARTESIAN_POINT('',(263.41114157608,-15.4428043801,1.5));
#10200 = DIRECTION('',(0.,0.,1.));
#10201 = DIRECTION('',(1.,0.,0.));
#10202 = ADVANCED_FACE('',(#10203),#10228,.F.);
#10203 = FACE_BOUND('',#10204,.F.);
#10204 = EDGE_LOOP('',(#10205,#10215,#10221,#10222));
#10205 = ORIENTED_EDGE('',*,*,#10206,.F.);
#10206 = EDGE_CURVE('',#10207,#10209,#10211,.T.);
#10207 = VERTEX_POINT('',#10208);
#10208 = CARTESIAN_POINT('',(238.15866069309,-4.032809732601,1.5));
#10209 = VERTEX_POINT('',#10210);
#10210 = CARTESIAN_POINT('',(238.15866069309,-17.78280701732,1.5));
#10211 = LINE('',#10212,#10213);
#10212 = CARTESIAN_POINT('',(238.15866069309,-4.032809732601,1.5));
#10213 = VECTOR('',#10214,1.);
#10214 = DIRECTION('',(0.,-1.,0.));
#10215 = ORIENTED_EDGE('',*,*,#10216,.T.);
#10216 = EDGE_CURVE('',#10207,#2639,#10217,.T.);
#10217 = LINE('',#10218,#10219);
#10218 = CARTESIAN_POINT('',(238.15866069309,-4.032809732601,1.5));
#10219 = VECTOR('',#10220,1.);
#10220 = DIRECTION('',(-0.,-0.,-1.));
#10221 = ORIENTED_EDGE('',*,*,#2638,.T.);
#10222 = ORIENTED_EDGE('',*,*,#10223,.F.);
#10223 = EDGE_CURVE('',#10209,#2641,#10224,.T.);
#10224 = LINE('',#10225,#10226);
#10225 = CARTESIAN_POINT('',(238.15866069309,-17.78280701732,1.5));
#10226 = VECTOR('',#10227,1.);
#10227 = DIRECTION('',(-0.,-0.,-1.));
#10228 = PLANE('',#10229);
#10229 = AXIS2_PLACEMENT_3D('',#10230,#10231,#10232);
#10230 = CARTESIAN_POINT('',(238.15866069309,-4.032809732601,1.5));
#10231 = DIRECTION('',(-1.,0.,0.));
#10232 = DIRECTION('',(0.,-1.,0.));
#10233 = ADVANCED_FACE('',(#10234),#10252,.F.);
#10234 = FACE_BOUND('',#10235,.F.);
#10235 = EDGE_LOOP('',(#10236,#10244,#10250,#10251));
#10236 = ORIENTED_EDGE('',*,*,#10237,.F.);
#10237 = EDGE_CURVE('',#10238,#10207,#10240,.T.);
#10238 = VERTEX_POINT('',#10239);
#10239 = CARTESIAN_POINT('',(251.90865797782,-4.032809732601,1.5));
#10240 = LINE('',#10241,#10242);
#10241 = CARTESIAN_POINT('',(251.90865797782,-4.032809732601,1.5));
#10242 = VECTOR('',#10243,1.);
#10243 = DIRECTION('',(-1.,0.,0.));
#10244 = ORIENTED_EDGE('',*,*,#10245,.T.);
#10245 = EDGE_CURVE('',#10238,#2649,#10246,.T.);
#10246 = LINE('',#10247,#10248);
#10247 = CARTESIAN_POINT('',(251.90865797782,-4.032809732601,1.5));
#10248 = VECTOR('',#10249,1.);
#10249 = DIRECTION('',(-0.,-0.,-1.));
#10250 = ORIENTED_EDGE('',*,*,#2648,.T.);
#10251 = ORIENTED_EDGE('',*,*,#10216,.F.);
#10252 = PLANE('',#10253);
#10253 = AXIS2_PLACEMENT_3D('',#10254,#10255,#10256);
#10254 = CARTESIAN_POINT('',(251.90865797782,-4.032809732601,1.5));
#10255 = DIRECTION('',(0.,1.,0.));
#10256 = DIRECTION('',(-1.,0.,0.));
#10257 = ADVANCED_FACE('',(#10258),#10276,.F.);
#10258 = FACE_BOUND('',#10259,.F.);
#10259 = EDGE_LOOP('',(#10260,#10268,#10269,#10270));
#10260 = ORIENTED_EDGE('',*,*,#10261,.F.);
#10261 = EDGE_CURVE('',#10209,#10262,#10264,.T.);
#10262 = VERTEX_POINT('',#10263);
#10263 = CARTESIAN_POINT('',(251.90865797782,-17.78280701732,1.5));
#10264 = LINE('',#10265,#10266);
#10265 = CARTESIAN_POINT('',(238.15866069309,-17.78280701732,1.5));
#10266 = VECTOR('',#10267,1.);
#10267 = DIRECTION('',(1.,0.,0.));
#10268 = ORIENTED_EDGE('',*,*,#10223,.T.);
#10269 = ORIENTED_EDGE('',*,*,#2664,.T.);
#10270 = ORIENTED_EDGE('',*,*,#10271,.F.);
#10271 = EDGE_CURVE('',#10262,#2657,#10272,.T.);
#10272 = LINE('',#10273,#10274);
#10273 = CARTESIAN_POINT('',(251.90865797782,-17.78280701732,1.5));
#10274 = VECTOR('',#10275,1.);
#10275 = DIRECTION('',(-0.,-0.,-1.));
#10276 = PLANE('',#10277);
#10277 = AXIS2_PLACEMENT_3D('',#10278,#10279,#10280);
#10278 = CARTESIAN_POINT('',(238.15866069309,-17.78280701732,1.5));
#10279 = DIRECTION('',(0.,-1.,0.));
#10280 = DIRECTION('',(1.,0.,0.));
#10281 = ADVANCED_FACE('',(#10282),#10293,.F.);
#10282 = FACE_BOUND('',#10283,.F.);
#10283 = EDGE_LOOP('',(#10284,#10290,#10291,#10292));
#10284 = ORIENTED_EDGE('',*,*,#10285,.F.);
#10285 = EDGE_CURVE('',#10262,#10238,#10286,.T.);
#10286 = LINE('',#10287,#10288);
#10287 = CARTESIAN_POINT('',(251.90865797782,-17.78280701732,1.5));
#10288 = VECTOR('',#10289,1.);
#10289 = DIRECTION('',(0.,1.,0.));
#10290 = ORIENTED_EDGE('',*,*,#10271,.T.);
#10291 = ORIENTED_EDGE('',*,*,#2656,.T.);
#10292 = ORIENTED_EDGE('',*,*,#10245,.F.);
#10293 = PLANE('',#10294);
#10294 = AXIS2_PLACEMENT_3D('',#10295,#10296,#10297);
#10295 = CARTESIAN_POINT('',(251.90865797782,-17.78280701732,1.5));
#10296 = DIRECTION('',(1.,0.,0.));
#10297 = DIRECTION('',(0.,1.,0.));
#10298 = ADVANCED_FACE('',(#10299),#10318,.F.);
#10299 = FACE_BOUND('',#10300,.F.);
#10300 = EDGE_LOOP('',(#10301,#10310,#10316,#10317));
#10301 = ORIENTED_EDGE('',*,*,#10302,.F.);
#10302 = EDGE_CURVE('',#10303,#10303,#10305,.T.);
#10303 = VERTEX_POINT('',#10304);
#10304 = CARTESIAN_POINT('',(258.97364074796,-6.372808842046,1.5));
#10305 = CIRCLE('',#10306,2.25);
#10306 = AXIS2_PLACEMENT_3D('',#10307,#10308,#10309);
#10307 = CARTESIAN_POINT('',(256.72364074796,-6.372808842046,1.5));
#10308 = DIRECTION('',(0.,0.,1.));
#10309 = DIRECTION('',(1.,0.,0.));
#10310 = ORIENTED_EDGE('',*,*,#10311,.T.);
#10311 = EDGE_CURVE('',#10303,#2673,#10312,.T.);
#10312 = LINE('',#10313,#10314);
#10313 = CARTESIAN_POINT('',(258.97364074796,-6.372808842046,1.5));
#10314 = VECTOR('',#10315,1.);
#10315 = DIRECTION('',(-0.,-0.,-1.));
#10316 = ORIENTED_EDGE('',*,*,#2672,.T.);
#10317 = ORIENTED_EDGE('',*,*,#10311,.F.);
#10318 = CYLINDRICAL_SURFACE('',#10319,2.25);
#10319 = AXIS2_PLACEMENT_3D('',#10320,#10321,#10322);
#10320 = CARTESIAN_POINT('',(256.72364074796,-6.372808842046,1.5));
#10321 = DIRECTION('',(0.,0.,1.));
#10322 = DIRECTION('',(1.,0.,0.));
#10323 = ADVANCED_FACE('',(#10324),#10349,.F.);
#10324 = FACE_BOUND('',#10325,.F.);
#10325 = EDGE_LOOP('',(#10326,#10336,#10342,#10343));
#10326 = ORIENTED_EDGE('',*,*,#10327,.F.);
#10327 = EDGE_CURVE('',#10328,#10330,#10332,.T.);
#10328 = VERTEX_POINT('',#10329);
#10329 = CARTESIAN_POINT('',(266.73866069309,-4.032809732601,1.5));
#10330 = VERTEX_POINT('',#10331);
#10331 = CARTESIAN_POINT('',(266.73866069309,-17.78280701732,1.5));
#10332 = LINE('',#10333,#10334);
#10333 = CARTESIAN_POINT('',(266.73866069309,-4.032809732601,1.5));
#10334 = VECTOR('',#10335,1.);
#10335 = DIRECTION('',(0.,-1.,0.));
#10336 = ORIENTED_EDGE('',*,*,#10337,.T.);
#10337 = EDGE_CURVE('',#10328,#2684,#10338,.T.);
#10338 = LINE('',#10339,#10340);
#10339 = CARTESIAN_POINT('',(266.73866069309,-4.032809732601,1.5));
#10340 = VECTOR('',#10341,1.);
#10341 = DIRECTION('',(-0.,-0.,-1.));
#10342 = ORIENTED_EDGE('',*,*,#2683,.T.);
#10343 = ORIENTED_EDGE('',*,*,#10344,.F.);
#10344 = EDGE_CURVE('',#10330,#2686,#10345,.T.);
#10345 = LINE('',#10346,#10347);
#10346 = CARTESIAN_POINT('',(266.73866069309,-17.78280701732,1.5));
#10347 = VECTOR('',#10348,1.);
#10348 = DIRECTION('',(-0.,-0.,-1.));
#10349 = PLANE('',#10350);
#10350 = AXIS2_PLACEMENT_3D('',#10351,#10352,#10353);
#10351 = CARTESIAN_POINT('',(266.73866069309,-4.032809732601,1.5));
#10352 = DIRECTION('',(-1.,0.,0.));
#10353 = DIRECTION('',(0.,-1.,0.));
#10354 = ADVANCED_FACE('',(#10355),#10373,.F.);
#10355 = FACE_BOUND('',#10356,.F.);
#10356 = EDGE_LOOP('',(#10357,#10365,#10371,#10372));
#10357 = ORIENTED_EDGE('',*,*,#10358,.F.);
#10358 = EDGE_CURVE('',#10359,#10328,#10361,.T.);
#10359 = VERTEX_POINT('',#10360);
#10360 = CARTESIAN_POINT('',(280.48865797782,-4.032809732601,1.5));
#10361 = LINE('',#10362,#10363);
#10362 = CARTESIAN_POINT('',(280.48865797782,-4.032809732601,1.5));
#10363 = VECTOR('',#10364,1.);
#10364 = DIRECTION('',(-1.,0.,0.));
#10365 = ORIENTED_EDGE('',*,*,#10366,.T.);
#10366 = EDGE_CURVE('',#10359,#2694,#10367,.T.);
#10367 = LINE('',#10368,#10369);
#10368 = CARTESIAN_POINT('',(280.48865797782,-4.032809732601,1.5));
#10369 = VECTOR('',#10370,1.);
#10370 = DIRECTION('',(-0.,-0.,-1.));
#10371 = ORIENTED_EDGE('',*,*,#2693,.T.);
#10372 = ORIENTED_EDGE('',*,*,#10337,.F.);
#10373 = PLANE('',#10374);
#10374 = AXIS2_PLACEMENT_3D('',#10375,#10376,#10377);
#10375 = CARTESIAN_POINT('',(280.48865797782,-4.032809732601,1.5));
#10376 = DIRECTION('',(0.,1.,0.));
#10377 = DIRECTION('',(-1.,0.,0.));
#10378 = ADVANCED_FACE('',(#10379),#10397,.F.);
#10379 = FACE_BOUND('',#10380,.F.);
#10380 = EDGE_LOOP('',(#10381,#10389,#10390,#10391));
#10381 = ORIENTED_EDGE('',*,*,#10382,.F.);
#10382 = EDGE_CURVE('',#10330,#10383,#10385,.T.);
#10383 = VERTEX_POINT('',#10384);
#10384 = CARTESIAN_POINT('',(280.48865797782,-17.78280701732,1.5));
#10385 = LINE('',#10386,#10387);
#10386 = CARTESIAN_POINT('',(266.73866069309,-17.78280701732,1.5));
#10387 = VECTOR('',#10388,1.);
#10388 = DIRECTION('',(1.,0.,0.));
#10389 = ORIENTED_EDGE('',*,*,#10344,.T.);
#10390 = ORIENTED_EDGE('',*,*,#2709,.T.);
#10391 = ORIENTED_EDGE('',*,*,#10392,.F.);
#10392 = EDGE_CURVE('',#10383,#2702,#10393,.T.);
#10393 = LINE('',#10394,#10395);
#10394 = CARTESIAN_POINT('',(280.48865797782,-17.78280701732,1.5));
#10395 = VECTOR('',#10396,1.);
#10396 = DIRECTION('',(-0.,-0.,-1.));
#10397 = PLANE('',#10398);
#10398 = AXIS2_PLACEMENT_3D('',#10399,#10400,#10401);
#10399 = CARTESIAN_POINT('',(266.73866069309,-17.78280701732,1.5));
#10400 = DIRECTION('',(0.,-1.,0.));
#10401 = DIRECTION('',(1.,0.,0.));
#10402 = ADVANCED_FACE('',(#10403),#10414,.F.);
#10403 = FACE_BOUND('',#10404,.F.);
#10404 = EDGE_LOOP('',(#10405,#10411,#10412,#10413));
#10405 = ORIENTED_EDGE('',*,*,#10406,.F.);
#10406 = EDGE_CURVE('',#10383,#10359,#10407,.T.);
#10407 = LINE('',#10408,#10409);
#10408 = CARTESIAN_POINT('',(280.48865797782,-17.78280701732,1.5));
#10409 = VECTOR('',#10410,1.);
#10410 = DIRECTION('',(0.,1.,0.));
#10411 = ORIENTED_EDGE('',*,*,#10392,.T.);
#10412 = ORIENTED_EDGE('',*,*,#2701,.T.);
#10413 = ORIENTED_EDGE('',*,*,#10366,.F.);
#10414 = PLANE('',#10415);
#10415 = AXIS2_PLACEMENT_3D('',#10416,#10417,#10418);
#10416 = CARTESIAN_POINT('',(280.48865797782,-17.78280701732,1.5));
#10417 = DIRECTION('',(1.,0.,0.));
#10418 = DIRECTION('',(0.,1.,0.));
#10419 = ADVANCED_FACE('',(#10420),#10439,.F.);
#10420 = FACE_BOUND('',#10421,.F.);
#10421 = EDGE_LOOP('',(#10422,#10431,#10437,#10438));
#10422 = ORIENTED_EDGE('',*,*,#10423,.F.);
#10423 = EDGE_CURVE('',#10424,#10424,#10426,.T.);
#10424 = VERTEX_POINT('',#10425);
#10425 = CARTESIAN_POINT('',(294.22363199101,-15.4428043801,1.5));
#10426 = CIRCLE('',#10427,2.25);
#10427 = AXIS2_PLACEMENT_3D('',#10428,#10429,#10430);
#10428 = CARTESIAN_POINT('',(291.97363199101,-15.4428043801,1.5));
#10429 = DIRECTION('',(0.,0.,1.));
#10430 = DIRECTION('',(1.,0.,0.));
#10431 = ORIENTED_EDGE('',*,*,#10432,.T.);
#10432 = EDGE_CURVE('',#10424,#2718,#10433,.T.);
#10433 = LINE('',#10434,#10435);
#10434 = CARTESIAN_POINT('',(294.22363199101,-15.4428043801,1.5));
#10435 = VECTOR('',#10436,1.);
#10436 = DIRECTION('',(-0.,-0.,-1.));
#10437 = ORIENTED_EDGE('',*,*,#2717,.T.);
#10438 = ORIENTED_EDGE('',*,*,#10432,.F.);
#10439 = CYLINDRICAL_SURFACE('',#10440,2.25);
#10440 = AXIS2_PLACEMENT_3D('',#10441,#10442,#10443);
#10441 = CARTESIAN_POINT('',(291.97363199101,-15.4428043801,1.5));
#10442 = DIRECTION('',(0.,0.,1.));
#10443 = DIRECTION('',(1.,0.,0.));
#10444 = ADVANCED_FACE('',(#10445),#10464,.F.);
#10445 = FACE_BOUND('',#10446,.F.);
#10446 = EDGE_LOOP('',(#10447,#10456,#10462,#10463));
#10447 = ORIENTED_EDGE('',*,*,#10448,.F.);
#10448 = EDGE_CURVE('',#10449,#10449,#10451,.T.);
#10449 = VERTEX_POINT('',#10450);
#10450 = CARTESIAN_POINT('',(287.56113604552,-6.372808842046,1.5));
#10451 = CIRCLE('',#10452,2.25);
#10452 = AXIS2_PLACEMENT_3D('',#10453,#10454,#10455);
#10453 = CARTESIAN_POINT('',(285.31113604552,-6.372808842046,1.5));
#10454 = DIRECTION('',(0.,0.,1.));
#10455 = DIRECTION('',(1.,0.,0.));
#10456 = ORIENTED_EDGE('',*,*,#10457,.T.);
#10457 = EDGE_CURVE('',#10449,#2729,#10458,.T.);
#10458 = LINE('',#10459,#10460);
#10459 = CARTESIAN_POINT('',(287.56113604552,-6.372808842046,1.5));
#10460 = VECTOR('',#10461,1.);
#10461 = DIRECTION('',(-0.,-0.,-1.));
#10462 = ORIENTED_EDGE('',*,*,#2728,.T.);
#10463 = ORIENTED_EDGE('',*,*,#10457,.F.);
#10464 = CYLINDRICAL_SURFACE('',#10465,2.25);
#10465 = AXIS2_PLACEMENT_3D('',#10466,#10467,#10468);
#10466 = CARTESIAN_POINT('',(285.31113604552,-6.372808842046,1.5));
#10467 = DIRECTION('',(0.,0.,1.));
#10468 = DIRECTION('',(1.,0.,0.));
#10469 = ADVANCED_FACE('',(#10470),#10495,.F.);
#10470 = FACE_BOUND('',#10471,.F.);
#10471 = EDGE_LOOP('',(#10472,#10482,#10488,#10489));
#10472 = ORIENTED_EDGE('',*,*,#10473,.F.);
#10473 = EDGE_CURVE('',#10474,#10476,#10478,.T.);
#10474 = VERTEX_POINT('',#10475);
#10475 = CARTESIAN_POINT('',(295.31866069309,-4.032809732601,1.5));
#10476 = VERTEX_POINT('',#10477);
#10477 = CARTESIAN_POINT('',(295.31866069309,-17.78280701732,1.5));
#10478 = LINE('',#10479,#10480);
#10479 = CARTESIAN_POINT('',(295.31866069309,-4.032809732601,1.5));
#10480 = VECTOR('',#10481,1.);
#10481 = DIRECTION('',(0.,-1.,0.));
#10482 = ORIENTED_EDGE('',*,*,#10483,.T.);
#10483 = EDGE_CURVE('',#10474,#2740,#10484,.T.);
#10484 = LINE('',#10485,#10486);
#10485 = CARTESIAN_POINT('',(295.31866069309,-4.032809732601,1.5));
#10486 = VECTOR('',#10487,1.);
#10487 = DIRECTION('',(-0.,-0.,-1.));
#10488 = ORIENTED_EDGE('',*,*,#2739,.T.);
#10489 = ORIENTED_EDGE('',*,*,#10490,.F.);
#10490 = EDGE_CURVE('',#10476,#2742,#10491,.T.);
#10491 = LINE('',#10492,#10493);
#10492 = CARTESIAN_POINT('',(295.31866069309,-17.78280701732,1.5));
#10493 = VECTOR('',#10494,1.);
#10494 = DIRECTION('',(-0.,-0.,-1.));
#10495 = PLANE('',#10496);
#10496 = AXIS2_PLACEMENT_3D('',#10497,#10498,#10499);
#10497 = CARTESIAN_POINT('',(295.31866069309,-4.032809732601,1.5));
#10498 = DIRECTION('',(-1.,0.,0.));
#10499 = DIRECTION('',(0.,-1.,0.));
#10500 = ADVANCED_FACE('',(#10501),#10519,.F.);
#10501 = FACE_BOUND('',#10502,.F.);
#10502 = EDGE_LOOP('',(#10503,#10511,#10517,#10518));
#10503 = ORIENTED_EDGE('',*,*,#10504,.F.);
#10504 = EDGE_CURVE('',#10505,#10474,#10507,.T.);
#10505 = VERTEX_POINT('',#10506);
#10506 = CARTESIAN_POINT('',(309.06865797781,-4.032809732601,1.5));
#10507 = LINE('',#10508,#10509);
#10508 = CARTESIAN_POINT('',(309.06865797781,-4.032809732601,1.5));
#10509 = VECTOR('',#10510,1.);
#10510 = DIRECTION('',(-1.,0.,0.));
#10511 = ORIENTED_EDGE('',*,*,#10512,.T.);
#10512 = EDGE_CURVE('',#10505,#2750,#10513,.T.);
#10513 = LINE('',#10514,#10515);
#10514 = CARTESIAN_POINT('',(309.06865797781,-4.032809732601,1.5));
#10515 = VECTOR('',#10516,1.);
#10516 = DIRECTION('',(-0.,-0.,-1.));
#10517 = ORIENTED_EDGE('',*,*,#2749,.T.);
#10518 = ORIENTED_EDGE('',*,*,#10483,.F.);
#10519 = PLANE('',#10520);
#10520 = AXIS2_PLACEMENT_3D('',#10521,#10522,#10523);
#10521 = CARTESIAN_POINT('',(309.06865797781,-4.032809732601,1.5));
#10522 = DIRECTION('',(0.,1.,0.));
#10523 = DIRECTION('',(-1.,0.,0.));
#10524 = ADVANCED_FACE('',(#10525),#10543,.F.);
#10525 = FACE_BOUND('',#10526,.F.);
#10526 = EDGE_LOOP('',(#10527,#10535,#10536,#10537));
#10527 = ORIENTED_EDGE('',*,*,#10528,.F.);
#10528 = EDGE_CURVE('',#10476,#10529,#10531,.T.);
#10529 = VERTEX_POINT('',#10530);
#10530 = CARTESIAN_POINT('',(309.06865797781,-17.78280701732,1.5));
#10531 = LINE('',#10532,#10533);
#10532 = CARTESIAN_POINT('',(295.31866069309,-17.78280701732,1.5));
#10533 = VECTOR('',#10534,1.);
#10534 = DIRECTION('',(1.,0.,0.));
#10535 = ORIENTED_EDGE('',*,*,#10490,.T.);
#10536 = ORIENTED_EDGE('',*,*,#2765,.T.);
#10537 = ORIENTED_EDGE('',*,*,#10538,.F.);
#10538 = EDGE_CURVE('',#10529,#2758,#10539,.T.);
#10539 = LINE('',#10540,#10541);
#10540 = CARTESIAN_POINT('',(309.06865797781,-17.78280701732,1.5));
#10541 = VECTOR('',#10542,1.);
#10542 = DIRECTION('',(-0.,-0.,-1.));
#10543 = PLANE('',#10544);
#10544 = AXIS2_PLACEMENT_3D('',#10545,#10546,#10547);
#10545 = CARTESIAN_POINT('',(295.31866069309,-17.78280701732,1.5));
#10546 = DIRECTION('',(0.,-1.,0.));
#10547 = DIRECTION('',(1.,0.,0.));
#10548 = ADVANCED_FACE('',(#10549),#10560,.F.);
#10549 = FACE_BOUND('',#10550,.F.);
#10550 = EDGE_LOOP('',(#10551,#10557,#10558,#10559));
#10551 = ORIENTED_EDGE('',*,*,#10552,.F.);
#10552 = EDGE_CURVE('',#10529,#10505,#10553,.T.);
#10553 = LINE('',#10554,#10555);
#10554 = CARTESIAN_POINT('',(309.06865797781,-17.78280701732,1.5));
#10555 = VECTOR('',#10556,1.);
#10556 = DIRECTION('',(0.,1.,0.));
#10557 = ORIENTED_EDGE('',*,*,#10538,.T.);
#10558 = ORIENTED_EDGE('',*,*,#2757,.T.);
#10559 = ORIENTED_EDGE('',*,*,#10512,.F.);
#10560 = PLANE('',#10561);
#10561 = AXIS2_PLACEMENT_3D('',#10562,#10563,#10564);
#10562 = CARTESIAN_POINT('',(309.06865797781,-17.78280701732,1.5));
#10563 = DIRECTION('',(1.,0.,0.));
#10564 = DIRECTION('',(0.,1.,0.));
#10565 = ADVANCED_FACE('',(#10566),#10585,.F.);
#10566 = FACE_BOUND('',#10567,.F.);
#10567 = EDGE_LOOP('',(#10568,#10577,#10583,#10584));
#10568 = ORIENTED_EDGE('',*,*,#10569,.F.);
#10569 = EDGE_CURVE('',#10570,#10570,#10572,.T.);
#10570 = VERTEX_POINT('',#10571);
#10571 = CARTESIAN_POINT('',(316.12362646045,-6.372808842046,1.5));
#10572 = CIRCLE('',#10573,2.25);
#10573 = AXIS2_PLACEMENT_3D('',#10574,#10575,#10576);
#10574 = CARTESIAN_POINT('',(313.87362646045,-6.372808842046,1.5));
#10575 = DIRECTION('',(0.,0.,1.));
#10576 = DIRECTION('',(1.,0.,0.));
#10577 = ORIENTED_EDGE('',*,*,#10578,.T.);
#10578 = EDGE_CURVE('',#10570,#2774,#10579,.T.);
#10579 = LINE('',#10580,#10581);
#10580 = CARTESIAN_POINT('',(316.12362646045,-6.372808842046,1.5));
#10581 = VECTOR('',#10582,1.);
#10582 = DIRECTION('',(-0.,-0.,-1.));
#10583 = ORIENTED_EDGE('',*,*,#2773,.T.);
#10584 = ORIENTED_EDGE('',*,*,#10578,.F.);
#10585 = CYLINDRICAL_SURFACE('',#10586,2.25);
#10586 = AXIS2_PLACEMENT_3D('',#10587,#10588,#10589);
#10587 = CARTESIAN_POINT('',(313.87362646045,-6.372808842046,1.5));
#10588 = DIRECTION('',(0.,0.,1.));
#10589 = DIRECTION('',(1.,0.,0.));
#10590 = ADVANCED_FACE('',(#10591),#10609,.T.);
#10591 = FACE_BOUND('',#10592,.T.);
#10592 = EDGE_LOOP('',(#10593,#10594,#10602,#10608));
#10593 = ORIENTED_EDGE('',*,*,#2843,.F.);
#10594 = ORIENTED_EDGE('',*,*,#10595,.T.);
#10595 = EDGE_CURVE('',#2844,#10596,#10598,.T.);
#10596 = VERTEX_POINT('',#10597);
#10597 = CARTESIAN_POINT('',(275.76112488441,5.592189319482,-6.));
#10598 = LINE('',#10599,#10600);
#10599 = CARTESIAN_POINT('',(275.76112488441,4.092189319482,-6.));
#10600 = VECTOR('',#10601,1.);
#10601 = DIRECTION('',(0.,1.,0.));
#10602 = ORIENTED_EDGE('',*,*,#10603,.T.);
#10603 = EDGE_CURVE('',#10596,#2792,#10604,.T.);
#10604 = LINE('',#10605,#10606);
#10605 = CARTESIAN_POINT('',(275.76112488441,5.592189319482,-6.));
#10606 = VECTOR('',#10607,1.);
#10607 = DIRECTION('',(0.,0.,1.));
#10608 = ORIENTED_EDGE('',*,*,#2791,.F.);
#10609 = PLANE('',#10610);
#10610 = AXIS2_PLACEMENT_3D('',#10611,#10612,#10613);
#10611 = CARTESIAN_POINT('',(275.76112488441,4.092189319482,-6.));
#10612 = DIRECTION('',(1.,0.,0.));
#10613 = DIRECTION('',(0.,0.,1.));
#10614 = ADVANCED_FACE('',(#10615),#10631,.T.);
#10615 = FACE_BOUND('',#10616,.T.);
#10616 = EDGE_LOOP('',(#10617,#10623,#10624,#10630));
#10617 = ORIENTED_EDGE('',*,*,#10618,.F.);
#10618 = EDGE_CURVE('',#2799,#2867,#10619,.T.);
#10619 = LINE('',#10620,#10621);
#10620 = CARTESIAN_POINT('',(52.561205795529,1.342189319482,1.5));
#10621 = VECTOR('',#10622,1.);
#10622 = DIRECTION('',(-1.,-0.,-0.));
#10623 = ORIENTED_EDGE('',*,*,#2798,.F.);
#10624 = ORIENTED_EDGE('',*,*,#10625,.F.);
#10625 = EDGE_CURVE('',#2874,#2792,#10626,.T.);
#10626 = LINE('',#10627,#10628);
#10627 = CARTESIAN_POINT('',(52.561205795529,5.592189319482,-2.75));
#10628 = VECTOR('',#10629,1.);
#10629 = DIRECTION('',(1.,0.,0.));
#10630 = ORIENTED_EDGE('',*,*,#2873,.F.);
#10631 = CYLINDRICAL_SURFACE('',#10632,4.25);
#10632 = AXIS2_PLACEMENT_3D('',#10633,#10634,#10635);
#10633 = CARTESIAN_POINT('',(52.561205795529,1.342189319482,-2.75));
#10634 = DIRECTION('',(-1.,-0.,-0.));
#10635 = DIRECTION('',(0.,0.,-1.));
#10636 = ADVANCED_FACE('',(#10637),#10655,.T.);
#10637 = FACE_BOUND('',#10638,.T.);
#10638 = EDGE_LOOP('',(#10639,#10640,#10641,#10649));
#10639 = ORIENTED_EDGE('',*,*,#2834,.F.);
#10640 = ORIENTED_EDGE('',*,*,#2882,.T.);
#10641 = ORIENTED_EDGE('',*,*,#10642,.T.);
#10642 = EDGE_CURVE('',#2874,#10643,#10645,.T.);
#10643 = VERTEX_POINT('',#10644);
#10644 = CARTESIAN_POINT('',(52.561205795529,5.592189319482,-6.));
#10645 = LINE('',#10646,#10647);
#10646 = CARTESIAN_POINT('',(52.561205795529,5.592189319482,3.));
#10647 = VECTOR('',#10648,1.);
#10648 = DIRECTION('',(0.,0.,-1.));
#10649 = ORIENTED_EDGE('',*,*,#10650,.F.);
#10650 = EDGE_CURVE('',#2835,#10643,#10651,.T.);
#10651 = LINE('',#10652,#10653);
#10652 = CARTESIAN_POINT('',(52.561205795529,4.092189319482,-6.));
#10653 = VECTOR('',#10654,1.);
#10654 = DIRECTION('',(0.,1.,0.));
#10655 = PLANE('',#10656);
#10656 = AXIS2_PLACEMENT_3D('',#10657,#10658,#10659);
#10657 = CARTESIAN_POINT('',(52.561205795529,4.092189319482,3.));
#10658 = DIRECTION('',(-1.,0.,0.));
#10659 = DIRECTION('',(0.,0.,-1.));
#10660 = ADVANCED_FACE('',(#10661),#10672,.T.);
#10661 = FACE_BOUND('',#10662,.T.);
#10662 = EDGE_LOOP('',(#10663,#10664,#10670,#10671));
#10663 = ORIENTED_EDGE('',*,*,#10650,.T.);
#10664 = ORIENTED_EDGE('',*,*,#10665,.T.);
#10665 = EDGE_CURVE('',#10643,#10596,#10666,.T.);
#10666 = LINE('',#10667,#10668);
#10667 = CARTESIAN_POINT('',(52.561205795529,5.592189319482,-6.));
#10668 = VECTOR('',#10669,1.);
#10669 = DIRECTION('',(1.,0.,0.));
#10670 = ORIENTED_EDGE('',*,*,#10595,.F.);
#10671 = ORIENTED_EDGE('',*,*,#2851,.F.);
#10672 = PLANE('',#10673);
#10673 = AXIS2_PLACEMENT_3D('',#10674,#10675,#10676);
#10674 = CARTESIAN_POINT('',(52.561205795529,4.092189319482,-6.));
#10675 = DIRECTION('',(0.,0.,-1.));
#10676 = DIRECTION('',(1.,0.,0.));
#10677 = ADVANCED_FACE('',(#10678,#10707,#10713,#10727,#10733,#10739,
    #10745,#10751,#10757,#10763,#10769,#10775,#10781,#10787,#10793,
    #10799,#10805,#10811,#10817,#10823,#10829,#10835,#10841,#10847,
    #10853,#10859,#10865,#10871,#10877,#10883,#10889,#10895,#10901,
    #10907,#10913,#10927,#10933,#10939,#10945,#10951,#10957,#10963,
    #10969,#10975,#10981,#10987,#10993,#10999,#11005,#11011,#11017,
    #11023,#11029,#11035,#11041,#11047,#11053,#11059,#11065,#11071,
    #11077,#11083,#11097,#11100,#11106,#11109,#11112,#11115,#11121,
    #11124,#11127,#11133,#11136,#11142,#11145,#11148,#11154),#11157,.T.
  );
#10678 = FACE_BOUND('',#10679,.T.);
#10679 = EDGE_LOOP('',(#10680,#10681,#10682,#10683,#10684,#10685,#10686,
    #10687,#10688,#10689,#10695,#10696,#10697,#10698,#10699,#10700,
    #10701,#10702,#10703,#10704,#10705,#10706));
#10680 = ORIENTED_EDGE('',*,*,#2917,.F.);
#10681 = ORIENTED_EDGE('',*,*,#2941,.T.);
#10682 = ORIENTED_EDGE('',*,*,#2983,.T.);
#10683 = ORIENTED_EDGE('',*,*,#3007,.T.);
#10684 = ORIENTED_EDGE('',*,*,#3056,.T.);
#10685 = ORIENTED_EDGE('',*,*,#3111,.F.);
#10686 = ORIENTED_EDGE('',*,*,#3154,.T.);
#10687 = ORIENTED_EDGE('',*,*,#3202,.T.);
#10688 = ORIENTED_EDGE('',*,*,#3259,.F.);
#10689 = ORIENTED_EDGE('',*,*,#10690,.T.);
#10690 = EDGE_CURVE('',#3253,#3366,#10691,.T.);
#10691 = LINE('',#10692,#10693);
#10692 = CARTESIAN_POINT('',(80.731189086361,-130.207776168,1.5));
#10693 = VECTOR('',#10694,1.);
#10694 = DIRECTION('',(1.,0.,0.));
#10695 = ORIENTED_EDGE('',*,*,#3365,.F.);
#10696 = ORIENTED_EDGE('',*,*,#3411,.T.);
#10697 = ORIENTED_EDGE('',*,*,#3394,.T.);
#10698 = ORIENTED_EDGE('',*,*,#3332,.F.);
#10699 = ORIENTED_EDGE('',*,*,#3282,.T.);
#10700 = ORIENTED_EDGE('',*,*,#3234,.T.);
#10701 = ORIENTED_EDGE('',*,*,#3178,.F.);
#10702 = ORIENTED_EDGE('',*,*,#3136,.T.);
#10703 = ORIENTED_EDGE('',*,*,#3087,.T.);
#10704 = ORIENTED_EDGE('',*,*,#3033,.F.);
#10705 = ORIENTED_EDGE('',*,*,#10618,.T.);
#10706 = ORIENTED_EDGE('',*,*,#2967,.F.);
#10707 = FACE_BOUND('',#10708,.T.);
#10708 = EDGE_LOOP('',(#10709,#10710,#10711,#10712));
#10709 = ORIENTED_EDGE('',*,*,#3428,.F.);
#10710 = ORIENTED_EDGE('',*,*,#3509,.T.);
#10711 = ORIENTED_EDGE('',*,*,#3484,.F.);
#10712 = ORIENTED_EDGE('',*,*,#3460,.F.);
#10713 = FACE_BOUND('',#10714,.T.);
#10714 = EDGE_LOOP('',(#10715,#10716,#10717,#10718,#10719,#10720,#10721,
    #10722,#10723,#10724,#10725,#10726));
#10715 = ORIENTED_EDGE('',*,*,#3526,.T.);
#10716 = ORIENTED_EDGE('',*,*,#3581,.T.);
#10717 = ORIENTED_EDGE('',*,*,#3629,.T.);
#10718 = ORIENTED_EDGE('',*,*,#3677,.T.);
#10719 = ORIENTED_EDGE('',*,*,#3725,.T.);
#10720 = ORIENTED_EDGE('',*,*,#3773,.T.);
#10721 = ORIENTED_EDGE('',*,*,#3797,.T.);
#10722 = ORIENTED_EDGE('',*,*,#3749,.T.);
#10723 = ORIENTED_EDGE('',*,*,#3701,.T.);
#10724 = ORIENTED_EDGE('',*,*,#3653,.T.);
#10725 = ORIENTED_EDGE('',*,*,#3605,.T.);
#10726 = ORIENTED_EDGE('',*,*,#3557,.T.);
#10727 = FACE_BOUND('',#10728,.T.);
#10728 = EDGE_LOOP('',(#10729,#10730,#10731,#10732));
#10729 = ORIENTED_EDGE('',*,*,#3814,.F.);
#10730 = ORIENTED_EDGE('',*,*,#3845,.F.);
#10731 = ORIENTED_EDGE('',*,*,#3893,.F.);
#10732 = ORIENTED_EDGE('',*,*,#3869,.F.);
#10733 = FACE_BOUND('',#10734,.T.);
#10734 = EDGE_LOOP('',(#10735,#10736,#10737,#10738));
#10735 = ORIENTED_EDGE('',*,*,#3910,.F.);
#10736 = ORIENTED_EDGE('',*,*,#3941,.F.);
#10737 = ORIENTED_EDGE('',*,*,#3989,.F.);
#10738 = ORIENTED_EDGE('',*,*,#3965,.F.);
#10739 = FACE_BOUND('',#10740,.T.);
#10740 = EDGE_LOOP('',(#10741,#10742,#10743,#10744));
#10741 = ORIENTED_EDGE('',*,*,#4006,.F.);
#10742 = ORIENTED_EDGE('',*,*,#4037,.F.);
#10743 = ORIENTED_EDGE('',*,*,#4085,.F.);
#10744 = ORIENTED_EDGE('',*,*,#4061,.F.);
#10745 = FACE_BOUND('',#10746,.T.);
#10746 = EDGE_LOOP('',(#10747,#10748,#10749,#10750));
#10747 = ORIENTED_EDGE('',*,*,#4102,.F.);
#10748 = ORIENTED_EDGE('',*,*,#4133,.F.);
#10749 = ORIENTED_EDGE('',*,*,#4181,.F.);
#10750 = ORIENTED_EDGE('',*,*,#4157,.F.);
#10751 = FACE_BOUND('',#10752,.T.);
#10752 = EDGE_LOOP('',(#10753,#10754,#10755,#10756));
#10753 = ORIENTED_EDGE('',*,*,#4198,.F.);
#10754 = ORIENTED_EDGE('',*,*,#4229,.F.);
#10755 = ORIENTED_EDGE('',*,*,#4277,.F.);
#10756 = ORIENTED_EDGE('',*,*,#4253,.F.);
#10757 = FACE_BOUND('',#10758,.T.);
#10758 = EDGE_LOOP('',(#10759,#10760,#10761,#10762));
#10759 = ORIENTED_EDGE('',*,*,#4294,.F.);
#10760 = ORIENTED_EDGE('',*,*,#4325,.F.);
#10761 = ORIENTED_EDGE('',*,*,#4373,.F.);
#10762 = ORIENTED_EDGE('',*,*,#4349,.F.);
#10763 = FACE_BOUND('',#10764,.T.);
#10764 = EDGE_LOOP('',(#10765,#10766,#10767,#10768));
#10765 = ORIENTED_EDGE('',*,*,#4390,.F.);
#10766 = ORIENTED_EDGE('',*,*,#4421,.F.);
#10767 = ORIENTED_EDGE('',*,*,#4469,.F.);
#10768 = ORIENTED_EDGE('',*,*,#4445,.F.);
#10769 = FACE_BOUND('',#10770,.T.);
#10770 = EDGE_LOOP('',(#10771,#10772,#10773,#10774));
#10771 = ORIENTED_EDGE('',*,*,#4486,.F.);
#10772 = ORIENTED_EDGE('',*,*,#4517,.F.);
#10773 = ORIENTED_EDGE('',*,*,#4565,.F.);
#10774 = ORIENTED_EDGE('',*,*,#4541,.F.);
#10775 = FACE_BOUND('',#10776,.T.);
#10776 = EDGE_LOOP('',(#10777,#10778,#10779,#10780));
#10777 = ORIENTED_EDGE('',*,*,#4582,.F.);
#10778 = ORIENTED_EDGE('',*,*,#4613,.F.);
#10779 = ORIENTED_EDGE('',*,*,#4661,.F.);
#10780 = ORIENTED_EDGE('',*,*,#4637,.F.);
#10781 = FACE_BOUND('',#10782,.T.);
#10782 = EDGE_LOOP('',(#10783,#10784,#10785,#10786));
#10783 = ORIENTED_EDGE('',*,*,#4678,.F.);
#10784 = ORIENTED_EDGE('',*,*,#4709,.F.);
#10785 = ORIENTED_EDGE('',*,*,#4757,.F.);
#10786 = ORIENTED_EDGE('',*,*,#4733,.F.);
#10787 = FACE_BOUND('',#10788,.T.);
#10788 = EDGE_LOOP('',(#10789,#10790,#10791,#10792));
#10789 = ORIENTED_EDGE('',*,*,#4774,.F.);
#10790 = ORIENTED_EDGE('',*,*,#4805,.F.);
#10791 = ORIENTED_EDGE('',*,*,#4853,.F.);
#10792 = ORIENTED_EDGE('',*,*,#4829,.F.);
#10793 = FACE_BOUND('',#10794,.T.);
#10794 = EDGE_LOOP('',(#10795,#10796,#10797,#10798));
#10795 = ORIENTED_EDGE('',*,*,#4870,.F.);
#10796 = ORIENTED_EDGE('',*,*,#4901,.F.);
#10797 = ORIENTED_EDGE('',*,*,#4949,.F.);
#10798 = ORIENTED_EDGE('',*,*,#4925,.F.);
#10799 = FACE_BOUND('',#10800,.T.);
#10800 = EDGE_LOOP('',(#10801,#10802,#10803,#10804));
#10801 = ORIENTED_EDGE('',*,*,#4966,.F.);
#10802 = ORIENTED_EDGE('',*,*,#4997,.F.);
#10803 = ORIENTED_EDGE('',*,*,#5045,.F.);
#10804 = ORIENTED_EDGE('',*,*,#5021,.F.);
#10805 = FACE_BOUND('',#10806,.T.);
#10806 = EDGE_LOOP('',(#10807,#10808,#10809,#10810));
#10807 = ORIENTED_EDGE('',*,*,#5062,.F.);
#10808 = ORIENTED_EDGE('',*,*,#5093,.F.);
#10809 = ORIENTED_EDGE('',*,*,#5141,.F.);
#10810 = ORIENTED_EDGE('',*,*,#5117,.F.);
#10811 = FACE_BOUND('',#10812,.T.);
#10812 = EDGE_LOOP('',(#10813,#10814,#10815,#10816));
#10813 = ORIENTED_EDGE('',*,*,#5158,.F.);
#10814 = ORIENTED_EDGE('',*,*,#5189,.F.);
#10815 = ORIENTED_EDGE('',*,*,#5237,.F.);
#10816 = ORIENTED_EDGE('',*,*,#5213,.F.);
#10817 = FACE_BOUND('',#10818,.T.);
#10818 = EDGE_LOOP('',(#10819,#10820,#10821,#10822));
#10819 = ORIENTED_EDGE('',*,*,#5254,.F.);
#10820 = ORIENTED_EDGE('',*,*,#5285,.F.);
#10821 = ORIENTED_EDGE('',*,*,#5333,.F.);
#10822 = ORIENTED_EDGE('',*,*,#5309,.F.);
#10823 = FACE_BOUND('',#10824,.T.);
#10824 = EDGE_LOOP('',(#10825,#10826,#10827,#10828));
#10825 = ORIENTED_EDGE('',*,*,#5350,.F.);
#10826 = ORIENTED_EDGE('',*,*,#5381,.F.);
#10827 = ORIENTED_EDGE('',*,*,#5429,.F.);
#10828 = ORIENTED_EDGE('',*,*,#5405,.F.);
#10829 = FACE_BOUND('',#10830,.T.);
#10830 = EDGE_LOOP('',(#10831,#10832,#10833,#10834));
#10831 = ORIENTED_EDGE('',*,*,#5446,.F.);
#10832 = ORIENTED_EDGE('',*,*,#5477,.F.);
#10833 = ORIENTED_EDGE('',*,*,#5525,.F.);
#10834 = ORIENTED_EDGE('',*,*,#5501,.F.);
#10835 = FACE_BOUND('',#10836,.T.);
#10836 = EDGE_LOOP('',(#10837,#10838,#10839,#10840));
#10837 = ORIENTED_EDGE('',*,*,#5542,.F.);
#10838 = ORIENTED_EDGE('',*,*,#5573,.F.);
#10839 = ORIENTED_EDGE('',*,*,#5621,.F.);
#10840 = ORIENTED_EDGE('',*,*,#5597,.F.);
#10841 = FACE_BOUND('',#10842,.T.);
#10842 = EDGE_LOOP('',(#10843,#10844,#10845,#10846));
#10843 = ORIENTED_EDGE('',*,*,#5638,.F.);
#10844 = ORIENTED_EDGE('',*,*,#5669,.F.);
#10845 = ORIENTED_EDGE('',*,*,#5717,.F.);
#10846 = ORIENTED_EDGE('',*,*,#5693,.F.);
#10847 = FACE_BOUND('',#10848,.T.);
#10848 = EDGE_LOOP('',(#10849,#10850,#10851,#10852));
#10849 = ORIENTED_EDGE('',*,*,#5734,.F.);
#10850 = ORIENTED_EDGE('',*,*,#5765,.F.);
#10851 = ORIENTED_EDGE('',*,*,#5813,.F.);
#10852 = ORIENTED_EDGE('',*,*,#5789,.F.);
#10853 = FACE_BOUND('',#10854,.T.);
#10854 = EDGE_LOOP('',(#10855,#10856,#10857,#10858));
#10855 = ORIENTED_EDGE('',*,*,#5830,.F.);
#10856 = ORIENTED_EDGE('',*,*,#5861,.F.);
#10857 = ORIENTED_EDGE('',*,*,#5909,.F.);
#10858 = ORIENTED_EDGE('',*,*,#5885,.F.);
#10859 = FACE_BOUND('',#10860,.T.);
#10860 = EDGE_LOOP('',(#10861,#10862,#10863,#10864));
#10861 = ORIENTED_EDGE('',*,*,#5926,.F.);
#10862 = ORIENTED_EDGE('',*,*,#5957,.F.);
#10863 = ORIENTED_EDGE('',*,*,#6005,.F.);
#10864 = ORIENTED_EDGE('',*,*,#5981,.F.);
#10865 = FACE_BOUND('',#10866,.T.);
#10866 = EDGE_LOOP('',(#10867,#10868,#10869,#10870));
#10867 = ORIENTED_EDGE('',*,*,#6022,.F.);
#10868 = ORIENTED_EDGE('',*,*,#6053,.F.);
#10869 = ORIENTED_EDGE('',*,*,#6101,.F.);
#10870 = ORIENTED_EDGE('',*,*,#6077,.F.);
#10871 = FACE_BOUND('',#10872,.T.);
#10872 = EDGE_LOOP('',(#10873,#10874,#10875,#10876));
#10873 = ORIENTED_EDGE('',*,*,#6118,.F.);
#10874 = ORIENTED_EDGE('',*,*,#6199,.T.);
#10875 = ORIENTED_EDGE('',*,*,#6174,.F.);
#10876 = ORIENTED_EDGE('',*,*,#6150,.F.);
#10877 = FACE_BOUND('',#10878,.T.);
#10878 = EDGE_LOOP('',(#10879,#10880,#10881,#10882));
#10879 = ORIENTED_EDGE('',*,*,#6216,.F.);
#10880 = ORIENTED_EDGE('',*,*,#6247,.F.);
#10881 = ORIENTED_EDGE('',*,*,#6295,.F.);
#10882 = ORIENTED_EDGE('',*,*,#6271,.F.);
#10883 = FACE_BOUND('',#10884,.T.);
#10884 = EDGE_LOOP('',(#10885,#10886,#10887,#10888));
#10885 = ORIENTED_EDGE('',*,*,#6312,.F.);
#10886 = ORIENTED_EDGE('',*,*,#6343,.F.);
#10887 = ORIENTED_EDGE('',*,*,#6391,.F.);
#10888 = ORIENTED_EDGE('',*,*,#6367,.F.);
#10889 = FACE_BOUND('',#10890,.T.);
#10890 = EDGE_LOOP('',(#10891,#10892,#10893,#10894));
#10891 = ORIENTED_EDGE('',*,*,#6408,.F.);
#10892 = ORIENTED_EDGE('',*,*,#6439,.F.);
#10893 = ORIENTED_EDGE('',*,*,#6487,.F.);
#10894 = ORIENTED_EDGE('',*,*,#6463,.F.);
#10895 = FACE_BOUND('',#10896,.T.);
#10896 = EDGE_LOOP('',(#10897,#10898,#10899,#10900));
#10897 = ORIENTED_EDGE('',*,*,#6504,.F.);
#10898 = ORIENTED_EDGE('',*,*,#6535,.F.);
#10899 = ORIENTED_EDGE('',*,*,#6583,.F.);
#10900 = ORIENTED_EDGE('',*,*,#6559,.F.);
#10901 = FACE_BOUND('',#10902,.T.);
#10902 = EDGE_LOOP('',(#10903,#10904,#10905,#10906));
#10903 = ORIENTED_EDGE('',*,*,#6600,.F.);
#10904 = ORIENTED_EDGE('',*,*,#6631,.F.);
#10905 = ORIENTED_EDGE('',*,*,#6679,.F.);
#10906 = ORIENTED_EDGE('',*,*,#6655,.F.);
#10907 = FACE_BOUND('',#10908,.T.);
#10908 = EDGE_LOOP('',(#10909,#10910,#10911,#10912));
#10909 = ORIENTED_EDGE('',*,*,#6696,.F.);
#10910 = ORIENTED_EDGE('',*,*,#6727,.F.);
#10911 = ORIENTED_EDGE('',*,*,#6775,.F.);
#10912 = ORIENTED_EDGE('',*,*,#6751,.F.);
#10913 = FACE_BOUND('',#10914,.T.);
#10914 = EDGE_LOOP('',(#10915,#10916,#10917,#10918,#10919,#10920,#10921,
    #10922,#10923,#10924,#10925,#10926));
#10915 = ORIENTED_EDGE('',*,*,#6792,.T.);
#10916 = ORIENTED_EDGE('',*,*,#6847,.T.);
#10917 = ORIENTED_EDGE('',*,*,#6895,.T.);
#10918 = ORIENTED_EDGE('',*,*,#6943,.T.);
#10919 = ORIENTED_EDGE('',*,*,#6991,.T.);
#10920 = ORIENTED_EDGE('',*,*,#7039,.T.);
#10921 = ORIENTED_EDGE('',*,*,#7063,.T.);
#10922 = ORIENTED_EDGE('',*,*,#7015,.T.);
#10923 = ORIENTED_EDGE('',*,*,#6967,.T.);
#10924 = ORIENTED_EDGE('',*,*,#6919,.T.);
#10925 = ORIENTED_EDGE('',*,*,#6871,.T.);
#10926 = ORIENTED_EDGE('',*,*,#6823,.T.);
#10927 = FACE_BOUND('',#10928,.T.);
#10928 = EDGE_LOOP('',(#10929,#10930,#10931,#10932));
#10929 = ORIENTED_EDGE('',*,*,#7080,.F.);
#10930 = ORIENTED_EDGE('',*,*,#7111,.F.);
#10931 = ORIENTED_EDGE('',*,*,#7159,.F.);
#10932 = ORIENTED_EDGE('',*,*,#7135,.F.);
#10933 = FACE_BOUND('',#10934,.T.);
#10934 = EDGE_LOOP('',(#10935,#10936,#10937,#10938));
#10935 = ORIENTED_EDGE('',*,*,#7176,.F.);
#10936 = ORIENTED_EDGE('',*,*,#7207,.F.);
#10937 = ORIENTED_EDGE('',*,*,#7255,.F.);
#10938 = ORIENTED_EDGE('',*,*,#7231,.F.);
#10939 = FACE_BOUND('',#10940,.T.);
#10940 = EDGE_LOOP('',(#10941,#10942,#10943,#10944));
#10941 = ORIENTED_EDGE('',*,*,#7272,.F.);
#10942 = ORIENTED_EDGE('',*,*,#7303,.F.);
#10943 = ORIENTED_EDGE('',*,*,#7351,.F.);
#10944 = ORIENTED_EDGE('',*,*,#7327,.F.);
#10945 = FACE_BOUND('',#10946,.T.);
#10946 = EDGE_LOOP('',(#10947,#10948,#10949,#10950));
#10947 = ORIENTED_EDGE('',*,*,#7368,.F.);
#10948 = ORIENTED_EDGE('',*,*,#7399,.F.);
#10949 = ORIENTED_EDGE('',*,*,#7447,.F.);
#10950 = ORIENTED_EDGE('',*,*,#7423,.F.);
#10951 = FACE_BOUND('',#10952,.T.);
#10952 = EDGE_LOOP('',(#10953,#10954,#10955,#10956));
#10953 = ORIENTED_EDGE('',*,*,#7464,.F.);
#10954 = ORIENTED_EDGE('',*,*,#7495,.F.);
#10955 = ORIENTED_EDGE('',*,*,#7543,.F.);
#10956 = ORIENTED_EDGE('',*,*,#7519,.F.);
#10957 = FACE_BOUND('',#10958,.T.);
#10958 = EDGE_LOOP('',(#10959,#10960,#10961,#10962));
#10959 = ORIENTED_EDGE('',*,*,#7560,.F.);
#10960 = ORIENTED_EDGE('',*,*,#7591,.F.);
#10961 = ORIENTED_EDGE('',*,*,#7639,.F.);
#10962 = ORIENTED_EDGE('',*,*,#7615,.F.);
#10963 = FACE_BOUND('',#10964,.T.);
#10964 = EDGE_LOOP('',(#10965,#10966,#10967,#10968));
#10965 = ORIENTED_EDGE('',*,*,#7656,.F.);
#10966 = ORIENTED_EDGE('',*,*,#7687,.F.);
#10967 = ORIENTED_EDGE('',*,*,#7735,.F.);
#10968 = ORIENTED_EDGE('',*,*,#7711,.F.);
#10969 = FACE_BOUND('',#10970,.T.);
#10970 = EDGE_LOOP('',(#10971,#10972,#10973,#10974));
#10971 = ORIENTED_EDGE('',*,*,#7752,.F.);
#10972 = ORIENTED_EDGE('',*,*,#7783,.F.);
#10973 = ORIENTED_EDGE('',*,*,#7831,.F.);
#10974 = ORIENTED_EDGE('',*,*,#7807,.F.);
#10975 = FACE_BOUND('',#10976,.T.);
#10976 = EDGE_LOOP('',(#10977,#10978,#10979,#10980));
#10977 = ORIENTED_EDGE('',*,*,#7848,.F.);
#10978 = ORIENTED_EDGE('',*,*,#7879,.F.);
#10979 = ORIENTED_EDGE('',*,*,#7927,.F.);
#10980 = ORIENTED_EDGE('',*,*,#7903,.F.);
#10981 = FACE_BOUND('',#10982,.T.);
#10982 = EDGE_LOOP('',(#10983,#10984,#10985,#10986));
#10983 = ORIENTED_EDGE('',*,*,#7944,.F.);
#10984 = ORIENTED_EDGE('',*,*,#7975,.F.);
#10985 = ORIENTED_EDGE('',*,*,#8023,.F.);
#10986 = ORIENTED_EDGE('',*,*,#7999,.F.);
#10987 = FACE_BOUND('',#10988,.T.);
#10988 = EDGE_LOOP('',(#10989,#10990,#10991,#10992));
#10989 = ORIENTED_EDGE('',*,*,#8040,.F.);
#10990 = ORIENTED_EDGE('',*,*,#8071,.F.);
#10991 = ORIENTED_EDGE('',*,*,#8119,.F.);
#10992 = ORIENTED_EDGE('',*,*,#8095,.F.);
#10993 = FACE_BOUND('',#10994,.T.);
#10994 = EDGE_LOOP('',(#10995,#10996,#10997,#10998));
#10995 = ORIENTED_EDGE('',*,*,#8136,.F.);
#10996 = ORIENTED_EDGE('',*,*,#8167,.F.);
#10997 = ORIENTED_EDGE('',*,*,#8215,.F.);
#10998 = ORIENTED_EDGE('',*,*,#8191,.F.);
#10999 = FACE_BOUND('',#11000,.T.);
#11000 = EDGE_LOOP('',(#11001,#11002,#11003,#11004));
#11001 = ORIENTED_EDGE('',*,*,#8232,.F.);
#11002 = ORIENTED_EDGE('',*,*,#8263,.F.);
#11003 = ORIENTED_EDGE('',*,*,#8311,.F.);
#11004 = ORIENTED_EDGE('',*,*,#8287,.F.);
#11005 = FACE_BOUND('',#11006,.T.);
#11006 = EDGE_LOOP('',(#11007,#11008,#11009,#11010));
#11007 = ORIENTED_EDGE('',*,*,#8328,.F.);
#11008 = ORIENTED_EDGE('',*,*,#8359,.F.);
#11009 = ORIENTED_EDGE('',*,*,#8407,.F.);
#11010 = ORIENTED_EDGE('',*,*,#8383,.F.);
#11011 = FACE_BOUND('',#11012,.T.);
#11012 = EDGE_LOOP('',(#11013,#11014,#11015,#11016));
#11013 = ORIENTED_EDGE('',*,*,#8424,.F.);
#11014 = ORIENTED_EDGE('',*,*,#8455,.F.);
#11015 = ORIENTED_EDGE('',*,*,#8503,.F.);
#11016 = ORIENTED_EDGE('',*,*,#8479,.F.);
#11017 = FACE_BOUND('',#11018,.T.);
#11018 = EDGE_LOOP('',(#11019,#11020,#11021,#11022));
#11019 = ORIENTED_EDGE('',*,*,#8520,.F.);
#11020 = ORIENTED_EDGE('',*,*,#8551,.F.);
#11021 = ORIENTED_EDGE('',*,*,#8599,.F.);
#11022 = ORIENTED_EDGE('',*,*,#8575,.F.);
#11023 = FACE_BOUND('',#11024,.T.);
#11024 = EDGE_LOOP('',(#11025,#11026,#11027,#11028));
#11025 = ORIENTED_EDGE('',*,*,#8616,.F.);
#11026 = ORIENTED_EDGE('',*,*,#8647,.F.);
#11027 = ORIENTED_EDGE('',*,*,#8695,.F.);
#11028 = ORIENTED_EDGE('',*,*,#8671,.F.);
#11029 = FACE_BOUND('',#11030,.T.);
#11030 = EDGE_LOOP('',(#11031,#11032,#11033,#11034));
#11031 = ORIENTED_EDGE('',*,*,#8712,.F.);
#11032 = ORIENTED_EDGE('',*,*,#8743,.F.);
#11033 = ORIENTED_EDGE('',*,*,#8791,.F.);
#11034 = ORIENTED_EDGE('',*,*,#8767,.F.);
#11035 = FACE_BOUND('',#11036,.T.);
#11036 = EDGE_LOOP('',(#11037,#11038,#11039,#11040));
#11037 = ORIENTED_EDGE('',*,*,#8808,.F.);
#11038 = ORIENTED_EDGE('',*,*,#8839,.F.);
#11039 = ORIENTED_EDGE('',*,*,#8887,.F.);
#11040 = ORIENTED_EDGE('',*,*,#8863,.F.);
#11041 = FACE_BOUND('',#11042,.T.);
#11042 = EDGE_LOOP('',(#11043,#11044,#11045,#11046));
#11043 = ORIENTED_EDGE('',*,*,#8904,.F.);
#11044 = ORIENTED_EDGE('',*,*,#8935,.F.);
#11045 = ORIENTED_EDGE('',*,*,#8983,.F.);
#11046 = ORIENTED_EDGE('',*,*,#8959,.F.);
#11047 = FACE_BOUND('',#11048,.T.);
#11048 = EDGE_LOOP('',(#11049,#11050,#11051,#11052));
#11049 = ORIENTED_EDGE('',*,*,#9000,.F.);
#11050 = ORIENTED_EDGE('',*,*,#9031,.F.);
#11051 = ORIENTED_EDGE('',*,*,#9079,.F.);
#11052 = ORIENTED_EDGE('',*,*,#9055,.F.);
#11053 = FACE_BOUND('',#11054,.T.);
#11054 = EDGE_LOOP('',(#11055,#11056,#11057,#11058));
#11055 = ORIENTED_EDGE('',*,*,#9096,.F.);
#11056 = ORIENTED_EDGE('',*,*,#9127,.F.);
#11057 = ORIENTED_EDGE('',*,*,#9175,.F.);
#11058 = ORIENTED_EDGE('',*,*,#9151,.F.);
#11059 = FACE_BOUND('',#11060,.T.);
#11060 = EDGE_LOOP('',(#11061,#11062,#11063,#11064));
#11061 = ORIENTED_EDGE('',*,*,#9192,.F.);
#11062 = ORIENTED_EDGE('',*,*,#9223,.F.);
#11063 = ORIENTED_EDGE('',*,*,#9271,.F.);
#11064 = ORIENTED_EDGE('',*,*,#9247,.F.);
#11065 = FACE_BOUND('',#11066,.T.);
#11066 = EDGE_LOOP('',(#11067,#11068,#11069,#11070));
#11067 = ORIENTED_EDGE('',*,*,#9288,.F.);
#11068 = ORIENTED_EDGE('',*,*,#9319,.F.);
#11069 = ORIENTED_EDGE('',*,*,#9367,.F.);
#11070 = ORIENTED_EDGE('',*,*,#9343,.F.);
#11071 = FACE_BOUND('',#11072,.T.);
#11072 = EDGE_LOOP('',(#11073,#11074,#11075,#11076));
#11073 = ORIENTED_EDGE('',*,*,#9384,.F.);
#11074 = ORIENTED_EDGE('',*,*,#9415,.F.);
#11075 = ORIENTED_EDGE('',*,*,#9463,.F.);
#11076 = ORIENTED_EDGE('',*,*,#9439,.F.);
#11077 = FACE_BOUND('',#11078,.T.);
#11078 = EDGE_LOOP('',(#11079,#11080,#11081,#11082));
#11079 = ORIENTED_EDGE('',*,*,#9480,.F.);
#11080 = ORIENTED_EDGE('',*,*,#9511,.F.);
#11081 = ORIENTED_EDGE('',*,*,#9559,.F.);
#11082 = ORIENTED_EDGE('',*,*,#9535,.F.);
#11083 = FACE_BOUND('',#11084,.T.);
#11084 = EDGE_LOOP('',(#11085,#11086,#11087,#11088,#11089,#11090,#11091,
    #11092,#11093,#11094,#11095,#11096));
#11085 = ORIENTED_EDGE('',*,*,#9576,.T.);
#11086 = ORIENTED_EDGE('',*,*,#9631,.T.);
#11087 = ORIENTED_EDGE('',*,*,#9679,.T.);
#11088 = ORIENTED_EDGE('',*,*,#9727,.T.);
#11089 = ORIENTED_EDGE('',*,*,#9775,.T.);
#11090 = ORIENTED_EDGE('',*,*,#9823,.T.);
#11091 = ORIENTED_EDGE('',*,*,#9847,.T.);
#11092 = ORIENTED_EDGE('',*,*,#9799,.T.);
#11093 = ORIENTED_EDGE('',*,*,#9751,.T.);
#11094 = ORIENTED_EDGE('',*,*,#9703,.T.);
#11095 = ORIENTED_EDGE('',*,*,#9655,.T.);
#11096 = ORIENTED_EDGE('',*,*,#9607,.T.);
#11097 = FACE_BOUND('',#11098,.T.);
#11098 = EDGE_LOOP('',(#11099));
#11099 = ORIENTED_EDGE('',*,*,#9864,.F.);
#11100 = FACE_BOUND('',#11101,.T.);
#11101 = EDGE_LOOP('',(#11102,#11103,#11104,#11105));
#11102 = ORIENTED_EDGE('',*,*,#9889,.F.);
#11103 = ORIENTED_EDGE('',*,*,#9920,.F.);
#11104 = ORIENTED_EDGE('',*,*,#9968,.F.);
#11105 = ORIENTED_EDGE('',*,*,#9944,.F.);
#11106 = FACE_BOUND('',#11107,.T.);
#11107 = EDGE_LOOP('',(#11108));
#11108 = ORIENTED_EDGE('',*,*,#9985,.F.);
#11109 = FACE_BOUND('',#11110,.T.);
#11110 = EDGE_LOOP('',(#11111));
#11111 = ORIENTED_EDGE('',*,*,#10010,.F.);
#11112 = FACE_BOUND('',#11113,.T.);
#11113 = EDGE_LOOP('',(#11114));
#11114 = ORIENTED_EDGE('',*,*,#10035,.F.);
#11115 = FACE_BOUND('',#11116,.T.);
#11116 = EDGE_LOOP('',(#11117,#11118,#11119,#11120));
#11117 = ORIENTED_EDGE('',*,*,#10060,.F.);
#11118 = ORIENTED_EDGE('',*,*,#10091,.F.);
#11119 = ORIENTED_EDGE('',*,*,#10139,.F.);
#11120 = ORIENTED_EDGE('',*,*,#10115,.F.);
#11121 = FACE_BOUND('',#11122,.T.);
#11122 = EDGE_LOOP('',(#11123));
#11123 = ORIENTED_EDGE('',*,*,#10156,.F.);
#11124 = FACE_BOUND('',#11125,.T.);
#11125 = EDGE_LOOP('',(#11126));
#11126 = ORIENTED_EDGE('',*,*,#10181,.F.);
#11127 = FACE_BOUND('',#11128,.T.);
#11128 = EDGE_LOOP('',(#11129,#11130,#11131,#11132));
#11129 = ORIENTED_EDGE('',*,*,#10206,.F.);
#11130 = ORIENTED_EDGE('',*,*,#10237,.F.);
#11131 = ORIENTED_EDGE('',*,*,#10285,.F.);
#11132 = ORIENTED_EDGE('',*,*,#10261,.F.);
#11133 = FACE_BOUND('',#11134,.T.);
#11134 = EDGE_LOOP('',(#11135));
#11135 = ORIENTED_EDGE('',*,*,#10302,.F.);
#11136 = FACE_BOUND('',#11137,.T.);
#11137 = EDGE_LOOP('',(#11138,#11139,#11140,#11141));
#11138 = ORIENTED_EDGE('',*,*,#10327,.F.);
#11139 = ORIENTED_EDGE('',*,*,#10358,.F.);
#11140 = ORIENTED_EDGE('',*,*,#10406,.F.);
#11141 = ORIENTED_EDGE('',*,*,#10382,.F.);
#11142 = FACE_BOUND('',#11143,.T.);
#11143 = EDGE_LOOP('',(#11144));
#11144 = ORIENTED_EDGE('',*,*,#10423,.F.);
#11145 = FACE_BOUND('',#11146,.T.);
#11146 = EDGE_LOOP('',(#11147));
#11147 = ORIENTED_EDGE('',*,*,#10448,.F.);
#11148 = FACE_BOUND('',#11149,.T.);
#11149 = EDGE_LOOP('',(#11150,#11151,#11152,#11153));
#11150 = ORIENTED_EDGE('',*,*,#10473,.F.);
#11151 = ORIENTED_EDGE('',*,*,#10504,.F.);
#11152 = ORIENTED_EDGE('',*,*,#10552,.F.);
#11153 = ORIENTED_EDGE('',*,*,#10528,.F.);
#11154 = FACE_BOUND('',#11155,.T.);
#11155 = EDGE_LOOP('',(#11156));
#11156 = ORIENTED_EDGE('',*,*,#10569,.F.);
#11157 = PLANE('',#11158);
#11158 = AXIS2_PLACEMENT_3D('',#11159,#11160,#11161);
#11159 = CARTESIAN_POINT('',(164.17374863276,-59.76933357532,1.5));
#11160 = DIRECTION('',(0.,0.,1.));
#11161 = DIRECTION('',(1.,0.,0.));
#11162 = ADVANCED_FACE('',(#11163),#11181,.T.);
#11163 = FACE_BOUND('',#11164,.T.);
#11164 = EDGE_LOOP('',(#11165,#11166,#11173,#11180));
#11165 = ORIENTED_EDGE('',*,*,#3298,.F.);
#11166 = ORIENTED_EDGE('',*,*,#11167,.T.);
#11167 = EDGE_CURVE('',#3299,#11168,#11170,.T.);
#11168 = VERTEX_POINT('',#11169);
#11169 = CARTESIAN_POINT('',(80.731189086361,-134.457776168,-2.75));
#11170 = B_SPLINE_CURVE_WITH_KNOTS('',1,(#11171,#11172),.UNSPECIFIED.,
  .F.,.F.,(2,2),(0.,1.),.PIECEWISE_BEZIER_KNOTS.);
#11171 = CARTESIAN_POINT('',(80.731189086361,-132.957776168,-2.75));
#11172 = CARTESIAN_POINT('',(80.731189086361,-134.457776168,-2.75));
#11173 = ORIENTED_EDGE('',*,*,#11174,.T.);
#11174 = EDGE_CURVE('',#11168,#3253,#11175,.T.);
#11175 = CIRCLE('',#11176,4.25);
#11176 = AXIS2_PLACEMENT_3D('',#11177,#11178,#11179);
#11177 = CARTESIAN_POINT('',(80.731189086361,-130.207776168,-2.75));
#11178 = DIRECTION('',(-1.,-0.,0.));
#11179 = DIRECTION('',(0.,-1.,-2.2E-16));
#11180 = ORIENTED_EDGE('',*,*,#3252,.F.);
#11181 = B_SPLINE_SURFACE_WITH_KNOTS('',8,1,(
    (#11182,#11183)
    ,(#11184,#11185)
    ,(#11186,#11187)
    ,(#11188,#11189)
    ,(#11190,#11191)
    ,(#11192,#11193)
    ,(#11194,#11195)
    ,(#11196,#11197)
    ,(#11198,#11199
    )),.UNSPECIFIED.,.F.,.F.,.F.,(9,9),(2,2),(4.712388980385,
    6.28318530718),(0.,1.),.PIECEWISE_BEZIER_KNOTS.);
#11182 = CARTESIAN_POINT('',(80.731189086361,-130.207776168,3.44E-15));
#11183 = CARTESIAN_POINT('',(80.731189086361,-130.207776168,1.5));
#11184 = CARTESIAN_POINT('',(80.731189086362,-130.7477374053,-9.66E-15)
  );
#11185 = CARTESIAN_POINT('',(80.731189086362,-131.0422617166,1.5));
#11186 = CARTESIAN_POINT('',(80.731189086358,-131.2876988126,
    -0.121167169643));
#11187 = CARTESIAN_POINT('',(80.731189086358,-131.8767475279,
    1.312741646915));
#11188 = CARTESIAN_POINT('',(80.731189086367,-131.7959375624,
    -0.363500318854));
#11189 = CARTESIAN_POINT('',(80.731189086367,-132.6622074139,
    0.938226779954));
#11190 = CARTESIAN_POINT('',(80.731189086356,-132.2407377463,
    -0.717038421605));
#11191 = CARTESIAN_POINT('',(80.731189086356,-133.34962588,
    0.391849712064));
#11192 = CARTESIAN_POINT('',(80.731189086365,-132.5942758491,
    -1.161838605579));
#11193 = CARTESIAN_POINT('',(80.731189086365,-133.8960029479,
    -0.295568754076));
#11194 = CARTESIAN_POINT('',(80.73118908636,-132.8366089983,
    -1.670077355363));
#11195 = CARTESIAN_POINT('',(80.73118908636,-134.2705178149,
    -1.081028640107));
#11196 = CARTESIAN_POINT('',(80.731189086362,-132.957776168,
    -2.210038762664));
#11197 = CARTESIAN_POINT('',(80.731189086362,-134.457776168,
    -1.91551445139));
#11198 = CARTESIAN_POINT('',(80.731189086361,-132.957776168,-2.75));
#11199 = CARTESIAN_POINT('',(80.731189086361,-134.457776168,-2.75));
#11200 = ADVANCED_FACE('',(#11201),#11226,.F.);
#11201 = FACE_BOUND('',#11202,.F.);
#11202 = EDGE_LOOP('',(#11203,#11204,#11212,#11220));
#11203 = ORIENTED_EDGE('',*,*,#3307,.T.);
#11204 = ORIENTED_EDGE('',*,*,#11205,.F.);
#11205 = EDGE_CURVE('',#11206,#3299,#11208,.T.);
#11206 = VERTEX_POINT('',#11207);
#11207 = CARTESIAN_POINT('',(80.731189086361,-132.957776168,-6.));
#11208 = LINE('',#11209,#11210);
#11209 = CARTESIAN_POINT('',(80.731189086361,-132.957776168,-6.));
#11210 = VECTOR('',#11211,1.);
#11211 = DIRECTION('',(0.,0.,1.));
#11212 = ORIENTED_EDGE('',*,*,#11213,.F.);
#11213 = EDGE_CURVE('',#11214,#11206,#11216,.T.);
#11214 = VERTEX_POINT('',#11215);
#11215 = CARTESIAN_POINT('',(248.30114549941,-132.957776168,-6.));
#11216 = LINE('',#11217,#11218);
#11217 = CARTESIAN_POINT('',(248.30114549941,-132.957776168,-6.));
#11218 = VECTOR('',#11219,1.);
#11219 = DIRECTION('',(-1.,0.,0.));
#11220 = ORIENTED_EDGE('',*,*,#11221,.F.);
#11221 = EDGE_CURVE('',#3308,#11214,#11222,.T.);
#11222 = LINE('',#11223,#11224);
#11223 = CARTESIAN_POINT('',(248.30114549941,-132.957776168,3.));
#11224 = VECTOR('',#11225,1.);
#11225 = DIRECTION('',(0.,0.,-1.));
#11226 = PLANE('',#11227);
#11227 = AXIS2_PLACEMENT_3D('',#11228,#11229,#11230);
#11228 = CARTESIAN_POINT('',(164.17374863276,-132.957776168,
    73.188442592697));
#11229 = DIRECTION('',(0.,-1.,0.));
#11230 = DIRECTION('',(1.,0.,0.));
#11231 = ADVANCED_FACE('',(#11232),#11250,.T.);
#11232 = FACE_BOUND('',#11233,.T.);
#11233 = EDGE_LOOP('',(#11234,#11235,#11236,#11245));
#11234 = ORIENTED_EDGE('',*,*,#3315,.F.);
#11235 = ORIENTED_EDGE('',*,*,#3373,.T.);
#11236 = ORIENTED_EDGE('',*,*,#11237,.T.);
#11237 = EDGE_CURVE('',#3366,#11238,#11240,.T.);
#11238 = VERTEX_POINT('',#11239);
#11239 = CARTESIAN_POINT('',(248.30114549941,-134.457776168,-2.75));
#11240 = CIRCLE('',#11241,4.25);
#11241 = AXIS2_PLACEMENT_3D('',#11242,#11243,#11244);
#11242 = CARTESIAN_POINT('',(248.30114549941,-130.207776168,-2.75));
#11243 = DIRECTION('',(1.,0.,-0.));
#11244 = DIRECTION('',(0.,0.,1.));
#11245 = ORIENTED_EDGE('',*,*,#11246,.F.);
#11246 = EDGE_CURVE('',#3308,#11238,#11247,.T.);
#11247 = B_SPLINE_CURVE_WITH_KNOTS('',1,(#11248,#11249),.UNSPECIFIED.,
  .F.,.F.,(2,2),(0.,1.),.PIECEWISE_BEZIER_KNOTS.);
#11248 = CARTESIAN_POINT('',(248.30114549941,-132.957776168,-2.75));
#11249 = CARTESIAN_POINT('',(248.30114549941,-134.457776168,-2.75));
#11250 = B_SPLINE_SURFACE_WITH_KNOTS('',8,1,(
    (#11251,#11252)
    ,(#11253,#11254)
    ,(#11255,#11256)
    ,(#11257,#11258)
    ,(#11259,#11260)
    ,(#11261,#11262)
    ,(#11263,#11264)
    ,(#11265,#11266)
    ,(#11267,#11268
    )),.UNSPECIFIED.,.F.,.F.,.F.,(9,9),(2,2),(4.712388980385,
    6.28318530718),(0.,1.),.PIECEWISE_BEZIER_KNOTS.);
#11251 = CARTESIAN_POINT('',(248.30114549941,-132.957776168,-2.75));
#11252 = CARTESIAN_POINT('',(248.30114549941,-134.457776168,-2.75));
#11253 = CARTESIAN_POINT('',(248.30114549942,-132.957776168,
    -2.210038762664));
#11254 = CARTESIAN_POINT('',(248.30114549942,-134.457776168,
    -1.91551445139));
#11255 = CARTESIAN_POINT('',(248.3011454994,-132.8366089983,
    -1.670077355363));
#11256 = CARTESIAN_POINT('',(248.3011454994,-134.2705178149,
    -1.081028640107));
#11257 = CARTESIAN_POINT('',(248.30114549943,-132.5942758491,
    -1.161838605579));
#11258 = CARTESIAN_POINT('',(248.30114549943,-133.8960029479,
    -0.295568754076));
#11259 = CARTESIAN_POINT('',(248.30114549939,-132.2407377464,
    -0.717038421605));
#11260 = CARTESIAN_POINT('',(248.30114549939,-133.34962588,
    0.391849712065));
#11261 = CARTESIAN_POINT('',(248.30114549943,-131.7959375624,
    -0.363500318854));
#11262 = CARTESIAN_POINT('',(248.30114549943,-132.6622074139,
    0.938226779954));
#11263 = CARTESIAN_POINT('',(248.30114549941,-131.2876988126,
    -0.121167169643));
#11264 = CARTESIAN_POINT('',(248.30114549941,-131.8767475279,
    1.312741646915));
#11265 = CARTESIAN_POINT('',(248.30114549941,-130.7477374053,-7.09E-15)
  );
#11266 = CARTESIAN_POINT('',(248.30114549941,-131.0422617166,1.5));
#11267 = CARTESIAN_POINT('',(248.30114549941,-130.207776168,4.33E-15));
#11268 = CARTESIAN_POINT('',(248.30114549941,-130.207776168,1.5));
#11269 = ADVANCED_FACE('',(#11270),#11276,.T.);
#11270 = FACE_BOUND('',#11271,.T.);
#11271 = EDGE_LOOP('',(#11272,#11273,#11274,#11275));
#11272 = ORIENTED_EDGE('',*,*,#10642,.F.);
#11273 = ORIENTED_EDGE('',*,*,#10625,.T.);
#11274 = ORIENTED_EDGE('',*,*,#10603,.F.);
#11275 = ORIENTED_EDGE('',*,*,#10665,.F.);
#11276 = PLANE('',#11277);
#11277 = AXIS2_PLACEMENT_3D('',#11278,#11279,#11280);
#11278 = CARTESIAN_POINT('',(164.17374863276,5.592189319482,
    63.861522894803));
#11279 = DIRECTION('',(0.,1.,0.));
#11280 = DIRECTION('',(1.,0.,0.));
#11281 = ADVANCED_FACE('',(#11282),#11293,.T.);
#11282 = FACE_BOUND('',#11283,.T.);
#11283 = EDGE_LOOP('',(#11284,#11285,#11291,#11292));
#11284 = ORIENTED_EDGE('',*,*,#11174,.F.);
#11285 = ORIENTED_EDGE('',*,*,#11286,.F.);
#11286 = EDGE_CURVE('',#11238,#11168,#11287,.T.);
#11287 = LINE('',#11288,#11289);
#11288 = CARTESIAN_POINT('',(80.731189086361,-134.457776168,-2.75));
#11289 = VECTOR('',#11290,1.);
#11290 = DIRECTION('',(-1.,-0.,-0.));
#11291 = ORIENTED_EDGE('',*,*,#11237,.F.);
#11292 = ORIENTED_EDGE('',*,*,#10690,.F.);
#11293 = CYLINDRICAL_SURFACE('',#11294,4.25);
#11294 = AXIS2_PLACEMENT_3D('',#11295,#11296,#11297);
#11295 = CARTESIAN_POINT('',(80.731189086361,-130.207776168,-2.75));
#11296 = DIRECTION('',(1.,0.,0.));
#11297 = DIRECTION('',(0.,0.,1.));
#11298 = ADVANCED_FACE('',(#11299),#11317,.T.);
#11299 = FACE_BOUND('',#11300,.T.);
#11300 = EDGE_LOOP('',(#11301,#11302,#11310,#11316));
#11301 = ORIENTED_EDGE('',*,*,#11205,.F.);
#11302 = ORIENTED_EDGE('',*,*,#11303,.T.);
#11303 = EDGE_CURVE('',#11206,#11304,#11306,.T.);
#11304 = VERTEX_POINT('',#11305);
#11305 = CARTESIAN_POINT('',(80.731189086361,-134.457776168,-6.));
#11306 = LINE('',#11307,#11308);
#11307 = CARTESIAN_POINT('',(80.731189086361,-132.957776168,-6.));
#11308 = VECTOR('',#11309,1.);
#11309 = DIRECTION('',(0.,-1.,0.));
#11310 = ORIENTED_EDGE('',*,*,#11311,.T.);
#11311 = EDGE_CURVE('',#11304,#11168,#11312,.T.);
#11312 = LINE('',#11313,#11314);
#11313 = CARTESIAN_POINT('',(80.731189086361,-134.457776168,-6.));
#11314 = VECTOR('',#11315,1.);
#11315 = DIRECTION('',(0.,0.,1.));
#11316 = ORIENTED_EDGE('',*,*,#11167,.F.);
#11317 = PLANE('',#11318);
#11318 = AXIS2_PLACEMENT_3D('',#11319,#11320,#11321);
#11319 = CARTESIAN_POINT('',(80.731189086361,-132.957776168,-6.));
#11320 = DIRECTION('',(-1.,0.,0.));
#11321 = DIRECTION('',(0.,0.,1.));
#11322 = ADVANCED_FACE('',(#11323),#11341,.T.);
#11323 = FACE_BOUND('',#11324,.T.);
#11324 = EDGE_LOOP('',(#11325,#11326,#11327,#11335));
#11325 = ORIENTED_EDGE('',*,*,#11221,.F.);
#11326 = ORIENTED_EDGE('',*,*,#11246,.T.);
#11327 = ORIENTED_EDGE('',*,*,#11328,.T.);
#11328 = EDGE_CURVE('',#11238,#11329,#11331,.T.);
#11329 = VERTEX_POINT('',#11330);
#11330 = CARTESIAN_POINT('',(248.30114549941,-134.457776168,-6.));
#11331 = LINE('',#11332,#11333);
#11332 = CARTESIAN_POINT('',(248.30114549941,-134.457776168,3.));
#11333 = VECTOR('',#11334,1.);
#11334 = DIRECTION('',(0.,0.,-1.));
#11335 = ORIENTED_EDGE('',*,*,#11336,.F.);
#11336 = EDGE_CURVE('',#11214,#11329,#11337,.T.);
#11337 = LINE('',#11338,#11339);
#11338 = CARTESIAN_POINT('',(248.30114549941,-132.957776168,-6.));
#11339 = VECTOR('',#11340,1.);
#11340 = DIRECTION('',(0.,-1.,0.));
#11341 = PLANE('',#11342);
#11342 = AXIS2_PLACEMENT_3D('',#11343,#11344,#11345);
#11343 = CARTESIAN_POINT('',(248.30114549941,-132.957776168,3.));
#11344 = DIRECTION('',(1.,0.,0.));
#11345 = DIRECTION('',(0.,0.,-1.));
#11346 = ADVANCED_FACE('',(#11347),#11358,.T.);
#11347 = FACE_BOUND('',#11348,.T.);
#11348 = EDGE_LOOP('',(#11349,#11350,#11356,#11357));
#11349 = ORIENTED_EDGE('',*,*,#11336,.T.);
#11350 = ORIENTED_EDGE('',*,*,#11351,.T.);
#11351 = EDGE_CURVE('',#11329,#11304,#11352,.T.);
#11352 = LINE('',#11353,#11354);
#11353 = CARTESIAN_POINT('',(248.30114549941,-134.457776168,-6.));
#11354 = VECTOR('',#11355,1.);
#11355 = DIRECTION('',(-1.,0.,0.));
#11356 = ORIENTED_EDGE('',*,*,#11303,.F.);
#11357 = ORIENTED_EDGE('',*,*,#11213,.F.);
#11358 = PLANE('',#11359);
#11359 = AXIS2_PLACEMENT_3D('',#11360,#11361,#11362);
#11360 = CARTESIAN_POINT('',(248.30114549941,-132.957776168,-6.));
#11361 = DIRECTION('',(0.,0.,-1.));
#11362 = DIRECTION('',(-1.,0.,0.));
#11363 = ADVANCED_FACE('',(#11364),#11370,.T.);
#11364 = FACE_BOUND('',#11365,.T.);
#11365 = EDGE_LOOP('',(#11366,#11367,#11368,#11369));
#11366 = ORIENTED_EDGE('',*,*,#11286,.T.);
#11367 = ORIENTED_EDGE('',*,*,#11311,.F.);
#11368 = ORIENTED_EDGE('',*,*,#11351,.F.);
#11369 = ORIENTED_EDGE('',*,*,#11328,.F.);
#11370 = PLANE('',#11371);
#11371 = AXIS2_PLACEMENT_3D('',#11372,#11373,#11374);
#11372 = CARTESIAN_POINT('',(164.17374863276,-134.457776168,
    73.188442592697));
#11373 = DIRECTION('',(0.,-1.,0.));
#11374 = DIRECTION('',(1.,0.,0.));
#11375 = ( GEOMETRIC_REPRESENTATION_CONTEXT(3) 
GLOBAL_UNCERTAINTY_ASSIGNED_CONTEXT((#11379)) 
GLOBAL_UNIT_ASSIGNED_CONTEXT((#11376,#11377,#11378)) 
REPRESENTATION_CONTEXT('Context #1',
  '3D Context with UNIT and UNCERTAINTY') );
#11376 = ( LENGTH_UNIT() NAMED_UNIT(*) SI_UNIT(.MILLI.,.METRE.) );
#11377 = ( NAMED_UNIT(*) PLANE_ANGLE_UNIT() SI_UNIT($,.RADIAN.) );
#11378 = ( NAMED_UNIT(*) SI_UNIT($,.STERADIAN.) SOLID_ANGLE_UNIT() );
#11379 = UNCERTAINTY_MEASURE_WITH_UNIT(LENGTH_MEASURE(2.E-04),#11376,
  'distance_accuracy_value','confusion accuracy');
#11380 = PRODUCT_RELATED_PRODUCT_CATEGORY('part',$,(#7));
#11381 = MECHANICAL_DESIGN_GEOMETRIC_PRESENTATION_REPRESENTATION('',(
    #11382),#11375);
#11382 = STYLED_ITEM('color',(#11383),#15);
#11383 = PRESENTATION_STYLE_ASSIGNMENT((#11384,#11390));
#11384 = SURFACE_STYLE_USAGE(.BOTH.,#11385);
#11385 = SURFACE_SIDE_STYLE('',(#11386));
#11386 = SURFACE_STYLE_FILL_AREA(#11387);
#11387 = FILL_AREA_STYLE('',(#11388));
#11388 = FILL_AREA_STYLE_COLOUR('',#11389);
#11389 = COLOUR_RGB('',0.678431390124,0.709803936702,0.741176476869);
#11390 = CURVE_STYLE('',#11391,POSITIVE_LENGTH_MEASURE(0.1),#11392);
#11391 = DRAUGHTING_PRE_DEFINED_CURVE_FONT('continuous');
#11392 = COLOUR_RGB('',9.803921802644E-02,9.803921802644E-02,
  9.803921802644E-02);
ENDSEC;
END-ISO-10303-21;
