ISO-10303-21;
HEADER;
FILE_DESCRIPTION(('FreeCAD Model'),'2;1');
FILE_NAME('Open CASCADE Shape Model','2026-07-09T16:06:35',(''),(''),
  'Open CASCADE STEP processor 7.8','FreeCAD','Unknown');
FILE_SCHEMA(('AUTOMOTIVE_DESIGN { 1 0 10303 214 1 1 1 1 }'));
ENDSEC;
DATA;
#1 = APPLICATION_PROTOCOL_DEFINITION('international standard',
  'automotive_design',2000,#2);
#2 = APPLICATION_CONTEXT(
  'core data for automotive mechanical design processes');
#3 = SHAPE_DEFINITION_REPRESENTATION(#4,#10);
#4 = PRODUCT_DEFINITION_SHAPE('','',#5);
#5 = PRODUCT_DEFINITION('design','',#6,#9);
#6 = PRODUCT_DEFINITION_FORMATION('','',#7);
#7 = PRODUCT('LowPolyCaps','LowPolyCaps','',(#8));
#8 = PRODUCT_CONTEXT('',#2,'mechanical');
#9 = PRODUCT_DEFINITION_CONTEXT('part definition',#2,'design');
#10 = SHAPE_REPRESENTATION('',(#11,#15,#19,#23,#27,#31,#35,#39,#43,#47,
    #51,#55,#59,#63,#67),#71);
#11 = AXIS2_PLACEMENT_3D('',#12,#13,#14);
#12 = CARTESIAN_POINT('',(0.,0.,0.));
#13 = DIRECTION('',(0.,0.,1.));
#14 = DIRECTION('',(1.,0.,-0.));
#15 = AXIS2_PLACEMENT_3D('',#16,#17,#18);
#16 = CARTESIAN_POINT('',(0.,0.,0.));
#17 = DIRECTION('',(0.,0.,1.));
#18 = DIRECTION('',(1.,0.,0.));
#19 = AXIS2_PLACEMENT_3D('',#20,#21,#22);
#20 = CARTESIAN_POINT('',(42.8625,19.05,0.));
#21 = DIRECTION('',(0.,0.,1.));
#22 = DIRECTION('',(1.,0.,0.));
#23 = AXIS2_PLACEMENT_3D('',#24,#25,#26);
#24 = CARTESIAN_POINT('',(71.4375,0.,0.));
#25 = DIRECTION('',(0.,0.,1.));
#26 = DIRECTION('',(1.,0.,0.));
#27 = AXIS2_PLACEMENT_3D('',#28,#29,#30);
#28 = CARTESIAN_POINT('',(190.5,0.,0.));
#29 = DIRECTION('',(0.,0.,1.));
#30 = DIRECTION('',(1.,0.,0.));
#31 = AXIS2_PLACEMENT_3D('',#32,#33,#34);
#32 = CARTESIAN_POINT('',(0.,19.05,0.));
#33 = DIRECTION('',(0.,0.,1.));
#34 = DIRECTION('',(1.,0.,0.));
#35 = AXIS2_PLACEMENT_3D('',#36,#37,#38);
#36 = CARTESIAN_POINT('',(233.3625,19.05,0.));
#37 = DIRECTION('',(0.,0.,1.));
#38 = DIRECTION('',(1.,0.,0.));
#39 = AXIS2_PLACEMENT_3D('',#40,#41,#42);
#40 = CARTESIAN_POINT('',(33.3375,38.1,0.));
#41 = DIRECTION('',(0.,0.,1.));
#42 = DIRECTION('',(1.,0.,0.));
#43 = AXIS2_PLACEMENT_3D('',#44,#45,#46);
#44 = CARTESIAN_POINT('',(0.,38.1,0.));
#45 = DIRECTION('',(0.,0.,1.));
#46 = DIRECTION('',(1.,0.,0.));
#47 = AXIS2_PLACEMENT_3D('',#48,#49,#50);
#48 = CARTESIAN_POINT('',(242.8875,38.1,0.));
#49 = DIRECTION('',(0.,0.,1.));
#50 = DIRECTION('',(1.,0.,0.));
#51 = AXIS2_PLACEMENT_3D('',#52,#53,#54);
#52 = CARTESIAN_POINT('',(28.575,57.15,0.));
#53 = DIRECTION('',(0.,0.,1.));
#54 = DIRECTION('',(1.,0.,0.));
#55 = AXIS2_PLACEMENT_3D('',#56,#57,#58);
#56 = CARTESIAN_POINT('',(0.,57.15,0.));
#57 = DIRECTION('',(0.,0.,1.));
#58 = DIRECTION('',(1.,0.,0.));
#59 = AXIS2_PLACEMENT_3D('',#60,#61,#62);
#60 = CARTESIAN_POINT('',(257.175,57.15,0.));
#61 = DIRECTION('',(0.,0.,1.));
#62 = DIRECTION('',(1.,0.,0.));
#63 = AXIS2_PLACEMENT_3D('',#64,#65,#66);
#64 = CARTESIAN_POINT('',(0.,76.2,0.));
#65 = DIRECTION('',(0.,0.,1.));
#66 = DIRECTION('',(1.,0.,0.));
#67 = AXIS2_PLACEMENT_3D('',#68,#69,#70);
#68 = CARTESIAN_POINT('',(247.65,76.2,0.));
#69 = DIRECTION('',(0.,0.,1.));
#70 = DIRECTION('',(1.,0.,0.));
#71 = ( GEOMETRIC_REPRESENTATION_CONTEXT(3) 
GLOBAL_UNCERTAINTY_ASSIGNED_CONTEXT((#75)) GLOBAL_UNIT_ASSIGNED_CONTEXT(
(#72,#73,#74)) REPRESENTATION_CONTEXT('Context #1',
  '3D Context with UNIT and UNCERTAINTY') );
#72 = ( LENGTH_UNIT() NAMED_UNIT(*) SI_UNIT(.MILLI.,.METRE.) );
#73 = ( NAMED_UNIT(*) PLANE_ANGLE_UNIT() SI_UNIT($,.RADIAN.) );
#74 = ( NAMED_UNIT(*) SI_UNIT($,.STERADIAN.) SOLID_ANGLE_UNIT() );
#75 = UNCERTAINTY_MEASURE_WITH_UNIT(LENGTH_MEASURE(5.E-05),#72,
  'distance_accuracy_value','confusion accuracy');
#76 = PRODUCT_RELATED_PRODUCT_CATEGORY('part',$,(#7));
#77 = SHAPE_DEFINITION_REPRESENTATION(#78,#84);
#78 = PRODUCT_DEFINITION_SHAPE('','',#79);
#79 = PRODUCT_DEFINITION('design','',#80,#83);
#80 = PRODUCT_DEFINITION_FORMATION('','',#81);
#81 = PRODUCT('OEM002','OEM002','',(#82));
#82 = PRODUCT_CONTEXT('',#2,'mechanical');
#83 = PRODUCT_DEFINITION_CONTEXT('part definition',#2,'design');
#84 = SHAPE_REPRESENTATION('',(#11,#85,#296,#507),#718);
#85 = MANIFOLD_SOLID_BREP('',#86);
#86 = CLOSED_SHELL('',(#87,#128,#182,#243,#267,#284));
#87 = ADVANCED_FACE('',(#88),#123,.F.);
#88 = FACE_BOUND('',#89,.F.);
#89 = EDGE_LOOP('',(#90,#100,#108,#116));
#90 = ORIENTED_EDGE('',*,*,#91,.F.);
#91 = EDGE_CURVE('',#92,#94,#96,.T.);
#92 = VERTEX_POINT('',#93);
#93 = CARTESIAN_POINT('',(0.,0.,0.));
#94 = VERTEX_POINT('',#95);
#95 = CARTESIAN_POINT('',(2.65,-0.75,8.065203035262));
#96 = LINE('',#97,#98);
#97 = CARTESIAN_POINT('',(0.,0.,0.));
#98 = VECTOR('',#99,1.);
#99 = DIRECTION('',(0.310942708743,-8.800265341778E-02,0.946345689942));
#100 = ORIENTED_EDGE('',*,*,#101,.T.);
#101 = EDGE_CURVE('',#92,#102,#104,.T.);
#102 = VERTEX_POINT('',#103);
#103 = CARTESIAN_POINT('',(22.9125,0.,0.));
#104 = LINE('',#105,#106);
#105 = CARTESIAN_POINT('',(0.,0.,0.));
#106 = VECTOR('',#107,1.);
#107 = DIRECTION('',(1.,0.,0.));
#108 = ORIENTED_EDGE('',*,*,#109,.T.);
#109 = EDGE_CURVE('',#102,#110,#112,.T.);
#110 = VERTEX_POINT('',#111);
#111 = CARTESIAN_POINT('',(20.2625,-0.75,8.065203035262));
#112 = LINE('',#113,#114);
#113 = CARTESIAN_POINT('',(22.9125,0.,0.));
#114 = VECTOR('',#115,1.);
#115 = DIRECTION('',(-0.310942708743,-8.800265341778E-02,0.946345689942)
  );
#116 = ORIENTED_EDGE('',*,*,#117,.T.);
#117 = EDGE_CURVE('',#110,#94,#118,.T.);
#118 = CIRCLE('',#119,48.868774414062);
#119 = AXIS2_PLACEMENT_3D('',#120,#121,#122);
#120 = CARTESIAN_POINT('',(11.45625,-5.200812445747,55.927477764351));
#121 = DIRECTION('',(0.,0.995704078427,9.259259259259E-02));
#122 = DIRECTION('',(-1.,0.,0.));
#123 = PLANE('',#124);
#124 = AXIS2_PLACEMENT_3D('',#125,#126,#127);
#125 = CARTESIAN_POINT('',(0.,0.,0.));
#126 = DIRECTION('',(0.,-0.995704078427,-9.259259259259E-02));
#127 = DIRECTION('',(0.,-9.259259259259E-02,0.995704078427));
#128 = ADVANCED_FACE('',(#129),#177,.T.);
#129 = FACE_BOUND('',#130,.T.);
#130 = EDGE_LOOP('',(#131,#139,#147,#176));
#131 = ORIENTED_EDGE('',*,*,#132,.F.);
#132 = EDGE_CURVE('',#133,#92,#135,.T.);
#133 = VERTEX_POINT('',#134);
#134 = CARTESIAN_POINT('',(0.,-18.15,0.));
#135 = LINE('',#136,#137);
#136 = CARTESIAN_POINT('',(0.,-18.15,0.));
#137 = VECTOR('',#138,1.);
#138 = DIRECTION('',(0.,1.,0.));
#139 = ORIENTED_EDGE('',*,*,#140,.T.);
#140 = EDGE_CURVE('',#133,#141,#143,.T.);
#141 = VERTEX_POINT('',#142);
#142 = CARTESIAN_POINT('',(2.65,-14.70068645842,10.970516673881));
#143 = LINE('',#144,#145);
#144 = CARTESIAN_POINT('',(0.,-18.15,0.));
#145 = VECTOR('',#146,1.);
#146 = DIRECTION('',(0.224550066607,0.292280598305,0.929596320691));
#147 = ORIENTED_EDGE('',*,*,#148,.F.);
#148 = EDGE_CURVE('',#94,#141,#149,.T.);
#149 = B_SPLINE_CURVE_WITH_KNOTS('',4,(#150,#151,#152,#153,#154,#155,
    #156,#157,#158,#159,#160,#161,#162,#163,#164,#165,#166,#167,#168,
    #169,#170,#171,#172,#173,#174,#175),.UNSPECIFIED.,.F.,.F.,(5,3,3,3,3
    ,3,3,3,5),(0.,0.127074186688,0.252400872005,0.377500230008,
    0.501601724074,0.626584842664,0.749795839263,0.873008985497,1.),
  .UNSPECIFIED.);
#150 = CARTESIAN_POINT('',(2.65,-0.749999999998,8.065203035262));
#151 = CARTESIAN_POINT('',(2.652179996329,-1.193032511887,8.157077236788
    ));
#152 = CARTESIAN_POINT('',(2.654117312776,-1.636087466541,8.248999655943
    ));
#153 = CARTESIAN_POINT('',(2.655826126822,-2.07916234652,8.340967166659)
  );
#154 = CARTESIAN_POINT('',(2.65879086982,-2.959254668435,8.523721758643)
  );
#155 = CARTESIAN_POINT('',(2.660052711991,-3.396271614625,8.614507677854
    ));
#156 = CARTESIAN_POINT('',(2.661116113173,-3.833304111712,8.705332324751
    ));
#157 = CARTESIAN_POINT('',(2.66286508258,-4.706604449023,8.886889909449)
  );
#158 = CARTESIAN_POINT('',(2.663551339663,-5.142872234233,8.977622712482
    ));
#159 = CARTESIAN_POINT('',(2.664060427741,-5.579152511657,9.068389765869
    ));
#160 = CARTESIAN_POINT('',(2.66473950432,-6.448255555727,9.249264388141)
  );
#161 = CARTESIAN_POINT('',(2.664912171117,-6.881078139753,9.339371440525
    ));
#162 = CARTESIAN_POINT('',(2.664928094016,-7.313910675543,9.429508553036
    ));
#163 = CARTESIAN_POINT('',(2.664660898125,-8.182668717762,9.610480308845
    ));
#164 = CARTESIAN_POINT('',(2.664375659169,-8.618594350397,9.701315356936
    ));
#165 = CARTESIAN_POINT('',(2.663947114762,-9.054528174283,9.792177704346
    ));
#166 = CARTESIAN_POINT('',(2.662825249606,-9.92022951053,9.972665535142)
  );
#167 = CARTESIAN_POINT('',(2.662135773394,-10.349996812,10.062290287653)
  );
#168 = CARTESIAN_POINT('',(2.661320372587,-10.77977059426,10.15193889814
    ));
#169 = CARTESIAN_POINT('',(2.659449403021,-11.63933743201,
    10.331283091145));
#170 = CARTESIAN_POINT('',(2.658393833537,-12.06913048636,
    10.420978673501));
#171 = CARTESIAN_POINT('',(2.65722403783,-12.49892883303,10.51069580481)
  );
#172 = CARTESIAN_POINT('',(2.654627140414,-13.37171344667,
    10.692922617199));
#173 = CARTESIAN_POINT('',(2.6531932524,-13.81470001198,10.785433576319)
  );
#174 = CARTESIAN_POINT('',(2.651649200935,-14.25769115824,
    10.877965249842));
#175 = CARTESIAN_POINT('',(2.65,-14.70068645842,10.970516673882));
#176 = ORIENTED_EDGE('',*,*,#91,.F.);
#177 = B_SPLINE_SURFACE_WITH_KNOTS('',1,1,(
    (#178,#179)
    ,(#180,#181
    )),.UNSPECIFIED.,.F.,.F.,.F.,(2,2),(2,2),(0.,13.85379043626),(0.,1.)
  ,.PIECEWISE_BEZIER_KNOTS.);
#178 = CARTESIAN_POINT('',(0.,-18.15,0.));
#179 = CARTESIAN_POINT('',(0.,0.,0.));
#180 = CARTESIAN_POINT('',(3.110869565217,-14.10080584249,
    12.878432617165));
#181 = CARTESIAN_POINT('',(3.304320987654,-0.935185185185,
    10.056611192117));
#182 = ADVANCED_FACE('',(#183),#235,.F.);
#183 = FACE_BOUND('',#184,.F.);
#184 = EDGE_LOOP('',(#185,#186,#217,#234));
#185 = ORIENTED_EDGE('',*,*,#117,.F.);
#186 = ORIENTED_EDGE('',*,*,#187,.T.);
#187 = EDGE_CURVE('',#110,#188,#190,.T.);
#188 = VERTEX_POINT('',#189);
#189 = CARTESIAN_POINT('',(20.2625,-14.70068645842,10.970516673881));
#190 = B_SPLINE_CURVE_WITH_KNOTS('',4,(#191,#192,#193,#194,#195,#196,
    #197,#198,#199,#200,#201,#202,#203,#204,#205,#206,#207,#208,#209,
    #210,#211,#212,#213,#214,#215,#216),.UNSPECIFIED.,.F.,.F.,(5,3,3,3,3
    ,3,3,3,5),(0.,0.127074186688,0.252400872005,0.377500230008,
    0.501601724074,0.626584842664,0.749795839263,0.873008985497,1.),
  .UNSPECIFIED.);
#191 = CARTESIAN_POINT('',(20.2625,-0.749999999998,8.065203035262));
#192 = CARTESIAN_POINT('',(20.260320003671,-1.193032511887,
    8.157077236788));
#193 = CARTESIAN_POINT('',(20.258382687224,-1.636087466541,
    8.248999655943));
#194 = CARTESIAN_POINT('',(20.256673873178,-2.07916234652,8.340967166659
    ));
#195 = CARTESIAN_POINT('',(20.25370913018,-2.959254668435,8.523721758643
    ));
#196 = CARTESIAN_POINT('',(20.252447288009,-3.396271614625,
    8.614507677854));
#197 = CARTESIAN_POINT('',(20.251383886827,-3.833304111712,
    8.705332324751));
#198 = CARTESIAN_POINT('',(20.24963491742,-4.706604449023,8.886889909448
    ));
#199 = CARTESIAN_POINT('',(20.248948660337,-5.142872234233,
    8.977622712482));
#200 = CARTESIAN_POINT('',(20.248439572259,-5.579152511657,
    9.068389765869));
#201 = CARTESIAN_POINT('',(20.24776049568,-6.448255555727,9.249264388141
    ));
#202 = CARTESIAN_POINT('',(20.247587828883,-6.881078139753,
    9.339371440525));
#203 = CARTESIAN_POINT('',(20.247571905984,-7.313910675543,
    9.429508553036));
#204 = CARTESIAN_POINT('',(20.247839101875,-8.182668717762,
    9.610480308845));
#205 = CARTESIAN_POINT('',(20.248124340831,-8.618594350397,
    9.701315356936));
#206 = CARTESIAN_POINT('',(20.248552885238,-9.054528174283,
    9.792177704346));
#207 = CARTESIAN_POINT('',(20.249674750394,-9.92022951053,9.972665535142
    ));
#208 = CARTESIAN_POINT('',(20.250364226606,-10.349996812,10.062290287653
    ));
#209 = CARTESIAN_POINT('',(20.251179627413,-10.77977059426,
    10.15193889814));
#210 = CARTESIAN_POINT('',(20.253050596979,-11.63933743201,
    10.331283091145));
#211 = CARTESIAN_POINT('',(20.254106166463,-12.06913048636,
    10.420978673501));
#212 = CARTESIAN_POINT('',(20.25527596217,-12.49892883303,10.51069580481
    ));
#213 = CARTESIAN_POINT('',(20.257872859586,-13.37171344667,
    10.692922617199));
#214 = CARTESIAN_POINT('',(20.2593067476,-13.81470001198,10.785433576319
    ));
#215 = CARTESIAN_POINT('',(20.260850799065,-14.25769115824,
    10.877965249842));
#216 = CARTESIAN_POINT('',(20.2625,-14.70068645842,10.970516673881));
#217 = ORIENTED_EDGE('',*,*,#218,.F.);
#218 = EDGE_CURVE('',#141,#188,#219,.T.);
#219 = B_SPLINE_CURVE_WITH_KNOTS('',4,(#220,#221,#222,#223,#224,#225,
    #226,#227,#228,#229,#230,#231,#232,#233),.UNSPECIFIED.,.F.,.F.,(5,3,
    3,3,5),(0.,0.251369150038,0.501349841093,0.750954063453,1.),
  .UNSPECIFIED.);
#220 = CARTESIAN_POINT('',(2.65,-14.70068645842,10.970516673881));
#221 = CARTESIAN_POINT('',(3.7437969217,-14.75842455437,10.786881078933)
  );
#222 = CARTESIAN_POINT('',(4.844108654769,-14.80662368134,
    10.633584105572));
#223 = CARTESIAN_POINT('',(5.949329755526,-14.84518130144,
    10.510951874806));
#224 = CARTESIAN_POINT('',(8.160178613801,-14.90275044627,
    10.327853627697));
#225 = CARTESIAN_POINT('',(9.265771674438,-14.92186882018,
    10.267047778272));
#226 = CARTESIAN_POINT('',(10.372977093784,-14.93134983461,
    10.236893480715));
#227 = CARTESIAN_POINT('',(12.585684068219,-14.93103783952,
    10.237885778846));
#228 = CARTESIAN_POINT('',(13.691186963173,-14.92127383473,
    10.268940125194));
#229 = CARTESIAN_POINT('',(14.795049753565,-14.90190202919,
    10.33055201206));
#230 = CARTESIAN_POINT('',(16.993813135914,-14.84410975521,
    10.514359919817));
#231 = CARTESIAN_POINT('',(18.088729491141,-14.80573192965,
    10.636420315364));
#232 = CARTESIAN_POINT('',(19.17881220918,-14.75789092518,
    10.788578282707));
#233 = CARTESIAN_POINT('',(20.2625,-14.70068645842,10.970516673881));
#234 = ORIENTED_EDGE('',*,*,#148,.F.);
#235 = SURFACE_OF_LINEAR_EXTRUSION('',#236,#241);
#236 = CIRCLE('',#237,48.868774414062);
#237 = AXIS2_PLACEMENT_3D('',#238,#239,#240);
#238 = CARTESIAN_POINT('',(11.45625,-5.200812445747,55.927477764351));
#239 = DIRECTION('',(0.,0.995704078427,9.259259259259E-02));
#240 = DIRECTION('',(-1.,0.,0.));
#241 = VECTOR('',#242,1.);
#242 = DIRECTION('',(0.,0.978995540942,-0.20388165885));
#243 = ADVANCED_FACE('',(#244),#262,.F.);
#244 = FACE_BOUND('',#245,.F.);
#245 = EDGE_LOOP('',(#246,#254,#260,#261));
#246 = ORIENTED_EDGE('',*,*,#247,.F.);
#247 = EDGE_CURVE('',#248,#102,#250,.T.);
#248 = VERTEX_POINT('',#249);
#249 = CARTESIAN_POINT('',(22.9125,-18.15,0.));
#250 = LINE('',#251,#252);
#251 = CARTESIAN_POINT('',(22.9125,-18.15,0.));
#252 = VECTOR('',#253,1.);
#253 = DIRECTION('',(0.,1.,0.));
#254 = ORIENTED_EDGE('',*,*,#255,.T.);
#255 = EDGE_CURVE('',#248,#188,#256,.T.);
#256 = LINE('',#257,#258);
#257 = CARTESIAN_POINT('',(22.9125,-18.15,0.));
#258 = VECTOR('',#259,1.);
#259 = DIRECTION('',(-0.224550066607,0.292280598305,0.929596320691));
#260 = ORIENTED_EDGE('',*,*,#187,.F.);
#261 = ORIENTED_EDGE('',*,*,#109,.F.);
#262 = B_SPLINE_SURFACE_WITH_KNOTS('',1,1,(
    (#263,#264)
    ,(#265,#266
    )),.UNSPECIFIED.,.F.,.F.,.F.,(2,2),(2,2),(0.,13.85379043626),(0.,1.)
  ,.PIECEWISE_BEZIER_KNOTS.);
#263 = CARTESIAN_POINT('',(22.9125,-18.15,0.));
#264 = CARTESIAN_POINT('',(22.9125,0.,0.));
#265 = CARTESIAN_POINT('',(19.801630434783,-14.10080584249,
    12.878432617165));
#266 = CARTESIAN_POINT('',(19.608179012346,-0.935185185185,
    10.056611192117));
#267 = ADVANCED_FACE('',(#268),#279,.F.);
#268 = FACE_BOUND('',#269,.F.);
#269 = EDGE_LOOP('',(#270,#276,#277,#278));
#270 = ORIENTED_EDGE('',*,*,#271,.T.);
#271 = EDGE_CURVE('',#133,#248,#272,.T.);
#272 = LINE('',#273,#274);
#273 = CARTESIAN_POINT('',(0.,-18.15,0.));
#274 = VECTOR('',#275,1.);
#275 = DIRECTION('',(1.,0.,0.));
#276 = ORIENTED_EDGE('',*,*,#247,.T.);
#277 = ORIENTED_EDGE('',*,*,#101,.F.);
#278 = ORIENTED_EDGE('',*,*,#132,.F.);
#279 = PLANE('',#280);
#280 = AXIS2_PLACEMENT_3D('',#281,#282,#283);
#281 = CARTESIAN_POINT('',(0.,-18.15,0.));
#282 = DIRECTION('',(0.,0.,1.));
#283 = DIRECTION('',(0.,1.,0.));
#284 = ADVANCED_FACE('',(#285),#291,.F.);
#285 = FACE_BOUND('',#286,.F.);
#286 = EDGE_LOOP('',(#287,#288,#289,#290));
#287 = ORIENTED_EDGE('',*,*,#271,.F.);
#288 = ORIENTED_EDGE('',*,*,#140,.T.);
#289 = ORIENTED_EDGE('',*,*,#218,.T.);
#290 = ORIENTED_EDGE('',*,*,#255,.F.);
#291 = PLANE('',#292);
#292 = AXIS2_PLACEMENT_3D('',#293,#294,#295);
#293 = CARTESIAN_POINT('',(0.,-14.70068645842,10.970516673881));
#294 = DIRECTION('',(0.,0.953957971642,-0.299940307963));
#295 = DIRECTION('',(0.,-0.299940307963,-0.953957971642));
#296 = MANIFOLD_SOLID_BREP('',#297);
#297 = CLOSED_SHELL('',(#298,#339,#393,#454,#478,#495));
#298 = ADVANCED_FACE('',(#299),#334,.F.);
#299 = FACE_BOUND('',#300,.F.);
#300 = EDGE_LOOP('',(#301,#311,#319,#327));
#301 = ORIENTED_EDGE('',*,*,#302,.F.);
#302 = EDGE_CURVE('',#303,#305,#307,.T.);
#303 = VERTEX_POINT('',#304);
#304 = CARTESIAN_POINT('',(23.8125,0.,0.));
#305 = VERTEX_POINT('',#306);
#306 = CARTESIAN_POINT('',(26.4625,-0.75,8.065203035262));
#307 = LINE('',#308,#309);
#308 = CARTESIAN_POINT('',(23.8125,0.,0.));
#309 = VECTOR('',#310,1.);
#310 = DIRECTION('',(0.310942708743,-8.800265341778E-02,0.946345689942)
  );
#311 = ORIENTED_EDGE('',*,*,#312,.T.);
#312 = EDGE_CURVE('',#303,#313,#315,.T.);
#313 = VERTEX_POINT('',#314);
#314 = CARTESIAN_POINT('',(46.725,0.,0.));
#315 = LINE('',#316,#317);
#316 = CARTESIAN_POINT('',(23.8125,0.,0.));
#317 = VECTOR('',#318,1.);
#318 = DIRECTION('',(1.,0.,0.));
#319 = ORIENTED_EDGE('',*,*,#320,.T.);
#320 = EDGE_CURVE('',#313,#321,#323,.T.);
#321 = VERTEX_POINT('',#322);
#322 = CARTESIAN_POINT('',(44.075,-0.75,8.065203035262));
#323 = LINE('',#324,#325);
#324 = CARTESIAN_POINT('',(46.725,0.,0.));
#325 = VECTOR('',#326,1.);
#326 = DIRECTION('',(-0.310942708743,-8.800265341778E-02,0.946345689942)
  );
#327 = ORIENTED_EDGE('',*,*,#328,.T.);
#328 = EDGE_CURVE('',#321,#305,#329,.T.);
#329 = CIRCLE('',#330,48.868774414062);
#330 = AXIS2_PLACEMENT_3D('',#331,#332,#333);
#331 = CARTESIAN_POINT('',(35.26875,-5.200812445747,55.927477764351));
#332 = DIRECTION('',(0.,0.995704078427,9.259259259259E-02));
#333 = DIRECTION('',(-1.,0.,0.));
#334 = PLANE('',#335);
#335 = AXIS2_PLACEMENT_3D('',#336,#337,#338);
#336 = CARTESIAN_POINT('',(23.8125,0.,0.));
#337 = DIRECTION('',(0.,-0.995704078427,-9.259259259259E-02));
#338 = DIRECTION('',(0.,-9.259259259259E-02,0.995704078427));
#339 = ADVANCED_FACE('',(#340),#388,.T.);
#340 = FACE_BOUND('',#341,.T.);
#341 = EDGE_LOOP('',(#342,#350,#358,#387));
#342 = ORIENTED_EDGE('',*,*,#343,.F.);
#343 = EDGE_CURVE('',#344,#303,#346,.T.);
#344 = VERTEX_POINT('',#345);
#345 = CARTESIAN_POINT('',(23.8125,-18.15,0.));
#346 = LINE('',#347,#348);
#347 = CARTESIAN_POINT('',(23.8125,-18.15,0.));
#348 = VECTOR('',#349,1.);
#349 = DIRECTION('',(0.,1.,0.));
#350 = ORIENTED_EDGE('',*,*,#351,.T.);
#351 = EDGE_CURVE('',#344,#352,#354,.T.);
#352 = VERTEX_POINT('',#353);
#353 = CARTESIAN_POINT('',(26.4625,-14.70068645842,10.970516673881));
#354 = LINE('',#355,#356);
#355 = CARTESIAN_POINT('',(23.8125,-18.15,0.));
#356 = VECTOR('',#357,1.);
#357 = DIRECTION('',(0.224550066607,0.292280598305,0.929596320691));
#358 = ORIENTED_EDGE('',*,*,#359,.F.);
#359 = EDGE_CURVE('',#305,#352,#360,.T.);
#360 = B_SPLINE_CURVE_WITH_KNOTS('',4,(#361,#362,#363,#364,#365,#366,
    #367,#368,#369,#370,#371,#372,#373,#374,#375,#376,#377,#378,#379,
    #380,#381,#382,#383,#384,#385,#386),.UNSPECIFIED.,.F.,.F.,(5,3,3,3,3
    ,3,3,3,5),(0.,0.127074186688,0.252400872005,0.377500230008,
    0.501601724074,0.626584842664,0.749795839263,0.873008985497,1.),
  .UNSPECIFIED.);
#361 = CARTESIAN_POINT('',(26.4625,-0.749999999998,8.065203035262));
#362 = CARTESIAN_POINT('',(26.464679996329,-1.193032511887,
    8.157077236788));
#363 = CARTESIAN_POINT('',(26.466617312776,-1.636087466541,
    8.248999655943));
#364 = CARTESIAN_POINT('',(26.468326126822,-2.07916234652,8.340967166659
    ));
#365 = CARTESIAN_POINT('',(26.47129086982,-2.959254668435,8.523721758643
    ));
#366 = CARTESIAN_POINT('',(26.472552711991,-3.396271614625,
    8.614507677854));
#367 = CARTESIAN_POINT('',(26.473616113173,-3.833304111712,
    8.705332324751));
#368 = CARTESIAN_POINT('',(26.47536508258,-4.706604449023,8.886889909449
    ));
#369 = CARTESIAN_POINT('',(26.476051339663,-5.142872234233,
    8.977622712482));
#370 = CARTESIAN_POINT('',(26.476560427741,-5.579152511657,
    9.068389765869));
#371 = CARTESIAN_POINT('',(26.47723950432,-6.448255555727,9.249264388141
    ));
#372 = CARTESIAN_POINT('',(26.477412171117,-6.881078139753,
    9.339371440525));
#373 = CARTESIAN_POINT('',(26.477428094016,-7.313910675543,
    9.429508553036));
#374 = CARTESIAN_POINT('',(26.477160898125,-8.182668717762,
    9.610480308845));
#375 = CARTESIAN_POINT('',(26.476875659169,-8.618594350397,
    9.701315356936));
#376 = CARTESIAN_POINT('',(26.476447114762,-9.054528174283,
    9.792177704346));
#377 = CARTESIAN_POINT('',(26.475325249606,-9.92022951053,9.972665535142
    ));
#378 = CARTESIAN_POINT('',(26.474635773394,-10.349996812,10.062290287653
    ));
#379 = CARTESIAN_POINT('',(26.473820372587,-10.77977059426,
    10.15193889814));
#380 = CARTESIAN_POINT('',(26.471949403021,-11.63933743201,
    10.331283091145));
#381 = CARTESIAN_POINT('',(26.470893833537,-12.06913048636,
    10.420978673501));
#382 = CARTESIAN_POINT('',(26.46972403783,-12.49892883303,10.51069580481
    ));
#383 = CARTESIAN_POINT('',(26.467127140414,-13.37171344667,
    10.692922617199));
#384 = CARTESIAN_POINT('',(26.4656932524,-13.81470001198,10.785433576319
    ));
#385 = CARTESIAN_POINT('',(26.464149200935,-14.25769115824,
    10.877965249842));
#386 = CARTESIAN_POINT('',(26.4625,-14.70068645842,10.970516673882));
#387 = ORIENTED_EDGE('',*,*,#302,.F.);
#388 = B_SPLINE_SURFACE_WITH_KNOTS('',1,1,(
    (#389,#390)
    ,(#391,#392
    )),.UNSPECIFIED.,.F.,.F.,.F.,(2,2),(2,2),(0.,13.85379043626),(0.,1.)
  ,.PIECEWISE_BEZIER_KNOTS.);
#389 = CARTESIAN_POINT('',(23.8125,-18.15,0.));
#390 = CARTESIAN_POINT('',(23.8125,0.,0.));
#391 = CARTESIAN_POINT('',(26.923369565217,-14.10080584249,
    12.878432617165));
#392 = CARTESIAN_POINT('',(27.116820987654,-0.935185185185,
    10.056611192117));
#393 = ADVANCED_FACE('',(#394),#446,.F.);
#394 = FACE_BOUND('',#395,.F.);
#395 = EDGE_LOOP('',(#396,#397,#428,#445));
#396 = ORIENTED_EDGE('',*,*,#328,.F.);
#397 = ORIENTED_EDGE('',*,*,#398,.T.);
#398 = EDGE_CURVE('',#321,#399,#401,.T.);
#399 = VERTEX_POINT('',#400);
#400 = CARTESIAN_POINT('',(44.075,-14.70068645842,10.970516673881));
#401 = B_SPLINE_CURVE_WITH_KNOTS('',4,(#402,#403,#404,#405,#406,#407,
    #408,#409,#410,#411,#412,#413,#414,#415,#416,#417,#418,#419,#420,
    #421,#422,#423,#424,#425,#426,#427),.UNSPECIFIED.,.F.,.F.,(5,3,3,3,3
    ,3,3,3,5),(0.,0.127074186688,0.252400872005,0.377500230008,
    0.501601724074,0.626584842664,0.749795839263,0.873008985497,1.),
  .UNSPECIFIED.);
#402 = CARTESIAN_POINT('',(44.075,-0.749999999998,8.065203035262));
#403 = CARTESIAN_POINT('',(44.072820003671,-1.193032511887,
    8.157077236788));
#404 = CARTESIAN_POINT('',(44.070882687224,-1.636087466541,
    8.248999655943));
#405 = CARTESIAN_POINT('',(44.069173873178,-2.07916234652,8.340967166659
    ));
#406 = CARTESIAN_POINT('',(44.06620913018,-2.959254668435,8.523721758643
    ));
#407 = CARTESIAN_POINT('',(44.064947288009,-3.396271614625,
    8.614507677854));
#408 = CARTESIAN_POINT('',(44.063883886827,-3.833304111712,
    8.705332324751));
#409 = CARTESIAN_POINT('',(44.06213491742,-4.706604449023,8.886889909448
    ));
#410 = CARTESIAN_POINT('',(44.061448660337,-5.142872234233,
    8.977622712482));
#411 = CARTESIAN_POINT('',(44.060939572259,-5.579152511657,
    9.068389765869));
#412 = CARTESIAN_POINT('',(44.06026049568,-6.448255555727,9.249264388141
    ));
#413 = CARTESIAN_POINT('',(44.060087828883,-6.881078139753,
    9.339371440525));
#414 = CARTESIAN_POINT('',(44.060071905984,-7.313910675543,
    9.429508553036));
#415 = CARTESIAN_POINT('',(44.060339101875,-8.182668717762,
    9.610480308845));
#416 = CARTESIAN_POINT('',(44.060624340831,-8.618594350397,
    9.701315356936));
#417 = CARTESIAN_POINT('',(44.061052885238,-9.054528174283,
    9.792177704346));
#418 = CARTESIAN_POINT('',(44.062174750394,-9.92022951053,9.972665535142
    ));
#419 = CARTESIAN_POINT('',(44.062864226606,-10.349996812,10.062290287653
    ));
#420 = CARTESIAN_POINT('',(44.063679627413,-10.77977059426,
    10.15193889814));
#421 = CARTESIAN_POINT('',(44.065550596979,-11.63933743201,
    10.331283091145));
#422 = CARTESIAN_POINT('',(44.066606166463,-12.06913048636,
    10.420978673501));
#423 = CARTESIAN_POINT('',(44.06777596217,-12.49892883303,10.51069580481
    ));
#424 = CARTESIAN_POINT('',(44.070372859586,-13.37171344667,
    10.692922617199));
#425 = CARTESIAN_POINT('',(44.0718067476,-13.81470001198,10.785433576319
    ));
#426 = CARTESIAN_POINT('',(44.073350799065,-14.25769115824,
    10.877965249842));
#427 = CARTESIAN_POINT('',(44.075,-14.70068645842,10.970516673881));
#428 = ORIENTED_EDGE('',*,*,#429,.F.);
#429 = EDGE_CURVE('',#352,#399,#430,.T.);
#430 = B_SPLINE_CURVE_WITH_KNOTS('',4,(#431,#432,#433,#434,#435,#436,
    #437,#438,#439,#440,#441,#442,#443,#444),.UNSPECIFIED.,.F.,.F.,(5,3,
    3,3,5),(0.,0.251369150038,0.501349841093,0.750954063453,1.),
  .UNSPECIFIED.);
#431 = CARTESIAN_POINT('',(26.4625,-14.70068645842,10.970516673881));
#432 = CARTESIAN_POINT('',(27.5562969217,-14.75842455437,10.786881078933
    ));
#433 = CARTESIAN_POINT('',(28.656608654769,-14.80662368134,
    10.633584105572));
#434 = CARTESIAN_POINT('',(29.761829755526,-14.84518130144,
    10.510951874806));
#435 = CARTESIAN_POINT('',(31.972678613801,-14.90275044627,
    10.327853627697));
#436 = CARTESIAN_POINT('',(33.078271674438,-14.92186882018,
    10.267047778272));
#437 = CARTESIAN_POINT('',(34.185477093784,-14.93134983461,
    10.236893480715));
#438 = CARTESIAN_POINT('',(36.398184068219,-14.93103783952,
    10.237885778846));
#439 = CARTESIAN_POINT('',(37.503686963173,-14.92127383473,
    10.268940125194));
#440 = CARTESIAN_POINT('',(38.607549753565,-14.90190202919,
    10.33055201206));
#441 = CARTESIAN_POINT('',(40.806313135914,-14.84410975521,
    10.514359919817));
#442 = CARTESIAN_POINT('',(41.901229491141,-14.80573192965,
    10.636420315364));
#443 = CARTESIAN_POINT('',(42.99131220918,-14.75789092518,
    10.788578282707));
#444 = CARTESIAN_POINT('',(44.075,-14.70068645842,10.970516673881));
#445 = ORIENTED_EDGE('',*,*,#359,.F.);
#446 = SURFACE_OF_LINEAR_EXTRUSION('',#447,#452);
#447 = CIRCLE('',#448,48.868774414062);
#448 = AXIS2_PLACEMENT_3D('',#449,#450,#451);
#449 = CARTESIAN_POINT('',(35.26875,-5.200812445747,55.927477764351));
#450 = DIRECTION('',(0.,0.995704078427,9.259259259259E-02));
#451 = DIRECTION('',(-1.,0.,0.));
#452 = VECTOR('',#453,1.);
#453 = DIRECTION('',(0.,0.978995540942,-0.20388165885));
#454 = ADVANCED_FACE('',(#455),#473,.F.);
#455 = FACE_BOUND('',#456,.F.);
#456 = EDGE_LOOP('',(#457,#465,#471,#472));
#457 = ORIENTED_EDGE('',*,*,#458,.F.);
#458 = EDGE_CURVE('',#459,#313,#461,.T.);
#459 = VERTEX_POINT('',#460);
#460 = CARTESIAN_POINT('',(46.725,-18.15,0.));
#461 = LINE('',#462,#463);
#462 = CARTESIAN_POINT('',(46.725,-18.15,0.));
#463 = VECTOR('',#464,1.);
#464 = DIRECTION('',(0.,1.,0.));
#465 = ORIENTED_EDGE('',*,*,#466,.T.);
#466 = EDGE_CURVE('',#459,#399,#467,.T.);
#467 = LINE('',#468,#469);
#468 = CARTESIAN_POINT('',(46.725,-18.15,0.));
#469 = VECTOR('',#470,1.);
#470 = DIRECTION('',(-0.224550066607,0.292280598305,0.929596320691));
#471 = ORIENTED_EDGE('',*,*,#398,.F.);
#472 = ORIENTED_EDGE('',*,*,#320,.F.);
#473 = B_SPLINE_SURFACE_WITH_KNOTS('',1,1,(
    (#474,#475)
    ,(#476,#477
    )),.UNSPECIFIED.,.F.,.F.,.F.,(2,2),(2,2),(0.,13.85379043626),(0.,1.)
  ,.PIECEWISE_BEZIER_KNOTS.);
#474 = CARTESIAN_POINT('',(46.725,-18.15,0.));
#475 = CARTESIAN_POINT('',(46.725,0.,0.));
#476 = CARTESIAN_POINT('',(43.614130434783,-14.10080584249,
    12.878432617165));
#477 = CARTESIAN_POINT('',(43.420679012346,-0.935185185185,
    10.056611192117));
#478 = ADVANCED_FACE('',(#479),#490,.F.);
#479 = FACE_BOUND('',#480,.F.);
#480 = EDGE_LOOP('',(#481,#487,#488,#489));
#481 = ORIENTED_EDGE('',*,*,#482,.T.);
#482 = EDGE_CURVE('',#344,#459,#483,.T.);
#483 = LINE('',#484,#485);
#484 = CARTESIAN_POINT('',(23.8125,-18.15,0.));
#485 = VECTOR('',#486,1.);
#486 = DIRECTION('',(1.,0.,0.));
#487 = ORIENTED_EDGE('',*,*,#458,.T.);
#488 = ORIENTED_EDGE('',*,*,#312,.F.);
#489 = ORIENTED_EDGE('',*,*,#343,.F.);
#490 = PLANE('',#491);
#491 = AXIS2_PLACEMENT_3D('',#492,#493,#494);
#492 = CARTESIAN_POINT('',(23.8125,-18.15,0.));
#493 = DIRECTION('',(0.,0.,1.));
#494 = DIRECTION('',(0.,1.,0.));
#495 = ADVANCED_FACE('',(#496),#502,.F.);
#496 = FACE_BOUND('',#497,.F.);
#497 = EDGE_LOOP('',(#498,#499,#500,#501));
#498 = ORIENTED_EDGE('',*,*,#482,.F.);
#499 = ORIENTED_EDGE('',*,*,#351,.T.);
#500 = ORIENTED_EDGE('',*,*,#429,.T.);
#501 = ORIENTED_EDGE('',*,*,#466,.F.);
#502 = PLANE('',#503);
#503 = AXIS2_PLACEMENT_3D('',#504,#505,#506);
#504 = CARTESIAN_POINT('',(23.8125,-14.70068645842,10.970516673881));
#505 = DIRECTION('',(0.,0.953957971642,-0.299940307963));
#506 = DIRECTION('',(0.,-0.299940307963,-0.953957971642));
#507 = MANIFOLD_SOLID_BREP('',#508);
#508 = CLOSED_SHELL('',(#509,#550,#604,#665,#689,#706));
#509 = ADVANCED_FACE('',(#510),#545,.F.);
#510 = FACE_BOUND('',#511,.F.);
#511 = EDGE_LOOP('',(#512,#522,#530,#538));
#512 = ORIENTED_EDGE('',*,*,#513,.F.);
#513 = EDGE_CURVE('',#514,#516,#518,.T.);
#514 = VERTEX_POINT('',#515);
#515 = CARTESIAN_POINT('',(47.625,0.,0.));
#516 = VERTEX_POINT('',#517);
#517 = CARTESIAN_POINT('',(50.275,-0.75,8.065203035262));
#518 = LINE('',#519,#520);
#519 = CARTESIAN_POINT('',(47.625,0.,0.));
#520 = VECTOR('',#521,1.);
#521 = DIRECTION('',(0.310942708743,-8.800265341778E-02,0.946345689942)
  );
#522 = ORIENTED_EDGE('',*,*,#523,.T.);
#523 = EDGE_CURVE('',#514,#524,#526,.T.);
#524 = VERTEX_POINT('',#525);
#525 = CARTESIAN_POINT('',(70.5375,0.,0.));
#526 = LINE('',#527,#528);
#527 = CARTESIAN_POINT('',(47.625,0.,0.));
#528 = VECTOR('',#529,1.);
#529 = DIRECTION('',(1.,0.,0.));
#530 = ORIENTED_EDGE('',*,*,#531,.T.);
#531 = EDGE_CURVE('',#524,#532,#534,.T.);
#532 = VERTEX_POINT('',#533);
#533 = CARTESIAN_POINT('',(67.8875,-0.75,8.065203035262));
#534 = LINE('',#535,#536);
#535 = CARTESIAN_POINT('',(70.5375,0.,0.));
#536 = VECTOR('',#537,1.);
#537 = DIRECTION('',(-0.310942708743,-8.800265341778E-02,0.946345689942)
  );
#538 = ORIENTED_EDGE('',*,*,#539,.T.);
#539 = EDGE_CURVE('',#532,#516,#540,.T.);
#540 = CIRCLE('',#541,48.868774414062);
#541 = AXIS2_PLACEMENT_3D('',#542,#543,#544);
#542 = CARTESIAN_POINT('',(59.08125,-5.200812445747,55.927477764351));
#543 = DIRECTION('',(0.,0.995704078427,9.259259259259E-02));
#544 = DIRECTION('',(-1.,0.,0.));
#545 = PLANE('',#546);
#546 = AXIS2_PLACEMENT_3D('',#547,#548,#549);
#547 = CARTESIAN_POINT('',(47.625,0.,0.));
#548 = DIRECTION('',(0.,-0.995704078427,-9.259259259259E-02));
#549 = DIRECTION('',(0.,-9.259259259259E-02,0.995704078427));
#550 = ADVANCED_FACE('',(#551),#599,.T.);
#551 = FACE_BOUND('',#552,.T.);
#552 = EDGE_LOOP('',(#553,#561,#569,#598));
#553 = ORIENTED_EDGE('',*,*,#554,.F.);
#554 = EDGE_CURVE('',#555,#514,#557,.T.);
#555 = VERTEX_POINT('',#556);
#556 = CARTESIAN_POINT('',(47.625,-18.15,0.));
#557 = LINE('',#558,#559);
#558 = CARTESIAN_POINT('',(47.625,-18.15,0.));
#559 = VECTOR('',#560,1.);
#560 = DIRECTION('',(0.,1.,0.));
#561 = ORIENTED_EDGE('',*,*,#562,.T.);
#562 = EDGE_CURVE('',#555,#563,#565,.T.);
#563 = VERTEX_POINT('',#564);
#564 = CARTESIAN_POINT('',(50.275,-14.70068645842,10.970516673881));
#565 = LINE('',#566,#567);
#566 = CARTESIAN_POINT('',(47.625,-18.15,0.));
#567 = VECTOR('',#568,1.);
#568 = DIRECTION('',(0.224550066607,0.292280598305,0.929596320691));
#569 = ORIENTED_EDGE('',*,*,#570,.F.);
#570 = EDGE_CURVE('',#516,#563,#571,.T.);
#571 = B_SPLINE_CURVE_WITH_KNOTS('',4,(#572,#573,#574,#575,#576,#577,
    #578,#579,#580,#581,#582,#583,#584,#585,#586,#587,#588,#589,#590,
    #591,#592,#593,#594,#595,#596,#597),.UNSPECIFIED.,.F.,.F.,(5,3,3,3,3
    ,3,3,3,5),(0.,0.127074186688,0.252400872005,0.377500230008,
    0.501601724074,0.626584842664,0.749795839263,0.873008985497,1.),
  .UNSPECIFIED.);
#572 = CARTESIAN_POINT('',(50.275,-0.749999999998,8.065203035262));
#573 = CARTESIAN_POINT('',(50.277179996329,-1.193032511887,
    8.157077236788));
#574 = CARTESIAN_POINT('',(50.279117312776,-1.636087466541,
    8.248999655943));
#575 = CARTESIAN_POINT('',(50.280826126822,-2.07916234652,8.340967166659
    ));
#576 = CARTESIAN_POINT('',(50.28379086982,-2.959254668435,8.523721758643
    ));
#577 = CARTESIAN_POINT('',(50.285052711991,-3.396271614625,
    8.614507677854));
#578 = CARTESIAN_POINT('',(50.286116113173,-3.833304111712,
    8.705332324751));
#579 = CARTESIAN_POINT('',(50.28786508258,-4.706604449023,8.886889909449
    ));
#580 = CARTESIAN_POINT('',(50.288551339663,-5.142872234233,
    8.977622712482));
#581 = CARTESIAN_POINT('',(50.289060427741,-5.579152511657,
    9.068389765869));
#582 = CARTESIAN_POINT('',(50.28973950432,-6.448255555727,9.249264388141
    ));
#583 = CARTESIAN_POINT('',(50.289912171117,-6.881078139753,
    9.339371440525));
#584 = CARTESIAN_POINT('',(50.289928094016,-7.313910675543,
    9.429508553036));
#585 = CARTESIAN_POINT('',(50.289660898125,-8.182668717762,
    9.610480308845));
#586 = CARTESIAN_POINT('',(50.289375659169,-8.618594350397,
    9.701315356936));
#587 = CARTESIAN_POINT('',(50.288947114762,-9.054528174283,
    9.792177704346));
#588 = CARTESIAN_POINT('',(50.287825249606,-9.92022951053,9.972665535142
    ));
#589 = CARTESIAN_POINT('',(50.287135773394,-10.349996812,10.062290287653
    ));
#590 = CARTESIAN_POINT('',(50.286320372587,-10.77977059426,
    10.15193889814));
#591 = CARTESIAN_POINT('',(50.284449403021,-11.63933743201,
    10.331283091145));
#592 = CARTESIAN_POINT('',(50.283393833537,-12.06913048636,
    10.420978673501));
#593 = CARTESIAN_POINT('',(50.28222403783,-12.49892883303,10.51069580481
    ));
#594 = CARTESIAN_POINT('',(50.279627140414,-13.37171344667,
    10.692922617199));
#595 = CARTESIAN_POINT('',(50.2781932524,-13.81470001198,10.785433576319
    ));
#596 = CARTESIAN_POINT('',(50.276649200935,-14.25769115824,
    10.877965249842));
#597 = CARTESIAN_POINT('',(50.275,-14.70068645842,10.970516673882));
#598 = ORIENTED_EDGE('',*,*,#513,.F.);
#599 = B_SPLINE_SURFACE_WITH_KNOTS('',1,1,(
    (#600,#601)
    ,(#602,#603
    )),.UNSPECIFIED.,.F.,.F.,.F.,(2,2),(2,2),(0.,13.85379043626),(0.,1.)
  ,.PIECEWISE_BEZIER_KNOTS.);
#600 = CARTESIAN_POINT('',(47.625,-18.15,0.));
#601 = CARTESIAN_POINT('',(47.625,0.,0.));
#602 = CARTESIAN_POINT('',(50.735869565217,-14.10080584249,
    12.878432617165));
#603 = CARTESIAN_POINT('',(50.929320987654,-0.935185185185,
    10.056611192117));
#604 = ADVANCED_FACE('',(#605),#657,.F.);
#605 = FACE_BOUND('',#606,.F.);
#606 = EDGE_LOOP('',(#607,#608,#639,#656));
#607 = ORIENTED_EDGE('',*,*,#539,.F.);
#608 = ORIENTED_EDGE('',*,*,#609,.T.);
#609 = EDGE_CURVE('',#532,#610,#612,.T.);
#610 = VERTEX_POINT('',#611);
#611 = CARTESIAN_POINT('',(67.8875,-14.70068645842,10.970516673881));
#612 = B_SPLINE_CURVE_WITH_KNOTS('',4,(#613,#614,#615,#616,#617,#618,
    #619,#620,#621,#622,#623,#624,#625,#626,#627,#628,#629,#630,#631,
    #632,#633,#634,#635,#636,#637,#638),.UNSPECIFIED.,.F.,.F.,(5,3,3,3,3
    ,3,3,3,5),(0.,0.127074186688,0.252400872005,0.377500230008,
    0.501601724074,0.626584842664,0.749795839263,0.873008985497,1.),
  .UNSPECIFIED.);
#613 = CARTESIAN_POINT('',(67.8875,-0.749999999998,8.065203035262));
#614 = CARTESIAN_POINT('',(67.885320003671,-1.193032511887,
    8.157077236788));
#615 = CARTESIAN_POINT('',(67.883382687224,-1.636087466541,
    8.248999655943));
#616 = CARTESIAN_POINT('',(67.881673873178,-2.07916234652,8.340967166659
    ));
#617 = CARTESIAN_POINT('',(67.87870913018,-2.959254668435,8.523721758643
    ));
#618 = CARTESIAN_POINT('',(67.877447288009,-3.396271614625,
    8.614507677854));
#619 = CARTESIAN_POINT('',(67.876383886827,-3.833304111712,
    8.705332324751));
#620 = CARTESIAN_POINT('',(67.87463491742,-4.706604449023,8.886889909448
    ));
#621 = CARTESIAN_POINT('',(67.873948660337,-5.142872234233,
    8.977622712482));
#622 = CARTESIAN_POINT('',(67.873439572259,-5.579152511657,
    9.068389765869));
#623 = CARTESIAN_POINT('',(67.87276049568,-6.448255555727,9.249264388141
    ));
#624 = CARTESIAN_POINT('',(67.872587828883,-6.881078139753,
    9.339371440525));
#625 = CARTESIAN_POINT('',(67.872571905984,-7.313910675543,
    9.429508553036));
#626 = CARTESIAN_POINT('',(67.872839101875,-8.182668717762,
    9.610480308845));
#627 = CARTESIAN_POINT('',(67.873124340831,-8.618594350397,
    9.701315356936));
#628 = CARTESIAN_POINT('',(67.873552885238,-9.054528174283,
    9.792177704346));
#629 = CARTESIAN_POINT('',(67.874674750394,-9.92022951053,9.972665535142
    ));
#630 = CARTESIAN_POINT('',(67.875364226606,-10.349996812,10.062290287653
    ));
#631 = CARTESIAN_POINT('',(67.876179627413,-10.77977059426,
    10.15193889814));
#632 = CARTESIAN_POINT('',(67.878050596979,-11.63933743201,
    10.331283091145));
#633 = CARTESIAN_POINT('',(67.879106166463,-12.06913048636,
    10.420978673501));
#634 = CARTESIAN_POINT('',(67.88027596217,-12.49892883303,10.51069580481
    ));
#635 = CARTESIAN_POINT('',(67.882872859586,-13.37171344667,
    10.692922617199));
#636 = CARTESIAN_POINT('',(67.8843067476,-13.81470001198,10.785433576319
    ));
#637 = CARTESIAN_POINT('',(67.885850799065,-14.25769115824,
    10.877965249842));
#638 = CARTESIAN_POINT('',(67.8875,-14.70068645842,10.970516673881));
#639 = ORIENTED_EDGE('',*,*,#640,.F.);
#640 = EDGE_CURVE('',#563,#610,#641,.T.);
#641 = B_SPLINE_CURVE_WITH_KNOTS('',4,(#642,#643,#644,#645,#646,#647,
    #648,#649,#650,#651,#652,#653,#654,#655),.UNSPECIFIED.,.F.,.F.,(5,3,
    3,3,5),(0.,0.251369150038,0.501349841093,0.750954063453,1.),
  .UNSPECIFIED.);
#642 = CARTESIAN_POINT('',(50.275,-14.70068645842,10.970516673881));
#643 = CARTESIAN_POINT('',(51.3687969217,-14.75842455437,10.786881078933
    ));
#644 = CARTESIAN_POINT('',(52.469108654769,-14.80662368134,
    10.633584105572));
#645 = CARTESIAN_POINT('',(53.574329755526,-14.84518130144,
    10.510951874806));
#646 = CARTESIAN_POINT('',(55.785178613801,-14.90275044627,
    10.327853627697));
#647 = CARTESIAN_POINT('',(56.890771674438,-14.92186882018,
    10.267047778272));
#648 = CARTESIAN_POINT('',(57.997977093784,-14.93134983461,
    10.236893480715));
#649 = CARTESIAN_POINT('',(60.210684068219,-14.93103783952,
    10.237885778846));
#650 = CARTESIAN_POINT('',(61.316186963173,-14.92127383473,
    10.268940125194));
#651 = CARTESIAN_POINT('',(62.420049753565,-14.90190202919,
    10.33055201206));
#652 = CARTESIAN_POINT('',(64.618813135914,-14.84410975521,
    10.514359919817));
#653 = CARTESIAN_POINT('',(65.713729491141,-14.80573192965,
    10.636420315364));
#654 = CARTESIAN_POINT('',(66.80381220918,-14.75789092518,
    10.788578282707));
#655 = CARTESIAN_POINT('',(67.8875,-14.70068645842,10.970516673881));
#656 = ORIENTED_EDGE('',*,*,#570,.F.);
#657 = SURFACE_OF_LINEAR_EXTRUSION('',#658,#663);
#658 = CIRCLE('',#659,48.868774414062);
#659 = AXIS2_PLACEMENT_3D('',#660,#661,#662);
#660 = CARTESIAN_POINT('',(59.08125,-5.200812445747,55.927477764351));
#661 = DIRECTION('',(0.,0.995704078427,9.259259259259E-02));
#662 = DIRECTION('',(-1.,0.,0.));
#663 = VECTOR('',#664,1.);
#664 = DIRECTION('',(0.,0.978995540942,-0.20388165885));
#665 = ADVANCED_FACE('',(#666),#684,.F.);
#666 = FACE_BOUND('',#667,.F.);
#667 = EDGE_LOOP('',(#668,#676,#682,#683));
#668 = ORIENTED_EDGE('',*,*,#669,.F.);
#669 = EDGE_CURVE('',#670,#524,#672,.T.);
#670 = VERTEX_POINT('',#671);
#671 = CARTESIAN_POINT('',(70.5375,-18.15,0.));
#672 = LINE('',#673,#674);
#673 = CARTESIAN_POINT('',(70.5375,-18.15,0.));
#674 = VECTOR('',#675,1.);
#675 = DIRECTION('',(0.,1.,0.));
#676 = ORIENTED_EDGE('',*,*,#677,.T.);
#677 = EDGE_CURVE('',#670,#610,#678,.T.);
#678 = LINE('',#679,#680);
#679 = CARTESIAN_POINT('',(70.5375,-18.15,0.));
#680 = VECTOR('',#681,1.);
#681 = DIRECTION('',(-0.224550066607,0.292280598305,0.929596320691));
#682 = ORIENTED_EDGE('',*,*,#609,.F.);
#683 = ORIENTED_EDGE('',*,*,#531,.F.);
#684 = B_SPLINE_SURFACE_WITH_KNOTS('',1,1,(
    (#685,#686)
    ,(#687,#688
    )),.UNSPECIFIED.,.F.,.F.,.F.,(2,2),(2,2),(0.,13.85379043626),(0.,1.)
  ,.PIECEWISE_BEZIER_KNOTS.);
#685 = CARTESIAN_POINT('',(70.5375,-18.15,0.));
#686 = CARTESIAN_POINT('',(70.5375,0.,0.));
#687 = CARTESIAN_POINT('',(67.426630434783,-14.10080584249,
    12.878432617165));
#688 = CARTESIAN_POINT('',(67.233179012346,-0.935185185185,
    10.056611192117));
#689 = ADVANCED_FACE('',(#690),#701,.F.);
#690 = FACE_BOUND('',#691,.F.);
#691 = EDGE_LOOP('',(#692,#698,#699,#700));
#692 = ORIENTED_EDGE('',*,*,#693,.T.);
#693 = EDGE_CURVE('',#555,#670,#694,.T.);
#694 = LINE('',#695,#696);
#695 = CARTESIAN_POINT('',(47.625,-18.15,0.));
#696 = VECTOR('',#697,1.);
#697 = DIRECTION('',(1.,0.,0.));
#698 = ORIENTED_EDGE('',*,*,#669,.T.);
#699 = ORIENTED_EDGE('',*,*,#523,.F.);
#700 = ORIENTED_EDGE('',*,*,#554,.F.);
#701 = PLANE('',#702);
#702 = AXIS2_PLACEMENT_3D('',#703,#704,#705);
#703 = CARTESIAN_POINT('',(47.625,-18.15,0.));
#704 = DIRECTION('',(0.,0.,1.));
#705 = DIRECTION('',(0.,1.,0.));
#706 = ADVANCED_FACE('',(#707),#713,.F.);
#707 = FACE_BOUND('',#708,.F.);
#708 = EDGE_LOOP('',(#709,#710,#711,#712));
#709 = ORIENTED_EDGE('',*,*,#693,.F.);
#710 = ORIENTED_EDGE('',*,*,#562,.T.);
#711 = ORIENTED_EDGE('',*,*,#640,.T.);
#712 = ORIENTED_EDGE('',*,*,#677,.F.);
#713 = PLANE('',#714);
#714 = AXIS2_PLACEMENT_3D('',#715,#716,#717);
#715 = CARTESIAN_POINT('',(47.625,-14.70068645842,10.970516673881));
#716 = DIRECTION('',(0.,0.953957971642,-0.299940307963));
#717 = DIRECTION('',(0.,-0.299940307963,-0.953957971642));
#718 = ( GEOMETRIC_REPRESENTATION_CONTEXT(3) 
GLOBAL_UNCERTAINTY_ASSIGNED_CONTEXT((#722)) GLOBAL_UNIT_ASSIGNED_CONTEXT
((#719,#720,#721)) REPRESENTATION_CONTEXT('Context #1',
  '3D Context with UNIT and UNCERTAINTY') );
#719 = ( LENGTH_UNIT() NAMED_UNIT(*) SI_UNIT(.MILLI.,.METRE.) );
#720 = ( NAMED_UNIT(*) PLANE_ANGLE_UNIT() SI_UNIT($,.RADIAN.) );
#721 = ( NAMED_UNIT(*) SI_UNIT($,.STERADIAN.) SOLID_ANGLE_UNIT() );
#722 = UNCERTAINTY_MEASURE_WITH_UNIT(LENGTH_MEASURE(1.E-05),#719,
  'distance_accuracy_value','confusion accuracy');
#723 = CONTEXT_DEPENDENT_SHAPE_REPRESENTATION(#724,#726);
#724 = ( REPRESENTATION_RELATIONSHIP('','',#84,#10) 
REPRESENTATION_RELATIONSHIP_WITH_TRANSFORMATION(#725) 
SHAPE_REPRESENTATION_RELATIONSHIP() );
#725 = ITEM_DEFINED_TRANSFORMATION('','',#11,#15);
#726 = PRODUCT_DEFINITION_SHAPE('Placement','Placement of an item',#727
  );
#727 = NEXT_ASSEMBLY_USAGE_OCCURRENCE('1','1.25UR1L','',#5,#79,$);
#728 = PRODUCT_RELATED_PRODUCT_CATEGORY('part',$,(#81));
#729 = SHAPE_DEFINITION_REPRESENTATION(#730,#736);
#730 = PRODUCT_DEFINITION_SHAPE('','',#731);
#731 = PRODUCT_DEFINITION('design','',#732,#735);
#732 = PRODUCT_DEFINITION_FORMATION('','',#733);
#733 = PRODUCT('OEM004','OEM004','',(#734));
#734 = PRODUCT_CONTEXT('',#2,'mechanical');
#735 = PRODUCT_DEFINITION_CONTEXT('part definition',#2,'design');
#736 = SHAPE_REPRESENTATION('',(#11,#737,#948,#1159,#1370,#1581,#1792,
    #2003,#2214,#2425,#2636),#2847);
#737 = MANIFOLD_SOLID_BREP('',#738);
#738 = CLOSED_SHELL('',(#739,#780,#834,#895,#919,#936));
#739 = ADVANCED_FACE('',(#740),#775,.F.);
#740 = FACE_BOUND('',#741,.F.);
#741 = EDGE_LOOP('',(#742,#752,#760,#768));
#742 = ORIENTED_EDGE('',*,*,#743,.F.);
#743 = EDGE_CURVE('',#744,#746,#748,.T.);
#744 = VERTEX_POINT('',#745);
#745 = CARTESIAN_POINT('',(0.,0.,0.));
#746 = VERTEX_POINT('',#747);
#747 = CARTESIAN_POINT('',(2.65,-0.75,8.065203035262));
#748 = LINE('',#749,#750);
#749 = CARTESIAN_POINT('',(0.,0.,0.));
#750 = VECTOR('',#751,1.);
#751 = DIRECTION('',(0.310942708743,-8.800265341778E-02,0.946345689942)
  );
#752 = ORIENTED_EDGE('',*,*,#753,.T.);
#753 = EDGE_CURVE('',#744,#754,#756,.T.);
#754 = VERTEX_POINT('',#755);
#755 = CARTESIAN_POINT('',(18.15,0.,0.));
#756 = LINE('',#757,#758);
#757 = CARTESIAN_POINT('',(0.,0.,0.));
#758 = VECTOR('',#759,1.);
#759 = DIRECTION('',(1.,0.,0.));
#760 = ORIENTED_EDGE('',*,*,#761,.T.);
#761 = EDGE_CURVE('',#754,#762,#764,.T.);
#762 = VERTEX_POINT('',#763);
#763 = CARTESIAN_POINT('',(15.5,-0.75,8.065203035262));
#764 = LINE('',#765,#766);
#765 = CARTESIAN_POINT('',(18.15,0.,0.));
#766 = VECTOR('',#767,1.);
#767 = DIRECTION('',(-0.310942708743,-8.800265341778E-02,0.946345689942)
  );
#768 = ORIENTED_EDGE('',*,*,#769,.T.);
#769 = EDGE_CURVE('',#762,#746,#770,.T.);
#770 = CIRCLE('',#771,26.200390625003);
#771 = AXIS2_PLACEMENT_3D('',#772,#773,#774);
#772 = CARTESIAN_POINT('',(9.075,-3.101888020834,33.356475574227));
#773 = DIRECTION('',(0.,0.995704078427,9.259259259259E-02));
#774 = DIRECTION('',(-1.,0.,0.));
#775 = PLANE('',#776);
#776 = AXIS2_PLACEMENT_3D('',#777,#778,#779);
#777 = CARTESIAN_POINT('',(0.,0.,0.));
#778 = DIRECTION('',(0.,-0.995704078427,-9.259259259259E-02));
#779 = DIRECTION('',(0.,-9.259259259259E-02,0.995704078427));
#780 = ADVANCED_FACE('',(#781),#829,.T.);
#781 = FACE_BOUND('',#782,.T.);
#782 = EDGE_LOOP('',(#783,#791,#799,#828));
#783 = ORIENTED_EDGE('',*,*,#784,.F.);
#784 = EDGE_CURVE('',#785,#744,#787,.T.);
#785 = VERTEX_POINT('',#786);
#786 = CARTESIAN_POINT('',(0.,-18.15,0.));
#787 = LINE('',#788,#789);
#788 = CARTESIAN_POINT('',(0.,-18.15,0.));
#789 = VECTOR('',#790,1.);
#790 = DIRECTION('',(0.,1.,0.));
#791 = ORIENTED_EDGE('',*,*,#792,.T.);
#792 = EDGE_CURVE('',#785,#793,#795,.T.);
#793 = VERTEX_POINT('',#794);
#794 = CARTESIAN_POINT('',(2.65,-14.70068645842,10.970516673881));
#795 = LINE('',#796,#797);
#796 = CARTESIAN_POINT('',(0.,-18.15,0.));
#797 = VECTOR('',#798,1.);
#798 = DIRECTION('',(0.224550066607,0.292280598305,0.929596320691));
#799 = ORIENTED_EDGE('',*,*,#800,.F.);
#800 = EDGE_CURVE('',#746,#793,#801,.T.);
#801 = B_SPLINE_CURVE_WITH_KNOTS('',4,(#802,#803,#804,#805,#806,#807,
    #808,#809,#810,#811,#812,#813,#814,#815,#816,#817,#818,#819,#820,
    #821,#822,#823,#824,#825,#826,#827),.UNSPECIFIED.,.F.,.F.,(5,3,3,3,3
    ,3,3,3,5),(0.,0.1263183419,0.250843560805,0.375110758566,
    0.498466583143,0.622432402074,0.744864825638,0.866865297536,1.),
  .UNSPECIFIED.);
#802 = CARTESIAN_POINT('',(2.65,-0.75,8.065203035262));
#803 = CARTESIAN_POINT('',(2.652121483987,-1.190410122814,8.156397095463
    ));
#804 = CARTESIAN_POINT('',(2.654009750691,-1.630840655973,8.247653252495
    ));
#805 = CARTESIAN_POINT('',(2.655677964078,-2.071289335875,8.338967663836
    ));
#806 = CARTESIAN_POINT('',(2.658576573065,-2.94596688943,8.520409414087)
  );
#807 = CARTESIAN_POINT('',(2.659812854608,-3.380195297268,8.610535200249
    ));
#808 = CARTESIAN_POINT('',(2.660857497757,-3.814437878862,8.700711256261
    ));
#809 = CARTESIAN_POINT('',(2.66258105703,-4.682048860538,8.880971549937)
  );
#810 = CARTESIAN_POINT('',(2.663260732511,-5.115417204062,8.97105558815)
  );
#811 = CARTESIAN_POINT('',(2.663768808262,-5.548796936567,9.061184301273
    ));
#812 = CARTESIAN_POINT('',(2.664456124409,-6.412398529655,9.240865122589
    ));
#813 = CARTESIAN_POINT('',(2.664637754231,-6.842620237019,9.330416609771
    ));
#814 = CARTESIAN_POINT('',(2.664666884931,-7.272851026528,9.420007558687
    ));
#815 = CARTESIAN_POINT('',(2.664434144869,-8.135456588102,9.599707655069
    ));
#816 = CARTESIAN_POINT('',(2.664170838799,-8.567831439624,9.68981717256)
  );
#817 = CARTESIAN_POINT('',(2.663768279088,-9.000213725965,9.779962554376
    ));
#818 = CARTESIAN_POINT('',(2.662704333033,-9.859643329267,9.959206096349
    ));
#819 = CARTESIAN_POINT('',(2.662046213501,-10.28669047909,10.0483034161)
  );
#820 = CARTESIAN_POINT('',(2.661264928784,-10.71374351896,
    10.137432348048));
#821 = CARTESIAN_POINT('',(2.659470353461,-11.56635358501,
    10.315435949902));
#822 = CARTESIAN_POINT('',(2.658457894169,-11.99191057235,
    10.404310406352));
#823 = CARTESIAN_POINT('',(2.657334196474,-12.41747231937,
    10.493213350651));
#824 = CARTESIAN_POINT('',(2.654761876347,-13.3074432383,10.679189782476
    ));
#825 = CARTESIAN_POINT('',(2.653292962939,-13.771853233,10.77626846351)
  );
#826 = CARTESIAN_POINT('',(2.651703798177,-14.23626779323,
    10.873377905734));
#827 = CARTESIAN_POINT('',(2.65,-14.70068645842,10.970516673881));
#828 = ORIENTED_EDGE('',*,*,#743,.F.);
#829 = B_SPLINE_SURFACE_WITH_KNOTS('',1,1,(
    (#830,#831)
    ,(#832,#833
    )),.UNSPECIFIED.,.F.,.F.,.F.,(2,2),(2,2),(0.,13.85379043626),(0.,1.)
  ,.PIECEWISE_BEZIER_KNOTS.);
#830 = CARTESIAN_POINT('',(0.,-18.15,0.));
#831 = CARTESIAN_POINT('',(0.,0.,0.));
#832 = CARTESIAN_POINT('',(3.110869565217,-14.10080584249,
    12.878432617165));
#833 = CARTESIAN_POINT('',(3.304320987654,-0.935185185185,
    10.056611192117));
#834 = ADVANCED_FACE('',(#835),#887,.F.);
#835 = FACE_BOUND('',#836,.F.);
#836 = EDGE_LOOP('',(#837,#838,#869,#886));
#837 = ORIENTED_EDGE('',*,*,#769,.F.);
#838 = ORIENTED_EDGE('',*,*,#839,.T.);
#839 = EDGE_CURVE('',#762,#840,#842,.T.);
#840 = VERTEX_POINT('',#841);
#841 = CARTESIAN_POINT('',(15.5,-14.70068645842,10.970516673881));
#842 = B_SPLINE_CURVE_WITH_KNOTS('',4,(#843,#844,#845,#846,#847,#848,
    #849,#850,#851,#852,#853,#854,#855,#856,#857,#858,#859,#860,#861,
    #862,#863,#864,#865,#866,#867,#868),.UNSPECIFIED.,.F.,.F.,(5,3,3,3,3
    ,3,3,3,5),(0.,0.1263183419,0.250843560805,0.375110758566,
    0.498466583142,0.622432402074,0.744864825638,0.866865297536,1.),
  .UNSPECIFIED.);
#843 = CARTESIAN_POINT('',(15.5,-0.750000000002,8.065203035262));
#844 = CARTESIAN_POINT('',(15.497878516013,-1.190410122816,
    8.156397095464));
#845 = CARTESIAN_POINT('',(15.495990249309,-1.630840655974,
    8.247653252495));
#846 = CARTESIAN_POINT('',(15.494322035922,-2.071289335876,
    8.338967663836));
#847 = CARTESIAN_POINT('',(15.491423426935,-2.94596688943,8.520409414087
    ));
#848 = CARTESIAN_POINT('',(15.490187145392,-3.380195297268,
    8.610535200249));
#849 = CARTESIAN_POINT('',(15.489142502243,-3.814437878862,
    8.700711256261));
#850 = CARTESIAN_POINT('',(15.48741894297,-4.682048860538,8.880971549937
    ));
#851 = CARTESIAN_POINT('',(15.486739267489,-5.115417204062,8.97105558815
    ));
#852 = CARTESIAN_POINT('',(15.486231191738,-5.548796936567,
    9.061184301273));
#853 = CARTESIAN_POINT('',(15.485543875591,-6.412398529655,
    9.240865122589));
#854 = CARTESIAN_POINT('',(15.485362245769,-6.842620237019,
    9.330416609771));
#855 = CARTESIAN_POINT('',(15.485333115069,-7.272851026528,
    9.420007558687));
#856 = CARTESIAN_POINT('',(15.485565855131,-8.135456588102,
    9.599707655069));
#857 = CARTESIAN_POINT('',(15.485829161201,-8.567831439624,9.68981717256
    ));
#858 = CARTESIAN_POINT('',(15.486231720912,-9.000213725965,
    9.779962554376));
#859 = CARTESIAN_POINT('',(15.487295666967,-9.859643329267,
    9.959206096349));
#860 = CARTESIAN_POINT('',(15.487953786499,-10.28669047909,10.0483034161
    ));
#861 = CARTESIAN_POINT('',(15.488735071216,-10.71374351896,
    10.137432348048));
#862 = CARTESIAN_POINT('',(15.490529646539,-11.56635358501,
    10.315435949902));
#863 = CARTESIAN_POINT('',(15.491542105831,-11.99191057235,
    10.404310406352));
#864 = CARTESIAN_POINT('',(15.492665803526,-12.41747231937,
    10.493213350651));
#865 = CARTESIAN_POINT('',(15.495238123653,-13.3074432383,
    10.679189782475));
#866 = CARTESIAN_POINT('',(15.496707037061,-13.771853233,10.77626846351)
  );
#867 = CARTESIAN_POINT('',(15.498296201823,-14.23626779323,
    10.873377905734));
#868 = CARTESIAN_POINT('',(15.5,-14.70068645842,10.97051667388));
#869 = ORIENTED_EDGE('',*,*,#870,.F.);
#870 = EDGE_CURVE('',#793,#840,#871,.T.);
#871 = B_SPLINE_CURVE_WITH_KNOTS('',4,(#872,#873,#874,#875,#876,#877,
    #878,#879,#880,#881,#882,#883,#884,#885),.UNSPECIFIED.,.F.,.F.,(5,3,
    3,3,5),(0.,0.250397269715,0.499494429285,0.749775654996,1.),
  .UNSPECIFIED.);
#872 = CARTESIAN_POINT('',(2.65,-14.70068645842,10.970516673881));
#873 = CARTESIAN_POINT('',(3.436715523065,-14.75802521303,
    10.788151181163));
#874 = CARTESIAN_POINT('',(4.232219478774,-14.80604440253,
    10.635426497618));
#875 = CARTESIAN_POINT('',(5.034391539851,-14.84455666173,
    10.512938536888));
#876 = CARTESIAN_POINT('',(6.643449021598,-14.90222447977,
    10.329526460319));
#877 = CARTESIAN_POINT('',(7.450291432071,-14.92147970901,10.26828534353
    ));
#878 = CARTESIAN_POINT('',(8.259357814555,-14.93113672421,10.2375712768)
  );
#879 = CARTESIAN_POINT('',(9.881351187004,-14.9312538901,10.23719863155)
  );
#880 = CARTESIAN_POINT('',(10.694281509128,-14.92162257137,
    10.267830970851));
#881 = CARTESIAN_POINT('',(11.504974092779,-14.90230118372,
    10.329282503961));
#882 = CARTESIAN_POINT('',(13.117270393996,-14.84447685841,
    10.513192350754));
#883 = CARTESIAN_POINT('',(13.91887927206,-14.80597807354,
    10.635637456489));
#884 = CARTESIAN_POINT('',(14.713827783613,-14.75798561482,
    10.78827712299));
#885 = CARTESIAN_POINT('',(15.5,-14.70068645842,10.970516673881));
#886 = ORIENTED_EDGE('',*,*,#800,.F.);
#887 = SURFACE_OF_LINEAR_EXTRUSION('',#888,#893);
#888 = CIRCLE('',#889,26.200390625003);
#889 = AXIS2_PLACEMENT_3D('',#890,#891,#892);
#890 = CARTESIAN_POINT('',(9.075,-3.101888020834,33.356475574227));
#891 = DIRECTION('',(0.,0.995704078427,9.259259259259E-02));
#892 = DIRECTION('',(-1.,0.,0.));
#893 = VECTOR('',#894,1.);
#894 = DIRECTION('',(0.,0.978995540942,-0.20388165885));
#895 = ADVANCED_FACE('',(#896),#914,.F.);
#896 = FACE_BOUND('',#897,.F.);
#897 = EDGE_LOOP('',(#898,#906,#912,#913));
#898 = ORIENTED_EDGE('',*,*,#899,.F.);
#899 = EDGE_CURVE('',#900,#754,#902,.T.);
#900 = VERTEX_POINT('',#901);
#901 = CARTESIAN_POINT('',(18.15,-18.15,0.));
#902 = LINE('',#903,#904);
#903 = CARTESIAN_POINT('',(18.15,-18.15,0.));
#904 = VECTOR('',#905,1.);
#905 = DIRECTION('',(0.,1.,0.));
#906 = ORIENTED_EDGE('',*,*,#907,.T.);
#907 = EDGE_CURVE('',#900,#840,#908,.T.);
#908 = LINE('',#909,#910);
#909 = CARTESIAN_POINT('',(18.15,-18.15,0.));
#910 = VECTOR('',#911,1.);
#911 = DIRECTION('',(-0.224550066607,0.292280598305,0.929596320691));
#912 = ORIENTED_EDGE('',*,*,#839,.F.);
#913 = ORIENTED_EDGE('',*,*,#761,.F.);
#914 = B_SPLINE_SURFACE_WITH_KNOTS('',1,1,(
    (#915,#916)
    ,(#917,#918
    )),.UNSPECIFIED.,.F.,.F.,.F.,(2,2),(2,2),(0.,13.85379043626),(0.,1.)
  ,.PIECEWISE_BEZIER_KNOTS.);
#915 = CARTESIAN_POINT('',(18.15,-18.15,0.));
#916 = CARTESIAN_POINT('',(18.15,0.,0.));
#917 = CARTESIAN_POINT('',(15.039130434783,-14.10080584249,
    12.878432617165));
#918 = CARTESIAN_POINT('',(14.845679012346,-0.935185185185,
    10.056611192117));
#919 = ADVANCED_FACE('',(#920),#931,.F.);
#920 = FACE_BOUND('',#921,.F.);
#921 = EDGE_LOOP('',(#922,#928,#929,#930));
#922 = ORIENTED_EDGE('',*,*,#923,.T.);
#923 = EDGE_CURVE('',#785,#900,#924,.T.);
#924 = LINE('',#925,#926);
#925 = CARTESIAN_POINT('',(0.,-18.15,0.));
#926 = VECTOR('',#927,1.);
#927 = DIRECTION('',(1.,0.,0.));
#928 = ORIENTED_EDGE('',*,*,#899,.T.);
#929 = ORIENTED_EDGE('',*,*,#753,.F.);
#930 = ORIENTED_EDGE('',*,*,#784,.F.);
#931 = PLANE('',#932);
#932 = AXIS2_PLACEMENT_3D('',#933,#934,#935);
#933 = CARTESIAN_POINT('',(0.,-18.15,0.));
#934 = DIRECTION('',(0.,0.,1.));
#935 = DIRECTION('',(0.,1.,0.));
#936 = ADVANCED_FACE('',(#937),#943,.F.);
#937 = FACE_BOUND('',#938,.F.);
#938 = EDGE_LOOP('',(#939,#940,#941,#942));
#939 = ORIENTED_EDGE('',*,*,#923,.F.);
#940 = ORIENTED_EDGE('',*,*,#792,.T.);
#941 = ORIENTED_EDGE('',*,*,#870,.T.);
#942 = ORIENTED_EDGE('',*,*,#907,.F.);
#943 = PLANE('',#944);
#944 = AXIS2_PLACEMENT_3D('',#945,#946,#947);
#945 = CARTESIAN_POINT('',(0.,-14.70068645842,10.970516673881));
#946 = DIRECTION('',(0.,0.953957971642,-0.299940307963));
#947 = DIRECTION('',(0.,-0.299940307963,-0.953957971642));
#948 = MANIFOLD_SOLID_BREP('',#949);
#949 = CLOSED_SHELL('',(#950,#991,#1045,#1106,#1130,#1147));
#950 = ADVANCED_FACE('',(#951),#986,.F.);
#951 = FACE_BOUND('',#952,.F.);
#952 = EDGE_LOOP('',(#953,#963,#971,#979));
#953 = ORIENTED_EDGE('',*,*,#954,.F.);
#954 = EDGE_CURVE('',#955,#957,#959,.T.);
#955 = VERTEX_POINT('',#956);
#956 = CARTESIAN_POINT('',(19.05,0.,0.));
#957 = VERTEX_POINT('',#958);
#958 = CARTESIAN_POINT('',(21.7,-0.75,8.065203035262));
#959 = LINE('',#960,#961);
#960 = CARTESIAN_POINT('',(19.05,0.,0.));
#961 = VECTOR('',#962,1.);
#962 = DIRECTION('',(0.310942708743,-8.800265341778E-02,0.946345689942)
  );
#963 = ORIENTED_EDGE('',*,*,#964,.T.);
#964 = EDGE_CURVE('',#955,#965,#967,.T.);
#965 = VERTEX_POINT('',#966);
#966 = CARTESIAN_POINT('',(37.2,0.,0.));
#967 = LINE('',#968,#969);
#968 = CARTESIAN_POINT('',(19.05,0.,0.));
#969 = VECTOR('',#970,1.);
#970 = DIRECTION('',(1.,0.,0.));
#971 = ORIENTED_EDGE('',*,*,#972,.T.);
#972 = EDGE_CURVE('',#965,#973,#975,.T.);
#973 = VERTEX_POINT('',#974);
#974 = CARTESIAN_POINT('',(34.55,-0.75,8.065203035262));
#975 = LINE('',#976,#977);
#976 = CARTESIAN_POINT('',(37.2,0.,0.));
#977 = VECTOR('',#978,1.);
#978 = DIRECTION('',(-0.310942708743,-8.800265341778E-02,0.946345689942)
  );
#979 = ORIENTED_EDGE('',*,*,#980,.T.);
#980 = EDGE_CURVE('',#973,#957,#981,.T.);
#981 = CIRCLE('',#982,26.200390625003);
#982 = AXIS2_PLACEMENT_3D('',#983,#984,#985);
#983 = CARTESIAN_POINT('',(28.125,-3.101888020834,33.356475574227));
#984 = DIRECTION('',(0.,0.995704078427,9.259259259259E-02));
#985 = DIRECTION('',(-1.,0.,0.));
#986 = PLANE('',#987);
#987 = AXIS2_PLACEMENT_3D('',#988,#989,#990);
#988 = CARTESIAN_POINT('',(19.05,0.,0.));
#989 = DIRECTION('',(0.,-0.995704078427,-9.259259259259E-02));
#990 = DIRECTION('',(0.,-9.259259259259E-02,0.995704078427));
#991 = ADVANCED_FACE('',(#992),#1040,.T.);
#992 = FACE_BOUND('',#993,.T.);
#993 = EDGE_LOOP('',(#994,#1002,#1010,#1039));
#994 = ORIENTED_EDGE('',*,*,#995,.F.);
#995 = EDGE_CURVE('',#996,#955,#998,.T.);
#996 = VERTEX_POINT('',#997);
#997 = CARTESIAN_POINT('',(19.05,-18.15,0.));
#998 = LINE('',#999,#1000);
#999 = CARTESIAN_POINT('',(19.05,-18.15,0.));
#1000 = VECTOR('',#1001,1.);
#1001 = DIRECTION('',(0.,1.,0.));
#1002 = ORIENTED_EDGE('',*,*,#1003,.T.);
#1003 = EDGE_CURVE('',#996,#1004,#1006,.T.);
#1004 = VERTEX_POINT('',#1005);
#1005 = CARTESIAN_POINT('',(21.7,-14.70068645842,10.970516673881));
#1006 = LINE('',#1007,#1008);
#1007 = CARTESIAN_POINT('',(19.05,-18.15,0.));
#1008 = VECTOR('',#1009,1.);
#1009 = DIRECTION('',(0.224550066607,0.292280598305,0.929596320691));
#1010 = ORIENTED_EDGE('',*,*,#1011,.F.);
#1011 = EDGE_CURVE('',#957,#1004,#1012,.T.);
#1012 = B_SPLINE_CURVE_WITH_KNOTS('',4,(#1013,#1014,#1015,#1016,#1017,
    #1018,#1019,#1020,#1021,#1022,#1023,#1024,#1025,#1026,#1027,#1028,
    #1029,#1030,#1031,#1032,#1033,#1034,#1035,#1036,#1037,#1038),
  .UNSPECIFIED.,.F.,.F.,(5,3,3,3,3,3,3,3,5),(0.,0.1263183419,
    0.250843560805,0.375110758566,0.498466583143,0.622432402074,
    0.744864825638,0.866865297536,1.),.UNSPECIFIED.);
#1013 = CARTESIAN_POINT('',(21.7,-0.75,8.065203035262));
#1014 = CARTESIAN_POINT('',(21.702121483987,-1.190410122814,
    8.156397095463));
#1015 = CARTESIAN_POINT('',(21.704009750691,-1.630840655973,
    8.247653252495));
#1016 = CARTESIAN_POINT('',(21.705677964078,-2.071289335875,
    8.338967663836));
#1017 = CARTESIAN_POINT('',(21.708576573065,-2.94596688943,
    8.520409414087));
#1018 = CARTESIAN_POINT('',(21.709812854608,-3.380195297268,
    8.610535200249));
#1019 = CARTESIAN_POINT('',(21.710857497757,-3.814437878862,
    8.700711256261));
#1020 = CARTESIAN_POINT('',(21.71258105703,-4.682048860538,
    8.880971549937));
#1021 = CARTESIAN_POINT('',(21.713260732511,-5.115417204062,
    8.97105558815));
#1022 = CARTESIAN_POINT('',(21.713768808262,-5.548796936567,
    9.061184301273));
#1023 = CARTESIAN_POINT('',(21.714456124409,-6.412398529655,
    9.240865122589));
#1024 = CARTESIAN_POINT('',(21.714637754231,-6.842620237019,
    9.330416609771));
#1025 = CARTESIAN_POINT('',(21.714666884931,-7.272851026528,
    9.420007558687));
#1026 = CARTESIAN_POINT('',(21.714434144869,-8.135456588102,
    9.599707655069));
#1027 = CARTESIAN_POINT('',(21.714170838799,-8.567831439624,
    9.68981717256));
#1028 = CARTESIAN_POINT('',(21.713768279088,-9.000213725965,
    9.779962554376));
#1029 = CARTESIAN_POINT('',(21.712704333033,-9.859643329267,
    9.959206096349));
#1030 = CARTESIAN_POINT('',(21.712046213501,-10.28669047909,
    10.0483034161));
#1031 = CARTESIAN_POINT('',(21.711264928784,-10.71374351896,
    10.137432348048));
#1032 = CARTESIAN_POINT('',(21.709470353461,-11.56635358501,
    10.315435949902));
#1033 = CARTESIAN_POINT('',(21.708457894169,-11.99191057235,
    10.404310406352));
#1034 = CARTESIAN_POINT('',(21.707334196474,-12.41747231937,
    10.493213350651));
#1035 = CARTESIAN_POINT('',(21.704761876347,-13.3074432383,
    10.679189782476));
#1036 = CARTESIAN_POINT('',(21.703292962939,-13.771853233,10.77626846351
    ));
#1037 = CARTESIAN_POINT('',(21.701703798177,-14.23626779323,
    10.873377905734));
#1038 = CARTESIAN_POINT('',(21.7,-14.70068645842,10.970516673881));
#1039 = ORIENTED_EDGE('',*,*,#954,.F.);
#1040 = B_SPLINE_SURFACE_WITH_KNOTS('',1,1,(
    (#1041,#1042)
    ,(#1043,#1044
    )),.UNSPECIFIED.,.F.,.F.,.F.,(2,2),(2,2),(0.,13.85379043626),(0.,1.)
  ,.PIECEWISE_BEZIER_KNOTS.);
#1041 = CARTESIAN_POINT('',(19.05,-18.15,0.));
#1042 = CARTESIAN_POINT('',(19.05,0.,0.));
#1043 = CARTESIAN_POINT('',(22.160869565217,-14.10080584249,
    12.878432617165));
#1044 = CARTESIAN_POINT('',(22.354320987654,-0.935185185185,
    10.056611192117));
#1045 = ADVANCED_FACE('',(#1046),#1098,.F.);
#1046 = FACE_BOUND('',#1047,.F.);
#1047 = EDGE_LOOP('',(#1048,#1049,#1080,#1097));
#1048 = ORIENTED_EDGE('',*,*,#980,.F.);
#1049 = ORIENTED_EDGE('',*,*,#1050,.T.);
#1050 = EDGE_CURVE('',#973,#1051,#1053,.T.);
#1051 = VERTEX_POINT('',#1052);
#1052 = CARTESIAN_POINT('',(34.55,-14.70068645842,10.970516673881));
#1053 = B_SPLINE_CURVE_WITH_KNOTS('',4,(#1054,#1055,#1056,#1057,#1058,
    #1059,#1060,#1061,#1062,#1063,#1064,#1065,#1066,#1067,#1068,#1069,
    #1070,#1071,#1072,#1073,#1074,#1075,#1076,#1077,#1078,#1079),
  .UNSPECIFIED.,.F.,.F.,(5,3,3,3,3,3,3,3,5),(0.,0.1263183419,
    0.250843560805,0.375110758566,0.498466583142,0.622432402074,
    0.744864825638,0.866865297536,1.),.UNSPECIFIED.);
#1054 = CARTESIAN_POINT('',(34.55,-0.750000000002,8.065203035262));
#1055 = CARTESIAN_POINT('',(34.547878516013,-1.190410122816,
    8.156397095464));
#1056 = CARTESIAN_POINT('',(34.545990249309,-1.630840655974,
    8.247653252495));
#1057 = CARTESIAN_POINT('',(34.544322035922,-2.071289335876,
    8.338967663836));
#1058 = CARTESIAN_POINT('',(34.541423426935,-2.94596688943,
    8.520409414087));
#1059 = CARTESIAN_POINT('',(34.540187145392,-3.380195297268,
    8.610535200249));
#1060 = CARTESIAN_POINT('',(34.539142502243,-3.814437878862,
    8.700711256261));
#1061 = CARTESIAN_POINT('',(34.53741894297,-4.682048860538,
    8.880971549937));
#1062 = CARTESIAN_POINT('',(34.536739267489,-5.115417204062,
    8.97105558815));
#1063 = CARTESIAN_POINT('',(34.536231191738,-5.548796936567,
    9.061184301273));
#1064 = CARTESIAN_POINT('',(34.535543875591,-6.412398529655,
    9.240865122589));
#1065 = CARTESIAN_POINT('',(34.535362245769,-6.842620237019,
    9.330416609771));
#1066 = CARTESIAN_POINT('',(34.535333115069,-7.272851026528,
    9.420007558687));
#1067 = CARTESIAN_POINT('',(34.535565855131,-8.135456588102,
    9.599707655069));
#1068 = CARTESIAN_POINT('',(34.535829161201,-8.567831439624,
    9.68981717256));
#1069 = CARTESIAN_POINT('',(34.536231720912,-9.000213725965,
    9.779962554376));
#1070 = CARTESIAN_POINT('',(34.537295666967,-9.859643329267,
    9.959206096349));
#1071 = CARTESIAN_POINT('',(34.537953786499,-10.28669047909,
    10.0483034161));
#1072 = CARTESIAN_POINT('',(34.538735071216,-10.71374351896,
    10.137432348048));
#1073 = CARTESIAN_POINT('',(34.540529646539,-11.56635358501,
    10.315435949902));
#1074 = CARTESIAN_POINT('',(34.541542105831,-11.99191057235,
    10.404310406352));
#1075 = CARTESIAN_POINT('',(34.542665803526,-12.41747231937,
    10.493213350651));
#1076 = CARTESIAN_POINT('',(34.545238123653,-13.3074432383,
    10.679189782475));
#1077 = CARTESIAN_POINT('',(34.546707037061,-13.771853233,10.77626846351
    ));
#1078 = CARTESIAN_POINT('',(34.548296201823,-14.23626779323,
    10.873377905734));
#1079 = CARTESIAN_POINT('',(34.55,-14.70068645842,10.97051667388));
#1080 = ORIENTED_EDGE('',*,*,#1081,.F.);
#1081 = EDGE_CURVE('',#1004,#1051,#1082,.T.);
#1082 = B_SPLINE_CURVE_WITH_KNOTS('',4,(#1083,#1084,#1085,#1086,#1087,
    #1088,#1089,#1090,#1091,#1092,#1093,#1094,#1095,#1096),
  .UNSPECIFIED.,.F.,.F.,(5,3,3,3,5),(0.,0.250397269715,0.499494429285,
    0.749775654996,1.),.UNSPECIFIED.);
#1083 = CARTESIAN_POINT('',(21.7,-14.70068645842,10.970516673881));
#1084 = CARTESIAN_POINT('',(22.486715523065,-14.75802521303,
    10.788151181163));
#1085 = CARTESIAN_POINT('',(23.282219478774,-14.80604440253,
    10.635426497618));
#1086 = CARTESIAN_POINT('',(24.084391539851,-14.84455666173,
    10.512938536888));
#1087 = CARTESIAN_POINT('',(25.693449021598,-14.90222447977,
    10.329526460319));
#1088 = CARTESIAN_POINT('',(26.500291432071,-14.92147970901,
    10.26828534353));
#1089 = CARTESIAN_POINT('',(27.309357814555,-14.93113672421,
    10.2375712768));
#1090 = CARTESIAN_POINT('',(28.931351187004,-14.9312538901,
    10.23719863155));
#1091 = CARTESIAN_POINT('',(29.744281509128,-14.92162257137,
    10.267830970851));
#1092 = CARTESIAN_POINT('',(30.554974092779,-14.90230118372,
    10.329282503961));
#1093 = CARTESIAN_POINT('',(32.167270393996,-14.84447685841,
    10.513192350754));
#1094 = CARTESIAN_POINT('',(32.96887927206,-14.80597807354,
    10.635637456489));
#1095 = CARTESIAN_POINT('',(33.763827783613,-14.75798561482,
    10.78827712299));
#1096 = CARTESIAN_POINT('',(34.55,-14.70068645842,10.970516673881));
#1097 = ORIENTED_EDGE('',*,*,#1011,.F.);
#1098 = SURFACE_OF_LINEAR_EXTRUSION('',#1099,#1104);
#1099 = CIRCLE('',#1100,26.200390625003);
#1100 = AXIS2_PLACEMENT_3D('',#1101,#1102,#1103);
#1101 = CARTESIAN_POINT('',(28.125,-3.101888020834,33.356475574227));
#1102 = DIRECTION('',(0.,0.995704078427,9.259259259259E-02));
#1103 = DIRECTION('',(-1.,0.,0.));
#1104 = VECTOR('',#1105,1.);
#1105 = DIRECTION('',(0.,0.978995540942,-0.20388165885));
#1106 = ADVANCED_FACE('',(#1107),#1125,.F.);
#1107 = FACE_BOUND('',#1108,.F.);
#1108 = EDGE_LOOP('',(#1109,#1117,#1123,#1124));
#1109 = ORIENTED_EDGE('',*,*,#1110,.F.);
#1110 = EDGE_CURVE('',#1111,#965,#1113,.T.);
#1111 = VERTEX_POINT('',#1112);
#1112 = CARTESIAN_POINT('',(37.2,-18.15,0.));
#1113 = LINE('',#1114,#1115);
#1114 = CARTESIAN_POINT('',(37.2,-18.15,0.));
#1115 = VECTOR('',#1116,1.);
#1116 = DIRECTION('',(0.,1.,0.));
#1117 = ORIENTED_EDGE('',*,*,#1118,.T.);
#1118 = EDGE_CURVE('',#1111,#1051,#1119,.T.);
#1119 = LINE('',#1120,#1121);
#1120 = CARTESIAN_POINT('',(37.2,-18.15,0.));
#1121 = VECTOR('',#1122,1.);
#1122 = DIRECTION('',(-0.224550066607,0.292280598305,0.929596320691));
#1123 = ORIENTED_EDGE('',*,*,#1050,.F.);
#1124 = ORIENTED_EDGE('',*,*,#972,.F.);
#1125 = B_SPLINE_SURFACE_WITH_KNOTS('',1,1,(
    (#1126,#1127)
    ,(#1128,#1129
    )),.UNSPECIFIED.,.F.,.F.,.F.,(2,2),(2,2),(0.,13.85379043626),(0.,1.)
  ,.PIECEWISE_BEZIER_KNOTS.);
#1126 = CARTESIAN_POINT('',(37.2,-18.15,0.));
#1127 = CARTESIAN_POINT('',(37.2,0.,0.));
#1128 = CARTESIAN_POINT('',(34.089130434783,-14.10080584249,
    12.878432617165));
#1129 = CARTESIAN_POINT('',(33.895679012346,-0.935185185185,
    10.056611192117));
#1130 = ADVANCED_FACE('',(#1131),#1142,.F.);
#1131 = FACE_BOUND('',#1132,.F.);
#1132 = EDGE_LOOP('',(#1133,#1139,#1140,#1141));
#1133 = ORIENTED_EDGE('',*,*,#1134,.T.);
#1134 = EDGE_CURVE('',#996,#1111,#1135,.T.);
#1135 = LINE('',#1136,#1137);
#1136 = CARTESIAN_POINT('',(19.05,-18.15,0.));
#1137 = VECTOR('',#1138,1.);
#1138 = DIRECTION('',(1.,0.,0.));
#1139 = ORIENTED_EDGE('',*,*,#1110,.T.);
#1140 = ORIENTED_EDGE('',*,*,#964,.F.);
#1141 = ORIENTED_EDGE('',*,*,#995,.F.);
#1142 = PLANE('',#1143);
#1143 = AXIS2_PLACEMENT_3D('',#1144,#1145,#1146);
#1144 = CARTESIAN_POINT('',(19.05,-18.15,0.));
#1145 = DIRECTION('',(0.,0.,1.));
#1146 = DIRECTION('',(0.,1.,0.));
#1147 = ADVANCED_FACE('',(#1148),#1154,.F.);
#1148 = FACE_BOUND('',#1149,.F.);
#1149 = EDGE_LOOP('',(#1150,#1151,#1152,#1153));
#1150 = ORIENTED_EDGE('',*,*,#1134,.F.);
#1151 = ORIENTED_EDGE('',*,*,#1003,.T.);
#1152 = ORIENTED_EDGE('',*,*,#1081,.T.);
#1153 = ORIENTED_EDGE('',*,*,#1118,.F.);
#1154 = PLANE('',#1155);
#1155 = AXIS2_PLACEMENT_3D('',#1156,#1157,#1158);
#1156 = CARTESIAN_POINT('',(19.05,-14.70068645842,10.970516673881));
#1157 = DIRECTION('',(0.,0.953957971642,-0.299940307963));
#1158 = DIRECTION('',(0.,-0.299940307963,-0.953957971642));
#1159 = MANIFOLD_SOLID_BREP('',#1160);
#1160 = CLOSED_SHELL('',(#1161,#1202,#1256,#1317,#1341,#1358));
#1161 = ADVANCED_FACE('',(#1162),#1197,.F.);
#1162 = FACE_BOUND('',#1163,.F.);
#1163 = EDGE_LOOP('',(#1164,#1174,#1182,#1190));
#1164 = ORIENTED_EDGE('',*,*,#1165,.F.);
#1165 = EDGE_CURVE('',#1166,#1168,#1170,.T.);
#1166 = VERTEX_POINT('',#1167);
#1167 = CARTESIAN_POINT('',(38.1,0.,0.));
#1168 = VERTEX_POINT('',#1169);
#1169 = CARTESIAN_POINT('',(40.75,-0.75,8.065203035262));
#1170 = LINE('',#1171,#1172);
#1171 = CARTESIAN_POINT('',(38.1,0.,0.));
#1172 = VECTOR('',#1173,1.);
#1173 = DIRECTION('',(0.310942708743,-8.800265341778E-02,0.946345689942)
  );
#1174 = ORIENTED_EDGE('',*,*,#1175,.T.);
#1175 = EDGE_CURVE('',#1166,#1176,#1178,.T.);
#1176 = VERTEX_POINT('',#1177);
#1177 = CARTESIAN_POINT('',(56.25,0.,0.));
#1178 = LINE('',#1179,#1180);
#1179 = CARTESIAN_POINT('',(38.1,0.,0.));
#1180 = VECTOR('',#1181,1.);
#1181 = DIRECTION('',(1.,0.,0.));
#1182 = ORIENTED_EDGE('',*,*,#1183,.T.);
#1183 = EDGE_CURVE('',#1176,#1184,#1186,.T.);
#1184 = VERTEX_POINT('',#1185);
#1185 = CARTESIAN_POINT('',(53.6,-0.75,8.065203035262));
#1186 = LINE('',#1187,#1188);
#1187 = CARTESIAN_POINT('',(56.25,0.,0.));
#1188 = VECTOR('',#1189,1.);
#1189 = DIRECTION('',(-0.310942708743,-8.800265341778E-02,0.946345689942
    ));
#1190 = ORIENTED_EDGE('',*,*,#1191,.T.);
#1191 = EDGE_CURVE('',#1184,#1168,#1192,.T.);
#1192 = CIRCLE('',#1193,26.200390625003);
#1193 = AXIS2_PLACEMENT_3D('',#1194,#1195,#1196);
#1194 = CARTESIAN_POINT('',(47.175,-3.101888020834,33.356475574227));
#1195 = DIRECTION('',(0.,0.995704078427,9.259259259259E-02));
#1196 = DIRECTION('',(-1.,0.,0.));
#1197 = PLANE('',#1198);
#1198 = AXIS2_PLACEMENT_3D('',#1199,#1200,#1201);
#1199 = CARTESIAN_POINT('',(38.1,0.,0.));
#1200 = DIRECTION('',(0.,-0.995704078427,-9.259259259259E-02));
#1201 = DIRECTION('',(0.,-9.259259259259E-02,0.995704078427));
#1202 = ADVANCED_FACE('',(#1203),#1251,.T.);
#1203 = FACE_BOUND('',#1204,.T.);
#1204 = EDGE_LOOP('',(#1205,#1213,#1221,#1250));
#1205 = ORIENTED_EDGE('',*,*,#1206,.F.);
#1206 = EDGE_CURVE('',#1207,#1166,#1209,.T.);
#1207 = VERTEX_POINT('',#1208);
#1208 = CARTESIAN_POINT('',(38.1,-18.15,0.));
#1209 = LINE('',#1210,#1211);
#1210 = CARTESIAN_POINT('',(38.1,-18.15,0.));
#1211 = VECTOR('',#1212,1.);
#1212 = DIRECTION('',(0.,1.,0.));
#1213 = ORIENTED_EDGE('',*,*,#1214,.T.);
#1214 = EDGE_CURVE('',#1207,#1215,#1217,.T.);
#1215 = VERTEX_POINT('',#1216);
#1216 = CARTESIAN_POINT('',(40.75,-14.70068645842,10.970516673881));
#1217 = LINE('',#1218,#1219);
#1218 = CARTESIAN_POINT('',(38.1,-18.15,0.));
#1219 = VECTOR('',#1220,1.);
#1220 = DIRECTION('',(0.224550066607,0.292280598305,0.929596320691));
#1221 = ORIENTED_EDGE('',*,*,#1222,.F.);
#1222 = EDGE_CURVE('',#1168,#1215,#1223,.T.);
#1223 = B_SPLINE_CURVE_WITH_KNOTS('',4,(#1224,#1225,#1226,#1227,#1228,
    #1229,#1230,#1231,#1232,#1233,#1234,#1235,#1236,#1237,#1238,#1239,
    #1240,#1241,#1242,#1243,#1244,#1245,#1246,#1247,#1248,#1249),
  .UNSPECIFIED.,.F.,.F.,(5,3,3,3,3,3,3,3,5),(0.,0.1263183419,
    0.250843560805,0.375110758566,0.498466583143,0.622432402074,
    0.744864825638,0.866865297536,1.),.UNSPECIFIED.);
#1224 = CARTESIAN_POINT('',(40.75,-0.75,8.065203035262));
#1225 = CARTESIAN_POINT('',(40.752121483987,-1.190410122814,
    8.156397095463));
#1226 = CARTESIAN_POINT('',(40.754009750691,-1.630840655973,
    8.247653252495));
#1227 = CARTESIAN_POINT('',(40.755677964078,-2.071289335875,
    8.338967663836));
#1228 = CARTESIAN_POINT('',(40.758576573065,-2.94596688943,
    8.520409414087));
#1229 = CARTESIAN_POINT('',(40.759812854608,-3.380195297268,
    8.610535200249));
#1230 = CARTESIAN_POINT('',(40.760857497757,-3.814437878862,
    8.700711256261));
#1231 = CARTESIAN_POINT('',(40.76258105703,-4.682048860538,
    8.880971549937));
#1232 = CARTESIAN_POINT('',(40.763260732511,-5.115417204062,
    8.97105558815));
#1233 = CARTESIAN_POINT('',(40.763768808262,-5.548796936567,
    9.061184301273));
#1234 = CARTESIAN_POINT('',(40.764456124409,-6.412398529655,
    9.240865122589));
#1235 = CARTESIAN_POINT('',(40.764637754231,-6.842620237019,
    9.330416609771));
#1236 = CARTESIAN_POINT('',(40.764666884931,-7.272851026528,
    9.420007558687));
#1237 = CARTESIAN_POINT('',(40.764434144869,-8.135456588102,
    9.599707655069));
#1238 = CARTESIAN_POINT('',(40.764170838799,-8.567831439624,
    9.68981717256));
#1239 = CARTESIAN_POINT('',(40.763768279088,-9.000213725965,
    9.779962554376));
#1240 = CARTESIAN_POINT('',(40.762704333033,-9.859643329267,
    9.959206096349));
#1241 = CARTESIAN_POINT('',(40.762046213501,-10.28669047909,
    10.0483034161));
#1242 = CARTESIAN_POINT('',(40.761264928784,-10.71374351896,
    10.137432348048));
#1243 = CARTESIAN_POINT('',(40.759470353461,-11.56635358501,
    10.315435949902));
#1244 = CARTESIAN_POINT('',(40.758457894169,-11.99191057235,
    10.404310406352));
#1245 = CARTESIAN_POINT('',(40.757334196474,-12.41747231937,
    10.493213350651));
#1246 = CARTESIAN_POINT('',(40.754761876347,-13.3074432383,
    10.679189782476));
#1247 = CARTESIAN_POINT('',(40.753292962939,-13.771853233,10.77626846351
    ));
#1248 = CARTESIAN_POINT('',(40.751703798177,-14.23626779323,
    10.873377905734));
#1249 = CARTESIAN_POINT('',(40.75,-14.70068645842,10.970516673881));
#1250 = ORIENTED_EDGE('',*,*,#1165,.F.);
#1251 = B_SPLINE_SURFACE_WITH_KNOTS('',1,1,(
    (#1252,#1253)
    ,(#1254,#1255
    )),.UNSPECIFIED.,.F.,.F.,.F.,(2,2),(2,2),(0.,13.85379043626),(0.,1.)
  ,.PIECEWISE_BEZIER_KNOTS.);
#1252 = CARTESIAN_POINT('',(38.1,-18.15,0.));
#1253 = CARTESIAN_POINT('',(38.1,0.,0.));
#1254 = CARTESIAN_POINT('',(41.210869565217,-14.10080584249,
    12.878432617165));
#1255 = CARTESIAN_POINT('',(41.404320987654,-0.935185185185,
    10.056611192117));
#1256 = ADVANCED_FACE('',(#1257),#1309,.F.);
#1257 = FACE_BOUND('',#1258,.F.);
#1258 = EDGE_LOOP('',(#1259,#1260,#1291,#1308));
#1259 = ORIENTED_EDGE('',*,*,#1191,.F.);
#1260 = ORIENTED_EDGE('',*,*,#1261,.T.);
#1261 = EDGE_CURVE('',#1184,#1262,#1264,.T.);
#1262 = VERTEX_POINT('',#1263);
#1263 = CARTESIAN_POINT('',(53.6,-14.70068645842,10.970516673881));
#1264 = B_SPLINE_CURVE_WITH_KNOTS('',4,(#1265,#1266,#1267,#1268,#1269,
    #1270,#1271,#1272,#1273,#1274,#1275,#1276,#1277,#1278,#1279,#1280,
    #1281,#1282,#1283,#1284,#1285,#1286,#1287,#1288,#1289,#1290),
  .UNSPECIFIED.,.F.,.F.,(5,3,3,3,3,3,3,3,5),(0.,0.1263183419,
    0.250843560805,0.375110758566,0.498466583142,0.622432402074,
    0.744864825638,0.866865297536,1.),.UNSPECIFIED.);
#1265 = CARTESIAN_POINT('',(53.6,-0.750000000002,8.065203035262));
#1266 = CARTESIAN_POINT('',(53.597878516013,-1.190410122816,
    8.156397095464));
#1267 = CARTESIAN_POINT('',(53.595990249309,-1.630840655974,
    8.247653252495));
#1268 = CARTESIAN_POINT('',(53.594322035922,-2.071289335876,
    8.338967663836));
#1269 = CARTESIAN_POINT('',(53.591423426935,-2.94596688943,
    8.520409414087));
#1270 = CARTESIAN_POINT('',(53.590187145392,-3.380195297268,
    8.610535200249));
#1271 = CARTESIAN_POINT('',(53.589142502243,-3.814437878862,
    8.700711256261));
#1272 = CARTESIAN_POINT('',(53.58741894297,-4.682048860538,
    8.880971549937));
#1273 = CARTESIAN_POINT('',(53.586739267489,-5.115417204062,
    8.97105558815));
#1274 = CARTESIAN_POINT('',(53.586231191738,-5.548796936567,
    9.061184301273));
#1275 = CARTESIAN_POINT('',(53.585543875591,-6.412398529655,
    9.240865122589));
#1276 = CARTESIAN_POINT('',(53.585362245769,-6.842620237019,
    9.330416609771));
#1277 = CARTESIAN_POINT('',(53.585333115069,-7.272851026528,
    9.420007558687));
#1278 = CARTESIAN_POINT('',(53.585565855131,-8.135456588102,
    9.599707655069));
#1279 = CARTESIAN_POINT('',(53.585829161201,-8.567831439624,
    9.68981717256));
#1280 = CARTESIAN_POINT('',(53.586231720912,-9.000213725965,
    9.779962554376));
#1281 = CARTESIAN_POINT('',(53.587295666967,-9.859643329267,
    9.959206096349));
#1282 = CARTESIAN_POINT('',(53.587953786499,-10.28669047909,
    10.0483034161));
#1283 = CARTESIAN_POINT('',(53.588735071216,-10.71374351896,
    10.137432348048));
#1284 = CARTESIAN_POINT('',(53.590529646539,-11.56635358501,
    10.315435949902));
#1285 = CARTESIAN_POINT('',(53.591542105831,-11.99191057235,
    10.404310406352));
#1286 = CARTESIAN_POINT('',(53.592665803526,-12.41747231937,
    10.493213350651));
#1287 = CARTESIAN_POINT('',(53.595238123653,-13.3074432383,
    10.679189782475));
#1288 = CARTESIAN_POINT('',(53.596707037061,-13.771853233,10.77626846351
    ));
#1289 = CARTESIAN_POINT('',(53.598296201823,-14.23626779323,
    10.873377905734));
#1290 = CARTESIAN_POINT('',(53.6,-14.70068645842,10.97051667388));
#1291 = ORIENTED_EDGE('',*,*,#1292,.F.);
#1292 = EDGE_CURVE('',#1215,#1262,#1293,.T.);
#1293 = B_SPLINE_CURVE_WITH_KNOTS('',4,(#1294,#1295,#1296,#1297,#1298,
    #1299,#1300,#1301,#1302,#1303,#1304,#1305,#1306,#1307),
  .UNSPECIFIED.,.F.,.F.,(5,3,3,3,5),(0.,0.250397269715,0.499494429285,
    0.749775654996,1.),.UNSPECIFIED.);
#1294 = CARTESIAN_POINT('',(40.75,-14.70068645842,10.970516673881));
#1295 = CARTESIAN_POINT('',(41.536715523065,-14.75802521303,
    10.788151181163));
#1296 = CARTESIAN_POINT('',(42.332219478774,-14.80604440253,
    10.635426497618));
#1297 = CARTESIAN_POINT('',(43.134391539851,-14.84455666173,
    10.512938536888));
#1298 = CARTESIAN_POINT('',(44.743449021598,-14.90222447977,
    10.329526460319));
#1299 = CARTESIAN_POINT('',(45.550291432071,-14.92147970901,
    10.26828534353));
#1300 = CARTESIAN_POINT('',(46.359357814555,-14.93113672421,
    10.2375712768));
#1301 = CARTESIAN_POINT('',(47.981351187004,-14.9312538901,
    10.23719863155));
#1302 = CARTESIAN_POINT('',(48.794281509128,-14.92162257137,
    10.267830970851));
#1303 = CARTESIAN_POINT('',(49.604974092779,-14.90230118372,
    10.329282503961));
#1304 = CARTESIAN_POINT('',(51.217270393996,-14.84447685841,
    10.513192350754));
#1305 = CARTESIAN_POINT('',(52.01887927206,-14.80597807354,
    10.635637456489));
#1306 = CARTESIAN_POINT('',(52.813827783613,-14.75798561482,
    10.78827712299));
#1307 = CARTESIAN_POINT('',(53.6,-14.70068645842,10.970516673881));
#1308 = ORIENTED_EDGE('',*,*,#1222,.F.);
#1309 = SURFACE_OF_LINEAR_EXTRUSION('',#1310,#1315);
#1310 = CIRCLE('',#1311,26.200390625003);
#1311 = AXIS2_PLACEMENT_3D('',#1312,#1313,#1314);
#1312 = CARTESIAN_POINT('',(47.175,-3.101888020834,33.356475574227));
#1313 = DIRECTION('',(0.,0.995704078427,9.259259259259E-02));
#1314 = DIRECTION('',(-1.,0.,0.));
#1315 = VECTOR('',#1316,1.);
#1316 = DIRECTION('',(0.,0.978995540942,-0.20388165885));
#1317 = ADVANCED_FACE('',(#1318),#1336,.F.);
#1318 = FACE_BOUND('',#1319,.F.);
#1319 = EDGE_LOOP('',(#1320,#1328,#1334,#1335));
#1320 = ORIENTED_EDGE('',*,*,#1321,.F.);
#1321 = EDGE_CURVE('',#1322,#1176,#1324,.T.);
#1322 = VERTEX_POINT('',#1323);
#1323 = CARTESIAN_POINT('',(56.25,-18.15,0.));
#1324 = LINE('',#1325,#1326);
#1325 = CARTESIAN_POINT('',(56.25,-18.15,0.));
#1326 = VECTOR('',#1327,1.);
#1327 = DIRECTION('',(0.,1.,0.));
#1328 = ORIENTED_EDGE('',*,*,#1329,.T.);
#1329 = EDGE_CURVE('',#1322,#1262,#1330,.T.);
#1330 = LINE('',#1331,#1332);
#1331 = CARTESIAN_POINT('',(56.25,-18.15,0.));
#1332 = VECTOR('',#1333,1.);
#1333 = DIRECTION('',(-0.224550066607,0.292280598305,0.929596320691));
#1334 = ORIENTED_EDGE('',*,*,#1261,.F.);
#1335 = ORIENTED_EDGE('',*,*,#1183,.F.);
#1336 = B_SPLINE_SURFACE_WITH_KNOTS('',1,1,(
    (#1337,#1338)
    ,(#1339,#1340
    )),.UNSPECIFIED.,.F.,.F.,.F.,(2,2),(2,2),(0.,13.85379043626),(0.,1.)
  ,.PIECEWISE_BEZIER_KNOTS.);
#1337 = CARTESIAN_POINT('',(56.25,-18.15,0.));
#1338 = CARTESIAN_POINT('',(56.25,0.,0.));
#1339 = CARTESIAN_POINT('',(53.139130434783,-14.10080584249,
    12.878432617165));
#1340 = CARTESIAN_POINT('',(52.945679012346,-0.935185185185,
    10.056611192117));
#1341 = ADVANCED_FACE('',(#1342),#1353,.F.);
#1342 = FACE_BOUND('',#1343,.F.);
#1343 = EDGE_LOOP('',(#1344,#1350,#1351,#1352));
#1344 = ORIENTED_EDGE('',*,*,#1345,.T.);
#1345 = EDGE_CURVE('',#1207,#1322,#1346,.T.);
#1346 = LINE('',#1347,#1348);
#1347 = CARTESIAN_POINT('',(38.1,-18.15,0.));
#1348 = VECTOR('',#1349,1.);
#1349 = DIRECTION('',(1.,0.,0.));
#1350 = ORIENTED_EDGE('',*,*,#1321,.T.);
#1351 = ORIENTED_EDGE('',*,*,#1175,.F.);
#1352 = ORIENTED_EDGE('',*,*,#1206,.F.);
#1353 = PLANE('',#1354);
#1354 = AXIS2_PLACEMENT_3D('',#1355,#1356,#1357);
#1355 = CARTESIAN_POINT('',(38.1,-18.15,0.));
#1356 = DIRECTION('',(0.,0.,1.));
#1357 = DIRECTION('',(0.,1.,0.));
#1358 = ADVANCED_FACE('',(#1359),#1365,.F.);
#1359 = FACE_BOUND('',#1360,.F.);
#1360 = EDGE_LOOP('',(#1361,#1362,#1363,#1364));
#1361 = ORIENTED_EDGE('',*,*,#1345,.F.);
#1362 = ORIENTED_EDGE('',*,*,#1214,.T.);
#1363 = ORIENTED_EDGE('',*,*,#1292,.T.);
#1364 = ORIENTED_EDGE('',*,*,#1329,.F.);
#1365 = PLANE('',#1366);
#1366 = AXIS2_PLACEMENT_3D('',#1367,#1368,#1369);
#1367 = CARTESIAN_POINT('',(38.1,-14.70068645842,10.970516673881));
#1368 = DIRECTION('',(0.,0.953957971642,-0.299940307963));
#1369 = DIRECTION('',(0.,-0.299940307963,-0.953957971642));
#1370 = MANIFOLD_SOLID_BREP('',#1371);
#1371 = CLOSED_SHELL('',(#1372,#1413,#1467,#1528,#1552,#1569));
#1372 = ADVANCED_FACE('',(#1373),#1408,.F.);
#1373 = FACE_BOUND('',#1374,.F.);
#1374 = EDGE_LOOP('',(#1375,#1385,#1393,#1401));
#1375 = ORIENTED_EDGE('',*,*,#1376,.F.);
#1376 = EDGE_CURVE('',#1377,#1379,#1381,.T.);
#1377 = VERTEX_POINT('',#1378);
#1378 = CARTESIAN_POINT('',(57.15,0.,0.));
#1379 = VERTEX_POINT('',#1380);
#1380 = CARTESIAN_POINT('',(59.8,-0.75,8.065203035262));
#1381 = LINE('',#1382,#1383);
#1382 = CARTESIAN_POINT('',(57.15,0.,0.));
#1383 = VECTOR('',#1384,1.);
#1384 = DIRECTION('',(0.310942708743,-8.800265341778E-02,0.946345689942)
  );
#1385 = ORIENTED_EDGE('',*,*,#1386,.T.);
#1386 = EDGE_CURVE('',#1377,#1387,#1389,.T.);
#1387 = VERTEX_POINT('',#1388);
#1388 = CARTESIAN_POINT('',(75.3,0.,0.));
#1389 = LINE('',#1390,#1391);
#1390 = CARTESIAN_POINT('',(57.15,0.,0.));
#1391 = VECTOR('',#1392,1.);
#1392 = DIRECTION('',(1.,0.,0.));
#1393 = ORIENTED_EDGE('',*,*,#1394,.T.);
#1394 = EDGE_CURVE('',#1387,#1395,#1397,.T.);
#1395 = VERTEX_POINT('',#1396);
#1396 = CARTESIAN_POINT('',(72.65,-0.75,8.065203035262));
#1397 = LINE('',#1398,#1399);
#1398 = CARTESIAN_POINT('',(75.3,0.,0.));
#1399 = VECTOR('',#1400,1.);
#1400 = DIRECTION('',(-0.310942708743,-8.800265341778E-02,0.946345689942
    ));
#1401 = ORIENTED_EDGE('',*,*,#1402,.T.);
#1402 = EDGE_CURVE('',#1395,#1379,#1403,.T.);
#1403 = CIRCLE('',#1404,26.200390625003);
#1404 = AXIS2_PLACEMENT_3D('',#1405,#1406,#1407);
#1405 = CARTESIAN_POINT('',(66.225,-3.101888020834,33.356475574227));
#1406 = DIRECTION('',(0.,0.995704078427,9.259259259259E-02));
#1407 = DIRECTION('',(-1.,0.,0.));
#1408 = PLANE('',#1409);
#1409 = AXIS2_PLACEMENT_3D('',#1410,#1411,#1412);
#1410 = CARTESIAN_POINT('',(57.15,0.,0.));
#1411 = DIRECTION('',(0.,-0.995704078427,-9.259259259259E-02));
#1412 = DIRECTION('',(0.,-9.259259259259E-02,0.995704078427));
#1413 = ADVANCED_FACE('',(#1414),#1462,.T.);
#1414 = FACE_BOUND('',#1415,.T.);
#1415 = EDGE_LOOP('',(#1416,#1424,#1432,#1461));
#1416 = ORIENTED_EDGE('',*,*,#1417,.F.);
#1417 = EDGE_CURVE('',#1418,#1377,#1420,.T.);
#1418 = VERTEX_POINT('',#1419);
#1419 = CARTESIAN_POINT('',(57.15,-18.15,0.));
#1420 = LINE('',#1421,#1422);
#1421 = CARTESIAN_POINT('',(57.15,-18.15,0.));
#1422 = VECTOR('',#1423,1.);
#1423 = DIRECTION('',(0.,1.,0.));
#1424 = ORIENTED_EDGE('',*,*,#1425,.T.);
#1425 = EDGE_CURVE('',#1418,#1426,#1428,.T.);
#1426 = VERTEX_POINT('',#1427);
#1427 = CARTESIAN_POINT('',(59.8,-14.70068645842,10.970516673881));
#1428 = LINE('',#1429,#1430);
#1429 = CARTESIAN_POINT('',(57.15,-18.15,0.));
#1430 = VECTOR('',#1431,1.);
#1431 = DIRECTION('',(0.224550066607,0.292280598305,0.929596320691));
#1432 = ORIENTED_EDGE('',*,*,#1433,.F.);
#1433 = EDGE_CURVE('',#1379,#1426,#1434,.T.);
#1434 = B_SPLINE_CURVE_WITH_KNOTS('',4,(#1435,#1436,#1437,#1438,#1439,
    #1440,#1441,#1442,#1443,#1444,#1445,#1446,#1447,#1448,#1449,#1450,
    #1451,#1452,#1453,#1454,#1455,#1456,#1457,#1458,#1459,#1460),
  .UNSPECIFIED.,.F.,.F.,(5,3,3,3,3,3,3,3,5),(0.,0.1263183419,
    0.250843560805,0.375110758566,0.498466583143,0.622432402074,
    0.744864825638,0.866865297536,1.),.UNSPECIFIED.);
#1435 = CARTESIAN_POINT('',(59.8,-0.75,8.065203035262));
#1436 = CARTESIAN_POINT('',(59.802121483987,-1.190410122814,
    8.156397095463));
#1437 = CARTESIAN_POINT('',(59.804009750691,-1.630840655973,
    8.247653252495));
#1438 = CARTESIAN_POINT('',(59.805677964078,-2.071289335875,
    8.338967663836));
#1439 = CARTESIAN_POINT('',(59.808576573065,-2.94596688943,
    8.520409414087));
#1440 = CARTESIAN_POINT('',(59.809812854608,-3.380195297268,
    8.610535200249));
#1441 = CARTESIAN_POINT('',(59.810857497757,-3.814437878862,
    8.700711256261));
#1442 = CARTESIAN_POINT('',(59.81258105703,-4.682048860538,
    8.880971549937));
#1443 = CARTESIAN_POINT('',(59.813260732511,-5.115417204062,
    8.97105558815));
#1444 = CARTESIAN_POINT('',(59.813768808262,-5.548796936567,
    9.061184301273));
#1445 = CARTESIAN_POINT('',(59.814456124409,-6.412398529655,
    9.240865122589));
#1446 = CARTESIAN_POINT('',(59.814637754231,-6.842620237019,
    9.330416609771));
#1447 = CARTESIAN_POINT('',(59.814666884931,-7.272851026528,
    9.420007558687));
#1448 = CARTESIAN_POINT('',(59.814434144869,-8.135456588102,
    9.599707655069));
#1449 = CARTESIAN_POINT('',(59.814170838799,-8.567831439624,
    9.68981717256));
#1450 = CARTESIAN_POINT('',(59.813768279088,-9.000213725965,
    9.779962554376));
#1451 = CARTESIAN_POINT('',(59.812704333033,-9.859643329267,
    9.959206096349));
#1452 = CARTESIAN_POINT('',(59.812046213501,-10.28669047909,
    10.0483034161));
#1453 = CARTESIAN_POINT('',(59.811264928784,-10.71374351896,
    10.137432348048));
#1454 = CARTESIAN_POINT('',(59.809470353461,-11.56635358501,
    10.315435949902));
#1455 = CARTESIAN_POINT('',(59.808457894169,-11.99191057235,
    10.404310406352));
#1456 = CARTESIAN_POINT('',(59.807334196474,-12.41747231937,
    10.493213350651));
#1457 = CARTESIAN_POINT('',(59.804761876347,-13.3074432383,
    10.679189782476));
#1458 = CARTESIAN_POINT('',(59.803292962939,-13.771853233,10.77626846351
    ));
#1459 = CARTESIAN_POINT('',(59.801703798177,-14.23626779323,
    10.873377905734));
#1460 = CARTESIAN_POINT('',(59.8,-14.70068645842,10.970516673881));
#1461 = ORIENTED_EDGE('',*,*,#1376,.F.);
#1462 = B_SPLINE_SURFACE_WITH_KNOTS('',1,1,(
    (#1463,#1464)
    ,(#1465,#1466
    )),.UNSPECIFIED.,.F.,.F.,.F.,(2,2),(2,2),(0.,13.85379043626),(0.,1.)
  ,.PIECEWISE_BEZIER_KNOTS.);
#1463 = CARTESIAN_POINT('',(57.15,-18.15,0.));
#1464 = CARTESIAN_POINT('',(57.15,0.,0.));
#1465 = CARTESIAN_POINT('',(60.260869565217,-14.10080584249,
    12.878432617165));
#1466 = CARTESIAN_POINT('',(60.454320987654,-0.935185185185,
    10.056611192117));
#1467 = ADVANCED_FACE('',(#1468),#1520,.F.);
#1468 = FACE_BOUND('',#1469,.F.);
#1469 = EDGE_LOOP('',(#1470,#1471,#1502,#1519));
#1470 = ORIENTED_EDGE('',*,*,#1402,.F.);
#1471 = ORIENTED_EDGE('',*,*,#1472,.T.);
#1472 = EDGE_CURVE('',#1395,#1473,#1475,.T.);
#1473 = VERTEX_POINT('',#1474);
#1474 = CARTESIAN_POINT('',(72.65,-14.70068645842,10.970516673881));
#1475 = B_SPLINE_CURVE_WITH_KNOTS('',4,(#1476,#1477,#1478,#1479,#1480,
    #1481,#1482,#1483,#1484,#1485,#1486,#1487,#1488,#1489,#1490,#1491,
    #1492,#1493,#1494,#1495,#1496,#1497,#1498,#1499,#1500,#1501),
  .UNSPECIFIED.,.F.,.F.,(5,3,3,3,3,3,3,3,5),(0.,0.1263183419,
    0.250843560805,0.375110758566,0.498466583142,0.622432402074,
    0.744864825638,0.866865297536,1.),.UNSPECIFIED.);
#1476 = CARTESIAN_POINT('',(72.65,-0.750000000002,8.065203035262));
#1477 = CARTESIAN_POINT('',(72.647878516013,-1.190410122816,
    8.156397095464));
#1478 = CARTESIAN_POINT('',(72.645990249309,-1.630840655974,
    8.247653252495));
#1479 = CARTESIAN_POINT('',(72.644322035922,-2.071289335876,
    8.338967663836));
#1480 = CARTESIAN_POINT('',(72.641423426935,-2.94596688943,
    8.520409414087));
#1481 = CARTESIAN_POINT('',(72.640187145392,-3.380195297268,
    8.610535200249));
#1482 = CARTESIAN_POINT('',(72.639142502243,-3.814437878862,
    8.700711256261));
#1483 = CARTESIAN_POINT('',(72.63741894297,-4.682048860538,
    8.880971549937));
#1484 = CARTESIAN_POINT('',(72.636739267489,-5.115417204062,
    8.97105558815));
#1485 = CARTESIAN_POINT('',(72.636231191738,-5.548796936567,
    9.061184301273));
#1486 = CARTESIAN_POINT('',(72.635543875591,-6.412398529655,
    9.240865122589));
#1487 = CARTESIAN_POINT('',(72.635362245769,-6.842620237019,
    9.330416609771));
#1488 = CARTESIAN_POINT('',(72.635333115069,-7.272851026528,
    9.420007558687));
#1489 = CARTESIAN_POINT('',(72.635565855131,-8.135456588102,
    9.599707655069));
#1490 = CARTESIAN_POINT('',(72.635829161201,-8.567831439624,
    9.68981717256));
#1491 = CARTESIAN_POINT('',(72.636231720912,-9.000213725965,
    9.779962554376));
#1492 = CARTESIAN_POINT('',(72.637295666967,-9.859643329267,
    9.959206096349));
#1493 = CARTESIAN_POINT('',(72.637953786499,-10.28669047909,
    10.0483034161));
#1494 = CARTESIAN_POINT('',(72.638735071216,-10.71374351896,
    10.137432348048));
#1495 = CARTESIAN_POINT('',(72.640529646539,-11.56635358501,
    10.315435949902));
#1496 = CARTESIAN_POINT('',(72.641542105831,-11.99191057235,
    10.404310406352));
#1497 = CARTESIAN_POINT('',(72.642665803526,-12.41747231937,
    10.493213350651));
#1498 = CARTESIAN_POINT('',(72.645238123653,-13.3074432383,
    10.679189782475));
#1499 = CARTESIAN_POINT('',(72.646707037061,-13.771853233,10.77626846351
    ));
#1500 = CARTESIAN_POINT('',(72.648296201823,-14.23626779323,
    10.873377905734));
#1501 = CARTESIAN_POINT('',(72.65,-14.70068645842,10.97051667388));
#1502 = ORIENTED_EDGE('',*,*,#1503,.F.);
#1503 = EDGE_CURVE('',#1426,#1473,#1504,.T.);
#1504 = B_SPLINE_CURVE_WITH_KNOTS('',4,(#1505,#1506,#1507,#1508,#1509,
    #1510,#1511,#1512,#1513,#1514,#1515,#1516,#1517,#1518),
  .UNSPECIFIED.,.F.,.F.,(5,3,3,3,5),(0.,0.250397269715,0.499494429285,
    0.749775654996,1.),.UNSPECIFIED.);
#1505 = CARTESIAN_POINT('',(59.8,-14.70068645842,10.970516673881));
#1506 = CARTESIAN_POINT('',(60.586715523065,-14.75802521303,
    10.788151181163));
#1507 = CARTESIAN_POINT('',(61.382219478774,-14.80604440253,
    10.635426497618));
#1508 = CARTESIAN_POINT('',(62.184391539851,-14.84455666173,
    10.512938536888));
#1509 = CARTESIAN_POINT('',(63.793449021598,-14.90222447977,
    10.329526460319));
#1510 = CARTESIAN_POINT('',(64.600291432071,-14.92147970901,
    10.26828534353));
#1511 = CARTESIAN_POINT('',(65.409357814555,-14.93113672421,
    10.2375712768));
#1512 = CARTESIAN_POINT('',(67.031351187004,-14.9312538901,
    10.23719863155));
#1513 = CARTESIAN_POINT('',(67.844281509128,-14.92162257137,
    10.267830970851));
#1514 = CARTESIAN_POINT('',(68.654974092779,-14.90230118372,
    10.329282503961));
#1515 = CARTESIAN_POINT('',(70.267270393996,-14.84447685841,
    10.513192350754));
#1516 = CARTESIAN_POINT('',(71.06887927206,-14.80597807354,
    10.635637456489));
#1517 = CARTESIAN_POINT('',(71.863827783613,-14.75798561482,
    10.78827712299));
#1518 = CARTESIAN_POINT('',(72.65,-14.70068645842,10.970516673881));
#1519 = ORIENTED_EDGE('',*,*,#1433,.F.);
#1520 = SURFACE_OF_LINEAR_EXTRUSION('',#1521,#1526);
#1521 = CIRCLE('',#1522,26.200390625003);
#1522 = AXIS2_PLACEMENT_3D('',#1523,#1524,#1525);
#1523 = CARTESIAN_POINT('',(66.225,-3.101888020834,33.356475574227));
#1524 = DIRECTION('',(0.,0.995704078427,9.259259259259E-02));
#1525 = DIRECTION('',(-1.,0.,0.));
#1526 = VECTOR('',#1527,1.);
#1527 = DIRECTION('',(0.,0.978995540942,-0.20388165885));
#1528 = ADVANCED_FACE('',(#1529),#1547,.F.);
#1529 = FACE_BOUND('',#1530,.F.);
#1530 = EDGE_LOOP('',(#1531,#1539,#1545,#1546));
#1531 = ORIENTED_EDGE('',*,*,#1532,.F.);
#1532 = EDGE_CURVE('',#1533,#1387,#1535,.T.);
#1533 = VERTEX_POINT('',#1534);
#1534 = CARTESIAN_POINT('',(75.3,-18.15,0.));
#1535 = LINE('',#1536,#1537);
#1536 = CARTESIAN_POINT('',(75.3,-18.15,0.));
#1537 = VECTOR('',#1538,1.);
#1538 = DIRECTION('',(0.,1.,0.));
#1539 = ORIENTED_EDGE('',*,*,#1540,.T.);
#1540 = EDGE_CURVE('',#1533,#1473,#1541,.T.);
#1541 = LINE('',#1542,#1543);
#1542 = CARTESIAN_POINT('',(75.3,-18.15,0.));
#1543 = VECTOR('',#1544,1.);
#1544 = DIRECTION('',(-0.224550066607,0.292280598305,0.929596320691));
#1545 = ORIENTED_EDGE('',*,*,#1472,.F.);
#1546 = ORIENTED_EDGE('',*,*,#1394,.F.);
#1547 = B_SPLINE_SURFACE_WITH_KNOTS('',1,1,(
    (#1548,#1549)
    ,(#1550,#1551
    )),.UNSPECIFIED.,.F.,.F.,.F.,(2,2),(2,2),(0.,13.85379043626),(0.,1.)
  ,.PIECEWISE_BEZIER_KNOTS.);
#1548 = CARTESIAN_POINT('',(75.3,-18.15,0.));
#1549 = CARTESIAN_POINT('',(75.3,0.,0.));
#1550 = CARTESIAN_POINT('',(72.189130434783,-14.10080584249,
    12.878432617165));
#1551 = CARTESIAN_POINT('',(71.995679012346,-0.935185185185,
    10.056611192117));
#1552 = ADVANCED_FACE('',(#1553),#1564,.F.);
#1553 = FACE_BOUND('',#1554,.F.);
#1554 = EDGE_LOOP('',(#1555,#1561,#1562,#1563));
#1555 = ORIENTED_EDGE('',*,*,#1556,.T.);
#1556 = EDGE_CURVE('',#1418,#1533,#1557,.T.);
#1557 = LINE('',#1558,#1559);
#1558 = CARTESIAN_POINT('',(57.15,-18.15,0.));
#1559 = VECTOR('',#1560,1.);
#1560 = DIRECTION('',(1.,0.,0.));
#1561 = ORIENTED_EDGE('',*,*,#1532,.T.);
#1562 = ORIENTED_EDGE('',*,*,#1386,.F.);
#1563 = ORIENTED_EDGE('',*,*,#1417,.F.);
#1564 = PLANE('',#1565);
#1565 = AXIS2_PLACEMENT_3D('',#1566,#1567,#1568);
#1566 = CARTESIAN_POINT('',(57.15,-18.15,0.));
#1567 = DIRECTION('',(0.,0.,1.));
#1568 = DIRECTION('',(0.,1.,0.));
#1569 = ADVANCED_FACE('',(#1570),#1576,.F.);
#1570 = FACE_BOUND('',#1571,.F.);
#1571 = EDGE_LOOP('',(#1572,#1573,#1574,#1575));
#1572 = ORIENTED_EDGE('',*,*,#1556,.F.);
#1573 = ORIENTED_EDGE('',*,*,#1425,.T.);
#1574 = ORIENTED_EDGE('',*,*,#1503,.T.);
#1575 = ORIENTED_EDGE('',*,*,#1540,.F.);
#1576 = PLANE('',#1577);
#1577 = AXIS2_PLACEMENT_3D('',#1578,#1579,#1580);
#1578 = CARTESIAN_POINT('',(57.15,-14.70068645842,10.970516673881));
#1579 = DIRECTION('',(0.,0.953957971642,-0.299940307963));
#1580 = DIRECTION('',(0.,-0.299940307963,-0.953957971642));
#1581 = MANIFOLD_SOLID_BREP('',#1582);
#1582 = CLOSED_SHELL('',(#1583,#1624,#1678,#1739,#1763,#1780));
#1583 = ADVANCED_FACE('',(#1584),#1619,.F.);
#1584 = FACE_BOUND('',#1585,.F.);
#1585 = EDGE_LOOP('',(#1586,#1596,#1604,#1612));
#1586 = ORIENTED_EDGE('',*,*,#1587,.F.);
#1587 = EDGE_CURVE('',#1588,#1590,#1592,.T.);
#1588 = VERTEX_POINT('',#1589);
#1589 = CARTESIAN_POINT('',(76.2,0.,0.));
#1590 = VERTEX_POINT('',#1591);
#1591 = CARTESIAN_POINT('',(78.85,-0.75,8.065203035262));
#1592 = LINE('',#1593,#1594);
#1593 = CARTESIAN_POINT('',(76.2,0.,0.));
#1594 = VECTOR('',#1595,1.);
#1595 = DIRECTION('',(0.310942708743,-8.800265341778E-02,0.946345689942)
  );
#1596 = ORIENTED_EDGE('',*,*,#1597,.T.);
#1597 = EDGE_CURVE('',#1588,#1598,#1600,.T.);
#1598 = VERTEX_POINT('',#1599);
#1599 = CARTESIAN_POINT('',(94.35,0.,0.));
#1600 = LINE('',#1601,#1602);
#1601 = CARTESIAN_POINT('',(76.2,0.,0.));
#1602 = VECTOR('',#1603,1.);
#1603 = DIRECTION('',(1.,0.,0.));
#1604 = ORIENTED_EDGE('',*,*,#1605,.T.);
#1605 = EDGE_CURVE('',#1598,#1606,#1608,.T.);
#1606 = VERTEX_POINT('',#1607);
#1607 = CARTESIAN_POINT('',(91.7,-0.75,8.065203035262));
#1608 = LINE('',#1609,#1610);
#1609 = CARTESIAN_POINT('',(94.35,0.,0.));
#1610 = VECTOR('',#1611,1.);
#1611 = DIRECTION('',(-0.310942708743,-8.800265341778E-02,0.946345689942
    ));
#1612 = ORIENTED_EDGE('',*,*,#1613,.T.);
#1613 = EDGE_CURVE('',#1606,#1590,#1614,.T.);
#1614 = CIRCLE('',#1615,26.200390625003);
#1615 = AXIS2_PLACEMENT_3D('',#1616,#1617,#1618);
#1616 = CARTESIAN_POINT('',(85.275,-3.101888020834,33.356475574227));
#1617 = DIRECTION('',(0.,0.995704078427,9.259259259259E-02));
#1618 = DIRECTION('',(-1.,0.,0.));
#1619 = PLANE('',#1620);
#1620 = AXIS2_PLACEMENT_3D('',#1621,#1622,#1623);
#1621 = CARTESIAN_POINT('',(76.2,0.,0.));
#1622 = DIRECTION('',(0.,-0.995704078427,-9.259259259259E-02));
#1623 = DIRECTION('',(0.,-9.259259259259E-02,0.995704078427));
#1624 = ADVANCED_FACE('',(#1625),#1673,.T.);
#1625 = FACE_BOUND('',#1626,.T.);
#1626 = EDGE_LOOP('',(#1627,#1635,#1643,#1672));
#1627 = ORIENTED_EDGE('',*,*,#1628,.F.);
#1628 = EDGE_CURVE('',#1629,#1588,#1631,.T.);
#1629 = VERTEX_POINT('',#1630);
#1630 = CARTESIAN_POINT('',(76.2,-18.15,0.));
#1631 = LINE('',#1632,#1633);
#1632 = CARTESIAN_POINT('',(76.2,-18.15,0.));
#1633 = VECTOR('',#1634,1.);
#1634 = DIRECTION('',(0.,1.,0.));
#1635 = ORIENTED_EDGE('',*,*,#1636,.T.);
#1636 = EDGE_CURVE('',#1629,#1637,#1639,.T.);
#1637 = VERTEX_POINT('',#1638);
#1638 = CARTESIAN_POINT('',(78.85,-14.70068645842,10.970516673881));
#1639 = LINE('',#1640,#1641);
#1640 = CARTESIAN_POINT('',(76.2,-18.15,0.));
#1641 = VECTOR('',#1642,1.);
#1642 = DIRECTION('',(0.224550066607,0.292280598305,0.929596320691));
#1643 = ORIENTED_EDGE('',*,*,#1644,.F.);
#1644 = EDGE_CURVE('',#1590,#1637,#1645,.T.);
#1645 = B_SPLINE_CURVE_WITH_KNOTS('',4,(#1646,#1647,#1648,#1649,#1650,
    #1651,#1652,#1653,#1654,#1655,#1656,#1657,#1658,#1659,#1660,#1661,
    #1662,#1663,#1664,#1665,#1666,#1667,#1668,#1669,#1670,#1671),
  .UNSPECIFIED.,.F.,.F.,(5,3,3,3,3,3,3,3,5),(0.,0.1263183419,
    0.250843560805,0.375110758566,0.498466583143,0.622432402074,
    0.744864825638,0.866865297536,1.),.UNSPECIFIED.);
#1646 = CARTESIAN_POINT('',(78.85,-0.75,8.065203035262));
#1647 = CARTESIAN_POINT('',(78.852121483987,-1.190410122814,
    8.156397095463));
#1648 = CARTESIAN_POINT('',(78.854009750691,-1.630840655973,
    8.247653252495));
#1649 = CARTESIAN_POINT('',(78.855677964078,-2.071289335875,
    8.338967663836));
#1650 = CARTESIAN_POINT('',(78.858576573065,-2.94596688943,
    8.520409414087));
#1651 = CARTESIAN_POINT('',(78.859812854608,-3.380195297268,
    8.610535200249));
#1652 = CARTESIAN_POINT('',(78.860857497757,-3.814437878862,
    8.700711256261));
#1653 = CARTESIAN_POINT('',(78.86258105703,-4.682048860538,
    8.880971549937));
#1654 = CARTESIAN_POINT('',(78.863260732511,-5.115417204062,
    8.97105558815));
#1655 = CARTESIAN_POINT('',(78.863768808262,-5.548796936567,
    9.061184301273));
#1656 = CARTESIAN_POINT('',(78.864456124409,-6.412398529655,
    9.240865122589));
#1657 = CARTESIAN_POINT('',(78.864637754231,-6.842620237019,
    9.330416609771));
#1658 = CARTESIAN_POINT('',(78.864666884931,-7.272851026528,
    9.420007558687));
#1659 = CARTESIAN_POINT('',(78.864434144869,-8.135456588102,
    9.599707655069));
#1660 = CARTESIAN_POINT('',(78.864170838799,-8.567831439624,
    9.68981717256));
#1661 = CARTESIAN_POINT('',(78.863768279088,-9.000213725965,
    9.779962554376));
#1662 = CARTESIAN_POINT('',(78.862704333033,-9.859643329267,
    9.959206096349));
#1663 = CARTESIAN_POINT('',(78.862046213501,-10.28669047909,
    10.0483034161));
#1664 = CARTESIAN_POINT('',(78.861264928784,-10.71374351896,
    10.137432348048));
#1665 = CARTESIAN_POINT('',(78.859470353461,-11.56635358501,
    10.315435949902));
#1666 = CARTESIAN_POINT('',(78.858457894169,-11.99191057235,
    10.404310406352));
#1667 = CARTESIAN_POINT('',(78.857334196474,-12.41747231937,
    10.493213350651));
#1668 = CARTESIAN_POINT('',(78.854761876347,-13.3074432383,
    10.679189782476));
#1669 = CARTESIAN_POINT('',(78.853292962939,-13.771853233,10.77626846351
    ));
#1670 = CARTESIAN_POINT('',(78.851703798177,-14.23626779323,
    10.873377905734));
#1671 = CARTESIAN_POINT('',(78.85,-14.70068645842,10.970516673881));
#1672 = ORIENTED_EDGE('',*,*,#1587,.F.);
#1673 = B_SPLINE_SURFACE_WITH_KNOTS('',1,1,(
    (#1674,#1675)
    ,(#1676,#1677
    )),.UNSPECIFIED.,.F.,.F.,.F.,(2,2),(2,2),(0.,13.85379043626),(0.,1.)
  ,.PIECEWISE_BEZIER_KNOTS.);
#1674 = CARTESIAN_POINT('',(76.2,-18.15,0.));
#1675 = CARTESIAN_POINT('',(76.2,0.,0.));
#1676 = CARTESIAN_POINT('',(79.310869565217,-14.10080584249,
    12.878432617165));
#1677 = CARTESIAN_POINT('',(79.504320987654,-0.935185185185,
    10.056611192117));
#1678 = ADVANCED_FACE('',(#1679),#1731,.F.);
#1679 = FACE_BOUND('',#1680,.F.);
#1680 = EDGE_LOOP('',(#1681,#1682,#1713,#1730));
#1681 = ORIENTED_EDGE('',*,*,#1613,.F.);
#1682 = ORIENTED_EDGE('',*,*,#1683,.T.);
#1683 = EDGE_CURVE('',#1606,#1684,#1686,.T.);
#1684 = VERTEX_POINT('',#1685);
#1685 = CARTESIAN_POINT('',(91.7,-14.70068645842,10.970516673881));
#1686 = B_SPLINE_CURVE_WITH_KNOTS('',4,(#1687,#1688,#1689,#1690,#1691,
    #1692,#1693,#1694,#1695,#1696,#1697,#1698,#1699,#1700,#1701,#1702,
    #1703,#1704,#1705,#1706,#1707,#1708,#1709,#1710,#1711,#1712),
  .UNSPECIFIED.,.F.,.F.,(5,3,3,3,3,3,3,3,5),(0.,0.1263183419,
    0.250843560805,0.375110758566,0.498466583142,0.622432402074,
    0.744864825638,0.866865297536,1.),.UNSPECIFIED.);
#1687 = CARTESIAN_POINT('',(91.7,-0.750000000002,8.065203035262));
#1688 = CARTESIAN_POINT('',(91.697878516013,-1.190410122816,
    8.156397095464));
#1689 = CARTESIAN_POINT('',(91.695990249309,-1.630840655974,
    8.247653252495));
#1690 = CARTESIAN_POINT('',(91.694322035922,-2.071289335876,
    8.338967663836));
#1691 = CARTESIAN_POINT('',(91.691423426935,-2.94596688943,
    8.520409414087));
#1692 = CARTESIAN_POINT('',(91.690187145392,-3.380195297268,
    8.610535200249));
#1693 = CARTESIAN_POINT('',(91.689142502243,-3.814437878862,
    8.700711256261));
#1694 = CARTESIAN_POINT('',(91.68741894297,-4.682048860538,
    8.880971549937));
#1695 = CARTESIAN_POINT('',(91.686739267489,-5.115417204062,
    8.97105558815));
#1696 = CARTESIAN_POINT('',(91.686231191738,-5.548796936567,
    9.061184301273));
#1697 = CARTESIAN_POINT('',(91.685543875591,-6.412398529655,
    9.240865122589));
#1698 = CARTESIAN_POINT('',(91.685362245769,-6.842620237019,
    9.330416609771));
#1699 = CARTESIAN_POINT('',(91.685333115069,-7.272851026528,
    9.420007558687));
#1700 = CARTESIAN_POINT('',(91.685565855131,-8.135456588102,
    9.599707655069));
#1701 = CARTESIAN_POINT('',(91.685829161201,-8.567831439624,
    9.68981717256));
#1702 = CARTESIAN_POINT('',(91.686231720912,-9.000213725965,
    9.779962554376));
#1703 = CARTESIAN_POINT('',(91.687295666967,-9.859643329267,
    9.959206096349));
#1704 = CARTESIAN_POINT('',(91.687953786499,-10.28669047909,
    10.0483034161));
#1705 = CARTESIAN_POINT('',(91.688735071216,-10.71374351896,
    10.137432348048));
#1706 = CARTESIAN_POINT('',(91.690529646539,-11.56635358501,
    10.315435949902));
#1707 = CARTESIAN_POINT('',(91.691542105831,-11.99191057235,
    10.404310406352));
#1708 = CARTESIAN_POINT('',(91.692665803526,-12.41747231937,
    10.493213350651));
#1709 = CARTESIAN_POINT('',(91.695238123653,-13.3074432383,
    10.679189782475));
#1710 = CARTESIAN_POINT('',(91.696707037061,-13.771853233,10.77626846351
    ));
#1711 = CARTESIAN_POINT('',(91.698296201823,-14.23626779323,
    10.873377905734));
#1712 = CARTESIAN_POINT('',(91.7,-14.70068645842,10.97051667388));
#1713 = ORIENTED_EDGE('',*,*,#1714,.F.);
#1714 = EDGE_CURVE('',#1637,#1684,#1715,.T.);
#1715 = B_SPLINE_CURVE_WITH_KNOTS('',4,(#1716,#1717,#1718,#1719,#1720,
    #1721,#1722,#1723,#1724,#1725,#1726,#1727,#1728,#1729),
  .UNSPECIFIED.,.F.,.F.,(5,3,3,3,5),(0.,0.250397269715,0.499494429285,
    0.749775654996,1.),.UNSPECIFIED.);
#1716 = CARTESIAN_POINT('',(78.85,-14.70068645842,10.970516673881));
#1717 = CARTESIAN_POINT('',(79.636715523065,-14.75802521303,
    10.788151181163));
#1718 = CARTESIAN_POINT('',(80.432219478774,-14.80604440253,
    10.635426497618));
#1719 = CARTESIAN_POINT('',(81.234391539851,-14.84455666173,
    10.512938536888));
#1720 = CARTESIAN_POINT('',(82.843449021598,-14.90222447977,
    10.329526460319));
#1721 = CARTESIAN_POINT('',(83.650291432071,-14.92147970901,
    10.26828534353));
#1722 = CARTESIAN_POINT('',(84.459357814555,-14.93113672421,
    10.2375712768));
#1723 = CARTESIAN_POINT('',(86.081351187004,-14.9312538901,
    10.23719863155));
#1724 = CARTESIAN_POINT('',(86.894281509128,-14.92162257137,
    10.267830970851));
#1725 = CARTESIAN_POINT('',(87.704974092779,-14.90230118372,
    10.329282503961));
#1726 = CARTESIAN_POINT('',(89.317270393996,-14.84447685841,
    10.513192350754));
#1727 = CARTESIAN_POINT('',(90.11887927206,-14.80597807354,
    10.635637456489));
#1728 = CARTESIAN_POINT('',(90.913827783613,-14.75798561482,
    10.78827712299));
#1729 = CARTESIAN_POINT('',(91.7,-14.70068645842,10.970516673881));
#1730 = ORIENTED_EDGE('',*,*,#1644,.F.);
#1731 = SURFACE_OF_LINEAR_EXTRUSION('',#1732,#1737);
#1732 = CIRCLE('',#1733,26.200390625003);
#1733 = AXIS2_PLACEMENT_3D('',#1734,#1735,#1736);
#1734 = CARTESIAN_POINT('',(85.275,-3.101888020834,33.356475574227));
#1735 = DIRECTION('',(0.,0.995704078427,9.259259259259E-02));
#1736 = DIRECTION('',(-1.,0.,0.));
#1737 = VECTOR('',#1738,1.);
#1738 = DIRECTION('',(0.,0.978995540942,-0.20388165885));
#1739 = ADVANCED_FACE('',(#1740),#1758,.F.);
#1740 = FACE_BOUND('',#1741,.F.);
#1741 = EDGE_LOOP('',(#1742,#1750,#1756,#1757));
#1742 = ORIENTED_EDGE('',*,*,#1743,.F.);
#1743 = EDGE_CURVE('',#1744,#1598,#1746,.T.);
#1744 = VERTEX_POINT('',#1745);
#1745 = CARTESIAN_POINT('',(94.35,-18.15,0.));
#1746 = LINE('',#1747,#1748);
#1747 = CARTESIAN_POINT('',(94.35,-18.15,0.));
#1748 = VECTOR('',#1749,1.);
#1749 = DIRECTION('',(0.,1.,0.));
#1750 = ORIENTED_EDGE('',*,*,#1751,.T.);
#1751 = EDGE_CURVE('',#1744,#1684,#1752,.T.);
#1752 = LINE('',#1753,#1754);
#1753 = CARTESIAN_POINT('',(94.35,-18.15,0.));
#1754 = VECTOR('',#1755,1.);
#1755 = DIRECTION('',(-0.224550066607,0.292280598305,0.929596320691));
#1756 = ORIENTED_EDGE('',*,*,#1683,.F.);
#1757 = ORIENTED_EDGE('',*,*,#1605,.F.);
#1758 = B_SPLINE_SURFACE_WITH_KNOTS('',1,1,(
    (#1759,#1760)
    ,(#1761,#1762
    )),.UNSPECIFIED.,.F.,.F.,.F.,(2,2),(2,2),(0.,13.85379043626),(0.,1.)
  ,.PIECEWISE_BEZIER_KNOTS.);
#1759 = CARTESIAN_POINT('',(94.35,-18.15,0.));
#1760 = CARTESIAN_POINT('',(94.35,0.,0.));
#1761 = CARTESIAN_POINT('',(91.239130434783,-14.10080584249,
    12.878432617165));
#1762 = CARTESIAN_POINT('',(91.045679012346,-0.935185185185,
    10.056611192117));
#1763 = ADVANCED_FACE('',(#1764),#1775,.F.);
#1764 = FACE_BOUND('',#1765,.F.);
#1765 = EDGE_LOOP('',(#1766,#1772,#1773,#1774));
#1766 = ORIENTED_EDGE('',*,*,#1767,.T.);
#1767 = EDGE_CURVE('',#1629,#1744,#1768,.T.);
#1768 = LINE('',#1769,#1770);
#1769 = CARTESIAN_POINT('',(76.2,-18.15,0.));
#1770 = VECTOR('',#1771,1.);
#1771 = DIRECTION('',(1.,0.,0.));
#1772 = ORIENTED_EDGE('',*,*,#1743,.T.);
#1773 = ORIENTED_EDGE('',*,*,#1597,.F.);
#1774 = ORIENTED_EDGE('',*,*,#1628,.F.);
#1775 = PLANE('',#1776);
#1776 = AXIS2_PLACEMENT_3D('',#1777,#1778,#1779);
#1777 = CARTESIAN_POINT('',(76.2,-18.15,0.));
#1778 = DIRECTION('',(0.,0.,1.));
#1779 = DIRECTION('',(0.,1.,0.));
#1780 = ADVANCED_FACE('',(#1781),#1787,.F.);
#1781 = FACE_BOUND('',#1782,.F.);
#1782 = EDGE_LOOP('',(#1783,#1784,#1785,#1786));
#1783 = ORIENTED_EDGE('',*,*,#1767,.F.);
#1784 = ORIENTED_EDGE('',*,*,#1636,.T.);
#1785 = ORIENTED_EDGE('',*,*,#1714,.T.);
#1786 = ORIENTED_EDGE('',*,*,#1751,.F.);
#1787 = PLANE('',#1788);
#1788 = AXIS2_PLACEMENT_3D('',#1789,#1790,#1791);
#1789 = CARTESIAN_POINT('',(76.2,-14.70068645842,10.970516673881));
#1790 = DIRECTION('',(0.,0.953957971642,-0.299940307963));
#1791 = DIRECTION('',(0.,-0.299940307963,-0.953957971642));
#1792 = MANIFOLD_SOLID_BREP('',#1793);
#1793 = CLOSED_SHELL('',(#1794,#1835,#1889,#1950,#1974,#1991));
#1794 = ADVANCED_FACE('',(#1795),#1830,.F.);
#1795 = FACE_BOUND('',#1796,.F.);
#1796 = EDGE_LOOP('',(#1797,#1807,#1815,#1823));
#1797 = ORIENTED_EDGE('',*,*,#1798,.F.);
#1798 = EDGE_CURVE('',#1799,#1801,#1803,.T.);
#1799 = VERTEX_POINT('',#1800);
#1800 = CARTESIAN_POINT('',(95.25,0.,0.));
#1801 = VERTEX_POINT('',#1802);
#1802 = CARTESIAN_POINT('',(97.9,-0.75,8.065203035262));
#1803 = LINE('',#1804,#1805);
#1804 = CARTESIAN_POINT('',(95.25,0.,0.));
#1805 = VECTOR('',#1806,1.);
#1806 = DIRECTION('',(0.310942708743,-8.800265341778E-02,0.946345689942)
  );
#1807 = ORIENTED_EDGE('',*,*,#1808,.T.);
#1808 = EDGE_CURVE('',#1799,#1809,#1811,.T.);
#1809 = VERTEX_POINT('',#1810);
#1810 = CARTESIAN_POINT('',(113.4,0.,0.));
#1811 = LINE('',#1812,#1813);
#1812 = CARTESIAN_POINT('',(95.25,0.,0.));
#1813 = VECTOR('',#1814,1.);
#1814 = DIRECTION('',(1.,0.,0.));
#1815 = ORIENTED_EDGE('',*,*,#1816,.T.);
#1816 = EDGE_CURVE('',#1809,#1817,#1819,.T.);
#1817 = VERTEX_POINT('',#1818);
#1818 = CARTESIAN_POINT('',(110.75,-0.75,8.065203035262));
#1819 = LINE('',#1820,#1821);
#1820 = CARTESIAN_POINT('',(113.4,0.,0.));
#1821 = VECTOR('',#1822,1.);
#1822 = DIRECTION('',(-0.310942708743,-8.800265341778E-02,0.946345689942
    ));
#1823 = ORIENTED_EDGE('',*,*,#1824,.T.);
#1824 = EDGE_CURVE('',#1817,#1801,#1825,.T.);
#1825 = CIRCLE('',#1826,26.200390625003);
#1826 = AXIS2_PLACEMENT_3D('',#1827,#1828,#1829);
#1827 = CARTESIAN_POINT('',(104.325,-3.101888020834,33.356475574227));
#1828 = DIRECTION('',(0.,0.995704078427,9.259259259259E-02));
#1829 = DIRECTION('',(-1.,0.,0.));
#1830 = PLANE('',#1831);
#1831 = AXIS2_PLACEMENT_3D('',#1832,#1833,#1834);
#1832 = CARTESIAN_POINT('',(95.25,0.,0.));
#1833 = DIRECTION('',(0.,-0.995704078427,-9.259259259259E-02));
#1834 = DIRECTION('',(0.,-9.259259259259E-02,0.995704078427));
#1835 = ADVANCED_FACE('',(#1836),#1884,.T.);
#1836 = FACE_BOUND('',#1837,.T.);
#1837 = EDGE_LOOP('',(#1838,#1846,#1854,#1883));
#1838 = ORIENTED_EDGE('',*,*,#1839,.F.);
#1839 = EDGE_CURVE('',#1840,#1799,#1842,.T.);
#1840 = VERTEX_POINT('',#1841);
#1841 = CARTESIAN_POINT('',(95.25,-18.15,0.));
#1842 = LINE('',#1843,#1844);
#1843 = CARTESIAN_POINT('',(95.25,-18.15,0.));
#1844 = VECTOR('',#1845,1.);
#1845 = DIRECTION('',(0.,1.,0.));
#1846 = ORIENTED_EDGE('',*,*,#1847,.T.);
#1847 = EDGE_CURVE('',#1840,#1848,#1850,.T.);
#1848 = VERTEX_POINT('',#1849);
#1849 = CARTESIAN_POINT('',(97.9,-14.70068645842,10.970516673881));
#1850 = LINE('',#1851,#1852);
#1851 = CARTESIAN_POINT('',(95.25,-18.15,0.));
#1852 = VECTOR('',#1853,1.);
#1853 = DIRECTION('',(0.224550066607,0.292280598305,0.929596320691));
#1854 = ORIENTED_EDGE('',*,*,#1855,.F.);
#1855 = EDGE_CURVE('',#1801,#1848,#1856,.T.);
#1856 = B_SPLINE_CURVE_WITH_KNOTS('',4,(#1857,#1858,#1859,#1860,#1861,
    #1862,#1863,#1864,#1865,#1866,#1867,#1868,#1869,#1870,#1871,#1872,
    #1873,#1874,#1875,#1876,#1877,#1878,#1879,#1880,#1881,#1882),
  .UNSPECIFIED.,.F.,.F.,(5,3,3,3,3,3,3,3,5),(0.,0.1263183419,
    0.250843560805,0.375110758566,0.498466583143,0.622432402074,
    0.744864825638,0.866865297536,1.),.UNSPECIFIED.);
#1857 = CARTESIAN_POINT('',(97.9,-0.75,8.065203035262));
#1858 = CARTESIAN_POINT('',(97.902121483987,-1.190410122814,
    8.156397095463));
#1859 = CARTESIAN_POINT('',(97.904009750691,-1.630840655973,
    8.247653252495));
#1860 = CARTESIAN_POINT('',(97.905677964078,-2.071289335875,
    8.338967663836));
#1861 = CARTESIAN_POINT('',(97.908576573065,-2.94596688943,
    8.520409414087));
#1862 = CARTESIAN_POINT('',(97.909812854608,-3.380195297268,
    8.610535200249));
#1863 = CARTESIAN_POINT('',(97.910857497757,-3.814437878862,
    8.700711256261));
#1864 = CARTESIAN_POINT('',(97.91258105703,-4.682048860538,
    8.880971549937));
#1865 = CARTESIAN_POINT('',(97.913260732511,-5.115417204062,
    8.97105558815));
#1866 = CARTESIAN_POINT('',(97.913768808262,-5.548796936567,
    9.061184301273));
#1867 = CARTESIAN_POINT('',(97.914456124409,-6.412398529655,
    9.240865122589));
#1868 = CARTESIAN_POINT('',(97.914637754231,-6.842620237019,
    9.330416609771));
#1869 = CARTESIAN_POINT('',(97.914666884931,-7.272851026528,
    9.420007558687));
#1870 = CARTESIAN_POINT('',(97.914434144869,-8.135456588102,
    9.599707655069));
#1871 = CARTESIAN_POINT('',(97.914170838799,-8.567831439624,
    9.68981717256));
#1872 = CARTESIAN_POINT('',(97.913768279088,-9.000213725965,
    9.779962554376));
#1873 = CARTESIAN_POINT('',(97.912704333033,-9.859643329267,
    9.959206096349));
#1874 = CARTESIAN_POINT('',(97.912046213501,-10.28669047909,
    10.0483034161));
#1875 = CARTESIAN_POINT('',(97.911264928784,-10.71374351896,
    10.137432348048));
#1876 = CARTESIAN_POINT('',(97.909470353461,-11.56635358501,
    10.315435949902));
#1877 = CARTESIAN_POINT('',(97.908457894169,-11.99191057235,
    10.404310406352));
#1878 = CARTESIAN_POINT('',(97.907334196474,-12.41747231937,
    10.493213350651));
#1879 = CARTESIAN_POINT('',(97.904761876347,-13.3074432383,
    10.679189782476));
#1880 = CARTESIAN_POINT('',(97.903292962939,-13.771853233,10.77626846351
    ));
#1881 = CARTESIAN_POINT('',(97.901703798177,-14.23626779323,
    10.873377905734));
#1882 = CARTESIAN_POINT('',(97.9,-14.70068645842,10.970516673881));
#1883 = ORIENTED_EDGE('',*,*,#1798,.F.);
#1884 = B_SPLINE_SURFACE_WITH_KNOTS('',1,1,(
    (#1885,#1886)
    ,(#1887,#1888
    )),.UNSPECIFIED.,.F.,.F.,.F.,(2,2),(2,2),(0.,13.85379043626),(0.,1.)
  ,.PIECEWISE_BEZIER_KNOTS.);
#1885 = CARTESIAN_POINT('',(95.25,-18.15,0.));
#1886 = CARTESIAN_POINT('',(95.25,0.,0.));
#1887 = CARTESIAN_POINT('',(98.360869565217,-14.10080584249,
    12.878432617165));
#1888 = CARTESIAN_POINT('',(98.554320987654,-0.935185185185,
    10.056611192117));
#1889 = ADVANCED_FACE('',(#1890),#1942,.F.);
#1890 = FACE_BOUND('',#1891,.F.);
#1891 = EDGE_LOOP('',(#1892,#1893,#1924,#1941));
#1892 = ORIENTED_EDGE('',*,*,#1824,.F.);
#1893 = ORIENTED_EDGE('',*,*,#1894,.T.);
#1894 = EDGE_CURVE('',#1817,#1895,#1897,.T.);
#1895 = VERTEX_POINT('',#1896);
#1896 = CARTESIAN_POINT('',(110.75,-14.70068645842,10.970516673881));
#1897 = B_SPLINE_CURVE_WITH_KNOTS('',4,(#1898,#1899,#1900,#1901,#1902,
    #1903,#1904,#1905,#1906,#1907,#1908,#1909,#1910,#1911,#1912,#1913,
    #1914,#1915,#1916,#1917,#1918,#1919,#1920,#1921,#1922,#1923),
  .UNSPECIFIED.,.F.,.F.,(5,3,3,3,3,3,3,3,5),(0.,0.1263183419,
    0.250843560805,0.375110758566,0.498466583142,0.622432402074,
    0.744864825638,0.866865297536,1.),.UNSPECIFIED.);
#1898 = CARTESIAN_POINT('',(110.75,-0.750000000002,8.065203035262));
#1899 = CARTESIAN_POINT('',(110.74787851601,-1.190410122816,
    8.156397095464));
#1900 = CARTESIAN_POINT('',(110.7459902493,-1.630840655974,
    8.247653252495));
#1901 = CARTESIAN_POINT('',(110.74432203592,-2.071289335876,
    8.338967663836));
#1902 = CARTESIAN_POINT('',(110.74142342693,-2.94596688943,
    8.520409414087));
#1903 = CARTESIAN_POINT('',(110.74018714539,-3.380195297268,
    8.610535200249));
#1904 = CARTESIAN_POINT('',(110.73914250224,-3.814437878862,
    8.700711256261));
#1905 = CARTESIAN_POINT('',(110.73741894297,-4.682048860538,
    8.880971549937));
#1906 = CARTESIAN_POINT('',(110.73673926748,-5.115417204062,
    8.97105558815));
#1907 = CARTESIAN_POINT('',(110.73623119173,-5.548796936567,
    9.061184301273));
#1908 = CARTESIAN_POINT('',(110.73554387559,-6.412398529655,
    9.240865122589));
#1909 = CARTESIAN_POINT('',(110.73536224576,-6.842620237019,
    9.330416609771));
#1910 = CARTESIAN_POINT('',(110.73533311506,-7.272851026528,
    9.420007558687));
#1911 = CARTESIAN_POINT('',(110.73556585513,-8.135456588102,
    9.599707655069));
#1912 = CARTESIAN_POINT('',(110.7358291612,-8.567831439624,9.68981717256
    ));
#1913 = CARTESIAN_POINT('',(110.73623172091,-9.000213725965,
    9.779962554376));
#1914 = CARTESIAN_POINT('',(110.73729566696,-9.859643329267,
    9.959206096349));
#1915 = CARTESIAN_POINT('',(110.73795378649,-10.28669047909,
    10.0483034161));
#1916 = CARTESIAN_POINT('',(110.73873507121,-10.71374351896,
    10.137432348048));
#1917 = CARTESIAN_POINT('',(110.74052964653,-11.56635358501,
    10.315435949902));
#1918 = CARTESIAN_POINT('',(110.74154210583,-11.99191057235,
    10.404310406352));
#1919 = CARTESIAN_POINT('',(110.74266580352,-12.41747231937,
    10.493213350651));
#1920 = CARTESIAN_POINT('',(110.74523812365,-13.3074432383,
    10.679189782475));
#1921 = CARTESIAN_POINT('',(110.74670703706,-13.771853233,10.77626846351
    ));
#1922 = CARTESIAN_POINT('',(110.74829620182,-14.23626779323,
    10.873377905734));
#1923 = CARTESIAN_POINT('',(110.75,-14.70068645842,10.97051667388));
#1924 = ORIENTED_EDGE('',*,*,#1925,.F.);
#1925 = EDGE_CURVE('',#1848,#1895,#1926,.T.);
#1926 = B_SPLINE_CURVE_WITH_KNOTS('',4,(#1927,#1928,#1929,#1930,#1931,
    #1932,#1933,#1934,#1935,#1936,#1937,#1938,#1939,#1940),
  .UNSPECIFIED.,.F.,.F.,(5,3,3,3,5),(0.,0.250397269715,0.499494429285,
    0.749775654996,1.),.UNSPECIFIED.);
#1927 = CARTESIAN_POINT('',(97.9,-14.70068645842,10.970516673881));
#1928 = CARTESIAN_POINT('',(98.686715523065,-14.75802521303,
    10.788151181163));
#1929 = CARTESIAN_POINT('',(99.482219478774,-14.80604440253,
    10.635426497618));
#1930 = CARTESIAN_POINT('',(100.28439153985,-14.84455666173,
    10.512938536888));
#1931 = CARTESIAN_POINT('',(101.89344902159,-14.90222447977,
    10.329526460319));
#1932 = CARTESIAN_POINT('',(102.70029143207,-14.92147970901,
    10.26828534353));
#1933 = CARTESIAN_POINT('',(103.50935781455,-14.93113672421,
    10.2375712768));
#1934 = CARTESIAN_POINT('',(105.131351187,-14.9312538901,10.23719863155)
  );
#1935 = CARTESIAN_POINT('',(105.94428150912,-14.92162257137,
    10.267830970851));
#1936 = CARTESIAN_POINT('',(106.75497409277,-14.90230118372,
    10.329282503961));
#1937 = CARTESIAN_POINT('',(108.36727039399,-14.84447685841,
    10.513192350754));
#1938 = CARTESIAN_POINT('',(109.16887927206,-14.80597807354,
    10.635637456489));
#1939 = CARTESIAN_POINT('',(109.96382778361,-14.75798561482,
    10.78827712299));
#1940 = CARTESIAN_POINT('',(110.75,-14.70068645842,10.970516673881));
#1941 = ORIENTED_EDGE('',*,*,#1855,.F.);
#1942 = SURFACE_OF_LINEAR_EXTRUSION('',#1943,#1948);
#1943 = CIRCLE('',#1944,26.200390625003);
#1944 = AXIS2_PLACEMENT_3D('',#1945,#1946,#1947);
#1945 = CARTESIAN_POINT('',(104.325,-3.101888020834,33.356475574227));
#1946 = DIRECTION('',(0.,0.995704078427,9.259259259259E-02));
#1947 = DIRECTION('',(-1.,0.,0.));
#1948 = VECTOR('',#1949,1.);
#1949 = DIRECTION('',(0.,0.978995540942,-0.20388165885));
#1950 = ADVANCED_FACE('',(#1951),#1969,.F.);
#1951 = FACE_BOUND('',#1952,.F.);
#1952 = EDGE_LOOP('',(#1953,#1961,#1967,#1968));
#1953 = ORIENTED_EDGE('',*,*,#1954,.F.);
#1954 = EDGE_CURVE('',#1955,#1809,#1957,.T.);
#1955 = VERTEX_POINT('',#1956);
#1956 = CARTESIAN_POINT('',(113.4,-18.15,0.));
#1957 = LINE('',#1958,#1959);
#1958 = CARTESIAN_POINT('',(113.4,-18.15,0.));
#1959 = VECTOR('',#1960,1.);
#1960 = DIRECTION('',(0.,1.,0.));
#1961 = ORIENTED_EDGE('',*,*,#1962,.T.);
#1962 = EDGE_CURVE('',#1955,#1895,#1963,.T.);
#1963 = LINE('',#1964,#1965);
#1964 = CARTESIAN_POINT('',(113.4,-18.15,0.));
#1965 = VECTOR('',#1966,1.);
#1966 = DIRECTION('',(-0.224550066607,0.292280598305,0.929596320691));
#1967 = ORIENTED_EDGE('',*,*,#1894,.F.);
#1968 = ORIENTED_EDGE('',*,*,#1816,.F.);
#1969 = B_SPLINE_SURFACE_WITH_KNOTS('',1,1,(
    (#1970,#1971)
    ,(#1972,#1973
    )),.UNSPECIFIED.,.F.,.F.,.F.,(2,2),(2,2),(0.,13.85379043626),(0.,1.)
  ,.PIECEWISE_BEZIER_KNOTS.);
#1970 = CARTESIAN_POINT('',(113.4,-18.15,0.));
#1971 = CARTESIAN_POINT('',(113.4,0.,0.));
#1972 = CARTESIAN_POINT('',(110.28913043478,-14.10080584249,
    12.878432617165));
#1973 = CARTESIAN_POINT('',(110.09567901234,-0.935185185185,
    10.056611192117));
#1974 = ADVANCED_FACE('',(#1975),#1986,.F.);
#1975 = FACE_BOUND('',#1976,.F.);
#1976 = EDGE_LOOP('',(#1977,#1983,#1984,#1985));
#1977 = ORIENTED_EDGE('',*,*,#1978,.T.);
#1978 = EDGE_CURVE('',#1840,#1955,#1979,.T.);
#1979 = LINE('',#1980,#1981);
#1980 = CARTESIAN_POINT('',(95.25,-18.15,0.));
#1981 = VECTOR('',#1982,1.);
#1982 = DIRECTION('',(1.,0.,0.));
#1983 = ORIENTED_EDGE('',*,*,#1954,.T.);
#1984 = ORIENTED_EDGE('',*,*,#1808,.F.);
#1985 = ORIENTED_EDGE('',*,*,#1839,.F.);
#1986 = PLANE('',#1987);
#1987 = AXIS2_PLACEMENT_3D('',#1988,#1989,#1990);
#1988 = CARTESIAN_POINT('',(95.25,-18.15,0.));
#1989 = DIRECTION('',(0.,0.,1.));
#1990 = DIRECTION('',(0.,1.,0.));
#1991 = ADVANCED_FACE('',(#1992),#1998,.F.);
#1992 = FACE_BOUND('',#1993,.F.);
#1993 = EDGE_LOOP('',(#1994,#1995,#1996,#1997));
#1994 = ORIENTED_EDGE('',*,*,#1978,.F.);
#1995 = ORIENTED_EDGE('',*,*,#1847,.T.);
#1996 = ORIENTED_EDGE('',*,*,#1925,.T.);
#1997 = ORIENTED_EDGE('',*,*,#1962,.F.);
#1998 = PLANE('',#1999);
#1999 = AXIS2_PLACEMENT_3D('',#2000,#2001,#2002);
#2000 = CARTESIAN_POINT('',(95.25,-14.70068645842,10.970516673881));
#2001 = DIRECTION('',(0.,0.953957971642,-0.299940307963));
#2002 = DIRECTION('',(0.,-0.299940307963,-0.953957971642));
#2003 = MANIFOLD_SOLID_BREP('',#2004);
#2004 = CLOSED_SHELL('',(#2005,#2046,#2100,#2161,#2185,#2202));
#2005 = ADVANCED_FACE('',(#2006),#2041,.F.);
#2006 = FACE_BOUND('',#2007,.F.);
#2007 = EDGE_LOOP('',(#2008,#2018,#2026,#2034));
#2008 = ORIENTED_EDGE('',*,*,#2009,.F.);
#2009 = EDGE_CURVE('',#2010,#2012,#2014,.T.);
#2010 = VERTEX_POINT('',#2011);
#2011 = CARTESIAN_POINT('',(114.3,0.,0.));
#2012 = VERTEX_POINT('',#2013);
#2013 = CARTESIAN_POINT('',(116.95,-0.75,8.065203035262));
#2014 = LINE('',#2015,#2016);
#2015 = CARTESIAN_POINT('',(114.3,0.,0.));
#2016 = VECTOR('',#2017,1.);
#2017 = DIRECTION('',(0.310942708743,-8.800265341778E-02,0.946345689942)
  );
#2018 = ORIENTED_EDGE('',*,*,#2019,.T.);
#2019 = EDGE_CURVE('',#2010,#2020,#2022,.T.);
#2020 = VERTEX_POINT('',#2021);
#2021 = CARTESIAN_POINT('',(132.45,0.,0.));
#2022 = LINE('',#2023,#2024);
#2023 = CARTESIAN_POINT('',(114.3,0.,0.));
#2024 = VECTOR('',#2025,1.);
#2025 = DIRECTION('',(1.,0.,0.));
#2026 = ORIENTED_EDGE('',*,*,#2027,.T.);
#2027 = EDGE_CURVE('',#2020,#2028,#2030,.T.);
#2028 = VERTEX_POINT('',#2029);
#2029 = CARTESIAN_POINT('',(129.8,-0.75,8.065203035262));
#2030 = LINE('',#2031,#2032);
#2031 = CARTESIAN_POINT('',(132.45,0.,0.));
#2032 = VECTOR('',#2033,1.);
#2033 = DIRECTION('',(-0.310942708743,-8.800265341778E-02,0.946345689942
    ));
#2034 = ORIENTED_EDGE('',*,*,#2035,.T.);
#2035 = EDGE_CURVE('',#2028,#2012,#2036,.T.);
#2036 = CIRCLE('',#2037,26.200390625003);
#2037 = AXIS2_PLACEMENT_3D('',#2038,#2039,#2040);
#2038 = CARTESIAN_POINT('',(123.375,-3.101888020834,33.356475574227));
#2039 = DIRECTION('',(0.,0.995704078427,9.259259259259E-02));
#2040 = DIRECTION('',(-1.,0.,0.));
#2041 = PLANE('',#2042);
#2042 = AXIS2_PLACEMENT_3D('',#2043,#2044,#2045);
#2043 = CARTESIAN_POINT('',(114.3,0.,0.));
#2044 = DIRECTION('',(0.,-0.995704078427,-9.259259259259E-02));
#2045 = DIRECTION('',(0.,-9.259259259259E-02,0.995704078427));
#2046 = ADVANCED_FACE('',(#2047),#2095,.T.);
#2047 = FACE_BOUND('',#2048,.T.);
#2048 = EDGE_LOOP('',(#2049,#2057,#2065,#2094));
#2049 = ORIENTED_EDGE('',*,*,#2050,.F.);
#2050 = EDGE_CURVE('',#2051,#2010,#2053,.T.);
#2051 = VERTEX_POINT('',#2052);
#2052 = CARTESIAN_POINT('',(114.3,-18.15,0.));
#2053 = LINE('',#2054,#2055);
#2054 = CARTESIAN_POINT('',(114.3,-18.15,0.));
#2055 = VECTOR('',#2056,1.);
#2056 = DIRECTION('',(0.,1.,0.));
#2057 = ORIENTED_EDGE('',*,*,#2058,.T.);
#2058 = EDGE_CURVE('',#2051,#2059,#2061,.T.);
#2059 = VERTEX_POINT('',#2060);
#2060 = CARTESIAN_POINT('',(116.95,-14.70068645842,10.970516673881));
#2061 = LINE('',#2062,#2063);
#2062 = CARTESIAN_POINT('',(114.3,-18.15,0.));
#2063 = VECTOR('',#2064,1.);
#2064 = DIRECTION('',(0.224550066607,0.292280598305,0.929596320691));
#2065 = ORIENTED_EDGE('',*,*,#2066,.F.);
#2066 = EDGE_CURVE('',#2012,#2059,#2067,.T.);
#2067 = B_SPLINE_CURVE_WITH_KNOTS('',4,(#2068,#2069,#2070,#2071,#2072,
    #2073,#2074,#2075,#2076,#2077,#2078,#2079,#2080,#2081,#2082,#2083,
    #2084,#2085,#2086,#2087,#2088,#2089,#2090,#2091,#2092,#2093),
  .UNSPECIFIED.,.F.,.F.,(5,3,3,3,3,3,3,3,5),(0.,0.1263183419,
    0.250843560805,0.375110758566,0.498466583143,0.622432402074,
    0.744864825638,0.866865297536,1.),.UNSPECIFIED.);
#2068 = CARTESIAN_POINT('',(116.95,-0.75,8.065203035262));
#2069 = CARTESIAN_POINT('',(116.95212148398,-1.190410122814,
    8.156397095463));
#2070 = CARTESIAN_POINT('',(116.95400975069,-1.630840655973,
    8.247653252495));
#2071 = CARTESIAN_POINT('',(116.95567796407,-2.071289335875,
    8.338967663836));
#2072 = CARTESIAN_POINT('',(116.95857657306,-2.94596688943,
    8.520409414087));
#2073 = CARTESIAN_POINT('',(116.9598128546,-3.380195297268,
    8.610535200249));
#2074 = CARTESIAN_POINT('',(116.96085749775,-3.814437878862,
    8.700711256261));
#2075 = CARTESIAN_POINT('',(116.96258105703,-4.682048860538,
    8.880971549937));
#2076 = CARTESIAN_POINT('',(116.96326073251,-5.115417204062,
    8.97105558815));
#2077 = CARTESIAN_POINT('',(116.96376880826,-5.548796936567,
    9.061184301273));
#2078 = CARTESIAN_POINT('',(116.9644561244,-6.412398529655,
    9.240865122589));
#2079 = CARTESIAN_POINT('',(116.96463775423,-6.842620237019,
    9.330416609771));
#2080 = CARTESIAN_POINT('',(116.96466688493,-7.272851026528,
    9.420007558687));
#2081 = CARTESIAN_POINT('',(116.96443414486,-8.135456588102,
    9.599707655069));
#2082 = CARTESIAN_POINT('',(116.96417083879,-8.567831439624,
    9.68981717256));
#2083 = CARTESIAN_POINT('',(116.96376827908,-9.000213725965,
    9.779962554376));
#2084 = CARTESIAN_POINT('',(116.96270433303,-9.859643329267,
    9.959206096349));
#2085 = CARTESIAN_POINT('',(116.9620462135,-10.28669047909,10.0483034161
    ));
#2086 = CARTESIAN_POINT('',(116.96126492878,-10.71374351896,
    10.137432348048));
#2087 = CARTESIAN_POINT('',(116.95947035346,-11.56635358501,
    10.315435949902));
#2088 = CARTESIAN_POINT('',(116.95845789416,-11.99191057235,
    10.404310406352));
#2089 = CARTESIAN_POINT('',(116.95733419647,-12.41747231937,
    10.493213350651));
#2090 = CARTESIAN_POINT('',(116.95476187634,-13.3074432383,
    10.679189782476));
#2091 = CARTESIAN_POINT('',(116.95329296293,-13.771853233,10.77626846351
    ));
#2092 = CARTESIAN_POINT('',(116.95170379817,-14.23626779323,
    10.873377905734));
#2093 = CARTESIAN_POINT('',(116.95,-14.70068645842,10.970516673881));
#2094 = ORIENTED_EDGE('',*,*,#2009,.F.);
#2095 = B_SPLINE_SURFACE_WITH_KNOTS('',1,1,(
    (#2096,#2097)
    ,(#2098,#2099
    )),.UNSPECIFIED.,.F.,.F.,.F.,(2,2),(2,2),(0.,13.85379043626),(0.,1.)
  ,.PIECEWISE_BEZIER_KNOTS.);
#2096 = CARTESIAN_POINT('',(114.3,-18.15,0.));
#2097 = CARTESIAN_POINT('',(114.3,0.,0.));
#2098 = CARTESIAN_POINT('',(117.41086956521,-14.10080584249,
    12.878432617165));
#2099 = CARTESIAN_POINT('',(117.60432098765,-0.935185185185,
    10.056611192117));
#2100 = ADVANCED_FACE('',(#2101),#2153,.F.);
#2101 = FACE_BOUND('',#2102,.F.);
#2102 = EDGE_LOOP('',(#2103,#2104,#2135,#2152));
#2103 = ORIENTED_EDGE('',*,*,#2035,.F.);
#2104 = ORIENTED_EDGE('',*,*,#2105,.T.);
#2105 = EDGE_CURVE('',#2028,#2106,#2108,.T.);
#2106 = VERTEX_POINT('',#2107);
#2107 = CARTESIAN_POINT('',(129.8,-14.70068645842,10.970516673881));
#2108 = B_SPLINE_CURVE_WITH_KNOTS('',4,(#2109,#2110,#2111,#2112,#2113,
    #2114,#2115,#2116,#2117,#2118,#2119,#2120,#2121,#2122,#2123,#2124,
    #2125,#2126,#2127,#2128,#2129,#2130,#2131,#2132,#2133,#2134),
  .UNSPECIFIED.,.F.,.F.,(5,3,3,3,3,3,3,3,5),(0.,0.1263183419,
    0.250843560805,0.375110758566,0.498466583142,0.622432402074,
    0.744864825638,0.866865297536,1.),.UNSPECIFIED.);
#2109 = CARTESIAN_POINT('',(129.8,-0.750000000002,8.065203035262));
#2110 = CARTESIAN_POINT('',(129.79787851601,-1.190410122816,
    8.156397095464));
#2111 = CARTESIAN_POINT('',(129.7959902493,-1.630840655974,
    8.247653252495));
#2112 = CARTESIAN_POINT('',(129.79432203592,-2.071289335876,
    8.338967663836));
#2113 = CARTESIAN_POINT('',(129.79142342693,-2.94596688943,
    8.520409414087));
#2114 = CARTESIAN_POINT('',(129.79018714539,-3.380195297268,
    8.610535200249));
#2115 = CARTESIAN_POINT('',(129.78914250224,-3.814437878862,
    8.700711256261));
#2116 = CARTESIAN_POINT('',(129.78741894297,-4.682048860538,
    8.880971549937));
#2117 = CARTESIAN_POINT('',(129.78673926748,-5.115417204062,
    8.97105558815));
#2118 = CARTESIAN_POINT('',(129.78623119173,-5.548796936567,
    9.061184301273));
#2119 = CARTESIAN_POINT('',(129.78554387559,-6.412398529655,
    9.240865122589));
#2120 = CARTESIAN_POINT('',(129.78536224576,-6.842620237019,
    9.330416609771));
#2121 = CARTESIAN_POINT('',(129.78533311506,-7.272851026528,
    9.420007558687));
#2122 = CARTESIAN_POINT('',(129.78556585513,-8.135456588102,
    9.599707655069));
#2123 = CARTESIAN_POINT('',(129.7858291612,-8.567831439624,9.68981717256
    ));
#2124 = CARTESIAN_POINT('',(129.78623172091,-9.000213725965,
    9.779962554376));
#2125 = CARTESIAN_POINT('',(129.78729566696,-9.859643329267,
    9.959206096349));
#2126 = CARTESIAN_POINT('',(129.78795378649,-10.28669047909,
    10.0483034161));
#2127 = CARTESIAN_POINT('',(129.78873507121,-10.71374351896,
    10.137432348048));
#2128 = CARTESIAN_POINT('',(129.79052964653,-11.56635358501,
    10.315435949902));
#2129 = CARTESIAN_POINT('',(129.79154210583,-11.99191057235,
    10.404310406352));
#2130 = CARTESIAN_POINT('',(129.79266580352,-12.41747231937,
    10.493213350651));
#2131 = CARTESIAN_POINT('',(129.79523812365,-13.3074432383,
    10.679189782475));
#2132 = CARTESIAN_POINT('',(129.79670703706,-13.771853233,10.77626846351
    ));
#2133 = CARTESIAN_POINT('',(129.79829620182,-14.23626779323,
    10.873377905734));
#2134 = CARTESIAN_POINT('',(129.8,-14.70068645842,10.97051667388));
#2135 = ORIENTED_EDGE('',*,*,#2136,.F.);
#2136 = EDGE_CURVE('',#2059,#2106,#2137,.T.);
#2137 = B_SPLINE_CURVE_WITH_KNOTS('',4,(#2138,#2139,#2140,#2141,#2142,
    #2143,#2144,#2145,#2146,#2147,#2148,#2149,#2150,#2151),
  .UNSPECIFIED.,.F.,.F.,(5,3,3,3,5),(0.,0.250397269715,0.499494429285,
    0.749775654996,1.),.UNSPECIFIED.);
#2138 = CARTESIAN_POINT('',(116.95,-14.70068645842,10.970516673881));
#2139 = CARTESIAN_POINT('',(117.73671552306,-14.75802521303,
    10.788151181163));
#2140 = CARTESIAN_POINT('',(118.53221947877,-14.80604440253,
    10.635426497618));
#2141 = CARTESIAN_POINT('',(119.33439153985,-14.84455666173,
    10.512938536888));
#2142 = CARTESIAN_POINT('',(120.94344902159,-14.90222447977,
    10.329526460319));
#2143 = CARTESIAN_POINT('',(121.75029143207,-14.92147970901,
    10.26828534353));
#2144 = CARTESIAN_POINT('',(122.55935781455,-14.93113672421,
    10.2375712768));
#2145 = CARTESIAN_POINT('',(124.181351187,-14.9312538901,10.23719863155)
  );
#2146 = CARTESIAN_POINT('',(124.99428150912,-14.92162257137,
    10.267830970851));
#2147 = CARTESIAN_POINT('',(125.80497409277,-14.90230118372,
    10.329282503961));
#2148 = CARTESIAN_POINT('',(127.41727039399,-14.84447685841,
    10.513192350754));
#2149 = CARTESIAN_POINT('',(128.21887927206,-14.80597807354,
    10.635637456489));
#2150 = CARTESIAN_POINT('',(129.01382778361,-14.75798561482,
    10.78827712299));
#2151 = CARTESIAN_POINT('',(129.8,-14.70068645842,10.970516673881));
#2152 = ORIENTED_EDGE('',*,*,#2066,.F.);
#2153 = SURFACE_OF_LINEAR_EXTRUSION('',#2154,#2159);
#2154 = CIRCLE('',#2155,26.200390625003);
#2155 = AXIS2_PLACEMENT_3D('',#2156,#2157,#2158);
#2156 = CARTESIAN_POINT('',(123.375,-3.101888020834,33.356475574227));
#2157 = DIRECTION('',(0.,0.995704078427,9.259259259259E-02));
#2158 = DIRECTION('',(-1.,0.,0.));
#2159 = VECTOR('',#2160,1.);
#2160 = DIRECTION('',(0.,0.978995540942,-0.20388165885));
#2161 = ADVANCED_FACE('',(#2162),#2180,.F.);
#2162 = FACE_BOUND('',#2163,.F.);
#2163 = EDGE_LOOP('',(#2164,#2172,#2178,#2179));
#2164 = ORIENTED_EDGE('',*,*,#2165,.F.);
#2165 = EDGE_CURVE('',#2166,#2020,#2168,.T.);
#2166 = VERTEX_POINT('',#2167);
#2167 = CARTESIAN_POINT('',(132.45,-18.15,0.));
#2168 = LINE('',#2169,#2170);
#2169 = CARTESIAN_POINT('',(132.45,-18.15,0.));
#2170 = VECTOR('',#2171,1.);
#2171 = DIRECTION('',(0.,1.,0.));
#2172 = ORIENTED_EDGE('',*,*,#2173,.T.);
#2173 = EDGE_CURVE('',#2166,#2106,#2174,.T.);
#2174 = LINE('',#2175,#2176);
#2175 = CARTESIAN_POINT('',(132.45,-18.15,0.));
#2176 = VECTOR('',#2177,1.);
#2177 = DIRECTION('',(-0.224550066607,0.292280598305,0.929596320691));
#2178 = ORIENTED_EDGE('',*,*,#2105,.F.);
#2179 = ORIENTED_EDGE('',*,*,#2027,.F.);
#2180 = B_SPLINE_SURFACE_WITH_KNOTS('',1,1,(
    (#2181,#2182)
    ,(#2183,#2184
    )),.UNSPECIFIED.,.F.,.F.,.F.,(2,2),(2,2),(0.,13.85379043626),(0.,1.)
  ,.PIECEWISE_BEZIER_KNOTS.);
#2181 = CARTESIAN_POINT('',(132.45,-18.15,0.));
#2182 = CARTESIAN_POINT('',(132.45,0.,0.));
#2183 = CARTESIAN_POINT('',(129.33913043478,-14.10080584249,
    12.878432617165));
#2184 = CARTESIAN_POINT('',(129.14567901234,-0.935185185185,
    10.056611192117));
#2185 = ADVANCED_FACE('',(#2186),#2197,.F.);
#2186 = FACE_BOUND('',#2187,.F.);
#2187 = EDGE_LOOP('',(#2188,#2194,#2195,#2196));
#2188 = ORIENTED_EDGE('',*,*,#2189,.T.);
#2189 = EDGE_CURVE('',#2051,#2166,#2190,.T.);
#2190 = LINE('',#2191,#2192);
#2191 = CARTESIAN_POINT('',(114.3,-18.15,0.));
#2192 = VECTOR('',#2193,1.);
#2193 = DIRECTION('',(1.,0.,0.));
#2194 = ORIENTED_EDGE('',*,*,#2165,.T.);
#2195 = ORIENTED_EDGE('',*,*,#2019,.F.);
#2196 = ORIENTED_EDGE('',*,*,#2050,.F.);
#2197 = PLANE('',#2198);
#2198 = AXIS2_PLACEMENT_3D('',#2199,#2200,#2201);
#2199 = CARTESIAN_POINT('',(114.3,-18.15,0.));
#2200 = DIRECTION('',(0.,0.,1.));
#2201 = DIRECTION('',(0.,1.,0.));
#2202 = ADVANCED_FACE('',(#2203),#2209,.F.);
#2203 = FACE_BOUND('',#2204,.F.);
#2204 = EDGE_LOOP('',(#2205,#2206,#2207,#2208));
#2205 = ORIENTED_EDGE('',*,*,#2189,.F.);
#2206 = ORIENTED_EDGE('',*,*,#2058,.T.);
#2207 = ORIENTED_EDGE('',*,*,#2136,.T.);
#2208 = ORIENTED_EDGE('',*,*,#2173,.F.);
#2209 = PLANE('',#2210);
#2210 = AXIS2_PLACEMENT_3D('',#2211,#2212,#2213);
#2211 = CARTESIAN_POINT('',(114.3,-14.70068645842,10.970516673881));
#2212 = DIRECTION('',(0.,0.953957971642,-0.299940307963));
#2213 = DIRECTION('',(0.,-0.299940307963,-0.953957971642));
#2214 = MANIFOLD_SOLID_BREP('',#2215);
#2215 = CLOSED_SHELL('',(#2216,#2257,#2311,#2372,#2396,#2413));
#2216 = ADVANCED_FACE('',(#2217),#2252,.F.);
#2217 = FACE_BOUND('',#2218,.F.);
#2218 = EDGE_LOOP('',(#2219,#2229,#2237,#2245));
#2219 = ORIENTED_EDGE('',*,*,#2220,.F.);
#2220 = EDGE_CURVE('',#2221,#2223,#2225,.T.);
#2221 = VERTEX_POINT('',#2222);
#2222 = CARTESIAN_POINT('',(133.35,0.,0.));
#2223 = VERTEX_POINT('',#2224);
#2224 = CARTESIAN_POINT('',(136.,-0.75,8.065203035262));
#2225 = LINE('',#2226,#2227);
#2226 = CARTESIAN_POINT('',(133.35,0.,0.));
#2227 = VECTOR('',#2228,1.);
#2228 = DIRECTION('',(0.310942708743,-8.800265341778E-02,0.946345689942)
  );
#2229 = ORIENTED_EDGE('',*,*,#2230,.T.);
#2230 = EDGE_CURVE('',#2221,#2231,#2233,.T.);
#2231 = VERTEX_POINT('',#2232);
#2232 = CARTESIAN_POINT('',(151.5,0.,0.));
#2233 = LINE('',#2234,#2235);
#2234 = CARTESIAN_POINT('',(133.35,0.,0.));
#2235 = VECTOR('',#2236,1.);
#2236 = DIRECTION('',(1.,0.,0.));
#2237 = ORIENTED_EDGE('',*,*,#2238,.T.);
#2238 = EDGE_CURVE('',#2231,#2239,#2241,.T.);
#2239 = VERTEX_POINT('',#2240);
#2240 = CARTESIAN_POINT('',(148.85,-0.75,8.065203035262));
#2241 = LINE('',#2242,#2243);
#2242 = CARTESIAN_POINT('',(151.5,0.,0.));
#2243 = VECTOR('',#2244,1.);
#2244 = DIRECTION('',(-0.310942708743,-8.800265341778E-02,0.946345689942
    ));
#2245 = ORIENTED_EDGE('',*,*,#2246,.T.);
#2246 = EDGE_CURVE('',#2239,#2223,#2247,.T.);
#2247 = CIRCLE('',#2248,26.200390625003);
#2248 = AXIS2_PLACEMENT_3D('',#2249,#2250,#2251);
#2249 = CARTESIAN_POINT('',(142.425,-3.101888020834,33.356475574227));
#2250 = DIRECTION('',(0.,0.995704078427,9.259259259259E-02));
#2251 = DIRECTION('',(-1.,0.,0.));
#2252 = PLANE('',#2253);
#2253 = AXIS2_PLACEMENT_3D('',#2254,#2255,#2256);
#2254 = CARTESIAN_POINT('',(133.35,0.,0.));
#2255 = DIRECTION('',(0.,-0.995704078427,-9.259259259259E-02));
#2256 = DIRECTION('',(0.,-9.259259259259E-02,0.995704078427));
#2257 = ADVANCED_FACE('',(#2258),#2306,.T.);
#2258 = FACE_BOUND('',#2259,.T.);
#2259 = EDGE_LOOP('',(#2260,#2268,#2276,#2305));
#2260 = ORIENTED_EDGE('',*,*,#2261,.F.);
#2261 = EDGE_CURVE('',#2262,#2221,#2264,.T.);
#2262 = VERTEX_POINT('',#2263);
#2263 = CARTESIAN_POINT('',(133.35,-18.15,0.));
#2264 = LINE('',#2265,#2266);
#2265 = CARTESIAN_POINT('',(133.35,-18.15,0.));
#2266 = VECTOR('',#2267,1.);
#2267 = DIRECTION('',(0.,1.,0.));
#2268 = ORIENTED_EDGE('',*,*,#2269,.T.);
#2269 = EDGE_CURVE('',#2262,#2270,#2272,.T.);
#2270 = VERTEX_POINT('',#2271);
#2271 = CARTESIAN_POINT('',(136.,-14.70068645842,10.970516673881));
#2272 = LINE('',#2273,#2274);
#2273 = CARTESIAN_POINT('',(133.35,-18.15,0.));
#2274 = VECTOR('',#2275,1.);
#2275 = DIRECTION('',(0.224550066607,0.292280598305,0.929596320691));
#2276 = ORIENTED_EDGE('',*,*,#2277,.F.);
#2277 = EDGE_CURVE('',#2223,#2270,#2278,.T.);
#2278 = B_SPLINE_CURVE_WITH_KNOTS('',4,(#2279,#2280,#2281,#2282,#2283,
    #2284,#2285,#2286,#2287,#2288,#2289,#2290,#2291,#2292,#2293,#2294,
    #2295,#2296,#2297,#2298,#2299,#2300,#2301,#2302,#2303,#2304),
  .UNSPECIFIED.,.F.,.F.,(5,3,3,3,3,3,3,3,5),(0.,0.1263183419,
    0.250843560805,0.375110758566,0.498466583143,0.622432402074,
    0.744864825638,0.866865297536,1.),.UNSPECIFIED.);
#2279 = CARTESIAN_POINT('',(136.,-0.75,8.065203035262));
#2280 = CARTESIAN_POINT('',(136.00212148398,-1.190410122814,
    8.156397095463));
#2281 = CARTESIAN_POINT('',(136.00400975069,-1.630840655973,
    8.247653252495));
#2282 = CARTESIAN_POINT('',(136.00567796407,-2.071289335875,
    8.338967663836));
#2283 = CARTESIAN_POINT('',(136.00857657306,-2.94596688943,
    8.520409414087));
#2284 = CARTESIAN_POINT('',(136.0098128546,-3.380195297268,
    8.610535200249));
#2285 = CARTESIAN_POINT('',(136.01085749775,-3.814437878862,
    8.700711256261));
#2286 = CARTESIAN_POINT('',(136.01258105703,-4.682048860538,
    8.880971549937));
#2287 = CARTESIAN_POINT('',(136.01326073251,-5.115417204062,
    8.97105558815));
#2288 = CARTESIAN_POINT('',(136.01376880826,-5.548796936567,
    9.061184301273));
#2289 = CARTESIAN_POINT('',(136.0144561244,-6.412398529655,
    9.240865122589));
#2290 = CARTESIAN_POINT('',(136.01463775423,-6.842620237019,
    9.330416609771));
#2291 = CARTESIAN_POINT('',(136.01466688493,-7.272851026528,
    9.420007558687));
#2292 = CARTESIAN_POINT('',(136.01443414486,-8.135456588102,
    9.599707655069));
#2293 = CARTESIAN_POINT('',(136.01417083879,-8.567831439624,
    9.68981717256));
#2294 = CARTESIAN_POINT('',(136.01376827908,-9.000213725965,
    9.779962554376));
#2295 = CARTESIAN_POINT('',(136.01270433303,-9.859643329267,
    9.959206096349));
#2296 = CARTESIAN_POINT('',(136.0120462135,-10.28669047909,10.0483034161
    ));
#2297 = CARTESIAN_POINT('',(136.01126492878,-10.71374351896,
    10.137432348048));
#2298 = CARTESIAN_POINT('',(136.00947035346,-11.56635358501,
    10.315435949902));
#2299 = CARTESIAN_POINT('',(136.00845789416,-11.99191057235,
    10.404310406352));
#2300 = CARTESIAN_POINT('',(136.00733419647,-12.41747231937,
    10.493213350651));
#2301 = CARTESIAN_POINT('',(136.00476187634,-13.3074432383,
    10.679189782476));
#2302 = CARTESIAN_POINT('',(136.00329296293,-13.771853233,10.77626846351
    ));
#2303 = CARTESIAN_POINT('',(136.00170379817,-14.23626779323,
    10.873377905734));
#2304 = CARTESIAN_POINT('',(136.,-14.70068645842,10.970516673881));
#2305 = ORIENTED_EDGE('',*,*,#2220,.F.);
#2306 = B_SPLINE_SURFACE_WITH_KNOTS('',1,1,(
    (#2307,#2308)
    ,(#2309,#2310
    )),.UNSPECIFIED.,.F.,.F.,.F.,(2,2),(2,2),(0.,13.85379043626),(0.,1.)
  ,.PIECEWISE_BEZIER_KNOTS.);
#2307 = CARTESIAN_POINT('',(133.35,-18.15,0.));
#2308 = CARTESIAN_POINT('',(133.35,0.,0.));
#2309 = CARTESIAN_POINT('',(136.46086956521,-14.10080584249,
    12.878432617165));
#2310 = CARTESIAN_POINT('',(136.65432098765,-0.935185185185,
    10.056611192117));
#2311 = ADVANCED_FACE('',(#2312),#2364,.F.);
#2312 = FACE_BOUND('',#2313,.F.);
#2313 = EDGE_LOOP('',(#2314,#2315,#2346,#2363));
#2314 = ORIENTED_EDGE('',*,*,#2246,.F.);
#2315 = ORIENTED_EDGE('',*,*,#2316,.T.);
#2316 = EDGE_CURVE('',#2239,#2317,#2319,.T.);
#2317 = VERTEX_POINT('',#2318);
#2318 = CARTESIAN_POINT('',(148.85,-14.70068645842,10.970516673881));
#2319 = B_SPLINE_CURVE_WITH_KNOTS('',4,(#2320,#2321,#2322,#2323,#2324,
    #2325,#2326,#2327,#2328,#2329,#2330,#2331,#2332,#2333,#2334,#2335,
    #2336,#2337,#2338,#2339,#2340,#2341,#2342,#2343,#2344,#2345),
  .UNSPECIFIED.,.F.,.F.,(5,3,3,3,3,3,3,3,5),(0.,0.1263183419,
    0.250843560805,0.375110758566,0.498466583142,0.622432402074,
    0.744864825638,0.866865297536,1.),.UNSPECIFIED.);
#2320 = CARTESIAN_POINT('',(148.85,-0.750000000002,8.065203035262));
#2321 = CARTESIAN_POINT('',(148.84787851601,-1.190410122816,
    8.156397095464));
#2322 = CARTESIAN_POINT('',(148.8459902493,-1.630840655974,
    8.247653252495));
#2323 = CARTESIAN_POINT('',(148.84432203592,-2.071289335876,
    8.338967663836));
#2324 = CARTESIAN_POINT('',(148.84142342693,-2.94596688943,
    8.520409414087));
#2325 = CARTESIAN_POINT('',(148.84018714539,-3.380195297268,
    8.610535200249));
#2326 = CARTESIAN_POINT('',(148.83914250224,-3.814437878862,
    8.700711256261));
#2327 = CARTESIAN_POINT('',(148.83741894297,-4.682048860538,
    8.880971549937));
#2328 = CARTESIAN_POINT('',(148.83673926748,-5.115417204062,
    8.97105558815));
#2329 = CARTESIAN_POINT('',(148.83623119173,-5.548796936567,
    9.061184301273));
#2330 = CARTESIAN_POINT('',(148.83554387559,-6.412398529655,
    9.240865122589));
#2331 = CARTESIAN_POINT('',(148.83536224576,-6.842620237019,
    9.330416609771));
#2332 = CARTESIAN_POINT('',(148.83533311506,-7.272851026528,
    9.420007558687));
#2333 = CARTESIAN_POINT('',(148.83556585513,-8.135456588102,
    9.599707655069));
#2334 = CARTESIAN_POINT('',(148.8358291612,-8.567831439624,9.68981717256
    ));
#2335 = CARTESIAN_POINT('',(148.83623172091,-9.000213725965,
    9.779962554376));
#2336 = CARTESIAN_POINT('',(148.83729566696,-9.859643329267,
    9.959206096349));
#2337 = CARTESIAN_POINT('',(148.83795378649,-10.28669047909,
    10.0483034161));
#2338 = CARTESIAN_POINT('',(148.83873507121,-10.71374351896,
    10.137432348048));
#2339 = CARTESIAN_POINT('',(148.84052964653,-11.56635358501,
    10.315435949902));
#2340 = CARTESIAN_POINT('',(148.84154210583,-11.99191057235,
    10.404310406352));
#2341 = CARTESIAN_POINT('',(148.84266580352,-12.41747231937,
    10.493213350651));
#2342 = CARTESIAN_POINT('',(148.84523812365,-13.3074432383,
    10.679189782475));
#2343 = CARTESIAN_POINT('',(148.84670703706,-13.771853233,10.77626846351
    ));
#2344 = CARTESIAN_POINT('',(148.84829620182,-14.23626779323,
    10.873377905734));
#2345 = CARTESIAN_POINT('',(148.85,-14.70068645842,10.97051667388));
#2346 = ORIENTED_EDGE('',*,*,#2347,.F.);
#2347 = EDGE_CURVE('',#2270,#2317,#2348,.T.);
#2348 = B_SPLINE_CURVE_WITH_KNOTS('',4,(#2349,#2350,#2351,#2352,#2353,
    #2354,#2355,#2356,#2357,#2358,#2359,#2360,#2361,#2362),
  .UNSPECIFIED.,.F.,.F.,(5,3,3,3,5),(0.,0.250397269715,0.499494429285,
    0.749775654996,1.),.UNSPECIFIED.);
#2349 = CARTESIAN_POINT('',(136.,-14.70068645842,10.970516673881));
#2350 = CARTESIAN_POINT('',(136.78671552306,-14.75802521303,
    10.788151181163));
#2351 = CARTESIAN_POINT('',(137.58221947877,-14.80604440253,
    10.635426497618));
#2352 = CARTESIAN_POINT('',(138.38439153985,-14.84455666173,
    10.512938536888));
#2353 = CARTESIAN_POINT('',(139.99344902159,-14.90222447977,
    10.329526460319));
#2354 = CARTESIAN_POINT('',(140.80029143207,-14.92147970901,
    10.26828534353));
#2355 = CARTESIAN_POINT('',(141.60935781455,-14.93113672421,
    10.2375712768));
#2356 = CARTESIAN_POINT('',(143.231351187,-14.9312538901,10.23719863155)
  );
#2357 = CARTESIAN_POINT('',(144.04428150912,-14.92162257137,
    10.267830970851));
#2358 = CARTESIAN_POINT('',(144.85497409277,-14.90230118372,
    10.329282503961));
#2359 = CARTESIAN_POINT('',(146.46727039399,-14.84447685841,
    10.513192350754));
#2360 = CARTESIAN_POINT('',(147.26887927206,-14.80597807354,
    10.635637456489));
#2361 = CARTESIAN_POINT('',(148.06382778361,-14.75798561482,
    10.78827712299));
#2362 = CARTESIAN_POINT('',(148.85,-14.70068645842,10.970516673881));
#2363 = ORIENTED_EDGE('',*,*,#2277,.F.);
#2364 = SURFACE_OF_LINEAR_EXTRUSION('',#2365,#2370);
#2365 = CIRCLE('',#2366,26.200390625003);
#2366 = AXIS2_PLACEMENT_3D('',#2367,#2368,#2369);
#2367 = CARTESIAN_POINT('',(142.425,-3.101888020834,33.356475574227));
#2368 = DIRECTION('',(0.,0.995704078427,9.259259259259E-02));
#2369 = DIRECTION('',(-1.,0.,0.));
#2370 = VECTOR('',#2371,1.);
#2371 = DIRECTION('',(0.,0.978995540942,-0.20388165885));
#2372 = ADVANCED_FACE('',(#2373),#2391,.F.);
#2373 = FACE_BOUND('',#2374,.F.);
#2374 = EDGE_LOOP('',(#2375,#2383,#2389,#2390));
#2375 = ORIENTED_EDGE('',*,*,#2376,.F.);
#2376 = EDGE_CURVE('',#2377,#2231,#2379,.T.);
#2377 = VERTEX_POINT('',#2378);
#2378 = CARTESIAN_POINT('',(151.5,-18.15,0.));
#2379 = LINE('',#2380,#2381);
#2380 = CARTESIAN_POINT('',(151.5,-18.15,0.));
#2381 = VECTOR('',#2382,1.);
#2382 = DIRECTION('',(0.,1.,0.));
#2383 = ORIENTED_EDGE('',*,*,#2384,.T.);
#2384 = EDGE_CURVE('',#2377,#2317,#2385,.T.);
#2385 = LINE('',#2386,#2387);
#2386 = CARTESIAN_POINT('',(151.5,-18.15,0.));
#2387 = VECTOR('',#2388,1.);
#2388 = DIRECTION('',(-0.224550066607,0.292280598305,0.929596320691));
#2389 = ORIENTED_EDGE('',*,*,#2316,.F.);
#2390 = ORIENTED_EDGE('',*,*,#2238,.F.);
#2391 = B_SPLINE_SURFACE_WITH_KNOTS('',1,1,(
    (#2392,#2393)
    ,(#2394,#2395
    )),.UNSPECIFIED.,.F.,.F.,.F.,(2,2),(2,2),(0.,13.85379043626),(0.,1.)
  ,.PIECEWISE_BEZIER_KNOTS.);
#2392 = CARTESIAN_POINT('',(151.5,-18.15,0.));
#2393 = CARTESIAN_POINT('',(151.5,0.,0.));
#2394 = CARTESIAN_POINT('',(148.38913043478,-14.10080584249,
    12.878432617165));
#2395 = CARTESIAN_POINT('',(148.19567901234,-0.935185185185,
    10.056611192117));
#2396 = ADVANCED_FACE('',(#2397),#2408,.F.);
#2397 = FACE_BOUND('',#2398,.F.);
#2398 = EDGE_LOOP('',(#2399,#2405,#2406,#2407));
#2399 = ORIENTED_EDGE('',*,*,#2400,.T.);
#2400 = EDGE_CURVE('',#2262,#2377,#2401,.T.);
#2401 = LINE('',#2402,#2403);
#2402 = CARTESIAN_POINT('',(133.35,-18.15,0.));
#2403 = VECTOR('',#2404,1.);
#2404 = DIRECTION('',(1.,0.,0.));
#2405 = ORIENTED_EDGE('',*,*,#2376,.T.);
#2406 = ORIENTED_EDGE('',*,*,#2230,.F.);
#2407 = ORIENTED_EDGE('',*,*,#2261,.F.);
#2408 = PLANE('',#2409);
#2409 = AXIS2_PLACEMENT_3D('',#2410,#2411,#2412);
#2410 = CARTESIAN_POINT('',(133.35,-18.15,0.));
#2411 = DIRECTION('',(0.,0.,1.));
#2412 = DIRECTION('',(0.,1.,0.));
#2413 = ADVANCED_FACE('',(#2414),#2420,.F.);
#2414 = FACE_BOUND('',#2415,.F.);
#2415 = EDGE_LOOP('',(#2416,#2417,#2418,#2419));
#2416 = ORIENTED_EDGE('',*,*,#2400,.F.);
#2417 = ORIENTED_EDGE('',*,*,#2269,.T.);
#2418 = ORIENTED_EDGE('',*,*,#2347,.T.);
#2419 = ORIENTED_EDGE('',*,*,#2384,.F.);
#2420 = PLANE('',#2421);
#2421 = AXIS2_PLACEMENT_3D('',#2422,#2423,#2424);
#2422 = CARTESIAN_POINT('',(133.35,-14.70068645842,10.970516673881));
#2423 = DIRECTION('',(0.,0.953957971642,-0.299940307963));
#2424 = DIRECTION('',(0.,-0.299940307963,-0.953957971642));
#2425 = MANIFOLD_SOLID_BREP('',#2426);
#2426 = CLOSED_SHELL('',(#2427,#2468,#2522,#2583,#2607,#2624));
#2427 = ADVANCED_FACE('',(#2428),#2463,.F.);
#2428 = FACE_BOUND('',#2429,.F.);
#2429 = EDGE_LOOP('',(#2430,#2440,#2448,#2456));
#2430 = ORIENTED_EDGE('',*,*,#2431,.F.);
#2431 = EDGE_CURVE('',#2432,#2434,#2436,.T.);
#2432 = VERTEX_POINT('',#2433);
#2433 = CARTESIAN_POINT('',(152.4,0.,0.));
#2434 = VERTEX_POINT('',#2435);
#2435 = CARTESIAN_POINT('',(155.05,-0.75,8.065203035262));
#2436 = LINE('',#2437,#2438);
#2437 = CARTESIAN_POINT('',(152.4,0.,0.));
#2438 = VECTOR('',#2439,1.);
#2439 = DIRECTION('',(0.310942708743,-8.800265341778E-02,0.946345689942)
  );
#2440 = ORIENTED_EDGE('',*,*,#2441,.T.);
#2441 = EDGE_CURVE('',#2432,#2442,#2444,.T.);
#2442 = VERTEX_POINT('',#2443);
#2443 = CARTESIAN_POINT('',(170.55,0.,0.));
#2444 = LINE('',#2445,#2446);
#2445 = CARTESIAN_POINT('',(152.4,0.,0.));
#2446 = VECTOR('',#2447,1.);
#2447 = DIRECTION('',(1.,0.,0.));
#2448 = ORIENTED_EDGE('',*,*,#2449,.T.);
#2449 = EDGE_CURVE('',#2442,#2450,#2452,.T.);
#2450 = VERTEX_POINT('',#2451);
#2451 = CARTESIAN_POINT('',(167.9,-0.75,8.065203035262));
#2452 = LINE('',#2453,#2454);
#2453 = CARTESIAN_POINT('',(170.55,0.,0.));
#2454 = VECTOR('',#2455,1.);
#2455 = DIRECTION('',(-0.310942708743,-8.800265341778E-02,0.946345689942
    ));
#2456 = ORIENTED_EDGE('',*,*,#2457,.T.);
#2457 = EDGE_CURVE('',#2450,#2434,#2458,.T.);
#2458 = CIRCLE('',#2459,26.200390625003);
#2459 = AXIS2_PLACEMENT_3D('',#2460,#2461,#2462);
#2460 = CARTESIAN_POINT('',(161.475,-3.101888020834,33.356475574227));
#2461 = DIRECTION('',(0.,0.995704078427,9.259259259259E-02));
#2462 = DIRECTION('',(-1.,0.,0.));
#2463 = PLANE('',#2464);
#2464 = AXIS2_PLACEMENT_3D('',#2465,#2466,#2467);
#2465 = CARTESIAN_POINT('',(152.4,0.,0.));
#2466 = DIRECTION('',(0.,-0.995704078427,-9.259259259259E-02));
#2467 = DIRECTION('',(0.,-9.259259259259E-02,0.995704078427));
#2468 = ADVANCED_FACE('',(#2469),#2517,.T.);
#2469 = FACE_BOUND('',#2470,.T.);
#2470 = EDGE_LOOP('',(#2471,#2479,#2487,#2516));
#2471 = ORIENTED_EDGE('',*,*,#2472,.F.);
#2472 = EDGE_CURVE('',#2473,#2432,#2475,.T.);
#2473 = VERTEX_POINT('',#2474);
#2474 = CARTESIAN_POINT('',(152.4,-18.15,0.));
#2475 = LINE('',#2476,#2477);
#2476 = CARTESIAN_POINT('',(152.4,-18.15,0.));
#2477 = VECTOR('',#2478,1.);
#2478 = DIRECTION('',(0.,1.,0.));
#2479 = ORIENTED_EDGE('',*,*,#2480,.T.);
#2480 = EDGE_CURVE('',#2473,#2481,#2483,.T.);
#2481 = VERTEX_POINT('',#2482);
#2482 = CARTESIAN_POINT('',(155.05,-14.70068645842,10.970516673881));
#2483 = LINE('',#2484,#2485);
#2484 = CARTESIAN_POINT('',(152.4,-18.15,0.));
#2485 = VECTOR('',#2486,1.);
#2486 = DIRECTION('',(0.224550066607,0.292280598305,0.929596320691));
#2487 = ORIENTED_EDGE('',*,*,#2488,.F.);
#2488 = EDGE_CURVE('',#2434,#2481,#2489,.T.);
#2489 = B_SPLINE_CURVE_WITH_KNOTS('',4,(#2490,#2491,#2492,#2493,#2494,
    #2495,#2496,#2497,#2498,#2499,#2500,#2501,#2502,#2503,#2504,#2505,
    #2506,#2507,#2508,#2509,#2510,#2511,#2512,#2513,#2514,#2515),
  .UNSPECIFIED.,.F.,.F.,(5,3,3,3,3,3,3,3,5),(0.,0.1263183419,
    0.250843560805,0.375110758566,0.498466583143,0.622432402074,
    0.744864825638,0.866865297536,1.),.UNSPECIFIED.);
#2490 = CARTESIAN_POINT('',(155.05,-0.75,8.065203035262));
#2491 = CARTESIAN_POINT('',(155.05212148398,-1.190410122814,
    8.156397095463));
#2492 = CARTESIAN_POINT('',(155.05400975069,-1.630840655973,
    8.247653252495));
#2493 = CARTESIAN_POINT('',(155.05567796407,-2.071289335875,
    8.338967663836));
#2494 = CARTESIAN_POINT('',(155.05857657306,-2.94596688943,
    8.520409414087));
#2495 = CARTESIAN_POINT('',(155.0598128546,-3.380195297268,
    8.610535200249));
#2496 = CARTESIAN_POINT('',(155.06085749775,-3.814437878862,
    8.700711256261));
#2497 = CARTESIAN_POINT('',(155.06258105703,-4.682048860538,
    8.880971549937));
#2498 = CARTESIAN_POINT('',(155.06326073251,-5.115417204062,
    8.97105558815));
#2499 = CARTESIAN_POINT('',(155.06376880826,-5.548796936567,
    9.061184301273));
#2500 = CARTESIAN_POINT('',(155.0644561244,-6.412398529655,
    9.240865122589));
#2501 = CARTESIAN_POINT('',(155.06463775423,-6.842620237019,
    9.330416609771));
#2502 = CARTESIAN_POINT('',(155.06466688493,-7.272851026528,
    9.420007558687));
#2503 = CARTESIAN_POINT('',(155.06443414486,-8.135456588102,
    9.599707655069));
#2504 = CARTESIAN_POINT('',(155.06417083879,-8.567831439624,
    9.68981717256));
#2505 = CARTESIAN_POINT('',(155.06376827908,-9.000213725965,
    9.779962554376));
#2506 = CARTESIAN_POINT('',(155.06270433303,-9.859643329267,
    9.959206096349));
#2507 = CARTESIAN_POINT('',(155.0620462135,-10.28669047909,10.0483034161
    ));
#2508 = CARTESIAN_POINT('',(155.06126492878,-10.71374351896,
    10.137432348048));
#2509 = CARTESIAN_POINT('',(155.05947035346,-11.56635358501,
    10.315435949902));
#2510 = CARTESIAN_POINT('',(155.05845789416,-11.99191057235,
    10.404310406352));
#2511 = CARTESIAN_POINT('',(155.05733419647,-12.41747231937,
    10.493213350651));
#2512 = CARTESIAN_POINT('',(155.05476187634,-13.3074432383,
    10.679189782476));
#2513 = CARTESIAN_POINT('',(155.05329296293,-13.771853233,10.77626846351
    ));
#2514 = CARTESIAN_POINT('',(155.05170379817,-14.23626779323,
    10.873377905734));
#2515 = CARTESIAN_POINT('',(155.05,-14.70068645842,10.970516673881));
#2516 = ORIENTED_EDGE('',*,*,#2431,.F.);
#2517 = B_SPLINE_SURFACE_WITH_KNOTS('',1,1,(
    (#2518,#2519)
    ,(#2520,#2521
    )),.UNSPECIFIED.,.F.,.F.,.F.,(2,2),(2,2),(0.,13.85379043626),(0.,1.)
  ,.PIECEWISE_BEZIER_KNOTS.);
#2518 = CARTESIAN_POINT('',(152.4,-18.15,0.));
#2519 = CARTESIAN_POINT('',(152.4,0.,0.));
#2520 = CARTESIAN_POINT('',(155.51086956521,-14.10080584249,
    12.878432617165));
#2521 = CARTESIAN_POINT('',(155.70432098765,-0.935185185185,
    10.056611192117));
#2522 = ADVANCED_FACE('',(#2523),#2575,.F.);
#2523 = FACE_BOUND('',#2524,.F.);
#2524 = EDGE_LOOP('',(#2525,#2526,#2557,#2574));
#2525 = ORIENTED_EDGE('',*,*,#2457,.F.);
#2526 = ORIENTED_EDGE('',*,*,#2527,.T.);
#2527 = EDGE_CURVE('',#2450,#2528,#2530,.T.);
#2528 = VERTEX_POINT('',#2529);
#2529 = CARTESIAN_POINT('',(167.9,-14.70068645842,10.970516673881));
#2530 = B_SPLINE_CURVE_WITH_KNOTS('',4,(#2531,#2532,#2533,#2534,#2535,
    #2536,#2537,#2538,#2539,#2540,#2541,#2542,#2543,#2544,#2545,#2546,
    #2547,#2548,#2549,#2550,#2551,#2552,#2553,#2554,#2555,#2556),
  .UNSPECIFIED.,.F.,.F.,(5,3,3,3,3,3,3,3,5),(0.,0.1263183419,
    0.250843560805,0.375110758566,0.498466583142,0.622432402074,
    0.744864825638,0.866865297536,1.),.UNSPECIFIED.);
#2531 = CARTESIAN_POINT('',(167.9,-0.750000000002,8.065203035262));
#2532 = CARTESIAN_POINT('',(167.89787851601,-1.190410122816,
    8.156397095464));
#2533 = CARTESIAN_POINT('',(167.8959902493,-1.630840655974,
    8.247653252495));
#2534 = CARTESIAN_POINT('',(167.89432203592,-2.071289335876,
    8.338967663836));
#2535 = CARTESIAN_POINT('',(167.89142342693,-2.94596688943,
    8.520409414087));
#2536 = CARTESIAN_POINT('',(167.89018714539,-3.380195297268,
    8.610535200249));
#2537 = CARTESIAN_POINT('',(167.88914250224,-3.814437878862,
    8.700711256261));
#2538 = CARTESIAN_POINT('',(167.88741894297,-4.682048860538,
    8.880971549937));
#2539 = CARTESIAN_POINT('',(167.88673926748,-5.115417204062,
    8.97105558815));
#2540 = CARTESIAN_POINT('',(167.88623119173,-5.548796936567,
    9.061184301273));
#2541 = CARTESIAN_POINT('',(167.88554387559,-6.412398529655,
    9.240865122589));
#2542 = CARTESIAN_POINT('',(167.88536224576,-6.842620237019,
    9.330416609771));
#2543 = CARTESIAN_POINT('',(167.88533311506,-7.272851026528,
    9.420007558687));
#2544 = CARTESIAN_POINT('',(167.88556585513,-8.135456588102,
    9.599707655069));
#2545 = CARTESIAN_POINT('',(167.8858291612,-8.567831439624,9.68981717256
    ));
#2546 = CARTESIAN_POINT('',(167.88623172091,-9.000213725965,
    9.779962554376));
#2547 = CARTESIAN_POINT('',(167.88729566696,-9.859643329267,
    9.959206096349));
#2548 = CARTESIAN_POINT('',(167.88795378649,-10.28669047909,
    10.0483034161));
#2549 = CARTESIAN_POINT('',(167.88873507121,-10.71374351896,
    10.137432348048));
#2550 = CARTESIAN_POINT('',(167.89052964653,-11.56635358501,
    10.315435949902));
#2551 = CARTESIAN_POINT('',(167.89154210583,-11.99191057235,
    10.404310406352));
#2552 = CARTESIAN_POINT('',(167.89266580352,-12.41747231937,
    10.493213350651));
#2553 = CARTESIAN_POINT('',(167.89523812365,-13.3074432383,
    10.679189782475));
#2554 = CARTESIAN_POINT('',(167.89670703706,-13.771853233,10.77626846351
    ));
#2555 = CARTESIAN_POINT('',(167.89829620182,-14.23626779323,
    10.873377905734));
#2556 = CARTESIAN_POINT('',(167.9,-14.70068645842,10.97051667388));
#2557 = ORIENTED_EDGE('',*,*,#2558,.F.);
#2558 = EDGE_CURVE('',#2481,#2528,#2559,.T.);
#2559 = B_SPLINE_CURVE_WITH_KNOTS('',4,(#2560,#2561,#2562,#2563,#2564,
    #2565,#2566,#2567,#2568,#2569,#2570,#2571,#2572,#2573),
  .UNSPECIFIED.,.F.,.F.,(5,3,3,3,5),(0.,0.250397269715,0.499494429285,
    0.749775654996,1.),.UNSPECIFIED.);
#2560 = CARTESIAN_POINT('',(155.05,-14.70068645842,10.970516673881));
#2561 = CARTESIAN_POINT('',(155.83671552306,-14.75802521303,
    10.788151181163));
#2562 = CARTESIAN_POINT('',(156.63221947877,-14.80604440253,
    10.635426497618));
#2563 = CARTESIAN_POINT('',(157.43439153985,-14.84455666173,
    10.512938536888));
#2564 = CARTESIAN_POINT('',(159.04344902159,-14.90222447977,
    10.329526460319));
#2565 = CARTESIAN_POINT('',(159.85029143207,-14.92147970901,
    10.26828534353));
#2566 = CARTESIAN_POINT('',(160.65935781455,-14.93113672421,
    10.2375712768));
#2567 = CARTESIAN_POINT('',(162.281351187,-14.9312538901,10.23719863155)
  );
#2568 = CARTESIAN_POINT('',(163.09428150912,-14.92162257137,
    10.267830970851));
#2569 = CARTESIAN_POINT('',(163.90497409277,-14.90230118372,
    10.329282503961));
#2570 = CARTESIAN_POINT('',(165.51727039399,-14.84447685841,
    10.513192350754));
#2571 = CARTESIAN_POINT('',(166.31887927206,-14.80597807354,
    10.635637456489));
#2572 = CARTESIAN_POINT('',(167.11382778361,-14.75798561482,
    10.78827712299));
#2573 = CARTESIAN_POINT('',(167.9,-14.70068645842,10.970516673881));
#2574 = ORIENTED_EDGE('',*,*,#2488,.F.);
#2575 = SURFACE_OF_LINEAR_EXTRUSION('',#2576,#2581);
#2576 = CIRCLE('',#2577,26.200390625003);
#2577 = AXIS2_PLACEMENT_3D('',#2578,#2579,#2580);
#2578 = CARTESIAN_POINT('',(161.475,-3.101888020834,33.356475574227));
#2579 = DIRECTION('',(0.,0.995704078427,9.259259259259E-02));
#2580 = DIRECTION('',(-1.,0.,0.));
#2581 = VECTOR('',#2582,1.);
#2582 = DIRECTION('',(0.,0.978995540942,-0.20388165885));
#2583 = ADVANCED_FACE('',(#2584),#2602,.F.);
#2584 = FACE_BOUND('',#2585,.F.);
#2585 = EDGE_LOOP('',(#2586,#2594,#2600,#2601));
#2586 = ORIENTED_EDGE('',*,*,#2587,.F.);
#2587 = EDGE_CURVE('',#2588,#2442,#2590,.T.);
#2588 = VERTEX_POINT('',#2589);
#2589 = CARTESIAN_POINT('',(170.55,-18.15,0.));
#2590 = LINE('',#2591,#2592);
#2591 = CARTESIAN_POINT('',(170.55,-18.15,0.));
#2592 = VECTOR('',#2593,1.);
#2593 = DIRECTION('',(0.,1.,0.));
#2594 = ORIENTED_EDGE('',*,*,#2595,.T.);
#2595 = EDGE_CURVE('',#2588,#2528,#2596,.T.);
#2596 = LINE('',#2597,#2598);
#2597 = CARTESIAN_POINT('',(170.55,-18.15,0.));
#2598 = VECTOR('',#2599,1.);
#2599 = DIRECTION('',(-0.224550066607,0.292280598305,0.929596320691));
#2600 = ORIENTED_EDGE('',*,*,#2527,.F.);
#2601 = ORIENTED_EDGE('',*,*,#2449,.F.);
#2602 = B_SPLINE_SURFACE_WITH_KNOTS('',1,1,(
    (#2603,#2604)
    ,(#2605,#2606
    )),.UNSPECIFIED.,.F.,.F.,.F.,(2,2),(2,2),(0.,13.85379043626),(0.,1.)
  ,.PIECEWISE_BEZIER_KNOTS.);
#2603 = CARTESIAN_POINT('',(170.55,-18.15,0.));
#2604 = CARTESIAN_POINT('',(170.55,0.,0.));
#2605 = CARTESIAN_POINT('',(167.43913043478,-14.10080584249,
    12.878432617165));
#2606 = CARTESIAN_POINT('',(167.24567901234,-0.935185185185,
    10.056611192117));
#2607 = ADVANCED_FACE('',(#2608),#2619,.F.);
#2608 = FACE_BOUND('',#2609,.F.);
#2609 = EDGE_LOOP('',(#2610,#2616,#2617,#2618));
#2610 = ORIENTED_EDGE('',*,*,#2611,.T.);
#2611 = EDGE_CURVE('',#2473,#2588,#2612,.T.);
#2612 = LINE('',#2613,#2614);
#2613 = CARTESIAN_POINT('',(152.4,-18.15,0.));
#2614 = VECTOR('',#2615,1.);
#2615 = DIRECTION('',(1.,0.,0.));
#2616 = ORIENTED_EDGE('',*,*,#2587,.T.);
#2617 = ORIENTED_EDGE('',*,*,#2441,.F.);
#2618 = ORIENTED_EDGE('',*,*,#2472,.F.);
#2619 = PLANE('',#2620);
#2620 = AXIS2_PLACEMENT_3D('',#2621,#2622,#2623);
#2621 = CARTESIAN_POINT('',(152.4,-18.15,0.));
#2622 = DIRECTION('',(0.,0.,1.));
#2623 = DIRECTION('',(0.,1.,0.));
#2624 = ADVANCED_FACE('',(#2625),#2631,.F.);
#2625 = FACE_BOUND('',#2626,.F.);
#2626 = EDGE_LOOP('',(#2627,#2628,#2629,#2630));
#2627 = ORIENTED_EDGE('',*,*,#2611,.F.);
#2628 = ORIENTED_EDGE('',*,*,#2480,.T.);
#2629 = ORIENTED_EDGE('',*,*,#2558,.T.);
#2630 = ORIENTED_EDGE('',*,*,#2595,.F.);
#2631 = PLANE('',#2632);
#2632 = AXIS2_PLACEMENT_3D('',#2633,#2634,#2635);
#2633 = CARTESIAN_POINT('',(152.4,-14.70068645842,10.970516673881));
#2634 = DIRECTION('',(0.,0.953957971642,-0.299940307963));
#2635 = DIRECTION('',(0.,-0.299940307963,-0.953957971642));
#2636 = MANIFOLD_SOLID_BREP('',#2637);
#2637 = CLOSED_SHELL('',(#2638,#2679,#2733,#2794,#2818,#2835));
#2638 = ADVANCED_FACE('',(#2639),#2674,.F.);
#2639 = FACE_BOUND('',#2640,.F.);
#2640 = EDGE_LOOP('',(#2641,#2651,#2659,#2667));
#2641 = ORIENTED_EDGE('',*,*,#2642,.F.);
#2642 = EDGE_CURVE('',#2643,#2645,#2647,.T.);
#2643 = VERTEX_POINT('',#2644);
#2644 = CARTESIAN_POINT('',(171.45,0.,0.));
#2645 = VERTEX_POINT('',#2646);
#2646 = CARTESIAN_POINT('',(174.1,-0.75,8.065203035262));
#2647 = LINE('',#2648,#2649);
#2648 = CARTESIAN_POINT('',(171.45,0.,0.));
#2649 = VECTOR('',#2650,1.);
#2650 = DIRECTION('',(0.310942708743,-8.800265341778E-02,0.946345689942)
  );
#2651 = ORIENTED_EDGE('',*,*,#2652,.T.);
#2652 = EDGE_CURVE('',#2643,#2653,#2655,.T.);
#2653 = VERTEX_POINT('',#2654);
#2654 = CARTESIAN_POINT('',(189.6,0.,0.));
#2655 = LINE('',#2656,#2657);
#2656 = CARTESIAN_POINT('',(171.45,0.,0.));
#2657 = VECTOR('',#2658,1.);
#2658 = DIRECTION('',(1.,0.,0.));
#2659 = ORIENTED_EDGE('',*,*,#2660,.T.);
#2660 = EDGE_CURVE('',#2653,#2661,#2663,.T.);
#2661 = VERTEX_POINT('',#2662);
#2662 = CARTESIAN_POINT('',(186.95,-0.75,8.065203035262));
#2663 = LINE('',#2664,#2665);
#2664 = CARTESIAN_POINT('',(189.6,0.,0.));
#2665 = VECTOR('',#2666,1.);
#2666 = DIRECTION('',(-0.310942708743,-8.800265341778E-02,0.946345689942
    ));
#2667 = ORIENTED_EDGE('',*,*,#2668,.T.);
#2668 = EDGE_CURVE('',#2661,#2645,#2669,.T.);
#2669 = CIRCLE('',#2670,26.200390625003);
#2670 = AXIS2_PLACEMENT_3D('',#2671,#2672,#2673);
#2671 = CARTESIAN_POINT('',(180.525,-3.101888020834,33.356475574227));
#2672 = DIRECTION('',(0.,0.995704078427,9.259259259259E-02));
#2673 = DIRECTION('',(-1.,0.,0.));
#2674 = PLANE('',#2675);
#2675 = AXIS2_PLACEMENT_3D('',#2676,#2677,#2678);
#2676 = CARTESIAN_POINT('',(171.45,0.,0.));
#2677 = DIRECTION('',(0.,-0.995704078427,-9.259259259259E-02));
#2678 = DIRECTION('',(0.,-9.259259259259E-02,0.995704078427));
#2679 = ADVANCED_FACE('',(#2680),#2728,.T.);
#2680 = FACE_BOUND('',#2681,.T.);
#2681 = EDGE_LOOP('',(#2682,#2690,#2698,#2727));
#2682 = ORIENTED_EDGE('',*,*,#2683,.F.);
#2683 = EDGE_CURVE('',#2684,#2643,#2686,.T.);
#2684 = VERTEX_POINT('',#2685);
#2685 = CARTESIAN_POINT('',(171.45,-18.15,0.));
#2686 = LINE('',#2687,#2688);
#2687 = CARTESIAN_POINT('',(171.45,-18.15,0.));
#2688 = VECTOR('',#2689,1.);
#2689 = DIRECTION('',(0.,1.,0.));
#2690 = ORIENTED_EDGE('',*,*,#2691,.T.);
#2691 = EDGE_CURVE('',#2684,#2692,#2694,.T.);
#2692 = VERTEX_POINT('',#2693);
#2693 = CARTESIAN_POINT('',(174.1,-14.70068645842,10.970516673881));
#2694 = LINE('',#2695,#2696);
#2695 = CARTESIAN_POINT('',(171.45,-18.15,0.));
#2696 = VECTOR('',#2697,1.);
#2697 = DIRECTION('',(0.224550066607,0.292280598305,0.929596320691));
#2698 = ORIENTED_EDGE('',*,*,#2699,.F.);
#2699 = EDGE_CURVE('',#2645,#2692,#2700,.T.);
#2700 = B_SPLINE_CURVE_WITH_KNOTS('',4,(#2701,#2702,#2703,#2704,#2705,
    #2706,#2707,#2708,#2709,#2710,#2711,#2712,#2713,#2714,#2715,#2716,
    #2717,#2718,#2719,#2720,#2721,#2722,#2723,#2724,#2725,#2726),
  .UNSPECIFIED.,.F.,.F.,(5,3,3,3,3,3,3,3,5),(0.,0.1263183419,
    0.250843560805,0.375110758566,0.498466583143,0.622432402074,
    0.744864825638,0.866865297536,1.),.UNSPECIFIED.);
#2701 = CARTESIAN_POINT('',(174.1,-0.75,8.065203035262));
#2702 = CARTESIAN_POINT('',(174.10212148398,-1.190410122814,
    8.156397095463));
#2703 = CARTESIAN_POINT('',(174.10400975069,-1.630840655973,
    8.247653252495));
#2704 = CARTESIAN_POINT('',(174.10567796407,-2.071289335875,
    8.338967663836));
#2705 = CARTESIAN_POINT('',(174.10857657306,-2.94596688943,
    8.520409414087));
#2706 = CARTESIAN_POINT('',(174.1098128546,-3.380195297268,
    8.610535200249));
#2707 = CARTESIAN_POINT('',(174.11085749775,-3.814437878862,
    8.700711256261));
#2708 = CARTESIAN_POINT('',(174.11258105703,-4.682048860538,
    8.880971549937));
#2709 = CARTESIAN_POINT('',(174.11326073251,-5.115417204062,
    8.97105558815));
#2710 = CARTESIAN_POINT('',(174.11376880826,-5.548796936567,
    9.061184301273));
#2711 = CARTESIAN_POINT('',(174.1144561244,-6.412398529655,
    9.240865122589));
#2712 = CARTESIAN_POINT('',(174.11463775423,-6.842620237019,
    9.330416609771));
#2713 = CARTESIAN_POINT('',(174.11466688493,-7.272851026528,
    9.420007558687));
#2714 = CARTESIAN_POINT('',(174.11443414486,-8.135456588102,
    9.599707655069));
#2715 = CARTESIAN_POINT('',(174.11417083879,-8.567831439624,
    9.68981717256));
#2716 = CARTESIAN_POINT('',(174.11376827908,-9.000213725965,
    9.779962554376));
#2717 = CARTESIAN_POINT('',(174.11270433303,-9.859643329267,
    9.959206096349));
#2718 = CARTESIAN_POINT('',(174.1120462135,-10.28669047909,10.0483034161
    ));
#2719 = CARTESIAN_POINT('',(174.11126492878,-10.71374351896,
    10.137432348048));
#2720 = CARTESIAN_POINT('',(174.10947035346,-11.56635358501,
    10.315435949902));
#2721 = CARTESIAN_POINT('',(174.10845789416,-11.99191057235,
    10.404310406352));
#2722 = CARTESIAN_POINT('',(174.10733419647,-12.41747231937,
    10.493213350651));
#2723 = CARTESIAN_POINT('',(174.10476187634,-13.3074432383,
    10.679189782476));
#2724 = CARTESIAN_POINT('',(174.10329296293,-13.771853233,10.77626846351
    ));
#2725 = CARTESIAN_POINT('',(174.10170379817,-14.23626779323,
    10.873377905734));
#2726 = CARTESIAN_POINT('',(174.1,-14.70068645842,10.970516673881));
#2727 = ORIENTED_EDGE('',*,*,#2642,.F.);
#2728 = B_SPLINE_SURFACE_WITH_KNOTS('',1,1,(
    (#2729,#2730)
    ,(#2731,#2732
    )),.UNSPECIFIED.,.F.,.F.,.F.,(2,2),(2,2),(0.,13.85379043626),(0.,1.)
  ,.PIECEWISE_BEZIER_KNOTS.);
#2729 = CARTESIAN_POINT('',(171.45,-18.15,0.));
#2730 = CARTESIAN_POINT('',(171.45,0.,0.));
#2731 = CARTESIAN_POINT('',(174.56086956521,-14.10080584249,
    12.878432617165));
#2732 = CARTESIAN_POINT('',(174.75432098765,-0.935185185185,
    10.056611192117));
#2733 = ADVANCED_FACE('',(#2734),#2786,.F.);
#2734 = FACE_BOUND('',#2735,.F.);
#2735 = EDGE_LOOP('',(#2736,#2737,#2768,#2785));
#2736 = ORIENTED_EDGE('',*,*,#2668,.F.);
#2737 = ORIENTED_EDGE('',*,*,#2738,.T.);
#2738 = EDGE_CURVE('',#2661,#2739,#2741,.T.);
#2739 = VERTEX_POINT('',#2740);
#2740 = CARTESIAN_POINT('',(186.95,-14.70068645842,10.970516673881));
#2741 = B_SPLINE_CURVE_WITH_KNOTS('',4,(#2742,#2743,#2744,#2745,#2746,
    #2747,#2748,#2749,#2750,#2751,#2752,#2753,#2754,#2755,#2756,#2757,
    #2758,#2759,#2760,#2761,#2762,#2763,#2764,#2765,#2766,#2767),
  .UNSPECIFIED.,.F.,.F.,(5,3,3,3,3,3,3,3,5),(0.,0.1263183419,
    0.250843560805,0.375110758566,0.498466583142,0.622432402074,
    0.744864825638,0.866865297536,1.),.UNSPECIFIED.);
#2742 = CARTESIAN_POINT('',(186.95,-0.750000000002,8.065203035262));
#2743 = CARTESIAN_POINT('',(186.94787851601,-1.190410122816,
    8.156397095464));
#2744 = CARTESIAN_POINT('',(186.9459902493,-1.630840655974,
    8.247653252495));
#2745 = CARTESIAN_POINT('',(186.94432203592,-2.071289335876,
    8.338967663836));
#2746 = CARTESIAN_POINT('',(186.94142342693,-2.94596688943,
    8.520409414087));
#2747 = CARTESIAN_POINT('',(186.94018714539,-3.380195297268,
    8.610535200249));
#2748 = CARTESIAN_POINT('',(186.93914250224,-3.814437878862,
    8.700711256261));
#2749 = CARTESIAN_POINT('',(186.93741894297,-4.682048860538,
    8.880971549937));
#2750 = CARTESIAN_POINT('',(186.93673926748,-5.115417204062,
    8.97105558815));
#2751 = CARTESIAN_POINT('',(186.93623119173,-5.548796936567,
    9.061184301273));
#2752 = CARTESIAN_POINT('',(186.93554387559,-6.412398529655,
    9.240865122589));
#2753 = CARTESIAN_POINT('',(186.93536224576,-6.842620237019,
    9.330416609771));
#2754 = CARTESIAN_POINT('',(186.93533311506,-7.272851026528,
    9.420007558687));
#2755 = CARTESIAN_POINT('',(186.93556585513,-8.135456588102,
    9.599707655069));
#2756 = CARTESIAN_POINT('',(186.9358291612,-8.567831439624,9.68981717256
    ));
#2757 = CARTESIAN_POINT('',(186.93623172091,-9.000213725965,
    9.779962554376));
#2758 = CARTESIAN_POINT('',(186.93729566696,-9.859643329267,
    9.959206096349));
#2759 = CARTESIAN_POINT('',(186.93795378649,-10.28669047909,
    10.0483034161));
#2760 = CARTESIAN_POINT('',(186.93873507121,-10.71374351896,
    10.137432348048));
#2761 = CARTESIAN_POINT('',(186.94052964653,-11.56635358501,
    10.315435949902));
#2762 = CARTESIAN_POINT('',(186.94154210583,-11.99191057235,
    10.404310406352));
#2763 = CARTESIAN_POINT('',(186.94266580352,-12.41747231937,
    10.493213350651));
#2764 = CARTESIAN_POINT('',(186.94523812365,-13.3074432383,
    10.679189782475));
#2765 = CARTESIAN_POINT('',(186.94670703706,-13.771853233,10.77626846351
    ));
#2766 = CARTESIAN_POINT('',(186.94829620182,-14.23626779323,
    10.873377905734));
#2767 = CARTESIAN_POINT('',(186.95,-14.70068645842,10.97051667388));
#2768 = ORIENTED_EDGE('',*,*,#2769,.F.);
#2769 = EDGE_CURVE('',#2692,#2739,#2770,.T.);
#2770 = B_SPLINE_CURVE_WITH_KNOTS('',4,(#2771,#2772,#2773,#2774,#2775,
    #2776,#2777,#2778,#2779,#2780,#2781,#2782,#2783,#2784),
  .UNSPECIFIED.,.F.,.F.,(5,3,3,3,5),(0.,0.250397269715,0.499494429285,
    0.749775654996,1.),.UNSPECIFIED.);
#2771 = CARTESIAN_POINT('',(174.1,-14.70068645842,10.970516673881));
#2772 = CARTESIAN_POINT('',(174.88671552306,-14.75802521303,
    10.788151181163));
#2773 = CARTESIAN_POINT('',(175.68221947877,-14.80604440253,
    10.635426497618));
#2774 = CARTESIAN_POINT('',(176.48439153985,-14.84455666173,
    10.512938536888));
#2775 = CARTESIAN_POINT('',(178.09344902159,-14.90222447977,
    10.329526460319));
#2776 = CARTESIAN_POINT('',(178.90029143207,-14.92147970901,
    10.26828534353));
#2777 = CARTESIAN_POINT('',(179.70935781455,-14.93113672421,
    10.2375712768));
#2778 = CARTESIAN_POINT('',(181.331351187,-14.9312538901,10.23719863155)
  );
#2779 = CARTESIAN_POINT('',(182.14428150912,-14.92162257137,
    10.267830970851));
#2780 = CARTESIAN_POINT('',(182.95497409277,-14.90230118372,
    10.329282503961));
#2781 = CARTESIAN_POINT('',(184.56727039399,-14.84447685841,
    10.513192350754));
#2782 = CARTESIAN_POINT('',(185.36887927206,-14.80597807354,
    10.635637456489));
#2783 = CARTESIAN_POINT('',(186.16382778361,-14.75798561482,
    10.78827712299));
#2784 = CARTESIAN_POINT('',(186.95,-14.70068645842,10.970516673881));
#2785 = ORIENTED_EDGE('',*,*,#2699,.F.);
#2786 = SURFACE_OF_LINEAR_EXTRUSION('',#2787,#2792);
#2787 = CIRCLE('',#2788,26.200390625003);
#2788 = AXIS2_PLACEMENT_3D('',#2789,#2790,#2791);
#2789 = CARTESIAN_POINT('',(180.525,-3.101888020834,33.356475574227));
#2790 = DIRECTION('',(0.,0.995704078427,9.259259259259E-02));
#2791 = DIRECTION('',(-1.,0.,0.));
#2792 = VECTOR('',#2793,1.);
#2793 = DIRECTION('',(0.,0.978995540942,-0.20388165885));
#2794 = ADVANCED_FACE('',(#2795),#2813,.F.);
#2795 = FACE_BOUND('',#2796,.F.);
#2796 = EDGE_LOOP('',(#2797,#2805,#2811,#2812));
#2797 = ORIENTED_EDGE('',*,*,#2798,.F.);
#2798 = EDGE_CURVE('',#2799,#2653,#2801,.T.);
#2799 = VERTEX_POINT('',#2800);
#2800 = CARTESIAN_POINT('',(189.6,-18.15,0.));
#2801 = LINE('',#2802,#2803);
#2802 = CARTESIAN_POINT('',(189.6,-18.15,0.));
#2803 = VECTOR('',#2804,1.);
#2804 = DIRECTION('',(0.,1.,0.));
#2805 = ORIENTED_EDGE('',*,*,#2806,.T.);
#2806 = EDGE_CURVE('',#2799,#2739,#2807,.T.);
#2807 = LINE('',#2808,#2809);
#2808 = CARTESIAN_POINT('',(189.6,-18.15,0.));
#2809 = VECTOR('',#2810,1.);
#2810 = DIRECTION('',(-0.224550066607,0.292280598305,0.929596320691));
#2811 = ORIENTED_EDGE('',*,*,#2738,.F.);
#2812 = ORIENTED_EDGE('',*,*,#2660,.F.);
#2813 = B_SPLINE_SURFACE_WITH_KNOTS('',1,1,(
    (#2814,#2815)
    ,(#2816,#2817
    )),.UNSPECIFIED.,.F.,.F.,.F.,(2,2),(2,2),(0.,13.85379043626),(0.,1.)
  ,.PIECEWISE_BEZIER_KNOTS.);
#2814 = CARTESIAN_POINT('',(189.6,-18.15,0.));
#2815 = CARTESIAN_POINT('',(189.6,0.,0.));
#2816 = CARTESIAN_POINT('',(186.48913043478,-14.10080584249,
    12.878432617165));
#2817 = CARTESIAN_POINT('',(186.29567901234,-0.935185185185,
    10.056611192117));
#2818 = ADVANCED_FACE('',(#2819),#2830,.F.);
#2819 = FACE_BOUND('',#2820,.F.);
#2820 = EDGE_LOOP('',(#2821,#2827,#2828,#2829));
#2821 = ORIENTED_EDGE('',*,*,#2822,.T.);
#2822 = EDGE_CURVE('',#2684,#2799,#2823,.T.);
#2823 = LINE('',#2824,#2825);
#2824 = CARTESIAN_POINT('',(171.45,-18.15,0.));
#2825 = VECTOR('',#2826,1.);
#2826 = DIRECTION('',(1.,0.,0.));
#2827 = ORIENTED_EDGE('',*,*,#2798,.T.);
#2828 = ORIENTED_EDGE('',*,*,#2652,.F.);
#2829 = ORIENTED_EDGE('',*,*,#2683,.F.);
#2830 = PLANE('',#2831);
#2831 = AXIS2_PLACEMENT_3D('',#2832,#2833,#2834);
#2832 = CARTESIAN_POINT('',(171.45,-18.15,0.));
#2833 = DIRECTION('',(0.,0.,1.));
#2834 = DIRECTION('',(0.,1.,0.));
#2835 = ADVANCED_FACE('',(#2836),#2842,.F.);
#2836 = FACE_BOUND('',#2837,.F.);
#2837 = EDGE_LOOP('',(#2838,#2839,#2840,#2841));
#2838 = ORIENTED_EDGE('',*,*,#2822,.F.);
#2839 = ORIENTED_EDGE('',*,*,#2691,.T.);
#2840 = ORIENTED_EDGE('',*,*,#2769,.T.);
#2841 = ORIENTED_EDGE('',*,*,#2806,.F.);
#2842 = PLANE('',#2843);
#2843 = AXIS2_PLACEMENT_3D('',#2844,#2845,#2846);
#2844 = CARTESIAN_POINT('',(171.45,-14.70068645842,10.970516673881));
#2845 = DIRECTION('',(0.,0.953957971642,-0.299940307963));
#2846 = DIRECTION('',(0.,-0.299940307963,-0.953957971642));
#2847 = ( GEOMETRIC_REPRESENTATION_CONTEXT(3) 
GLOBAL_UNCERTAINTY_ASSIGNED_CONTEXT((#2851)) 
GLOBAL_UNIT_ASSIGNED_CONTEXT((#2848,#2849,#2850)) REPRESENTATION_CONTEXT
('Context #1','3D Context with UNIT and UNCERTAINTY') );
#2848 = ( LENGTH_UNIT() NAMED_UNIT(*) SI_UNIT(.MILLI.,.METRE.) );
#2849 = ( NAMED_UNIT(*) PLANE_ANGLE_UNIT() SI_UNIT($,.RADIAN.) );
#2850 = ( NAMED_UNIT(*) SI_UNIT($,.STERADIAN.) SOLID_ANGLE_UNIT() );
#2851 = UNCERTAINTY_MEASURE_WITH_UNIT(LENGTH_MEASURE(5.E-06),#2848,
  'distance_accuracy_value','confusion accuracy');
#2852 = CONTEXT_DEPENDENT_SHAPE_REPRESENTATION(#2853,#2855);
#2853 = ( REPRESENTATION_RELATIONSHIP('','',#736,#10) 
REPRESENTATION_RELATIONSHIP_WITH_TRANSFORMATION(#2854) 
SHAPE_REPRESENTATION_RELATIONSHIP() );
#2854 = ITEM_DEFINED_TRANSFORMATION('','',#11,#19);
#2855 = PRODUCT_DEFINITION_SHAPE('Placement','Placement of an item',
  #2856);
#2856 = NEXT_ASSEMBLY_USAGE_OCCURRENCE('2','1UR1','',#5,#731,$);
#2857 = PRODUCT_RELATED_PRODUCT_CATEGORY('part',$,(#733));
#2858 = SHAPE_DEFINITION_REPRESENTATION(#2859,#2865);
#2859 = PRODUCT_DEFINITION_SHAPE('','',#2860);
#2860 = PRODUCT_DEFINITION('design','',#2861,#2864);
#2861 = PRODUCT_DEFINITION_FORMATION('','',#2862);
#2862 = PRODUCT('OEM Space Bar','OEM Space Bar','',(#2863));
#2863 = PRODUCT_CONTEXT('',#2,'mechanical');
#2864 = PRODUCT_DEFINITION_CONTEXT('part definition',#2,'design');
#2865 = ADVANCED_BREP_SHAPE_REPRESENTATION('',(#11,#2866),#3062);
#2866 = MANIFOLD_SOLID_BREP('',#2867);
#2867 = CLOSED_SHELL('',(#2868,#2908,#2962,#3009,#3033,#3050));
#2868 = ADVANCED_FACE('',(#2869),#2903,.F.);
#2869 = FACE_BOUND('',#2870,.F.);
#2870 = EDGE_LOOP('',(#2871,#2881,#2889,#2897));
#2871 = ORIENTED_EDGE('',*,*,#2872,.F.);
#2872 = EDGE_CURVE('',#2873,#2875,#2877,.T.);
#2873 = VERTEX_POINT('',#2874);
#2874 = CARTESIAN_POINT('',(0.,0.,0.));
#2875 = VERTEX_POINT('',#2876);
#2876 = CARTESIAN_POINT('',(2.358791208791,-0.75,8.065203035262));
#2877 = LINE('',#2878,#2879);
#2878 = CARTESIAN_POINT('',(0.,0.,0.));
#2879 = VECTOR('',#2880,1.);
#2880 = DIRECTION('',(0.279594826335,-8.889982248954E-02,0.955993490902)
  );
#2881 = ORIENTED_EDGE('',*,*,#2882,.T.);
#2882 = EDGE_CURVE('',#2873,#2883,#2885,.T.);
#2883 = VERTEX_POINT('',#2884);
#2884 = CARTESIAN_POINT('',(118.1625,0.,0.));
#2885 = LINE('',#2886,#2887);
#2886 = CARTESIAN_POINT('',(0.,0.,0.));
#2887 = VECTOR('',#2888,1.);
#2888 = DIRECTION('',(1.,0.,0.));
#2889 = ORIENTED_EDGE('',*,*,#2890,.T.);
#2890 = EDGE_CURVE('',#2883,#2891,#2893,.T.);
#2891 = VERTEX_POINT('',#2892);
#2892 = CARTESIAN_POINT('',(115.8037087912,-0.75,8.065203035262));
#2893 = LINE('',#2894,#2895);
#2894 = CARTESIAN_POINT('',(118.1625,0.,0.));
#2895 = VECTOR('',#2896,1.);
#2896 = DIRECTION('',(-0.279594826335,-8.889982248954E-02,0.955993490902
    ));
#2897 = ORIENTED_EDGE('',*,*,#2898,.F.);
#2898 = EDGE_CURVE('',#2875,#2891,#2899,.T.);
#2899 = LINE('',#2900,#2901);
#2900 = CARTESIAN_POINT('',(0.,-0.75,8.065203035262));
#2901 = VECTOR('',#2902,1.);
#2902 = DIRECTION('',(1.,0.,0.));
#2903 = PLANE('',#2904);
#2904 = AXIS2_PLACEMENT_3D('',#2905,#2906,#2907);
#2905 = CARTESIAN_POINT('',(0.,0.,0.));
#2906 = DIRECTION('',(0.,-0.995704078427,-9.259259259259E-02));
#2907 = DIRECTION('',(0.,-9.259259259259E-02,0.995704078427));
#2908 = ADVANCED_FACE('',(#2909),#2957,.T.);
#2909 = FACE_BOUND('',#2910,.T.);
#2910 = EDGE_LOOP('',(#2911,#2919,#2927,#2956));
#2911 = ORIENTED_EDGE('',*,*,#2912,.F.);
#2912 = EDGE_CURVE('',#2913,#2873,#2915,.T.);
#2913 = VERTEX_POINT('',#2914);
#2914 = CARTESIAN_POINT('',(0.,-18.15,0.));
#2915 = LINE('',#2916,#2917);
#2916 = CARTESIAN_POINT('',(0.,-18.15,0.));
#2917 = VECTOR('',#2918,1.);
#2918 = DIRECTION('',(0.,1.,0.));
#2919 = ORIENTED_EDGE('',*,*,#2920,.T.);
#2920 = EDGE_CURVE('',#2913,#2921,#2923,.T.);
#2921 = VERTEX_POINT('',#2922);
#2922 = CARTESIAN_POINT('',(2.257407407407,-14.70068645842,
    10.970516673881));
#2923 = LINE('',#2924,#2925);
#2924 = CARTESIAN_POINT('',(0.,-18.15,8.881784197001E-16));
#2925 = VECTOR('',#2926,1.);
#2926 = DIRECTION('',(0.1926203265,0.294323434218,0.93609354548));
#2927 = ORIENTED_EDGE('',*,*,#2928,.T.);
#2928 = EDGE_CURVE('',#2921,#2875,#2929,.T.);
#2929 = B_SPLINE_CURVE_WITH_KNOTS('',7,(#2930,#2931,#2932,#2933,#2934,
    #2935,#2936,#2937,#2938,#2939,#2940,#2941,#2942,#2943,#2944,#2945,
    #2946,#2947,#2948,#2949,#2950,#2951,#2952,#2953,#2954,#2955),
  .UNSPECIFIED.,.F.,.F.,(8,6,6,6,8),(0.,0.424164981978,0.651046758425,
    0.892066670366,1.),.UNSPECIFIED.);
#2930 = CARTESIAN_POINT('',(2.257407407407,-14.70068645842,
    10.970516673881));
#2931 = CARTESIAN_POINT('',(2.304194870512,-13.83507880361,
    10.985973262634));
#2932 = CARTESIAN_POINT('',(2.347872299009,-12.964858438,10.974344845823
    ));
#2933 = CARTESIAN_POINT('',(2.387970656197,-12.09114713336,
    10.935145082721));
#2934 = CARTESIAN_POINT('',(2.423916610007,-11.21537959264,
    10.867946764225));
#2935 = CARTESIAN_POINT('',(2.455028520234,-10.33929599415,
    10.772472384696));
#2936 = CARTESIAN_POINT('',(2.480510379245,-9.464934050655,
    10.648680879932));
#2937 = CARTESIAN_POINT('',(2.509670190647,-8.129136944738,
    10.415697050215));
#2938 = CARTESIAN_POINT('',(2.517976391945,-7.664818949988,
    10.326498364515));
#2939 = CARTESIAN_POINT('',(2.524296093442,-7.202077575805,
    10.229347600358));
#2940 = CARTESIAN_POINT('',(2.528494227327,-6.741335956407,
    10.12433347038));
#2941 = CARTESIAN_POINT('',(2.530434676438,-6.283052305045,
    10.011585819605));
#2942 = CARTESIAN_POINT('',(2.529985639364,-5.827717337847,
    9.891282551983));
#2943 = CARTESIAN_POINT('',(2.52388442231,-4.895827440878,9.628077331956
    ));
#2944 = CARTESIAN_POINT('',(2.517909592012,-4.419696633295,
    9.484228312227));
#2945 = CARTESIAN_POINT('',(2.50895882147,-3.948113479451,9.332395059353
    ));
#2946 = CARTESIAN_POINT('',(2.496903786791,-3.481727353527,
    9.172925738303));
#2947 = CARTESIAN_POINT('',(2.481640642398,-3.021176450378,
    9.006229531852));
#2948 = CARTESIAN_POINT('',(2.463098927463,-2.567081734302,
    8.832775160443));
#2949 = CARTESIAN_POINT('',(2.431466315958,-1.919847440472,
    8.572622680308));
#2950 = CARTESIAN_POINT('',(2.421018847463,-1.721064881648,
    8.490904658613));
#2951 = CARTESIAN_POINT('',(2.409905337492,-1.523744719573,
    8.407981897709));
#2952 = CARTESIAN_POINT('',(2.398124625633,-1.327935085244,
    8.323901768575));
#2953 = CARTESIAN_POINT('',(2.385677120419,-1.133680732412,
    8.238712452436));
#2954 = CARTESIAN_POINT('',(2.37256479933,-0.941023037579,8.152462940761
    ));
#2955 = CARTESIAN_POINT('',(2.358791208791,-0.75,8.065203035262));
#2956 = ORIENTED_EDGE('',*,*,#2872,.F.);
#2957 = B_SPLINE_SURFACE_WITH_KNOTS('',1,1,(
    (#2958,#2959)
    ,(#2960,#2961
    )),.UNSPECIFIED.,.F.,.F.,.F.,(2,2),(2,2),(0.,13.757634244302),(0.,1.
    ),.PIECEWISE_BEZIER_KNOTS.);
#2958 = CARTESIAN_POINT('',(0.,-18.15,8.881784197001E-16));
#2959 = CARTESIAN_POINT('',(0.,0.,0.));
#2960 = CARTESIAN_POINT('',(2.65,-14.10080584249,12.878432617165));
#2961 = CARTESIAN_POINT('',(2.941208791209,-0.935185185185,
    10.056611192117));
#2962 = ADVANCED_FACE('',(#2963),#3004,.T.);
#2963 = FACE_BOUND('',#2964,.F.);
#2964 = EDGE_LOOP('',(#2965,#2966,#2967,#2998));
#2965 = ORIENTED_EDGE('',*,*,#2928,.T.);
#2966 = ORIENTED_EDGE('',*,*,#2898,.T.);
#2967 = ORIENTED_EDGE('',*,*,#2968,.F.);
#2968 = EDGE_CURVE('',#2969,#2891,#2971,.T.);
#2969 = VERTEX_POINT('',#2970);
#2970 = CARTESIAN_POINT('',(115.90509259259,-14.70068645842,
    10.970516673881));
#2971 = B_SPLINE_CURVE_WITH_KNOTS('',7,(#2972,#2973,#2974,#2975,#2976,
    #2977,#2978,#2979,#2980,#2981,#2982,#2983,#2984,#2985,#2986,#2987,
    #2988,#2989,#2990,#2991,#2992,#2993,#2994,#2995,#2996,#2997),
  .UNSPECIFIED.,.F.,.F.,(8,6,6,6,8),(0.,0.424164981978,0.651046758419,
    0.89206667036,1.),.UNSPECIFIED.);
#2972 = CARTESIAN_POINT('',(115.90509259259,-14.70068645842,
    10.970516673881));
#2973 = CARTESIAN_POINT('',(115.85830512948,-13.83507880361,
    10.985973262634));
#2974 = CARTESIAN_POINT('',(115.81462770099,-12.964858438,
    10.974344845823));
#2975 = CARTESIAN_POINT('',(115.7745293438,-12.09114713336,
    10.93514508272));
#2976 = CARTESIAN_POINT('',(115.73858338999,-11.21537959265,
    10.867946764225));
#2977 = CARTESIAN_POINT('',(115.70747147976,-10.33929599415,
    10.772472384696));
#2978 = CARTESIAN_POINT('',(115.68198962075,-9.464934050655,
    10.648680879932));
#2979 = CARTESIAN_POINT('',(115.65282980935,-8.12913694475,
    10.415697050217));
#2980 = CARTESIAN_POINT('',(115.64452360805,-7.664818950011,
    10.32649836452));
#2981 = CARTESIAN_POINT('',(115.63820390655,-7.202077575839,
    10.229347600365));
#2982 = CARTESIAN_POINT('',(115.63400577267,-6.741335956453,
    10.124333470391));
#2983 = CARTESIAN_POINT('',(115.63206532356,-6.283052305103,
    10.011585819619));
#2984 = CARTESIAN_POINT('',(115.63251436063,-5.827717337915,
    9.891282552001));
#2985 = CARTESIAN_POINT('',(115.63861557768,-4.895827440958,
    9.62807733198));
#2986 = CARTESIAN_POINT('',(115.64459040798,-4.419696633376,
    9.484228312252));
#2987 = CARTESIAN_POINT('',(115.65354117852,-3.948113479532,
    9.33239505938));
#2988 = CARTESIAN_POINT('',(115.6655962132,-3.481727353608,
    9.172925738332));
#2989 = CARTESIAN_POINT('',(115.68085935759,-3.02117645046,
    9.006229531882));
#2990 = CARTESIAN_POINT('',(115.69940107253,-2.567081734383,
    8.832775160474));
#2991 = CARTESIAN_POINT('',(115.73103368403,-1.919847440542,
    8.572622680337));
#2992 = CARTESIAN_POINT('',(115.74148115253,-1.721064881706,
    8.490904658638));
#2993 = CARTESIAN_POINT('',(115.7525946625,-1.523744719619,
    8.407981897729));
#2994 = CARTESIAN_POINT('',(115.76437537436,-1.327935085278,
    8.32390176859));
#2995 = CARTESIAN_POINT('',(115.77682287957,-1.133680732435,
    8.238712452446));
#2996 = CARTESIAN_POINT('',(115.78993520066,-0.941023037591,
    8.152462940766));
#2997 = CARTESIAN_POINT('',(115.8037087912,-0.75,8.065203035262));
#2998 = ORIENTED_EDGE('',*,*,#2999,.F.);
#2999 = EDGE_CURVE('',#2921,#2969,#3000,.T.);
#3000 = LINE('',#3001,#3002);
#3001 = CARTESIAN_POINT('',(0.,-14.70068645842,10.970516673881));
#3002 = VECTOR('',#3003,1.);
#3003 = DIRECTION('',(1.,0.,0.));
#3004 = CYLINDRICAL_SURFACE('',#3005,32.192090435813);
#3005 = AXIS2_PLACEMENT_3D('',#3006,#3007,#3008);
#3006 = CARTESIAN_POINT('',(0.,-14.12594501209,-21.21644278018));
#3007 = DIRECTION('',(-1.,-0.,-0.));
#3008 = DIRECTION('',(0.,1.,0.));
#3009 = ADVANCED_FACE('',(#3010),#3028,.F.);
#3010 = FACE_BOUND('',#3011,.F.);
#3011 = EDGE_LOOP('',(#3012,#3020,#3026,#3027));
#3012 = ORIENTED_EDGE('',*,*,#3013,.F.);
#3013 = EDGE_CURVE('',#3014,#2883,#3016,.T.);
#3014 = VERTEX_POINT('',#3015);
#3015 = CARTESIAN_POINT('',(118.1625,-18.15,4.440892098501E-16));
#3016 = LINE('',#3017,#3018);
#3017 = CARTESIAN_POINT('',(118.1625,-18.15,0.));
#3018 = VECTOR('',#3019,1.);
#3019 = DIRECTION('',(0.,1.,0.));
#3020 = ORIENTED_EDGE('',*,*,#3021,.T.);
#3021 = EDGE_CURVE('',#3014,#2969,#3022,.T.);
#3022 = LINE('',#3023,#3024);
#3023 = CARTESIAN_POINT('',(118.1625,-18.15,8.881784197001E-16));
#3024 = VECTOR('',#3025,1.);
#3025 = DIRECTION('',(-0.1926203265,0.294323434218,0.93609354548));
#3026 = ORIENTED_EDGE('',*,*,#2968,.T.);
#3027 = ORIENTED_EDGE('',*,*,#2890,.F.);
#3028 = B_SPLINE_SURFACE_WITH_KNOTS('',1,1,(
    (#3029,#3030)
    ,(#3031,#3032
    )),.UNSPECIFIED.,.F.,.F.,.F.,(2,2),(2,2),(0.,13.757634244302),(0.,1.
    ),.PIECEWISE_BEZIER_KNOTS.);
#3029 = CARTESIAN_POINT('',(118.1625,-18.15,8.881784197001E-16));
#3030 = CARTESIAN_POINT('',(118.1625,0.,0.));
#3031 = CARTESIAN_POINT('',(115.5125,-14.10080584249,12.878432617165));
#3032 = CARTESIAN_POINT('',(115.22129120879,-0.935185185185,
    10.056611192117));
#3033 = ADVANCED_FACE('',(#3034),#3045,.F.);
#3034 = FACE_BOUND('',#3035,.F.);
#3035 = EDGE_LOOP('',(#3036,#3042,#3043,#3044));
#3036 = ORIENTED_EDGE('',*,*,#3037,.T.);
#3037 = EDGE_CURVE('',#2913,#3014,#3038,.T.);
#3038 = LINE('',#3039,#3040);
#3039 = CARTESIAN_POINT('',(0.,-18.15,0.));
#3040 = VECTOR('',#3041,1.);
#3041 = DIRECTION('',(1.,0.,0.));
#3042 = ORIENTED_EDGE('',*,*,#3013,.T.);
#3043 = ORIENTED_EDGE('',*,*,#2882,.F.);
#3044 = ORIENTED_EDGE('',*,*,#2912,.F.);
#3045 = PLANE('',#3046);
#3046 = AXIS2_PLACEMENT_3D('',#3047,#3048,#3049);
#3047 = CARTESIAN_POINT('',(0.,-18.15,0.));
#3048 = DIRECTION('',(0.,0.,1.));
#3049 = DIRECTION('',(0.,1.,0.));
#3050 = ADVANCED_FACE('',(#3051),#3057,.F.);
#3051 = FACE_BOUND('',#3052,.F.);
#3052 = EDGE_LOOP('',(#3053,#3054,#3055,#3056));
#3053 = ORIENTED_EDGE('',*,*,#2920,.T.);
#3054 = ORIENTED_EDGE('',*,*,#2999,.T.);
#3055 = ORIENTED_EDGE('',*,*,#3021,.F.);
#3056 = ORIENTED_EDGE('',*,*,#3037,.F.);
#3057 = PLANE('',#3058);
#3058 = AXIS2_PLACEMENT_3D('',#3059,#3060,#3061);
#3059 = CARTESIAN_POINT('',(0.,-14.70068645842,10.970516673881));
#3060 = DIRECTION('',(0.,0.953957971642,-0.299940307963));
#3061 = DIRECTION('',(0.,-0.299940307963,-0.953957971642));
#3062 = ( GEOMETRIC_REPRESENTATION_CONTEXT(3) 
GLOBAL_UNCERTAINTY_ASSIGNED_CONTEXT((#3066)) 
GLOBAL_UNIT_ASSIGNED_CONTEXT((#3063,#3064,#3065)) REPRESENTATION_CONTEXT
('Context #1','3D Context with UNIT and UNCERTAINTY') );
#3063 = ( LENGTH_UNIT() NAMED_UNIT(*) SI_UNIT(.MILLI.,.METRE.) );
#3064 = ( NAMED_UNIT(*) PLANE_ANGLE_UNIT() SI_UNIT($,.RADIAN.) );
#3065 = ( NAMED_UNIT(*) SI_UNIT($,.STERADIAN.) SOLID_ANGLE_UNIT() );
#3066 = UNCERTAINTY_MEASURE_WITH_UNIT(LENGTH_MEASURE(2.E-06),#3063,
  'distance_accuracy_value','confusion accuracy');
#3067 = CONTEXT_DEPENDENT_SHAPE_REPRESENTATION(#3068,#3070);
#3068 = ( REPRESENTATION_RELATIONSHIP('','',#2865,#10) 
REPRESENTATION_RELATIONSHIP_WITH_TRANSFORMATION(#3069) 
SHAPE_REPRESENTATION_RELATIONSHIP() );
#3069 = ITEM_DEFINED_TRANSFORMATION('','',#11,#23);
#3070 = PRODUCT_DEFINITION_SHAPE('Placement','Placement of an item',
  #3071);
#3071 = NEXT_ASSEMBLY_USAGE_OCCURRENCE('3','OEM Space Bar','',#5,#2860,$
  );
#3072 = PRODUCT_RELATED_PRODUCT_CATEGORY('part',$,(#2862));
#3073 = SHAPE_DEFINITION_REPRESENTATION(#3074,#3080);
#3074 = PRODUCT_DEFINITION_SHAPE('','',#3075);
#3075 = PRODUCT_DEFINITION('design','',#3076,#3079);
#3076 = PRODUCT_DEFINITION_FORMATION('','',#3077);
#3077 = PRODUCT('OEM005','OEM005','',(#3078));
#3078 = PRODUCT_CONTEXT('',#2,'mechanical');
#3079 = PRODUCT_DEFINITION_CONTEXT('part definition',#2,'design');
#3080 = SHAPE_REPRESENTATION('',(#11,#3081,#3292,#3503,#3714),#3925);
#3081 = MANIFOLD_SOLID_BREP('',#3082);
#3082 = CLOSED_SHELL('',(#3083,#3124,#3178,#3239,#3263,#3280));
#3083 = ADVANCED_FACE('',(#3084),#3119,.F.);
#3084 = FACE_BOUND('',#3085,.F.);
#3085 = EDGE_LOOP('',(#3086,#3096,#3104,#3112));
#3086 = ORIENTED_EDGE('',*,*,#3087,.F.);
#3087 = EDGE_CURVE('',#3088,#3090,#3092,.T.);
#3088 = VERTEX_POINT('',#3089);
#3089 = CARTESIAN_POINT('',(0.,0.,0.));
#3090 = VERTEX_POINT('',#3091);
#3091 = CARTESIAN_POINT('',(2.65,-0.75,8.065203035262));
#3092 = LINE('',#3093,#3094);
#3093 = CARTESIAN_POINT('',(0.,0.,0.));
#3094 = VECTOR('',#3095,1.);
#3095 = DIRECTION('',(0.310942708743,-8.800265341778E-02,0.946345689942)
  );
#3096 = ORIENTED_EDGE('',*,*,#3097,.T.);
#3097 = EDGE_CURVE('',#3088,#3098,#3100,.T.);
#3098 = VERTEX_POINT('',#3099);
#3099 = CARTESIAN_POINT('',(22.9125,0.,0.));
#3100 = LINE('',#3101,#3102);
#3101 = CARTESIAN_POINT('',(0.,0.,0.));
#3102 = VECTOR('',#3103,1.);
#3103 = DIRECTION('',(1.,0.,0.));
#3104 = ORIENTED_EDGE('',*,*,#3105,.T.);
#3105 = EDGE_CURVE('',#3098,#3106,#3108,.T.);
#3106 = VERTEX_POINT('',#3107);
#3107 = CARTESIAN_POINT('',(20.2625,-0.75,8.065203035262));
#3108 = LINE('',#3109,#3110);
#3109 = CARTESIAN_POINT('',(22.9125,0.,0.));
#3110 = VECTOR('',#3111,1.);
#3111 = DIRECTION('',(-0.310942708743,-8.800265341778E-02,0.946345689942
    ));
#3112 = ORIENTED_EDGE('',*,*,#3113,.T.);
#3113 = EDGE_CURVE('',#3106,#3090,#3114,.T.);
#3114 = CIRCLE('',#3115,48.868774414063);
#3115 = AXIS2_PLACEMENT_3D('',#3116,#3117,#3118);
#3116 = CARTESIAN_POINT('',(11.45625,-5.200812445747,55.927477764351));
#3117 = DIRECTION('',(0.,0.995704078427,9.259259259259E-02));
#3118 = DIRECTION('',(-1.,0.,0.));
#3119 = PLANE('',#3120);
#3120 = AXIS2_PLACEMENT_3D('',#3121,#3122,#3123);
#3121 = CARTESIAN_POINT('',(0.,0.,0.));
#3122 = DIRECTION('',(0.,-0.995704078427,-9.259259259259E-02));
#3123 = DIRECTION('',(0.,-9.259259259259E-02,0.995704078427));
#3124 = ADVANCED_FACE('',(#3125),#3173,.T.);
#3125 = FACE_BOUND('',#3126,.T.);
#3126 = EDGE_LOOP('',(#3127,#3135,#3143,#3172));
#3127 = ORIENTED_EDGE('',*,*,#3128,.F.);
#3128 = EDGE_CURVE('',#3129,#3088,#3131,.T.);
#3129 = VERTEX_POINT('',#3130);
#3130 = CARTESIAN_POINT('',(0.,-18.15,0.));
#3131 = LINE('',#3132,#3133);
#3132 = CARTESIAN_POINT('',(0.,-18.15,0.));
#3133 = VECTOR('',#3134,1.);
#3134 = DIRECTION('',(0.,1.,0.));
#3135 = ORIENTED_EDGE('',*,*,#3136,.T.);
#3136 = EDGE_CURVE('',#3129,#3137,#3139,.T.);
#3137 = VERTEX_POINT('',#3138);
#3138 = CARTESIAN_POINT('',(2.65,-14.70068645842,10.970516673881));
#3139 = LINE('',#3140,#3141);
#3140 = CARTESIAN_POINT('',(0.,-18.15,0.));
#3141 = VECTOR('',#3142,1.);
#3142 = DIRECTION('',(0.224550066607,0.292280598305,0.929596320691));
#3143 = ORIENTED_EDGE('',*,*,#3144,.F.);
#3144 = EDGE_CURVE('',#3090,#3137,#3145,.T.);
#3145 = B_SPLINE_CURVE_WITH_KNOTS('',4,(#3146,#3147,#3148,#3149,#3150,
    #3151,#3152,#3153,#3154,#3155,#3156,#3157,#3158,#3159,#3160,#3161,
    #3162,#3163,#3164,#3165,#3166,#3167,#3168,#3169,#3170,#3171),
  .UNSPECIFIED.,.F.,.F.,(5,3,3,3,3,3,3,3,5),(0.,0.127074186688,
    0.252400872005,0.377500230008,0.501601724074,0.626584842664,
    0.749795839263,0.873008985497,1.),.UNSPECIFIED.);
#3146 = CARTESIAN_POINT('',(2.65,-0.749999999999,8.065203035262));
#3147 = CARTESIAN_POINT('',(2.652179996329,-1.193032511888,
    8.157077236788));
#3148 = CARTESIAN_POINT('',(2.654117312776,-1.636087466542,
    8.248999655943));
#3149 = CARTESIAN_POINT('',(2.655826126822,-2.07916234652,8.340967166659
    ));
#3150 = CARTESIAN_POINT('',(2.65879086982,-2.959254668435,8.523721758643
    ));
#3151 = CARTESIAN_POINT('',(2.660052711991,-3.396271614625,
    8.614507677854));
#3152 = CARTESIAN_POINT('',(2.661116113173,-3.833304111712,
    8.705332324751));
#3153 = CARTESIAN_POINT('',(2.66286508258,-4.706604449024,8.886889909449
    ));
#3154 = CARTESIAN_POINT('',(2.663551339663,-5.142872234233,
    8.977622712482));
#3155 = CARTESIAN_POINT('',(2.664060427741,-5.579152511657,
    9.068389765869));
#3156 = CARTESIAN_POINT('',(2.66473950432,-6.448255555727,9.249264388141
    ));
#3157 = CARTESIAN_POINT('',(2.664912171117,-6.881078139753,
    9.339371440525));
#3158 = CARTESIAN_POINT('',(2.664928094016,-7.313910675543,
    9.429508553036));
#3159 = CARTESIAN_POINT('',(2.664660898125,-8.182668717762,
    9.610480308845));
#3160 = CARTESIAN_POINT('',(2.664375659169,-8.618594350397,
    9.701315356936));
#3161 = CARTESIAN_POINT('',(2.663947114762,-9.054528174283,
    9.792177704346));
#3162 = CARTESIAN_POINT('',(2.662825249606,-9.92022951053,9.972665535142
    ));
#3163 = CARTESIAN_POINT('',(2.662135773394,-10.349996812,10.062290287653
    ));
#3164 = CARTESIAN_POINT('',(2.661320372587,-10.77977059426,
    10.15193889814));
#3165 = CARTESIAN_POINT('',(2.659449403021,-11.63933743201,
    10.331283091145));
#3166 = CARTESIAN_POINT('',(2.658393833536,-12.06913048636,
    10.420978673501));
#3167 = CARTESIAN_POINT('',(2.65722403783,-12.49892883303,10.51069580481
    ));
#3168 = CARTESIAN_POINT('',(2.654627140414,-13.37171344667,
    10.692922617199));
#3169 = CARTESIAN_POINT('',(2.6531932524,-13.81470001198,10.785433576319
    ));
#3170 = CARTESIAN_POINT('',(2.651649200935,-14.25769115824,
    10.877965249842));
#3171 = CARTESIAN_POINT('',(2.65,-14.70068645842,10.970516673881));
#3172 = ORIENTED_EDGE('',*,*,#3087,.F.);
#3173 = B_SPLINE_SURFACE_WITH_KNOTS('',1,1,(
    (#3174,#3175)
    ,(#3176,#3177
    )),.UNSPECIFIED.,.F.,.F.,.F.,(2,2),(2,2),(0.,13.85379043626),(0.,1.)
  ,.PIECEWISE_BEZIER_KNOTS.);
#3174 = CARTESIAN_POINT('',(0.,-18.15,0.));
#3175 = CARTESIAN_POINT('',(0.,0.,0.));
#3176 = CARTESIAN_POINT('',(3.110869565217,-14.10080584249,
    12.878432617165));
#3177 = CARTESIAN_POINT('',(3.304320987654,-0.935185185185,
    10.056611192117));
#3178 = ADVANCED_FACE('',(#3179),#3231,.F.);
#3179 = FACE_BOUND('',#3180,.F.);
#3180 = EDGE_LOOP('',(#3181,#3182,#3213,#3230));
#3181 = ORIENTED_EDGE('',*,*,#3113,.F.);
#3182 = ORIENTED_EDGE('',*,*,#3183,.T.);
#3183 = EDGE_CURVE('',#3106,#3184,#3186,.T.);
#3184 = VERTEX_POINT('',#3185);
#3185 = CARTESIAN_POINT('',(20.2625,-14.70068645842,10.970516673881));
#3186 = B_SPLINE_CURVE_WITH_KNOTS('',4,(#3187,#3188,#3189,#3190,#3191,
    #3192,#3193,#3194,#3195,#3196,#3197,#3198,#3199,#3200,#3201,#3202,
    #3203,#3204,#3205,#3206,#3207,#3208,#3209,#3210,#3211,#3212),
  .UNSPECIFIED.,.F.,.F.,(5,3,3,3,3,3,3,3,5),(0.,0.127074186688,
    0.252400872005,0.377500230008,0.501601724074,0.626584842664,
    0.749795839263,0.873008985497,1.),.UNSPECIFIED.);
#3187 = CARTESIAN_POINT('',(20.2625,-0.749999999997,8.065203035261));
#3188 = CARTESIAN_POINT('',(20.260320003671,-1.193032511886,
    8.157077236787));
#3189 = CARTESIAN_POINT('',(20.258382687224,-1.636087466541,
    8.248999655943));
#3190 = CARTESIAN_POINT('',(20.256673873178,-2.079162346519,
    8.340967166659));
#3191 = CARTESIAN_POINT('',(20.25370913018,-2.959254668435,
    8.523721758643));
#3192 = CARTESIAN_POINT('',(20.252447288009,-3.396271614625,
    8.614507677854));
#3193 = CARTESIAN_POINT('',(20.251383886827,-3.833304111712,
    8.705332324751));
#3194 = CARTESIAN_POINT('',(20.24963491742,-4.706604449024,
    8.886889909449));
#3195 = CARTESIAN_POINT('',(20.248948660337,-5.142872234233,
    8.977622712482));
#3196 = CARTESIAN_POINT('',(20.248439572259,-5.579152511657,
    9.068389765869));
#3197 = CARTESIAN_POINT('',(20.24776049568,-6.448255555727,
    9.249264388141));
#3198 = CARTESIAN_POINT('',(20.247587828883,-6.881078139753,
    9.339371440525));
#3199 = CARTESIAN_POINT('',(20.247571905984,-7.313910675543,
    9.429508553036));
#3200 = CARTESIAN_POINT('',(20.247839101875,-8.182668717762,
    9.610480308845));
#3201 = CARTESIAN_POINT('',(20.248124340831,-8.618594350397,
    9.701315356936));
#3202 = CARTESIAN_POINT('',(20.248552885238,-9.054528174283,
    9.792177704346));
#3203 = CARTESIAN_POINT('',(20.249674750394,-9.92022951053,
    9.972665535142));
#3204 = CARTESIAN_POINT('',(20.250364226606,-10.349996812,
    10.062290287653));
#3205 = CARTESIAN_POINT('',(20.251179627413,-10.77977059426,
    10.15193889814));
#3206 = CARTESIAN_POINT('',(20.253050596979,-11.63933743201,
    10.331283091145));
#3207 = CARTESIAN_POINT('',(20.254106166463,-12.06913048636,
    10.420978673501));
#3208 = CARTESIAN_POINT('',(20.25527596217,-12.49892883303,
    10.51069580481));
#3209 = CARTESIAN_POINT('',(20.257872859586,-13.37171344667,
    10.692922617199));
#3210 = CARTESIAN_POINT('',(20.2593067476,-13.81470001198,
    10.785433576319));
#3211 = CARTESIAN_POINT('',(20.260850799065,-14.25769115824,
    10.877965249842));
#3212 = CARTESIAN_POINT('',(20.2625,-14.70068645842,10.970516673882));
#3213 = ORIENTED_EDGE('',*,*,#3214,.F.);
#3214 = EDGE_CURVE('',#3137,#3184,#3215,.T.);
#3215 = B_SPLINE_CURVE_WITH_KNOTS('',4,(#3216,#3217,#3218,#3219,#3220,
    #3221,#3222,#3223,#3224,#3225,#3226,#3227,#3228,#3229),
  .UNSPECIFIED.,.F.,.F.,(5,3,3,3,5),(0.,0.251369150038,0.501349841099,
    0.750954063473,1.),.UNSPECIFIED.);
#3216 = CARTESIAN_POINT('',(2.65,-14.70068645842,10.970516673881));
#3217 = CARTESIAN_POINT('',(3.7437969217,-14.75842455437,10.786881078933
    ));
#3218 = CARTESIAN_POINT('',(4.844108654769,-14.80662368134,
    10.633584105572));
#3219 = CARTESIAN_POINT('',(5.949329755526,-14.84518130144,
    10.510951874806));
#3220 = CARTESIAN_POINT('',(8.160178613829,-14.90275044627,
    10.327853627694));
#3221 = CARTESIAN_POINT('',(9.265771674495,-14.92186882018,
    10.267047778269));
#3222 = CARTESIAN_POINT('',(10.37297709387,-14.93134983462,
    10.236893480713));
#3223 = CARTESIAN_POINT('',(12.585684068394,-14.93103783952,
    10.237885778849));
#3224 = CARTESIAN_POINT('',(13.691186963409,-14.92127383473,
    10.268940125202));
#3225 = CARTESIAN_POINT('',(14.795049753862,-14.90190202918,
    10.330552012077));
#3226 = CARTESIAN_POINT('',(16.993813136181,-14.8441097552,
    10.514359919846));
#3227 = CARTESIAN_POINT('',(18.088729491319,-14.80573192964,
    10.636420315389));
#3228 = CARTESIAN_POINT('',(19.178812209268,-14.75789092517,
    10.788578282721));
#3229 = CARTESIAN_POINT('',(20.2625,-14.70068645842,10.970516673881));
#3230 = ORIENTED_EDGE('',*,*,#3144,.F.);
#3231 = SURFACE_OF_LINEAR_EXTRUSION('',#3232,#3237);
#3232 = CIRCLE('',#3233,48.868774414063);
#3233 = AXIS2_PLACEMENT_3D('',#3234,#3235,#3236);
#3234 = CARTESIAN_POINT('',(11.45625,-5.200812445747,55.927477764351));
#3235 = DIRECTION('',(0.,0.995704078427,9.259259259259E-02));
#3236 = DIRECTION('',(-1.,0.,0.));
#3237 = VECTOR('',#3238,1.);
#3238 = DIRECTION('',(0.,0.978995540942,-0.20388165885));
#3239 = ADVANCED_FACE('',(#3240),#3258,.F.);
#3240 = FACE_BOUND('',#3241,.F.);
#3241 = EDGE_LOOP('',(#3242,#3250,#3256,#3257));
#3242 = ORIENTED_EDGE('',*,*,#3243,.F.);
#3243 = EDGE_CURVE('',#3244,#3098,#3246,.T.);
#3244 = VERTEX_POINT('',#3245);
#3245 = CARTESIAN_POINT('',(22.9125,-18.15,0.));
#3246 = LINE('',#3247,#3248);
#3247 = CARTESIAN_POINT('',(22.9125,-18.15,0.));
#3248 = VECTOR('',#3249,1.);
#3249 = DIRECTION('',(0.,1.,0.));
#3250 = ORIENTED_EDGE('',*,*,#3251,.T.);
#3251 = EDGE_CURVE('',#3244,#3184,#3252,.T.);
#3252 = LINE('',#3253,#3254);
#3253 = CARTESIAN_POINT('',(22.9125,-18.15,0.));
#3254 = VECTOR('',#3255,1.);
#3255 = DIRECTION('',(-0.224550066607,0.292280598305,0.929596320691));
#3256 = ORIENTED_EDGE('',*,*,#3183,.F.);
#3257 = ORIENTED_EDGE('',*,*,#3105,.F.);
#3258 = B_SPLINE_SURFACE_WITH_KNOTS('',1,1,(
    (#3259,#3260)
    ,(#3261,#3262
    )),.UNSPECIFIED.,.F.,.F.,.F.,(2,2),(2,2),(0.,13.85379043626),(0.,1.)
  ,.PIECEWISE_BEZIER_KNOTS.);
#3259 = CARTESIAN_POINT('',(22.9125,-18.15,0.));
#3260 = CARTESIAN_POINT('',(22.9125,0.,0.));
#3261 = CARTESIAN_POINT('',(19.801630434783,-14.10080584249,
    12.878432617165));
#3262 = CARTESIAN_POINT('',(19.608179012346,-0.935185185185,
    10.056611192117));
#3263 = ADVANCED_FACE('',(#3264),#3275,.F.);
#3264 = FACE_BOUND('',#3265,.F.);
#3265 = EDGE_LOOP('',(#3266,#3272,#3273,#3274));
#3266 = ORIENTED_EDGE('',*,*,#3267,.T.);
#3267 = EDGE_CURVE('',#3129,#3244,#3268,.T.);
#3268 = LINE('',#3269,#3270);
#3269 = CARTESIAN_POINT('',(0.,-18.15,0.));
#3270 = VECTOR('',#3271,1.);
#3271 = DIRECTION('',(1.,0.,0.));
#3272 = ORIENTED_EDGE('',*,*,#3243,.T.);
#3273 = ORIENTED_EDGE('',*,*,#3097,.F.);
#3274 = ORIENTED_EDGE('',*,*,#3128,.F.);
#3275 = PLANE('',#3276);
#3276 = AXIS2_PLACEMENT_3D('',#3277,#3278,#3279);
#3277 = CARTESIAN_POINT('',(0.,-18.15,0.));
#3278 = DIRECTION('',(0.,0.,1.));
#3279 = DIRECTION('',(0.,1.,0.));
#3280 = ADVANCED_FACE('',(#3281),#3287,.F.);
#3281 = FACE_BOUND('',#3282,.F.);
#3282 = EDGE_LOOP('',(#3283,#3284,#3285,#3286));
#3283 = ORIENTED_EDGE('',*,*,#3267,.F.);
#3284 = ORIENTED_EDGE('',*,*,#3136,.T.);
#3285 = ORIENTED_EDGE('',*,*,#3214,.T.);
#3286 = ORIENTED_EDGE('',*,*,#3251,.F.);
#3287 = PLANE('',#3288);
#3288 = AXIS2_PLACEMENT_3D('',#3289,#3290,#3291);
#3289 = CARTESIAN_POINT('',(0.,-14.70068645842,10.970516673881));
#3290 = DIRECTION('',(0.,0.953957971642,-0.299940307963));
#3291 = DIRECTION('',(0.,-0.299940307963,-0.953957971642));
#3292 = MANIFOLD_SOLID_BREP('',#3293);
#3293 = CLOSED_SHELL('',(#3294,#3335,#3389,#3450,#3474,#3491));
#3294 = ADVANCED_FACE('',(#3295),#3330,.F.);
#3295 = FACE_BOUND('',#3296,.F.);
#3296 = EDGE_LOOP('',(#3297,#3307,#3315,#3323));
#3297 = ORIENTED_EDGE('',*,*,#3298,.F.);
#3298 = EDGE_CURVE('',#3299,#3301,#3303,.T.);
#3299 = VERTEX_POINT('',#3300);
#3300 = CARTESIAN_POINT('',(23.81,0.,0.));
#3301 = VERTEX_POINT('',#3302);
#3302 = CARTESIAN_POINT('',(26.46,-0.75,8.065203035262));
#3303 = LINE('',#3304,#3305);
#3304 = CARTESIAN_POINT('',(23.81,0.,0.));
#3305 = VECTOR('',#3306,1.);
#3306 = DIRECTION('',(0.310942708743,-8.800265341778E-02,0.946345689942)
  );
#3307 = ORIENTED_EDGE('',*,*,#3308,.T.);
#3308 = EDGE_CURVE('',#3299,#3309,#3311,.T.);
#3309 = VERTEX_POINT('',#3310);
#3310 = CARTESIAN_POINT('',(46.7225,0.,0.));
#3311 = LINE('',#3312,#3313);
#3312 = CARTESIAN_POINT('',(23.81,0.,0.));
#3313 = VECTOR('',#3314,1.);
#3314 = DIRECTION('',(1.,0.,0.));
#3315 = ORIENTED_EDGE('',*,*,#3316,.T.);
#3316 = EDGE_CURVE('',#3309,#3317,#3319,.T.);
#3317 = VERTEX_POINT('',#3318);
#3318 = CARTESIAN_POINT('',(44.0725,-0.75,8.065203035262));
#3319 = LINE('',#3320,#3321);
#3320 = CARTESIAN_POINT('',(46.7225,0.,0.));
#3321 = VECTOR('',#3322,1.);
#3322 = DIRECTION('',(-0.310942708743,-8.800265341778E-02,0.946345689942
    ));
#3323 = ORIENTED_EDGE('',*,*,#3324,.T.);
#3324 = EDGE_CURVE('',#3317,#3301,#3325,.T.);
#3325 = CIRCLE('',#3326,48.868774414063);
#3326 = AXIS2_PLACEMENT_3D('',#3327,#3328,#3329);
#3327 = CARTESIAN_POINT('',(35.26625,-5.200812445747,55.927477764351));
#3328 = DIRECTION('',(0.,0.995704078427,9.259259259259E-02));
#3329 = DIRECTION('',(-1.,0.,0.));
#3330 = PLANE('',#3331);
#3331 = AXIS2_PLACEMENT_3D('',#3332,#3333,#3334);
#3332 = CARTESIAN_POINT('',(23.81,0.,0.));
#3333 = DIRECTION('',(0.,-0.995704078427,-9.259259259259E-02));
#3334 = DIRECTION('',(0.,-9.259259259259E-02,0.995704078427));
#3335 = ADVANCED_FACE('',(#3336),#3384,.T.);
#3336 = FACE_BOUND('',#3337,.T.);
#3337 = EDGE_LOOP('',(#3338,#3346,#3354,#3383));
#3338 = ORIENTED_EDGE('',*,*,#3339,.F.);
#3339 = EDGE_CURVE('',#3340,#3299,#3342,.T.);
#3340 = VERTEX_POINT('',#3341);
#3341 = CARTESIAN_POINT('',(23.81,-18.15,0.));
#3342 = LINE('',#3343,#3344);
#3343 = CARTESIAN_POINT('',(23.81,-18.15,0.));
#3344 = VECTOR('',#3345,1.);
#3345 = DIRECTION('',(0.,1.,0.));
#3346 = ORIENTED_EDGE('',*,*,#3347,.T.);
#3347 = EDGE_CURVE('',#3340,#3348,#3350,.T.);
#3348 = VERTEX_POINT('',#3349);
#3349 = CARTESIAN_POINT('',(26.46,-14.70068645842,10.970516673881));
#3350 = LINE('',#3351,#3352);
#3351 = CARTESIAN_POINT('',(23.81,-18.15,0.));
#3352 = VECTOR('',#3353,1.);
#3353 = DIRECTION('',(0.224550066607,0.292280598305,0.929596320691));
#3354 = ORIENTED_EDGE('',*,*,#3355,.F.);
#3355 = EDGE_CURVE('',#3301,#3348,#3356,.T.);
#3356 = B_SPLINE_CURVE_WITH_KNOTS('',4,(#3357,#3358,#3359,#3360,#3361,
    #3362,#3363,#3364,#3365,#3366,#3367,#3368,#3369,#3370,#3371,#3372,
    #3373,#3374,#3375,#3376,#3377,#3378,#3379,#3380,#3381,#3382),
  .UNSPECIFIED.,.F.,.F.,(5,3,3,3,3,3,3,3,5),(0.,0.127074186688,
    0.252400872005,0.377500230008,0.501601724074,0.626584842664,
    0.749795839263,0.873008985497,1.),.UNSPECIFIED.);
#3357 = CARTESIAN_POINT('',(26.46,-0.749999999999,8.065203035262));
#3358 = CARTESIAN_POINT('',(26.462179996329,-1.193032511888,
    8.157077236788));
#3359 = CARTESIAN_POINT('',(26.464117312776,-1.636087466542,
    8.248999655943));
#3360 = CARTESIAN_POINT('',(26.465826126822,-2.07916234652,
    8.340967166659));
#3361 = CARTESIAN_POINT('',(26.46879086982,-2.959254668435,
    8.523721758643));
#3362 = CARTESIAN_POINT('',(26.470052711991,-3.396271614625,
    8.614507677854));
#3363 = CARTESIAN_POINT('',(26.471116113173,-3.833304111712,
    8.705332324751));
#3364 = CARTESIAN_POINT('',(26.47286508258,-4.706604449024,
    8.886889909449));
#3365 = CARTESIAN_POINT('',(26.473551339663,-5.142872234233,
    8.977622712482));
#3366 = CARTESIAN_POINT('',(26.474060427741,-5.579152511657,
    9.068389765869));
#3367 = CARTESIAN_POINT('',(26.47473950432,-6.448255555727,
    9.249264388141));
#3368 = CARTESIAN_POINT('',(26.474912171117,-6.881078139753,
    9.339371440525));
#3369 = CARTESIAN_POINT('',(26.474928094016,-7.313910675543,
    9.429508553036));
#3370 = CARTESIAN_POINT('',(26.474660898125,-8.182668717762,
    9.610480308845));
#3371 = CARTESIAN_POINT('',(26.474375659169,-8.618594350397,
    9.701315356936));
#3372 = CARTESIAN_POINT('',(26.473947114762,-9.054528174283,
    9.792177704346));
#3373 = CARTESIAN_POINT('',(26.472825249606,-9.92022951053,
    9.972665535142));
#3374 = CARTESIAN_POINT('',(26.472135773394,-10.349996812,
    10.062290287653));
#3375 = CARTESIAN_POINT('',(26.471320372587,-10.77977059426,
    10.15193889814));
#3376 = CARTESIAN_POINT('',(26.469449403021,-11.63933743201,
    10.331283091145));
#3377 = CARTESIAN_POINT('',(26.468393833536,-12.06913048636,
    10.420978673501));
#3378 = CARTESIAN_POINT('',(26.46722403783,-12.49892883303,
    10.51069580481));
#3379 = CARTESIAN_POINT('',(26.464627140414,-13.37171344667,
    10.692922617199));
#3380 = CARTESIAN_POINT('',(26.4631932524,-13.81470001198,
    10.785433576319));
#3381 = CARTESIAN_POINT('',(26.461649200935,-14.25769115824,
    10.877965249842));
#3382 = CARTESIAN_POINT('',(26.46,-14.70068645842,10.970516673881));
#3383 = ORIENTED_EDGE('',*,*,#3298,.F.);
#3384 = B_SPLINE_SURFACE_WITH_KNOTS('',1,1,(
    (#3385,#3386)
    ,(#3387,#3388
    )),.UNSPECIFIED.,.F.,.F.,.F.,(2,2),(2,2),(0.,13.85379043626),(0.,1.)
  ,.PIECEWISE_BEZIER_KNOTS.);
#3385 = CARTESIAN_POINT('',(23.81,-18.15,0.));
#3386 = CARTESIAN_POINT('',(23.81,0.,0.));
#3387 = CARTESIAN_POINT('',(26.920869565217,-14.10080584249,
    12.878432617165));
#3388 = CARTESIAN_POINT('',(27.114320987654,-0.935185185185,
    10.056611192117));
#3389 = ADVANCED_FACE('',(#3390),#3442,.F.);
#3390 = FACE_BOUND('',#3391,.F.);
#3391 = EDGE_LOOP('',(#3392,#3393,#3424,#3441));
#3392 = ORIENTED_EDGE('',*,*,#3324,.F.);
#3393 = ORIENTED_EDGE('',*,*,#3394,.T.);
#3394 = EDGE_CURVE('',#3317,#3395,#3397,.T.);
#3395 = VERTEX_POINT('',#3396);
#3396 = CARTESIAN_POINT('',(44.0725,-14.70068645842,10.970516673881));
#3397 = B_SPLINE_CURVE_WITH_KNOTS('',4,(#3398,#3399,#3400,#3401,#3402,
    #3403,#3404,#3405,#3406,#3407,#3408,#3409,#3410,#3411,#3412,#3413,
    #3414,#3415,#3416,#3417,#3418,#3419,#3420,#3421,#3422,#3423),
  .UNSPECIFIED.,.F.,.F.,(5,3,3,3,3,3,3,3,5),(0.,0.127074186688,
    0.252400872005,0.377500230008,0.501601724074,0.626584842664,
    0.749795839263,0.873008985497,1.),.UNSPECIFIED.);
#3398 = CARTESIAN_POINT('',(44.0725,-0.749999999997,8.065203035261));
#3399 = CARTESIAN_POINT('',(44.070320003671,-1.193032511886,
    8.157077236787));
#3400 = CARTESIAN_POINT('',(44.068382687224,-1.636087466541,
    8.248999655943));
#3401 = CARTESIAN_POINT('',(44.066673873178,-2.079162346519,
    8.340967166659));
#3402 = CARTESIAN_POINT('',(44.06370913018,-2.959254668435,
    8.523721758643));
#3403 = CARTESIAN_POINT('',(44.062447288009,-3.396271614625,
    8.614507677854));
#3404 = CARTESIAN_POINT('',(44.061383886827,-3.833304111712,
    8.705332324751));
#3405 = CARTESIAN_POINT('',(44.05963491742,-4.706604449024,
    8.886889909449));
#3406 = CARTESIAN_POINT('',(44.058948660337,-5.142872234233,
    8.977622712482));
#3407 = CARTESIAN_POINT('',(44.058439572259,-5.579152511657,
    9.068389765869));
#3408 = CARTESIAN_POINT('',(44.05776049568,-6.448255555727,
    9.249264388141));
#3409 = CARTESIAN_POINT('',(44.057587828883,-6.881078139753,
    9.339371440525));
#3410 = CARTESIAN_POINT('',(44.057571905984,-7.313910675543,
    9.429508553036));
#3411 = CARTESIAN_POINT('',(44.057839101875,-8.182668717762,
    9.610480308845));
#3412 = CARTESIAN_POINT('',(44.058124340831,-8.618594350397,
    9.701315356936));
#3413 = CARTESIAN_POINT('',(44.058552885238,-9.054528174283,
    9.792177704346));
#3414 = CARTESIAN_POINT('',(44.059674750394,-9.92022951053,
    9.972665535142));
#3415 = CARTESIAN_POINT('',(44.060364226606,-10.349996812,
    10.062290287653));
#3416 = CARTESIAN_POINT('',(44.061179627413,-10.77977059426,
    10.15193889814));
#3417 = CARTESIAN_POINT('',(44.063050596979,-11.63933743201,
    10.331283091145));
#3418 = CARTESIAN_POINT('',(44.064106166463,-12.06913048636,
    10.420978673501));
#3419 = CARTESIAN_POINT('',(44.06527596217,-12.49892883303,
    10.51069580481));
#3420 = CARTESIAN_POINT('',(44.067872859586,-13.37171344667,
    10.692922617199));
#3421 = CARTESIAN_POINT('',(44.0693067476,-13.81470001198,
    10.785433576319));
#3422 = CARTESIAN_POINT('',(44.070850799065,-14.25769115824,
    10.877965249842));
#3423 = CARTESIAN_POINT('',(44.0725,-14.70068645842,10.970516673882));
#3424 = ORIENTED_EDGE('',*,*,#3425,.F.);
#3425 = EDGE_CURVE('',#3348,#3395,#3426,.T.);
#3426 = B_SPLINE_CURVE_WITH_KNOTS('',4,(#3427,#3428,#3429,#3430,#3431,
    #3432,#3433,#3434,#3435,#3436,#3437,#3438,#3439,#3440),
  .UNSPECIFIED.,.F.,.F.,(5,3,3,3,5),(0.,0.251369150038,0.501349841099,
    0.750954063473,1.),.UNSPECIFIED.);
#3427 = CARTESIAN_POINT('',(26.46,-14.70068645842,10.970516673881));
#3428 = CARTESIAN_POINT('',(27.5537969217,-14.75842455437,
    10.786881078933));
#3429 = CARTESIAN_POINT('',(28.654108654769,-14.80662368134,
    10.633584105572));
#3430 = CARTESIAN_POINT('',(29.759329755526,-14.84518130144,
    10.510951874806));
#3431 = CARTESIAN_POINT('',(31.970178613829,-14.90275044627,
    10.327853627694));
#3432 = CARTESIAN_POINT('',(33.075771674495,-14.92186882018,
    10.267047778269));
#3433 = CARTESIAN_POINT('',(34.18297709387,-14.93134983462,
    10.236893480713));
#3434 = CARTESIAN_POINT('',(36.395684068394,-14.93103783952,
    10.237885778849));
#3435 = CARTESIAN_POINT('',(37.501186963409,-14.92127383473,
    10.268940125202));
#3436 = CARTESIAN_POINT('',(38.605049753862,-14.90190202918,
    10.330552012077));
#3437 = CARTESIAN_POINT('',(40.803813136181,-14.8441097552,
    10.514359919846));
#3438 = CARTESIAN_POINT('',(41.898729491319,-14.80573192964,
    10.636420315389));
#3439 = CARTESIAN_POINT('',(42.988812209268,-14.75789092517,
    10.788578282721));
#3440 = CARTESIAN_POINT('',(44.0725,-14.70068645842,10.970516673881));
#3441 = ORIENTED_EDGE('',*,*,#3355,.F.);
#3442 = SURFACE_OF_LINEAR_EXTRUSION('',#3443,#3448);
#3443 = CIRCLE('',#3444,48.868774414063);
#3444 = AXIS2_PLACEMENT_3D('',#3445,#3446,#3447);
#3445 = CARTESIAN_POINT('',(35.26625,-5.200812445747,55.927477764351));
#3446 = DIRECTION('',(0.,0.995704078427,9.259259259259E-02));
#3447 = DIRECTION('',(-1.,0.,0.));
#3448 = VECTOR('',#3449,1.);
#3449 = DIRECTION('',(0.,0.978995540942,-0.20388165885));
#3450 = ADVANCED_FACE('',(#3451),#3469,.F.);
#3451 = FACE_BOUND('',#3452,.F.);
#3452 = EDGE_LOOP('',(#3453,#3461,#3467,#3468));
#3453 = ORIENTED_EDGE('',*,*,#3454,.F.);
#3454 = EDGE_CURVE('',#3455,#3309,#3457,.T.);
#3455 = VERTEX_POINT('',#3456);
#3456 = CARTESIAN_POINT('',(46.7225,-18.15,0.));
#3457 = LINE('',#3458,#3459);
#3458 = CARTESIAN_POINT('',(46.7225,-18.15,0.));
#3459 = VECTOR('',#3460,1.);
#3460 = DIRECTION('',(0.,1.,0.));
#3461 = ORIENTED_EDGE('',*,*,#3462,.T.);
#3462 = EDGE_CURVE('',#3455,#3395,#3463,.T.);
#3463 = LINE('',#3464,#3465);
#3464 = CARTESIAN_POINT('',(46.7225,-18.15,0.));
#3465 = VECTOR('',#3466,1.);
#3466 = DIRECTION('',(-0.224550066607,0.292280598305,0.929596320691));
#3467 = ORIENTED_EDGE('',*,*,#3394,.F.);
#3468 = ORIENTED_EDGE('',*,*,#3316,.F.);
#3469 = B_SPLINE_SURFACE_WITH_KNOTS('',1,1,(
    (#3470,#3471)
    ,(#3472,#3473
    )),.UNSPECIFIED.,.F.,.F.,.F.,(2,2),(2,2),(0.,13.85379043626),(0.,1.)
  ,.PIECEWISE_BEZIER_KNOTS.);
#3470 = CARTESIAN_POINT('',(46.7225,-18.15,0.));
#3471 = CARTESIAN_POINT('',(46.7225,0.,0.));
#3472 = CARTESIAN_POINT('',(43.611630434783,-14.10080584249,
    12.878432617165));
#3473 = CARTESIAN_POINT('',(43.418179012346,-0.935185185185,
    10.056611192117));
#3474 = ADVANCED_FACE('',(#3475),#3486,.F.);
#3475 = FACE_BOUND('',#3476,.F.);
#3476 = EDGE_LOOP('',(#3477,#3483,#3484,#3485));
#3477 = ORIENTED_EDGE('',*,*,#3478,.T.);
#3478 = EDGE_CURVE('',#3340,#3455,#3479,.T.);
#3479 = LINE('',#3480,#3481);
#3480 = CARTESIAN_POINT('',(23.81,-18.15,0.));
#3481 = VECTOR('',#3482,1.);
#3482 = DIRECTION('',(1.,0.,0.));
#3483 = ORIENTED_EDGE('',*,*,#3454,.T.);
#3484 = ORIENTED_EDGE('',*,*,#3308,.F.);
#3485 = ORIENTED_EDGE('',*,*,#3339,.F.);
#3486 = PLANE('',#3487);
#3487 = AXIS2_PLACEMENT_3D('',#3488,#3489,#3490);
#3488 = CARTESIAN_POINT('',(23.81,-18.15,0.));
#3489 = DIRECTION('',(0.,0.,1.));
#3490 = DIRECTION('',(0.,1.,0.));
#3491 = ADVANCED_FACE('',(#3492),#3498,.F.);
#3492 = FACE_BOUND('',#3493,.F.);
#3493 = EDGE_LOOP('',(#3494,#3495,#3496,#3497));
#3494 = ORIENTED_EDGE('',*,*,#3478,.F.);
#3495 = ORIENTED_EDGE('',*,*,#3347,.T.);
#3496 = ORIENTED_EDGE('',*,*,#3425,.T.);
#3497 = ORIENTED_EDGE('',*,*,#3462,.F.);
#3498 = PLANE('',#3499);
#3499 = AXIS2_PLACEMENT_3D('',#3500,#3501,#3502);
#3500 = CARTESIAN_POINT('',(23.81,-14.70068645842,10.970516673881));
#3501 = DIRECTION('',(0.,0.953957971642,-0.299940307963));
#3502 = DIRECTION('',(0.,-0.299940307963,-0.953957971642));
#3503 = MANIFOLD_SOLID_BREP('',#3504);
#3504 = CLOSED_SHELL('',(#3505,#3546,#3600,#3661,#3685,#3702));
#3505 = ADVANCED_FACE('',(#3506),#3541,.F.);
#3506 = FACE_BOUND('',#3507,.F.);
#3507 = EDGE_LOOP('',(#3508,#3518,#3526,#3534));
#3508 = ORIENTED_EDGE('',*,*,#3509,.F.);
#3509 = EDGE_CURVE('',#3510,#3512,#3514,.T.);
#3510 = VERTEX_POINT('',#3511);
#3511 = CARTESIAN_POINT('',(47.62,0.,0.));
#3512 = VERTEX_POINT('',#3513);
#3513 = CARTESIAN_POINT('',(50.27,-0.75,8.065203035262));
#3514 = LINE('',#3515,#3516);
#3515 = CARTESIAN_POINT('',(47.62,0.,0.));
#3516 = VECTOR('',#3517,1.);
#3517 = DIRECTION('',(0.310942708743,-8.800265341778E-02,0.946345689942)
  );
#3518 = ORIENTED_EDGE('',*,*,#3519,.T.);
#3519 = EDGE_CURVE('',#3510,#3520,#3522,.T.);
#3520 = VERTEX_POINT('',#3521);
#3521 = CARTESIAN_POINT('',(70.5325,0.,0.));
#3522 = LINE('',#3523,#3524);
#3523 = CARTESIAN_POINT('',(47.62,0.,0.));
#3524 = VECTOR('',#3525,1.);
#3525 = DIRECTION('',(1.,0.,0.));
#3526 = ORIENTED_EDGE('',*,*,#3527,.T.);
#3527 = EDGE_CURVE('',#3520,#3528,#3530,.T.);
#3528 = VERTEX_POINT('',#3529);
#3529 = CARTESIAN_POINT('',(67.8825,-0.75,8.065203035262));
#3530 = LINE('',#3531,#3532);
#3531 = CARTESIAN_POINT('',(70.5325,0.,0.));
#3532 = VECTOR('',#3533,1.);
#3533 = DIRECTION('',(-0.310942708743,-8.800265341778E-02,0.946345689942
    ));
#3534 = ORIENTED_EDGE('',*,*,#3535,.T.);
#3535 = EDGE_CURVE('',#3528,#3512,#3536,.T.);
#3536 = CIRCLE('',#3537,48.868774414063);
#3537 = AXIS2_PLACEMENT_3D('',#3538,#3539,#3540);
#3538 = CARTESIAN_POINT('',(59.07625,-5.200812445747,55.927477764351));
#3539 = DIRECTION('',(0.,0.995704078427,9.259259259259E-02));
#3540 = DIRECTION('',(-1.,0.,0.));
#3541 = PLANE('',#3542);
#3542 = AXIS2_PLACEMENT_3D('',#3543,#3544,#3545);
#3543 = CARTESIAN_POINT('',(47.62,0.,0.));
#3544 = DIRECTION('',(0.,-0.995704078427,-9.259259259259E-02));
#3545 = DIRECTION('',(0.,-9.259259259259E-02,0.995704078427));
#3546 = ADVANCED_FACE('',(#3547),#3595,.T.);
#3547 = FACE_BOUND('',#3548,.T.);
#3548 = EDGE_LOOP('',(#3549,#3557,#3565,#3594));
#3549 = ORIENTED_EDGE('',*,*,#3550,.F.);
#3550 = EDGE_CURVE('',#3551,#3510,#3553,.T.);
#3551 = VERTEX_POINT('',#3552);
#3552 = CARTESIAN_POINT('',(47.62,-18.15,0.));
#3553 = LINE('',#3554,#3555);
#3554 = CARTESIAN_POINT('',(47.62,-18.15,0.));
#3555 = VECTOR('',#3556,1.);
#3556 = DIRECTION('',(0.,1.,0.));
#3557 = ORIENTED_EDGE('',*,*,#3558,.T.);
#3558 = EDGE_CURVE('',#3551,#3559,#3561,.T.);
#3559 = VERTEX_POINT('',#3560);
#3560 = CARTESIAN_POINT('',(50.27,-14.70068645842,10.970516673881));
#3561 = LINE('',#3562,#3563);
#3562 = CARTESIAN_POINT('',(47.62,-18.15,0.));
#3563 = VECTOR('',#3564,1.);
#3564 = DIRECTION('',(0.224550066607,0.292280598305,0.929596320691));
#3565 = ORIENTED_EDGE('',*,*,#3566,.F.);
#3566 = EDGE_CURVE('',#3512,#3559,#3567,.T.);
#3567 = B_SPLINE_CURVE_WITH_KNOTS('',4,(#3568,#3569,#3570,#3571,#3572,
    #3573,#3574,#3575,#3576,#3577,#3578,#3579,#3580,#3581,#3582,#3583,
    #3584,#3585,#3586,#3587,#3588,#3589,#3590,#3591,#3592,#3593),
  .UNSPECIFIED.,.F.,.F.,(5,3,3,3,3,3,3,3,5),(0.,0.127074186688,
    0.252400872005,0.377500230008,0.501601724074,0.626584842664,
    0.749795839263,0.873008985497,1.),.UNSPECIFIED.);
#3568 = CARTESIAN_POINT('',(50.27,-0.749999999999,8.065203035262));
#3569 = CARTESIAN_POINT('',(50.272179996329,-1.193032511888,
    8.157077236788));
#3570 = CARTESIAN_POINT('',(50.274117312776,-1.636087466542,
    8.248999655943));
#3571 = CARTESIAN_POINT('',(50.275826126822,-2.07916234652,
    8.340967166659));
#3572 = CARTESIAN_POINT('',(50.27879086982,-2.959254668435,
    8.523721758643));
#3573 = CARTESIAN_POINT('',(50.280052711991,-3.396271614625,
    8.614507677854));
#3574 = CARTESIAN_POINT('',(50.281116113173,-3.833304111712,
    8.705332324751));
#3575 = CARTESIAN_POINT('',(50.28286508258,-4.706604449024,
    8.886889909449));
#3576 = CARTESIAN_POINT('',(50.283551339663,-5.142872234233,
    8.977622712482));
#3577 = CARTESIAN_POINT('',(50.284060427741,-5.579152511657,
    9.068389765869));
#3578 = CARTESIAN_POINT('',(50.28473950432,-6.448255555727,
    9.249264388141));
#3579 = CARTESIAN_POINT('',(50.284912171117,-6.881078139753,
    9.339371440525));
#3580 = CARTESIAN_POINT('',(50.284928094016,-7.313910675543,
    9.429508553036));
#3581 = CARTESIAN_POINT('',(50.284660898125,-8.182668717762,
    9.610480308845));
#3582 = CARTESIAN_POINT('',(50.284375659169,-8.618594350397,
    9.701315356936));
#3583 = CARTESIAN_POINT('',(50.283947114762,-9.054528174283,
    9.792177704346));
#3584 = CARTESIAN_POINT('',(50.282825249606,-9.92022951053,
    9.972665535142));
#3585 = CARTESIAN_POINT('',(50.282135773394,-10.349996812,
    10.062290287653));
#3586 = CARTESIAN_POINT('',(50.281320372587,-10.77977059426,
    10.15193889814));
#3587 = CARTESIAN_POINT('',(50.279449403021,-11.63933743201,
    10.331283091145));
#3588 = CARTESIAN_POINT('',(50.278393833536,-12.06913048636,
    10.420978673501));
#3589 = CARTESIAN_POINT('',(50.27722403783,-12.49892883303,
    10.51069580481));
#3590 = CARTESIAN_POINT('',(50.274627140414,-13.37171344667,
    10.692922617199));
#3591 = CARTESIAN_POINT('',(50.2731932524,-13.81470001198,
    10.785433576319));
#3592 = CARTESIAN_POINT('',(50.271649200935,-14.25769115824,
    10.877965249842));
#3593 = CARTESIAN_POINT('',(50.27,-14.70068645842,10.970516673881));
#3594 = ORIENTED_EDGE('',*,*,#3509,.F.);
#3595 = B_SPLINE_SURFACE_WITH_KNOTS('',1,1,(
    (#3596,#3597)
    ,(#3598,#3599
    )),.UNSPECIFIED.,.F.,.F.,.F.,(2,2),(2,2),(0.,13.85379043626),(0.,1.)
  ,.PIECEWISE_BEZIER_KNOTS.);
#3596 = CARTESIAN_POINT('',(47.62,-18.15,0.));
#3597 = CARTESIAN_POINT('',(47.62,0.,0.));
#3598 = CARTESIAN_POINT('',(50.730869565217,-14.10080584249,
    12.878432617165));
#3599 = CARTESIAN_POINT('',(50.924320987654,-0.935185185185,
    10.056611192117));
#3600 = ADVANCED_FACE('',(#3601),#3653,.F.);
#3601 = FACE_BOUND('',#3602,.F.);
#3602 = EDGE_LOOP('',(#3603,#3604,#3635,#3652));
#3603 = ORIENTED_EDGE('',*,*,#3535,.F.);
#3604 = ORIENTED_EDGE('',*,*,#3605,.T.);
#3605 = EDGE_CURVE('',#3528,#3606,#3608,.T.);
#3606 = VERTEX_POINT('',#3607);
#3607 = CARTESIAN_POINT('',(67.8825,-14.70068645842,10.970516673881));
#3608 = B_SPLINE_CURVE_WITH_KNOTS('',4,(#3609,#3610,#3611,#3612,#3613,
    #3614,#3615,#3616,#3617,#3618,#3619,#3620,#3621,#3622,#3623,#3624,
    #3625,#3626,#3627,#3628,#3629,#3630,#3631,#3632,#3633,#3634),
  .UNSPECIFIED.,.F.,.F.,(5,3,3,3,3,3,3,3,5),(0.,0.127074186688,
    0.252400872005,0.377500230008,0.501601724074,0.626584842664,
    0.749795839263,0.873008985497,1.),.UNSPECIFIED.);
#3609 = CARTESIAN_POINT('',(67.8825,-0.749999999997,8.065203035261));
#3610 = CARTESIAN_POINT('',(67.880320003671,-1.193032511886,
    8.157077236787));
#3611 = CARTESIAN_POINT('',(67.878382687224,-1.636087466541,
    8.248999655943));
#3612 = CARTESIAN_POINT('',(67.876673873178,-2.079162346519,
    8.340967166659));
#3613 = CARTESIAN_POINT('',(67.87370913018,-2.959254668435,
    8.523721758643));
#3614 = CARTESIAN_POINT('',(67.872447288009,-3.396271614625,
    8.614507677854));
#3615 = CARTESIAN_POINT('',(67.871383886827,-3.833304111712,
    8.705332324751));
#3616 = CARTESIAN_POINT('',(67.86963491742,-4.706604449024,
    8.886889909449));
#3617 = CARTESIAN_POINT('',(67.868948660337,-5.142872234233,
    8.977622712482));
#3618 = CARTESIAN_POINT('',(67.868439572259,-5.579152511657,
    9.068389765869));
#3619 = CARTESIAN_POINT('',(67.86776049568,-6.448255555727,
    9.249264388141));
#3620 = CARTESIAN_POINT('',(67.867587828883,-6.881078139753,
    9.339371440525));
#3621 = CARTESIAN_POINT('',(67.867571905984,-7.313910675543,
    9.429508553036));
#3622 = CARTESIAN_POINT('',(67.867839101875,-8.182668717762,
    9.610480308845));
#3623 = CARTESIAN_POINT('',(67.868124340831,-8.618594350397,
    9.701315356936));
#3624 = CARTESIAN_POINT('',(67.868552885238,-9.054528174283,
    9.792177704346));
#3625 = CARTESIAN_POINT('',(67.869674750394,-9.92022951053,
    9.972665535142));
#3626 = CARTESIAN_POINT('',(67.870364226606,-10.349996812,
    10.062290287653));
#3627 = CARTESIAN_POINT('',(67.871179627413,-10.77977059426,
    10.15193889814));
#3628 = CARTESIAN_POINT('',(67.873050596979,-11.63933743201,
    10.331283091145));
#3629 = CARTESIAN_POINT('',(67.874106166463,-12.06913048636,
    10.420978673501));
#3630 = CARTESIAN_POINT('',(67.87527596217,-12.49892883303,
    10.51069580481));
#3631 = CARTESIAN_POINT('',(67.877872859586,-13.37171344667,
    10.692922617199));
#3632 = CARTESIAN_POINT('',(67.8793067476,-13.81470001198,
    10.785433576319));
#3633 = CARTESIAN_POINT('',(67.880850799065,-14.25769115824,
    10.877965249842));
#3634 = CARTESIAN_POINT('',(67.8825,-14.70068645842,10.970516673882));
#3635 = ORIENTED_EDGE('',*,*,#3636,.F.);
#3636 = EDGE_CURVE('',#3559,#3606,#3637,.T.);
#3637 = B_SPLINE_CURVE_WITH_KNOTS('',4,(#3638,#3639,#3640,#3641,#3642,
    #3643,#3644,#3645,#3646,#3647,#3648,#3649,#3650,#3651),
  .UNSPECIFIED.,.F.,.F.,(5,3,3,3,5),(0.,0.251369150038,0.501349841099,
    0.750954063473,1.),.UNSPECIFIED.);
#3638 = CARTESIAN_POINT('',(50.27,-14.70068645842,10.970516673881));
#3639 = CARTESIAN_POINT('',(51.3637969217,-14.75842455437,
    10.786881078933));
#3640 = CARTESIAN_POINT('',(52.464108654769,-14.80662368134,
    10.633584105572));
#3641 = CARTESIAN_POINT('',(53.569329755526,-14.84518130144,
    10.510951874806));
#3642 = CARTESIAN_POINT('',(55.780178613829,-14.90275044627,
    10.327853627694));
#3643 = CARTESIAN_POINT('',(56.885771674495,-14.92186882018,
    10.267047778269));
#3644 = CARTESIAN_POINT('',(57.99297709387,-14.93134983462,
    10.236893480713));
#3645 = CARTESIAN_POINT('',(60.205684068394,-14.93103783952,
    10.237885778849));
#3646 = CARTESIAN_POINT('',(61.311186963409,-14.92127383473,
    10.268940125202));
#3647 = CARTESIAN_POINT('',(62.415049753862,-14.90190202918,
    10.330552012077));
#3648 = CARTESIAN_POINT('',(64.613813136181,-14.8441097552,
    10.514359919846));
#3649 = CARTESIAN_POINT('',(65.708729491319,-14.80573192964,
    10.636420315389));
#3650 = CARTESIAN_POINT('',(66.798812209268,-14.75789092517,
    10.788578282721));
#3651 = CARTESIAN_POINT('',(67.8825,-14.70068645842,10.970516673881));
#3652 = ORIENTED_EDGE('',*,*,#3566,.F.);
#3653 = SURFACE_OF_LINEAR_EXTRUSION('',#3654,#3659);
#3654 = CIRCLE('',#3655,48.868774414063);
#3655 = AXIS2_PLACEMENT_3D('',#3656,#3657,#3658);
#3656 = CARTESIAN_POINT('',(59.07625,-5.200812445747,55.927477764351));
#3657 = DIRECTION('',(0.,0.995704078427,9.259259259259E-02));
#3658 = DIRECTION('',(-1.,0.,0.));
#3659 = VECTOR('',#3660,1.);
#3660 = DIRECTION('',(0.,0.978995540942,-0.20388165885));
#3661 = ADVANCED_FACE('',(#3662),#3680,.F.);
#3662 = FACE_BOUND('',#3663,.F.);
#3663 = EDGE_LOOP('',(#3664,#3672,#3678,#3679));
#3664 = ORIENTED_EDGE('',*,*,#3665,.F.);
#3665 = EDGE_CURVE('',#3666,#3520,#3668,.T.);
#3666 = VERTEX_POINT('',#3667);
#3667 = CARTESIAN_POINT('',(70.5325,-18.15,0.));
#3668 = LINE('',#3669,#3670);
#3669 = CARTESIAN_POINT('',(70.5325,-18.15,0.));
#3670 = VECTOR('',#3671,1.);
#3671 = DIRECTION('',(0.,1.,0.));
#3672 = ORIENTED_EDGE('',*,*,#3673,.T.);
#3673 = EDGE_CURVE('',#3666,#3606,#3674,.T.);
#3674 = LINE('',#3675,#3676);
#3675 = CARTESIAN_POINT('',(70.5325,-18.15,0.));
#3676 = VECTOR('',#3677,1.);
#3677 = DIRECTION('',(-0.224550066607,0.292280598305,0.929596320691));
#3678 = ORIENTED_EDGE('',*,*,#3605,.F.);
#3679 = ORIENTED_EDGE('',*,*,#3527,.F.);
#3680 = B_SPLINE_SURFACE_WITH_KNOTS('',1,1,(
    (#3681,#3682)
    ,(#3683,#3684
    )),.UNSPECIFIED.,.F.,.F.,.F.,(2,2),(2,2),(0.,13.85379043626),(0.,1.)
  ,.PIECEWISE_BEZIER_KNOTS.);
#3681 = CARTESIAN_POINT('',(70.5325,-18.15,0.));
#3682 = CARTESIAN_POINT('',(70.5325,0.,0.));
#3683 = CARTESIAN_POINT('',(67.421630434783,-14.10080584249,
    12.878432617165));
#3684 = CARTESIAN_POINT('',(67.228179012346,-0.935185185185,
    10.056611192117));
#3685 = ADVANCED_FACE('',(#3686),#3697,.F.);
#3686 = FACE_BOUND('',#3687,.F.);
#3687 = EDGE_LOOP('',(#3688,#3694,#3695,#3696));
#3688 = ORIENTED_EDGE('',*,*,#3689,.T.);
#3689 = EDGE_CURVE('',#3551,#3666,#3690,.T.);
#3690 = LINE('',#3691,#3692);
#3691 = CARTESIAN_POINT('',(47.62,-18.15,0.));
#3692 = VECTOR('',#3693,1.);
#3693 = DIRECTION('',(1.,0.,0.));
#3694 = ORIENTED_EDGE('',*,*,#3665,.T.);
#3695 = ORIENTED_EDGE('',*,*,#3519,.F.);
#3696 = ORIENTED_EDGE('',*,*,#3550,.F.);
#3697 = PLANE('',#3698);
#3698 = AXIS2_PLACEMENT_3D('',#3699,#3700,#3701);
#3699 = CARTESIAN_POINT('',(47.62,-18.15,0.));
#3700 = DIRECTION('',(0.,0.,1.));
#3701 = DIRECTION('',(0.,1.,0.));
#3702 = ADVANCED_FACE('',(#3703),#3709,.F.);
#3703 = FACE_BOUND('',#3704,.F.);
#3704 = EDGE_LOOP('',(#3705,#3706,#3707,#3708));
#3705 = ORIENTED_EDGE('',*,*,#3689,.F.);
#3706 = ORIENTED_EDGE('',*,*,#3558,.T.);
#3707 = ORIENTED_EDGE('',*,*,#3636,.T.);
#3708 = ORIENTED_EDGE('',*,*,#3673,.F.);
#3709 = PLANE('',#3710);
#3710 = AXIS2_PLACEMENT_3D('',#3711,#3712,#3713);
#3711 = CARTESIAN_POINT('',(47.62,-14.70068645842,10.970516673881));
#3712 = DIRECTION('',(0.,0.953957971642,-0.299940307963));
#3713 = DIRECTION('',(0.,-0.299940307963,-0.953957971642));
#3714 = MANIFOLD_SOLID_BREP('',#3715);
#3715 = CLOSED_SHELL('',(#3716,#3757,#3811,#3872,#3896,#3913));
#3716 = ADVANCED_FACE('',(#3717),#3752,.F.);
#3717 = FACE_BOUND('',#3718,.F.);
#3718 = EDGE_LOOP('',(#3719,#3729,#3737,#3745));
#3719 = ORIENTED_EDGE('',*,*,#3720,.F.);
#3720 = EDGE_CURVE('',#3721,#3723,#3725,.T.);
#3721 = VERTEX_POINT('',#3722);
#3722 = CARTESIAN_POINT('',(71.43,0.,0.));
#3723 = VERTEX_POINT('',#3724);
#3724 = CARTESIAN_POINT('',(74.08,-0.75,8.065203035262));
#3725 = LINE('',#3726,#3727);
#3726 = CARTESIAN_POINT('',(71.43,0.,0.));
#3727 = VECTOR('',#3728,1.);
#3728 = DIRECTION('',(0.310942708743,-8.800265341778E-02,0.946345689942)
  );
#3729 = ORIENTED_EDGE('',*,*,#3730,.T.);
#3730 = EDGE_CURVE('',#3721,#3731,#3733,.T.);
#3731 = VERTEX_POINT('',#3732);
#3732 = CARTESIAN_POINT('',(94.3425,0.,0.));
#3733 = LINE('',#3734,#3735);
#3734 = CARTESIAN_POINT('',(71.43,0.,0.));
#3735 = VECTOR('',#3736,1.);
#3736 = DIRECTION('',(1.,0.,0.));
#3737 = ORIENTED_EDGE('',*,*,#3738,.T.);
#3738 = EDGE_CURVE('',#3731,#3739,#3741,.T.);
#3739 = VERTEX_POINT('',#3740);
#3740 = CARTESIAN_POINT('',(91.6925,-0.75,8.065203035262));
#3741 = LINE('',#3742,#3743);
#3742 = CARTESIAN_POINT('',(94.3425,0.,0.));
#3743 = VECTOR('',#3744,1.);
#3744 = DIRECTION('',(-0.310942708743,-8.800265341778E-02,0.946345689942
    ));
#3745 = ORIENTED_EDGE('',*,*,#3746,.T.);
#3746 = EDGE_CURVE('',#3739,#3723,#3747,.T.);
#3747 = CIRCLE('',#3748,48.868774414063);
#3748 = AXIS2_PLACEMENT_3D('',#3749,#3750,#3751);
#3749 = CARTESIAN_POINT('',(82.88625,-5.200812445747,55.927477764351));
#3750 = DIRECTION('',(0.,0.995704078427,9.259259259259E-02));
#3751 = DIRECTION('',(-1.,0.,0.));
#3752 = PLANE('',#3753);
#3753 = AXIS2_PLACEMENT_3D('',#3754,#3755,#3756);
#3754 = CARTESIAN_POINT('',(71.43,0.,0.));
#3755 = DIRECTION('',(0.,-0.995704078427,-9.259259259259E-02));
#3756 = DIRECTION('',(0.,-9.259259259259E-02,0.995704078427));
#3757 = ADVANCED_FACE('',(#3758),#3806,.T.);
#3758 = FACE_BOUND('',#3759,.T.);
#3759 = EDGE_LOOP('',(#3760,#3768,#3776,#3805));
#3760 = ORIENTED_EDGE('',*,*,#3761,.F.);
#3761 = EDGE_CURVE('',#3762,#3721,#3764,.T.);
#3762 = VERTEX_POINT('',#3763);
#3763 = CARTESIAN_POINT('',(71.43,-18.15,0.));
#3764 = LINE('',#3765,#3766);
#3765 = CARTESIAN_POINT('',(71.43,-18.15,0.));
#3766 = VECTOR('',#3767,1.);
#3767 = DIRECTION('',(0.,1.,0.));
#3768 = ORIENTED_EDGE('',*,*,#3769,.T.);
#3769 = EDGE_CURVE('',#3762,#3770,#3772,.T.);
#3770 = VERTEX_POINT('',#3771);
#3771 = CARTESIAN_POINT('',(74.08,-14.70068645842,10.970516673881));
#3772 = LINE('',#3773,#3774);
#3773 = CARTESIAN_POINT('',(71.43,-18.15,0.));
#3774 = VECTOR('',#3775,1.);
#3775 = DIRECTION('',(0.224550066607,0.292280598305,0.929596320691));
#3776 = ORIENTED_EDGE('',*,*,#3777,.F.);
#3777 = EDGE_CURVE('',#3723,#3770,#3778,.T.);
#3778 = B_SPLINE_CURVE_WITH_KNOTS('',4,(#3779,#3780,#3781,#3782,#3783,
    #3784,#3785,#3786,#3787,#3788,#3789,#3790,#3791,#3792,#3793,#3794,
    #3795,#3796,#3797,#3798,#3799,#3800,#3801,#3802,#3803,#3804),
  .UNSPECIFIED.,.F.,.F.,(5,3,3,3,3,3,3,3,5),(0.,0.127074186688,
    0.252400872005,0.377500230008,0.501601724074,0.626584842664,
    0.749795839263,0.873008985497,1.),.UNSPECIFIED.);
#3779 = CARTESIAN_POINT('',(74.08,-0.749999999999,8.065203035262));
#3780 = CARTESIAN_POINT('',(74.082179996329,-1.193032511888,
    8.157077236788));
#3781 = CARTESIAN_POINT('',(74.084117312776,-1.636087466542,
    8.248999655943));
#3782 = CARTESIAN_POINT('',(74.085826126822,-2.07916234652,
    8.340967166659));
#3783 = CARTESIAN_POINT('',(74.08879086982,-2.959254668435,
    8.523721758643));
#3784 = CARTESIAN_POINT('',(74.090052711991,-3.396271614625,
    8.614507677854));
#3785 = CARTESIAN_POINT('',(74.091116113173,-3.833304111712,
    8.705332324751));
#3786 = CARTESIAN_POINT('',(74.09286508258,-4.706604449024,
    8.886889909449));
#3787 = CARTESIAN_POINT('',(74.093551339663,-5.142872234233,
    8.977622712482));
#3788 = CARTESIAN_POINT('',(74.094060427741,-5.579152511657,
    9.068389765869));
#3789 = CARTESIAN_POINT('',(74.09473950432,-6.448255555727,
    9.249264388141));
#3790 = CARTESIAN_POINT('',(74.094912171117,-6.881078139753,
    9.339371440525));
#3791 = CARTESIAN_POINT('',(74.094928094016,-7.313910675543,
    9.429508553036));
#3792 = CARTESIAN_POINT('',(74.094660898125,-8.182668717762,
    9.610480308845));
#3793 = CARTESIAN_POINT('',(74.094375659169,-8.618594350397,
    9.701315356936));
#3794 = CARTESIAN_POINT('',(74.093947114762,-9.054528174283,
    9.792177704346));
#3795 = CARTESIAN_POINT('',(74.092825249606,-9.92022951053,
    9.972665535142));
#3796 = CARTESIAN_POINT('',(74.092135773394,-10.349996812,
    10.062290287653));
#3797 = CARTESIAN_POINT('',(74.091320372587,-10.77977059426,
    10.15193889814));
#3798 = CARTESIAN_POINT('',(74.089449403021,-11.63933743201,
    10.331283091145));
#3799 = CARTESIAN_POINT('',(74.088393833536,-12.06913048636,
    10.420978673501));
#3800 = CARTESIAN_POINT('',(74.08722403783,-12.49892883303,
    10.51069580481));
#3801 = CARTESIAN_POINT('',(74.084627140414,-13.37171344667,
    10.692922617199));
#3802 = CARTESIAN_POINT('',(74.0831932524,-13.81470001198,
    10.785433576319));
#3803 = CARTESIAN_POINT('',(74.081649200935,-14.25769115824,
    10.877965249842));
#3804 = CARTESIAN_POINT('',(74.08,-14.70068645842,10.970516673881));
#3805 = ORIENTED_EDGE('',*,*,#3720,.F.);
#3806 = B_SPLINE_SURFACE_WITH_KNOTS('',1,1,(
    (#3807,#3808)
    ,(#3809,#3810
    )),.UNSPECIFIED.,.F.,.F.,.F.,(2,2),(2,2),(0.,13.85379043626),(0.,1.)
  ,.PIECEWISE_BEZIER_KNOTS.);
#3807 = CARTESIAN_POINT('',(71.43,-18.15,0.));
#3808 = CARTESIAN_POINT('',(71.43,0.,0.));
#3809 = CARTESIAN_POINT('',(74.540869565217,-14.10080584249,
    12.878432617165));
#3810 = CARTESIAN_POINT('',(74.734320987654,-0.935185185185,
    10.056611192117));
#3811 = ADVANCED_FACE('',(#3812),#3864,.F.);
#3812 = FACE_BOUND('',#3813,.F.);
#3813 = EDGE_LOOP('',(#3814,#3815,#3846,#3863));
#3814 = ORIENTED_EDGE('',*,*,#3746,.F.);
#3815 = ORIENTED_EDGE('',*,*,#3816,.T.);
#3816 = EDGE_CURVE('',#3739,#3817,#3819,.T.);
#3817 = VERTEX_POINT('',#3818);
#3818 = CARTESIAN_POINT('',(91.6925,-14.70068645842,10.970516673881));
#3819 = B_SPLINE_CURVE_WITH_KNOTS('',4,(#3820,#3821,#3822,#3823,#3824,
    #3825,#3826,#3827,#3828,#3829,#3830,#3831,#3832,#3833,#3834,#3835,
    #3836,#3837,#3838,#3839,#3840,#3841,#3842,#3843,#3844,#3845),
  .UNSPECIFIED.,.F.,.F.,(5,3,3,3,3,3,3,3,5),(0.,0.127074186688,
    0.252400872005,0.377500230008,0.501601724074,0.626584842664,
    0.749795839263,0.873008985497,1.),.UNSPECIFIED.);
#3820 = CARTESIAN_POINT('',(91.6925,-0.749999999997,8.065203035261));
#3821 = CARTESIAN_POINT('',(91.690320003671,-1.193032511886,
    8.157077236787));
#3822 = CARTESIAN_POINT('',(91.688382687224,-1.636087466541,
    8.248999655943));
#3823 = CARTESIAN_POINT('',(91.686673873178,-2.079162346519,
    8.340967166659));
#3824 = CARTESIAN_POINT('',(91.68370913018,-2.959254668435,
    8.523721758643));
#3825 = CARTESIAN_POINT('',(91.682447288009,-3.396271614625,
    8.614507677854));
#3826 = CARTESIAN_POINT('',(91.681383886827,-3.833304111712,
    8.705332324751));
#3827 = CARTESIAN_POINT('',(91.67963491742,-4.706604449024,
    8.886889909449));
#3828 = CARTESIAN_POINT('',(91.678948660337,-5.142872234233,
    8.977622712482));
#3829 = CARTESIAN_POINT('',(91.678439572259,-5.579152511657,
    9.068389765869));
#3830 = CARTESIAN_POINT('',(91.67776049568,-6.448255555727,
    9.249264388141));
#3831 = CARTESIAN_POINT('',(91.677587828883,-6.881078139753,
    9.339371440525));
#3832 = CARTESIAN_POINT('',(91.677571905984,-7.313910675543,
    9.429508553036));
#3833 = CARTESIAN_POINT('',(91.677839101875,-8.182668717762,
    9.610480308845));
#3834 = CARTESIAN_POINT('',(91.678124340831,-8.618594350397,
    9.701315356936));
#3835 = CARTESIAN_POINT('',(91.678552885238,-9.054528174283,
    9.792177704346));
#3836 = CARTESIAN_POINT('',(91.679674750394,-9.92022951053,
    9.972665535142));
#3837 = CARTESIAN_POINT('',(91.680364226606,-10.349996812,
    10.062290287653));
#3838 = CARTESIAN_POINT('',(91.681179627413,-10.77977059426,
    10.15193889814));
#3839 = CARTESIAN_POINT('',(91.683050596979,-11.63933743201,
    10.331283091145));
#3840 = CARTESIAN_POINT('',(91.684106166463,-12.06913048636,
    10.420978673501));
#3841 = CARTESIAN_POINT('',(91.68527596217,-12.49892883303,
    10.51069580481));
#3842 = CARTESIAN_POINT('',(91.687872859586,-13.37171344667,
    10.692922617199));
#3843 = CARTESIAN_POINT('',(91.6893067476,-13.81470001198,
    10.785433576319));
#3844 = CARTESIAN_POINT('',(91.690850799065,-14.25769115824,
    10.877965249842));
#3845 = CARTESIAN_POINT('',(91.6925,-14.70068645842,10.970516673882));
#3846 = ORIENTED_EDGE('',*,*,#3847,.F.);
#3847 = EDGE_CURVE('',#3770,#3817,#3848,.T.);
#3848 = B_SPLINE_CURVE_WITH_KNOTS('',4,(#3849,#3850,#3851,#3852,#3853,
    #3854,#3855,#3856,#3857,#3858,#3859,#3860,#3861,#3862),
  .UNSPECIFIED.,.F.,.F.,(5,3,3,3,5),(0.,0.251369150038,0.501349841099,
    0.750954063473,1.),.UNSPECIFIED.);
#3849 = CARTESIAN_POINT('',(74.08,-14.70068645842,10.970516673881));
#3850 = CARTESIAN_POINT('',(75.1737969217,-14.75842455437,
    10.786881078933));
#3851 = CARTESIAN_POINT('',(76.274108654769,-14.80662368134,
    10.633584105572));
#3852 = CARTESIAN_POINT('',(77.379329755526,-14.84518130144,
    10.510951874806));
#3853 = CARTESIAN_POINT('',(79.590178613829,-14.90275044627,
    10.327853627694));
#3854 = CARTESIAN_POINT('',(80.695771674495,-14.92186882018,
    10.267047778269));
#3855 = CARTESIAN_POINT('',(81.80297709387,-14.93134983462,
    10.236893480713));
#3856 = CARTESIAN_POINT('',(84.015684068394,-14.93103783952,
    10.237885778849));
#3857 = CARTESIAN_POINT('',(85.121186963409,-14.92127383473,
    10.268940125202));
#3858 = CARTESIAN_POINT('',(86.225049753862,-14.90190202918,
    10.330552012077));
#3859 = CARTESIAN_POINT('',(88.423813136181,-14.8441097552,
    10.514359919846));
#3860 = CARTESIAN_POINT('',(89.518729491319,-14.80573192964,
    10.636420315389));
#3861 = CARTESIAN_POINT('',(90.608812209268,-14.75789092517,
    10.788578282721));
#3862 = CARTESIAN_POINT('',(91.6925,-14.70068645842,10.970516673881));
#3863 = ORIENTED_EDGE('',*,*,#3777,.F.);
#3864 = SURFACE_OF_LINEAR_EXTRUSION('',#3865,#3870);
#3865 = CIRCLE('',#3866,48.868774414063);
#3866 = AXIS2_PLACEMENT_3D('',#3867,#3868,#3869);
#3867 = CARTESIAN_POINT('',(82.88625,-5.200812445747,55.927477764351));
#3868 = DIRECTION('',(0.,0.995704078427,9.259259259259E-02));
#3869 = DIRECTION('',(-1.,0.,0.));
#3870 = VECTOR('',#3871,1.);
#3871 = DIRECTION('',(0.,0.978995540942,-0.20388165885));
#3872 = ADVANCED_FACE('',(#3873),#3891,.F.);
#3873 = FACE_BOUND('',#3874,.F.);
#3874 = EDGE_LOOP('',(#3875,#3883,#3889,#3890));
#3875 = ORIENTED_EDGE('',*,*,#3876,.F.);
#3876 = EDGE_CURVE('',#3877,#3731,#3879,.T.);
#3877 = VERTEX_POINT('',#3878);
#3878 = CARTESIAN_POINT('',(94.3425,-18.15,0.));
#3879 = LINE('',#3880,#3881);
#3880 = CARTESIAN_POINT('',(94.3425,-18.15,0.));
#3881 = VECTOR('',#3882,1.);
#3882 = DIRECTION('',(0.,1.,0.));
#3883 = ORIENTED_EDGE('',*,*,#3884,.T.);
#3884 = EDGE_CURVE('',#3877,#3817,#3885,.T.);
#3885 = LINE('',#3886,#3887);
#3886 = CARTESIAN_POINT('',(94.3425,-18.15,0.));
#3887 = VECTOR('',#3888,1.);
#3888 = DIRECTION('',(-0.224550066607,0.292280598305,0.929596320691));
#3889 = ORIENTED_EDGE('',*,*,#3816,.F.);
#3890 = ORIENTED_EDGE('',*,*,#3738,.F.);
#3891 = B_SPLINE_SURFACE_WITH_KNOTS('',1,1,(
    (#3892,#3893)
    ,(#3894,#3895
    )),.UNSPECIFIED.,.F.,.F.,.F.,(2,2),(2,2),(0.,13.85379043626),(0.,1.)
  ,.PIECEWISE_BEZIER_KNOTS.);
#3892 = CARTESIAN_POINT('',(94.3425,-18.15,0.));
#3893 = CARTESIAN_POINT('',(94.3425,0.,0.));
#3894 = CARTESIAN_POINT('',(91.231630434783,-14.10080584249,
    12.878432617165));
#3895 = CARTESIAN_POINT('',(91.038179012346,-0.935185185185,
    10.056611192117));
#3896 = ADVANCED_FACE('',(#3897),#3908,.F.);
#3897 = FACE_BOUND('',#3898,.F.);
#3898 = EDGE_LOOP('',(#3899,#3905,#3906,#3907));
#3899 = ORIENTED_EDGE('',*,*,#3900,.T.);
#3900 = EDGE_CURVE('',#3762,#3877,#3901,.T.);
#3901 = LINE('',#3902,#3903);
#3902 = CARTESIAN_POINT('',(71.43,-18.15,0.));
#3903 = VECTOR('',#3904,1.);
#3904 = DIRECTION('',(1.,0.,0.));
#3905 = ORIENTED_EDGE('',*,*,#3876,.T.);
#3906 = ORIENTED_EDGE('',*,*,#3730,.F.);
#3907 = ORIENTED_EDGE('',*,*,#3761,.F.);
#3908 = PLANE('',#3909);
#3909 = AXIS2_PLACEMENT_3D('',#3910,#3911,#3912);
#3910 = CARTESIAN_POINT('',(71.43,-18.15,0.));
#3911 = DIRECTION('',(0.,0.,1.));
#3912 = DIRECTION('',(0.,1.,0.));
#3913 = ADVANCED_FACE('',(#3914),#3920,.F.);
#3914 = FACE_BOUND('',#3915,.F.);
#3915 = EDGE_LOOP('',(#3916,#3917,#3918,#3919));
#3916 = ORIENTED_EDGE('',*,*,#3900,.F.);
#3917 = ORIENTED_EDGE('',*,*,#3769,.T.);
#3918 = ORIENTED_EDGE('',*,*,#3847,.T.);
#3919 = ORIENTED_EDGE('',*,*,#3884,.F.);
#3920 = PLANE('',#3921);
#3921 = AXIS2_PLACEMENT_3D('',#3922,#3923,#3924);
#3922 = CARTESIAN_POINT('',(71.43,-14.70068645842,10.970516673881));
#3923 = DIRECTION('',(0.,0.953957971642,-0.299940307963));
#3924 = DIRECTION('',(0.,-0.299940307963,-0.953957971642));
#3925 = ( GEOMETRIC_REPRESENTATION_CONTEXT(3) 
GLOBAL_UNCERTAINTY_ASSIGNED_CONTEXT((#3929)) 
GLOBAL_UNIT_ASSIGNED_CONTEXT((#3926,#3927,#3928)) REPRESENTATION_CONTEXT
('Context #1','3D Context with UNIT and UNCERTAINTY') );
#3926 = ( LENGTH_UNIT() NAMED_UNIT(*) SI_UNIT(.MILLI.,.METRE.) );
#3927 = ( NAMED_UNIT(*) PLANE_ANGLE_UNIT() SI_UNIT($,.RADIAN.) );
#3928 = ( NAMED_UNIT(*) SI_UNIT($,.STERADIAN.) SOLID_ANGLE_UNIT() );
#3929 = UNCERTAINTY_MEASURE_WITH_UNIT(LENGTH_MEASURE(1.E-05),#3926,
  'distance_accuracy_value','confusion accuracy');
#3930 = CONTEXT_DEPENDENT_SHAPE_REPRESENTATION(#3931,#3933);
#3931 = ( REPRESENTATION_RELATIONSHIP('','',#3080,#10) 
REPRESENTATION_RELATIONSHIP_WITH_TRANSFORMATION(#3932) 
SHAPE_REPRESENTATION_RELATIONSHIP() );
#3932 = ITEM_DEFINED_TRANSFORMATION('','',#11,#27);
#3933 = PRODUCT_DEFINITION_SHAPE('Placement','Placement of an item',
  #3934);
#3934 = NEXT_ASSEMBLY_USAGE_OCCURRENCE('4','1.25UR1R','',#5,#3075,$);
#3935 = PRODUCT_RELATED_PRODUCT_CATEGORY('part',$,(#3077));
#3936 = SHAPE_DEFINITION_REPRESENTATION(#3937,#3943);
#3937 = PRODUCT_DEFINITION_SHAPE('','',#3938);
#3938 = PRODUCT_DEFINITION('design','',#3939,#3942);
#3939 = PRODUCT_DEFINITION_FORMATION('','',#3940);
#3940 = PRODUCT('OEM007','OEM007','',(#3941));
#3941 = PRODUCT_CONTEXT('',#2,'mechanical');
#3942 = PRODUCT_DEFINITION_CONTEXT('part definition',#2,'design');
#3943 = ADVANCED_BREP_SHAPE_REPRESENTATION('',(#11,#3944),#4155);
#3944 = MANIFOLD_SOLID_BREP('',#3945);
#3945 = CLOSED_SHELL('',(#3946,#3987,#4041,#4102,#4126,#4143));
#3946 = ADVANCED_FACE('',(#3947),#3982,.F.);
#3947 = FACE_BOUND('',#3948,.F.);
#3948 = EDGE_LOOP('',(#3949,#3959,#3967,#3975));
#3949 = ORIENTED_EDGE('',*,*,#3950,.F.);
#3950 = EDGE_CURVE('',#3951,#3953,#3955,.T.);
#3951 = VERTEX_POINT('',#3952);
#3952 = CARTESIAN_POINT('',(0.,0.,0.));
#3953 = VERTEX_POINT('',#3954);
#3954 = CARTESIAN_POINT('',(2.65,-0.75,8.065203035262));
#3955 = LINE('',#3956,#3957);
#3956 = CARTESIAN_POINT('',(0.,0.,0.));
#3957 = VECTOR('',#3958,1.);
#3958 = DIRECTION('',(0.310942708743,-8.800265341778E-02,0.946345689942)
  );
#3959 = ORIENTED_EDGE('',*,*,#3960,.T.);
#3960 = EDGE_CURVE('',#3951,#3961,#3963,.T.);
#3961 = VERTEX_POINT('',#3962);
#3962 = CARTESIAN_POINT('',(41.9625,0.,0.));
#3963 = LINE('',#3964,#3965);
#3964 = CARTESIAN_POINT('',(0.,0.,0.));
#3965 = VECTOR('',#3966,1.);
#3966 = DIRECTION('',(1.,0.,0.));
#3967 = ORIENTED_EDGE('',*,*,#3968,.T.);
#3968 = EDGE_CURVE('',#3961,#3969,#3971,.T.);
#3969 = VERTEX_POINT('',#3970);
#3970 = CARTESIAN_POINT('',(39.3125,-0.75,8.065203035262));
#3971 = LINE('',#3972,#3973);
#3972 = CARTESIAN_POINT('',(41.9625,0.,0.));
#3973 = VECTOR('',#3974,1.);
#3974 = DIRECTION('',(-0.310942708743,-8.800265341778E-02,0.946345689942
    ));
#3975 = ORIENTED_EDGE('',*,*,#3976,.T.);
#3976 = EDGE_CURVE('',#3969,#3953,#3977,.T.);
#3977 = CIRCLE('',#3978,210.4217041015);
#3978 = AXIS2_PLACEMENT_3D('',#3979,#3980,#3981);
#3979 = CARTESIAN_POINT('',(20.98125,-20.15941704643,216.78638873603));
#3980 = DIRECTION('',(0.,0.995704078427,9.259259259259E-02));
#3981 = DIRECTION('',(-1.,0.,0.));
#3982 = PLANE('',#3983);
#3983 = AXIS2_PLACEMENT_3D('',#3984,#3985,#3986);
#3984 = CARTESIAN_POINT('',(0.,0.,0.));
#3985 = DIRECTION('',(0.,-0.995704078427,-9.259259259259E-02));
#3986 = DIRECTION('',(0.,-9.259259259259E-02,0.995704078427));
#3987 = ADVANCED_FACE('',(#3988),#4036,.T.);
#3988 = FACE_BOUND('',#3989,.T.);
#3989 = EDGE_LOOP('',(#3990,#3998,#4006,#4035));
#3990 = ORIENTED_EDGE('',*,*,#3991,.F.);
#3991 = EDGE_CURVE('',#3992,#3951,#3994,.T.);
#3992 = VERTEX_POINT('',#3993);
#3993 = CARTESIAN_POINT('',(0.,-18.15,0.));
#3994 = LINE('',#3995,#3996);
#3995 = CARTESIAN_POINT('',(0.,-18.15,0.));
#3996 = VECTOR('',#3997,1.);
#3997 = DIRECTION('',(0.,1.,0.));
#3998 = ORIENTED_EDGE('',*,*,#3999,.T.);
#3999 = EDGE_CURVE('',#3992,#4000,#4002,.T.);
#4000 = VERTEX_POINT('',#4001);
#4001 = CARTESIAN_POINT('',(2.65,-14.70068645842,10.970516673881));
#4002 = LINE('',#4003,#4004);
#4003 = CARTESIAN_POINT('',(0.,-18.15,0.));
#4004 = VECTOR('',#4005,1.);
#4005 = DIRECTION('',(0.224550066607,0.292280598305,0.929596320691));
#4006 = ORIENTED_EDGE('',*,*,#4007,.F.);
#4007 = EDGE_CURVE('',#3953,#4000,#4008,.T.);
#4008 = B_SPLINE_CURVE_WITH_KNOTS('',4,(#4009,#4010,#4011,#4012,#4013,
    #4014,#4015,#4016,#4017,#4018,#4019,#4020,#4021,#4022,#4023,#4024,
    #4025,#4026,#4027,#4028,#4029,#4030,#4031,#4032,#4033,#4034),
  .UNSPECIFIED.,.F.,.F.,(5,3,3,3,3,3,3,3,5),(0.,0.119523241745,
    0.237988127498,0.355880577458,0.473266307479,0.592123559744,
    0.708654596204,0.824824506782,1.),.UNSPECIFIED.);
#4009 = CARTESIAN_POINT('',(2.650000000005,-0.750000000939,
    8.065203035457));
#4010 = CARTESIAN_POINT('',(2.652112725341,-1.166689256529,8.15180065773
    ));
#4011 = CARTESIAN_POINT('',(2.654002150754,-1.583400703033,
    8.238421996262));
#4012 = CARTESIAN_POINT('',(2.655681037408,-2.000131973084,
    8.325065455286));
#4013 = CARTESIAN_POINT('',(2.658626869276,-2.829940174091,
    8.497626523577));
#4014 = CARTESIAN_POINT('',(2.659897338008,-3.24301678361,8.583543764869
    ));
#4015 = CARTESIAN_POINT('',(2.660982738164,-3.656109192031,
    8.669480098123));
#4016 = CARTESIAN_POINT('',(2.662797936006,-4.480326512887,
    8.840973376326));
#4017 = CARTESIAN_POINT('',(2.663529432902,-4.891451283344,
    8.926530146627));
#4018 = CARTESIAN_POINT('',(2.664096357155,-5.302588814655,
    9.012103618442));
#4019 = CARTESIAN_POINT('',(2.664915657124,-6.123119910224,
    9.182914209688));
#4020 = CARTESIAN_POINT('',(2.665169379573,-6.532513372108,
    9.268151192862));
#4021 = CARTESIAN_POINT('',(2.665276134337,-6.941917199403,
    9.353402873171));
#4022 = CARTESIAN_POINT('',(2.665209498683,-7.765876064174,9.52500290484
    ));
#4023 = CARTESIAN_POINT('',(2.665032584288,-8.180431337729,
    9.611351605997));
#4024 = CARTESIAN_POINT('',(2.664719655252,-8.594995339396,
    9.697713729207));
#4025 = CARTESIAN_POINT('',(2.663843408073,-9.416025458657,
    9.868772908706));
#4026 = CARTESIAN_POINT('',(2.663285114051,-9.822491266143,
    9.953469471693));
#4027 = CARTESIAN_POINT('',(2.662608438289,-10.2289639936,
    10.038177578892));
#4028 = CARTESIAN_POINT('',(2.661031594578,-11.04066243891,
    10.207353174904));
#4029 = CARTESIAN_POINT('',(2.660132128811,-11.44588811635,
    10.291820595348));
#4030 = CARTESIAN_POINT('',(2.659125758685,-11.85111949397,
    10.376298331616));
#4031 = CARTESIAN_POINT('',(2.656345681945,-12.86742242079,
    10.588186754505));
#4032 = CARTESIAN_POINT('',(2.654441869562,-13.47850061504,
    10.715609939244));
#4033 = CARTESIAN_POINT('',(2.652322090393,-14.08958903324,
    10.843053714402));
#4034 = CARTESIAN_POINT('',(2.650000000005,-14.70068645721,
    10.970516673629));
#4035 = ORIENTED_EDGE('',*,*,#3950,.F.);
#4036 = B_SPLINE_SURFACE_WITH_KNOTS('',1,1,(
    (#4037,#4038)
    ,(#4039,#4040
    )),.UNSPECIFIED.,.F.,.F.,.F.,(2,2),(2,2),(0.,13.85379043626),(0.,1.)
  ,.PIECEWISE_BEZIER_KNOTS.);
#4037 = CARTESIAN_POINT('',(0.,-18.15,0.));
#4038 = CARTESIAN_POINT('',(0.,0.,0.));
#4039 = CARTESIAN_POINT('',(3.110869565217,-14.10080584249,
    12.878432617165));
#4040 = CARTESIAN_POINT('',(3.304320987654,-0.935185185185,
    10.056611192117));
#4041 = ADVANCED_FACE('',(#4042),#4094,.F.);
#4042 = FACE_BOUND('',#4043,.F.);
#4043 = EDGE_LOOP('',(#4044,#4045,#4076,#4093));
#4044 = ORIENTED_EDGE('',*,*,#3976,.F.);
#4045 = ORIENTED_EDGE('',*,*,#4046,.T.);
#4046 = EDGE_CURVE('',#3969,#4047,#4049,.T.);
#4047 = VERTEX_POINT('',#4048);
#4048 = CARTESIAN_POINT('',(39.3125,-14.70068645842,10.970516673881));
#4049 = B_SPLINE_CURVE_WITH_KNOTS('',4,(#4050,#4051,#4052,#4053,#4054,
    #4055,#4056,#4057,#4058,#4059,#4060,#4061,#4062,#4063,#4064,#4065,
    #4066,#4067,#4068,#4069,#4070,#4071,#4072,#4073,#4074,#4075),
  .UNSPECIFIED.,.F.,.F.,(5,3,3,3,3,3,3,3,5),(0.,0.119523241746,
    0.2379881275,0.355880577458,0.473266307479,0.592123559743,
    0.708654596203,0.82482450678,1.),.UNSPECIFIED.);
#4050 = CARTESIAN_POINT('',(39.312499999996,-0.750000000905,
    8.06520303545));
#4051 = CARTESIAN_POINT('',(39.310387274659,-1.166689256503,
    8.151800657724));
#4052 = CARTESIAN_POINT('',(39.308497849246,-1.583400703017,
    8.238421996259));
#4053 = CARTESIAN_POINT('',(39.306818962592,-2.000131973075,
    8.325065455284));
#4054 = CARTESIAN_POINT('',(39.303873130724,-2.829940174091,
    8.497626523577));
#4055 = CARTESIAN_POINT('',(39.302602661992,-3.24301678361,
    8.583543764869));
#4056 = CARTESIAN_POINT('',(39.301517261836,-3.656109192031,
    8.669480098123));
#4057 = CARTESIAN_POINT('',(39.299702063994,-4.480326512886,
    8.840973376326));
#4058 = CARTESIAN_POINT('',(39.298970567098,-4.891451283344,
    8.926530146627));
#4059 = CARTESIAN_POINT('',(39.298403642845,-5.302588814655,
    9.012103618442));
#4060 = CARTESIAN_POINT('',(39.297584342876,-6.123119910224,
    9.182914209688));
#4061 = CARTESIAN_POINT('',(39.297330620427,-6.532513372108,
    9.268151192862));
#4062 = CARTESIAN_POINT('',(39.297223865662,-6.941917199403,
    9.353402873171));
#4063 = CARTESIAN_POINT('',(39.297290501317,-7.765876064174,
    9.52500290484));
#4064 = CARTESIAN_POINT('',(39.297467415712,-8.18043133773,
    9.611351605997));
#4065 = CARTESIAN_POINT('',(39.297780344748,-8.594995339396,
    9.697713729207));
#4066 = CARTESIAN_POINT('',(39.298656591927,-9.416025458657,
    9.868772908706));
#4067 = CARTESIAN_POINT('',(39.299214885949,-9.822491266143,
    9.953469471693));
#4068 = CARTESIAN_POINT('',(39.299891561711,-10.2289639936,
    10.038177578892));
#4069 = CARTESIAN_POINT('',(39.301468405422,-11.04066243891,
    10.207353174904));
#4070 = CARTESIAN_POINT('',(39.302367871189,-11.44588811635,
    10.291820595348));
#4071 = CARTESIAN_POINT('',(39.303374241315,-11.85111949397,
    10.376298331616));
#4072 = CARTESIAN_POINT('',(39.306154318055,-12.8674224208,
    10.588186754508));
#4073 = CARTESIAN_POINT('',(39.308058130438,-13.47850061506,
    10.715609939249));
#4074 = CARTESIAN_POINT('',(39.310177909607,-14.08958903327,
    10.843053714409));
#4075 = CARTESIAN_POINT('',(39.312499999996,-14.70068645725,
    10.970516673638));
#4076 = ORIENTED_EDGE('',*,*,#4077,.F.);
#4077 = EDGE_CURVE('',#4000,#4047,#4078,.T.);
#4078 = B_SPLINE_CURVE_WITH_KNOTS('',4,(#4079,#4080,#4081,#4082,#4083,
    #4084,#4085,#4086,#4087,#4088,#4089,#4090,#4091,#4092),
  .UNSPECIFIED.,.F.,.F.,(5,3,3,3,5),(0.,0.251352065199,0.501721655252,
    0.750914645071,1.),.UNSPECIFIED.);
#4079 = CARTESIAN_POINT('',(2.650000000005,-14.70068645842,
    10.970516673881));
#4080 = CARTESIAN_POINT('',(4.947522670425,-14.75857777659,
    10.786393756781));
#4081 = CARTESIAN_POINT('',(7.248197296582,-14.80680022574,
    10.633022607409));
#4082 = CARTESIAN_POINT('',(9.551235259899,-14.84532980903,
    10.510479547493));
#4083 = CARTESIAN_POINT('',(14.15144358191,-14.90286661672,
    10.327484148403));
#4084 = CARTESIAN_POINT('',(16.448601835312,-14.92194956405,
    10.26679097299));
#4085 = CARTESIAN_POINT('',(18.746534465585,-14.93139155541,
    10.236760788041));
#4086 = CARTESIAN_POINT('',(23.331579012948,-14.93099471972,
    10.238022921046));
#4087 = CARTESIAN_POINT('',(25.61869117619,-14.92124629346,
    10.269027720002));
#4088 = CARTESIAN_POINT('',(27.905018493812,-14.90194747487,
    10.330407472397));
#4089 = CARTESIAN_POINT('',(32.47357102921,-14.84428505692,
    10.513802374016));
#4090 = CARTESIAN_POINT('',(34.755797734214,-14.80592969259,
    10.635791331761));
#4091 = CARTESIAN_POINT('',(37.035696547659,-14.75805570869,
    10.788054189961));
#4092 = CARTESIAN_POINT('',(39.312499999996,-14.70068645842,
    10.970516673881));
#4093 = ORIENTED_EDGE('',*,*,#4007,.F.);
#4094 = SURFACE_OF_LINEAR_EXTRUSION('',#4095,#4100);
#4095 = CIRCLE('',#4096,210.4217041015);
#4096 = AXIS2_PLACEMENT_3D('',#4097,#4098,#4099);
#4097 = CARTESIAN_POINT('',(20.98125,-20.15941704643,216.78638873603));
#4098 = DIRECTION('',(0.,0.995704078427,9.259259259259E-02));
#4099 = DIRECTION('',(-1.,0.,0.));
#4100 = VECTOR('',#4101,1.);
#4101 = DIRECTION('',(0.,0.978995540942,-0.20388165885));
#4102 = ADVANCED_FACE('',(#4103),#4121,.F.);
#4103 = FACE_BOUND('',#4104,.F.);
#4104 = EDGE_LOOP('',(#4105,#4113,#4119,#4120));
#4105 = ORIENTED_EDGE('',*,*,#4106,.F.);
#4106 = EDGE_CURVE('',#4107,#3961,#4109,.T.);
#4107 = VERTEX_POINT('',#4108);
#4108 = CARTESIAN_POINT('',(41.9625,-18.15,0.));
#4109 = LINE('',#4110,#4111);
#4110 = CARTESIAN_POINT('',(41.9625,-18.15,0.));
#4111 = VECTOR('',#4112,1.);
#4112 = DIRECTION('',(0.,1.,0.));
#4113 = ORIENTED_EDGE('',*,*,#4114,.T.);
#4114 = EDGE_CURVE('',#4107,#4047,#4115,.T.);
#4115 = LINE('',#4116,#4117);
#4116 = CARTESIAN_POINT('',(41.9625,-18.15,0.));
#4117 = VECTOR('',#4118,1.);
#4118 = DIRECTION('',(-0.224550066607,0.292280598305,0.929596320691));
#4119 = ORIENTED_EDGE('',*,*,#4046,.F.);
#4120 = ORIENTED_EDGE('',*,*,#3968,.F.);
#4121 = B_SPLINE_SURFACE_WITH_KNOTS('',1,1,(
    (#4122,#4123)
    ,(#4124,#4125
    )),.UNSPECIFIED.,.F.,.F.,.F.,(2,2),(2,2),(0.,13.85379043626),(0.,1.)
  ,.PIECEWISE_BEZIER_KNOTS.);
#4122 = CARTESIAN_POINT('',(41.9625,-18.15,0.));
#4123 = CARTESIAN_POINT('',(41.9625,0.,0.));
#4124 = CARTESIAN_POINT('',(38.851630434783,-14.10080584249,
    12.878432617165));
#4125 = CARTESIAN_POINT('',(38.658179012346,-0.935185185185,
    10.056611192117));
#4126 = ADVANCED_FACE('',(#4127),#4138,.F.);
#4127 = FACE_BOUND('',#4128,.F.);
#4128 = EDGE_LOOP('',(#4129,#4135,#4136,#4137));
#4129 = ORIENTED_EDGE('',*,*,#4130,.T.);
#4130 = EDGE_CURVE('',#3992,#4107,#4131,.T.);
#4131 = LINE('',#4132,#4133);
#4132 = CARTESIAN_POINT('',(0.,-18.15,0.));
#4133 = VECTOR('',#4134,1.);
#4134 = DIRECTION('',(1.,0.,0.));
#4135 = ORIENTED_EDGE('',*,*,#4106,.T.);
#4136 = ORIENTED_EDGE('',*,*,#3960,.F.);
#4137 = ORIENTED_EDGE('',*,*,#3991,.F.);
#4138 = PLANE('',#4139);
#4139 = AXIS2_PLACEMENT_3D('',#4140,#4141,#4142);
#4140 = CARTESIAN_POINT('',(0.,-18.15,0.));
#4141 = DIRECTION('',(0.,0.,1.));
#4142 = DIRECTION('',(0.,1.,0.));
#4143 = ADVANCED_FACE('',(#4144),#4150,.F.);
#4144 = FACE_BOUND('',#4145,.F.);
#4145 = EDGE_LOOP('',(#4146,#4147,#4148,#4149));
#4146 = ORIENTED_EDGE('',*,*,#4130,.F.);
#4147 = ORIENTED_EDGE('',*,*,#3999,.T.);
#4148 = ORIENTED_EDGE('',*,*,#4077,.T.);
#4149 = ORIENTED_EDGE('',*,*,#4114,.F.);
#4150 = PLANE('',#4151);
#4151 = AXIS2_PLACEMENT_3D('',#4152,#4153,#4154);
#4152 = CARTESIAN_POINT('',(0.,-14.70068645842,10.970516673881));
#4153 = DIRECTION('',(0.,0.953957971642,-0.299940307963));
#4154 = DIRECTION('',(0.,-0.299940307963,-0.953957971642));
#4155 = ( GEOMETRIC_REPRESENTATION_CONTEXT(3) 
GLOBAL_UNCERTAINTY_ASSIGNED_CONTEXT((#4159)) 
GLOBAL_UNIT_ASSIGNED_CONTEXT((#4156,#4157,#4158)) REPRESENTATION_CONTEXT
('Context #1','3D Context with UNIT and UNCERTAINTY') );
#4156 = ( LENGTH_UNIT() NAMED_UNIT(*) SI_UNIT(.MILLI.,.METRE.) );
#4157 = ( NAMED_UNIT(*) PLANE_ANGLE_UNIT() SI_UNIT($,.RADIAN.) );
#4158 = ( NAMED_UNIT(*) SI_UNIT($,.STERADIAN.) SOLID_ANGLE_UNIT() );
#4159 = UNCERTAINTY_MEASURE_WITH_UNIT(LENGTH_MEASURE(1.E-05),#4156,
  'distance_accuracy_value','confusion accuracy');
#4160 = CONTEXT_DEPENDENT_SHAPE_REPRESENTATION(#4161,#4163);
#4161 = ( REPRESENTATION_RELATIONSHIP('','',#3943,#10) 
REPRESENTATION_RELATIONSHIP_WITH_TRANSFORMATION(#4162) 
SHAPE_REPRESENTATION_RELATIONSHIP() );
#4162 = ITEM_DEFINED_TRANSFORMATION('','',#11,#31);
#4163 = PRODUCT_DEFINITION_SHAPE('Placement','Placement of an item',
  #4164);
#4164 = NEXT_ASSEMBLY_USAGE_OCCURRENCE('5','LeftShift','',#5,#3938,$);
#4165 = PRODUCT_RELATED_PRODUCT_CATEGORY('part',$,(#3940));
#4166 = SHAPE_DEFINITION_REPRESENTATION(#4167,#4173);
#4167 = PRODUCT_DEFINITION_SHAPE('','',#4168);
#4168 = PRODUCT_DEFINITION('design','',#4169,#4172);
#4169 = PRODUCT_DEFINITION_FORMATION('','',#4170);
#4170 = PRODUCT('OEM009','OEM009','',(#4171));
#4171 = PRODUCT_CONTEXT('',#2,'mechanical');
#4172 = PRODUCT_DEFINITION_CONTEXT('part definition',#2,'design');
#4173 = ADVANCED_BREP_SHAPE_REPRESENTATION('',(#11,#4174),#4385);
#4174 = MANIFOLD_SOLID_BREP('',#4175);
#4175 = CLOSED_SHELL('',(#4176,#4217,#4271,#4332,#4356,#4373));
#4176 = ADVANCED_FACE('',(#4177),#4212,.F.);
#4177 = FACE_BOUND('',#4178,.F.);
#4178 = EDGE_LOOP('',(#4179,#4189,#4197,#4205));
#4179 = ORIENTED_EDGE('',*,*,#4180,.F.);
#4180 = EDGE_CURVE('',#4181,#4183,#4185,.T.);
#4181 = VERTEX_POINT('',#4182);
#4182 = CARTESIAN_POINT('',(6.269303204386E-38,0.,0.));
#4183 = VERTEX_POINT('',#4184);
#4184 = CARTESIAN_POINT('',(2.649999999985,-0.75,8.065203035262));
#4185 = LINE('',#4186,#4187);
#4186 = CARTESIAN_POINT('',(0.,0.,0.));
#4187 = VECTOR('',#4188,1.);
#4188 = DIRECTION('',(0.310942708741,-8.800265341783E-02,0.946345689942)
  );
#4189 = ORIENTED_EDGE('',*,*,#4190,.T.);
#4190 = EDGE_CURVE('',#4181,#4191,#4193,.T.);
#4191 = VERTEX_POINT('',#4192);
#4192 = CARTESIAN_POINT('',(51.4875,0.,0.));
#4193 = LINE('',#4194,#4195);
#4194 = CARTESIAN_POINT('',(0.,0.,0.));
#4195 = VECTOR('',#4196,1.);
#4196 = DIRECTION('',(1.,0.,0.));
#4197 = ORIENTED_EDGE('',*,*,#4198,.T.);
#4198 = EDGE_CURVE('',#4191,#4199,#4201,.T.);
#4199 = VERTEX_POINT('',#4200);
#4200 = CARTESIAN_POINT('',(48.837500000015,-0.75,8.065203035262));
#4201 = LINE('',#4202,#4203);
#4202 = CARTESIAN_POINT('',(51.4875,0.,0.));
#4203 = VECTOR('',#4204,1.);
#4204 = DIRECTION('',(-0.310942708741,-8.800265341783E-02,0.946345689942
    ));
#4205 = ORIENTED_EDGE('',*,*,#4206,.T.);
#4206 = EDGE_CURVE('',#4199,#4183,#4207,.T.);
#4207 = CIRCLE('',#4208,333.72580566407);
#4208 = AXIS2_PLACEMENT_3D('',#4209,#4210,#4211);
#4209 = CARTESIAN_POINT('',(25.74375,-31.57646348741,339.56078554871));
#4210 = DIRECTION('',(0.,0.995704078427,9.259259259259E-02));
#4211 = DIRECTION('',(-1.,0.,0.));
#4212 = PLANE('',#4213);
#4213 = AXIS2_PLACEMENT_3D('',#4214,#4215,#4216);
#4214 = CARTESIAN_POINT('',(0.,0.,0.));
#4215 = DIRECTION('',(0.,-0.995704078427,-9.259259259259E-02));
#4216 = DIRECTION('',(0.,-9.259259259259E-02,0.995704078427));
#4217 = ADVANCED_FACE('',(#4218),#4266,.T.);
#4218 = FACE_BOUND('',#4219,.T.);
#4219 = EDGE_LOOP('',(#4220,#4228,#4236,#4265));
#4220 = ORIENTED_EDGE('',*,*,#4221,.F.);
#4221 = EDGE_CURVE('',#4222,#4181,#4224,.T.);
#4222 = VERTEX_POINT('',#4223);
#4223 = CARTESIAN_POINT('',(0.,-18.15,0.));
#4224 = LINE('',#4225,#4226);
#4225 = CARTESIAN_POINT('',(0.,-18.15,0.));
#4226 = VECTOR('',#4227,1.);
#4227 = DIRECTION('',(0.,1.,0.));
#4228 = ORIENTED_EDGE('',*,*,#4229,.T.);
#4229 = EDGE_CURVE('',#4222,#4230,#4232,.T.);
#4230 = VERTEX_POINT('',#4231);
#4231 = CARTESIAN_POINT('',(2.65,-14.70068645842,10.970516673881));
#4232 = LINE('',#4233,#4234);
#4233 = CARTESIAN_POINT('',(0.,-18.15,0.));
#4234 = VECTOR('',#4235,1.);
#4235 = DIRECTION('',(0.224550066607,0.292280598305,0.929596320691));
#4236 = ORIENTED_EDGE('',*,*,#4237,.F.);
#4237 = EDGE_CURVE('',#4183,#4230,#4238,.T.);
#4238 = B_SPLINE_CURVE_WITH_KNOTS('',4,(#4239,#4240,#4241,#4242,#4243,
    #4244,#4245,#4246,#4247,#4248,#4249,#4250,#4251,#4252,#4253,#4254,
    #4255,#4256,#4257,#4258,#4259,#4260,#4261,#4262,#4263,#4264),
  .UNSPECIFIED.,.F.,.F.,(5,3,3,3,3,3,3,3,5),(0.,0.120630091106,
    0.239589372659,0.358351385678,0.476222079904,0.596450859895,
    0.713459945743,0.830481426984,1.),.UNSPECIFIED.);
#4239 = CARTESIAN_POINT('',(2.649999999997,-0.750000002335,
    8.065203035749));
#4240 = CARTESIAN_POINT('',(2.652144589629,-1.170544539975,
    8.152638689201));
#4241 = CARTESIAN_POINT('',(2.654059997353,-1.59111215412,8.240094689126
    ));
#4242 = CARTESIAN_POINT('',(2.655759539014,-2.011700354565,
    8.327569606463));
#4243 = CARTESIAN_POINT('',(2.658729327433,-2.847088304103,
    8.501343046408));
#4244 = CARTESIAN_POINT('',(2.660005202121,-3.261887535651,
    8.587641079899));
#4245 = CARTESIAN_POINT('',(2.661093515236,-3.67670298244,8.673955193367
    ));
#4246 = CARTESIAN_POINT('',(2.662912888429,-4.505675395097,
    8.846470478548));
#4247 = CARTESIAN_POINT('',(2.66364454456,-4.919832308273,8.932671598903
    ));
#4248 = CARTESIAN_POINT('',(2.664208569338,-5.334002385004,
    9.018886808918));
#4249 = CARTESIAN_POINT('',(2.665015195483,-6.159258001141,
    9.190696613283));
#4250 = CARTESIAN_POINT('',(2.665260182889,-6.570343358649,
    9.276291008222));
#4251 = CARTESIAN_POINT('',(2.665356616213,-6.981439329145,
    9.361897668178));
#4252 = CARTESIAN_POINT('',(2.665265969408,-7.811875066611,9.5348469976)
  );
#4253 = CARTESIAN_POINT('',(2.66507318373,-8.231215221961,9.622190134118
    ));
#4254 = CARTESIAN_POINT('',(2.664741075843,-8.650564434207,
    9.709544587019));
#4255 = CARTESIAN_POINT('',(2.66382416666,-9.478049081039,9.881935262883
    ));
#4256 = CARTESIAN_POINT('',(2.663246374593,-9.88618407788,9.966970920185
    ));
#4257 = CARTESIAN_POINT('',(2.662549250595,-10.29432614356,
    10.052016128832));
#4258 = CARTESIAN_POINT('',(2.660927256623,-11.11066643986,
    10.222133665447));
#4259 = CARTESIAN_POINT('',(2.66000236577,-11.51886467054,
    10.307205994836));
#4260 = CARTESIAN_POINT('',(2.658969128812,-11.92706875914,
    10.392286882992));
#4261 = CARTESIAN_POINT('',(2.656185775651,-12.92661480185,
    10.600636759977));
#4262 = CARTESIAN_POINT('',(2.654322011302,-13.51796264358,
    10.723914675323));
#4263 = CARTESIAN_POINT('',(2.652255929557,-14.10932023693,
    10.847208336926));
#4264 = CARTESIAN_POINT('',(2.65,-14.70068645842,10.970516673881));
#4265 = ORIENTED_EDGE('',*,*,#4180,.F.);
#4266 = B_SPLINE_SURFACE_WITH_KNOTS('',1,1,(
    (#4267,#4268)
    ,(#4269,#4270
    )),.UNSPECIFIED.,.F.,.F.,.F.,(2,2),(2,2),(0.,13.85379043626),(0.,1.)
  ,.PIECEWISE_BEZIER_KNOTS.);
#4267 = CARTESIAN_POINT('',(0.,-18.15,0.));
#4268 = CARTESIAN_POINT('',(0.,0.,0.));
#4269 = CARTESIAN_POINT('',(3.110869565217,-14.10080584249,
    12.878432617165));
#4270 = CARTESIAN_POINT('',(3.304320987636,-0.935185185185,
    10.056611192117));
#4271 = ADVANCED_FACE('',(#4272),#4324,.F.);
#4272 = FACE_BOUND('',#4273,.F.);
#4273 = EDGE_LOOP('',(#4274,#4275,#4306,#4323));
#4274 = ORIENTED_EDGE('',*,*,#4206,.F.);
#4275 = ORIENTED_EDGE('',*,*,#4276,.T.);
#4276 = EDGE_CURVE('',#4199,#4277,#4279,.T.);
#4277 = VERTEX_POINT('',#4278);
#4278 = CARTESIAN_POINT('',(48.8375,-14.70068645842,10.970516673881));
#4279 = B_SPLINE_CURVE_WITH_KNOTS('',4,(#4280,#4281,#4282,#4283,#4284,
    #4285,#4286,#4287,#4288,#4289,#4290,#4291,#4292,#4293,#4294,#4295,
    #4296,#4297,#4298,#4299,#4300,#4301,#4302,#4303,#4304,#4305),
  .UNSPECIFIED.,.F.,.F.,(5,3,3,3,3,3,3,3,5),(0.,0.120630091107,
    0.23958937266,0.358351385679,0.476222079905,0.596450859896,
    0.713459945743,0.830481426984,1.),.UNSPECIFIED.);
#4280 = CARTESIAN_POINT('',(48.837500000003,-0.750000002316,
    8.065203035745));
#4281 = CARTESIAN_POINT('',(48.835355410371,-1.170544539961,
    8.152638689198));
#4282 = CARTESIAN_POINT('',(48.833440002647,-1.591112154112,
    8.240094689124));
#4283 = CARTESIAN_POINT('',(48.831740460985,-2.01170035456,
    8.327569606462));
#4284 = CARTESIAN_POINT('',(48.828770672567,-2.847088304103,
    8.501343046408));
#4285 = CARTESIAN_POINT('',(48.827494797879,-3.261887535651,
    8.587641079899));
#4286 = CARTESIAN_POINT('',(48.826406484764,-3.67670298244,
    8.673955193367));
#4287 = CARTESIAN_POINT('',(48.824587111571,-4.505675395097,
    8.846470478548));
#4288 = CARTESIAN_POINT('',(48.82385545544,-4.919832308273,
    8.932671598903));
#4289 = CARTESIAN_POINT('',(48.823291430662,-5.334002385004,
    9.018886808918));
#4290 = CARTESIAN_POINT('',(48.822484804517,-6.159258001141,
    9.190696613283));
#4291 = CARTESIAN_POINT('',(48.822239817111,-6.570343358649,
    9.276291008222));
#4292 = CARTESIAN_POINT('',(48.822143383787,-6.981439329144,
    9.361897668178));
#4293 = CARTESIAN_POINT('',(48.822234030592,-7.811875066611,9.5348469976
    ));
#4294 = CARTESIAN_POINT('',(48.822426816271,-8.231215221961,
    9.622190134118));
#4295 = CARTESIAN_POINT('',(48.822758924157,-8.650564434207,
    9.709544587019));
#4296 = CARTESIAN_POINT('',(48.823675833339,-9.478049081039,
    9.881935262883));
#4297 = CARTESIAN_POINT('',(48.824253625407,-9.88618407788,
    9.966970920185));
#4298 = CARTESIAN_POINT('',(48.824950749405,-10.29432614356,
    10.052016128832));
#4299 = CARTESIAN_POINT('',(48.826572743377,-11.11066643986,
    10.222133665447));
#4300 = CARTESIAN_POINT('',(48.82749763423,-11.51886467053,
    10.307205994836));
#4301 = CARTESIAN_POINT('',(48.828530871188,-11.92706875914,
    10.392286882992));
#4302 = CARTESIAN_POINT('',(48.831314224349,-12.92661480185,
    10.600636759977));
#4303 = CARTESIAN_POINT('',(48.833177988698,-13.51796264358,
    10.723914675323));
#4304 = CARTESIAN_POINT('',(48.835244070443,-14.10932023693,
    10.847208336926));
#4305 = CARTESIAN_POINT('',(48.8375,-14.70068645842,10.970516673881));
#4306 = ORIENTED_EDGE('',*,*,#4307,.F.);
#4307 = EDGE_CURVE('',#4230,#4277,#4308,.T.);
#4308 = B_SPLINE_CURVE_WITH_KNOTS('',4,(#4309,#4310,#4311,#4312,#4313,
    #4314,#4315,#4316,#4317,#4318,#4319,#4320,#4321,#4322),
  .UNSPECIFIED.,.F.,.F.,(5,3,3,3,5),(0.,0.251350880665,0.501912867961,
    0.751096331698,1.),.UNSPECIFIED.);
#4309 = CARTESIAN_POINT('',(2.649999999997,-14.70068645842,
    10.970516673881));
#4310 = CARTESIAN_POINT('',(5.547333177633,-14.75859508171,
    10.786338717971));
#4311 = CARTESIAN_POINT('',(8.447170295849,-14.80682021582,
    10.632959029109));
#4312 = CARTESIAN_POINT('',(11.348883807121,-14.84534671711,
    10.510425771478));
#4313 = CARTESIAN_POINT('',(17.145692798226,-14.90289690015,
    10.32738783219));
#4314 = CARTESIAN_POINT('',(20.040780538704,-14.92198141554,
    10.266689669566));
#4315 = CARTESIAN_POINT('',(22.936483297237,-14.93141310663,
    10.236692244526));
#4316 = CARTESIAN_POINT('',(28.711938359738,-14.93097216958,
    10.238094641619));
#4317 = CARTESIAN_POINT('',(31.591690841072,-14.92120546303,
    10.269157580889));
#4318 = CARTESIAN_POINT('',(34.470819593839,-14.90189196792,
    10.330584011835));
#4319 = CARTESIAN_POINT('',(40.223370991735,-14.84421864928,
    10.514013583023));
#4320 = CARTESIAN_POINT('',(43.096796485081,-14.80588023494,
    10.635948631469));
#4321 = CARTESIAN_POINT('',(45.968375952044,-14.75803126949,
    10.788131918657));
#4322 = CARTESIAN_POINT('',(48.837500000003,-14.70068645842,
    10.970516673881));
#4323 = ORIENTED_EDGE('',*,*,#4237,.F.);
#4324 = SURFACE_OF_LINEAR_EXTRUSION('',#4325,#4330);
#4325 = CIRCLE('',#4326,333.72580566407);
#4326 = AXIS2_PLACEMENT_3D('',#4327,#4328,#4329);
#4327 = CARTESIAN_POINT('',(25.74375,-31.57646348741,339.56078554871));
#4328 = DIRECTION('',(0.,0.995704078427,9.259259259259E-02));
#4329 = DIRECTION('',(-1.,0.,0.));
#4330 = VECTOR('',#4331,1.);
#4331 = DIRECTION('',(0.,0.978995540942,-0.20388165885));
#4332 = ADVANCED_FACE('',(#4333),#4351,.F.);
#4333 = FACE_BOUND('',#4334,.F.);
#4334 = EDGE_LOOP('',(#4335,#4343,#4349,#4350));
#4335 = ORIENTED_EDGE('',*,*,#4336,.F.);
#4336 = EDGE_CURVE('',#4337,#4191,#4339,.T.);
#4337 = VERTEX_POINT('',#4338);
#4338 = CARTESIAN_POINT('',(51.4875,-18.15,0.));
#4339 = LINE('',#4340,#4341);
#4340 = CARTESIAN_POINT('',(51.4875,-18.15,0.));
#4341 = VECTOR('',#4342,1.);
#4342 = DIRECTION('',(0.,1.,0.));
#4343 = ORIENTED_EDGE('',*,*,#4344,.T.);
#4344 = EDGE_CURVE('',#4337,#4277,#4345,.T.);
#4345 = LINE('',#4346,#4347);
#4346 = CARTESIAN_POINT('',(51.4875,-18.15,0.));
#4347 = VECTOR('',#4348,1.);
#4348 = DIRECTION('',(-0.224550066607,0.292280598305,0.929596320691));
#4349 = ORIENTED_EDGE('',*,*,#4276,.F.);
#4350 = ORIENTED_EDGE('',*,*,#4198,.F.);
#4351 = B_SPLINE_SURFACE_WITH_KNOTS('',1,1,(
    (#4352,#4353)
    ,(#4354,#4355
    )),.UNSPECIFIED.,.F.,.F.,.F.,(2,2),(2,2),(0.,13.85379043626),(0.,1.)
  ,.PIECEWISE_BEZIER_KNOTS.);
#4352 = CARTESIAN_POINT('',(51.4875,-18.15,0.));
#4353 = CARTESIAN_POINT('',(51.4875,0.,0.));
#4354 = CARTESIAN_POINT('',(48.376630434783,-14.10080584249,
    12.878432617165));
#4355 = CARTESIAN_POINT('',(48.183179012364,-0.935185185185,
    10.056611192117));
#4356 = ADVANCED_FACE('',(#4357),#4368,.F.);
#4357 = FACE_BOUND('',#4358,.F.);
#4358 = EDGE_LOOP('',(#4359,#4365,#4366,#4367));
#4359 = ORIENTED_EDGE('',*,*,#4360,.T.);
#4360 = EDGE_CURVE('',#4222,#4337,#4361,.T.);
#4361 = LINE('',#4362,#4363);
#4362 = CARTESIAN_POINT('',(0.,-18.15,0.));
#4363 = VECTOR('',#4364,1.);
#4364 = DIRECTION('',(1.,0.,0.));
#4365 = ORIENTED_EDGE('',*,*,#4336,.T.);
#4366 = ORIENTED_EDGE('',*,*,#4190,.F.);
#4367 = ORIENTED_EDGE('',*,*,#4221,.F.);
#4368 = PLANE('',#4369);
#4369 = AXIS2_PLACEMENT_3D('',#4370,#4371,#4372);
#4370 = CARTESIAN_POINT('',(0.,-18.15,0.));
#4371 = DIRECTION('',(0.,0.,1.));
#4372 = DIRECTION('',(0.,1.,0.));
#4373 = ADVANCED_FACE('',(#4374),#4380,.F.);
#4374 = FACE_BOUND('',#4375,.F.);
#4375 = EDGE_LOOP('',(#4376,#4377,#4378,#4379));
#4376 = ORIENTED_EDGE('',*,*,#4360,.F.);
#4377 = ORIENTED_EDGE('',*,*,#4229,.T.);
#4378 = ORIENTED_EDGE('',*,*,#4307,.T.);
#4379 = ORIENTED_EDGE('',*,*,#4344,.F.);
#4380 = PLANE('',#4381);
#4381 = AXIS2_PLACEMENT_3D('',#4382,#4383,#4384);
#4382 = CARTESIAN_POINT('',(0.,-14.70068645842,10.970516673881));
#4383 = DIRECTION('',(0.,0.953957971642,-0.299940307963));
#4384 = DIRECTION('',(0.,-0.299940307963,-0.953957971642));
#4385 = ( GEOMETRIC_REPRESENTATION_CONTEXT(3) 
GLOBAL_UNCERTAINTY_ASSIGNED_CONTEXT((#4389)) 
GLOBAL_UNIT_ASSIGNED_CONTEXT((#4386,#4387,#4388)) REPRESENTATION_CONTEXT
('Context #1','3D Context with UNIT and UNCERTAINTY') );
#4386 = ( LENGTH_UNIT() NAMED_UNIT(*) SI_UNIT(.MILLI.,.METRE.) );
#4387 = ( NAMED_UNIT(*) PLANE_ANGLE_UNIT() SI_UNIT($,.RADIAN.) );
#4388 = ( NAMED_UNIT(*) SI_UNIT($,.STERADIAN.) SOLID_ANGLE_UNIT() );
#4389 = UNCERTAINTY_MEASURE_WITH_UNIT(LENGTH_MEASURE(1.E-05),#4386,
  'distance_accuracy_value','confusion accuracy');
#4390 = CONTEXT_DEPENDENT_SHAPE_REPRESENTATION(#4391,#4393);
#4391 = ( REPRESENTATION_RELATIONSHIP('','',#4173,#10) 
REPRESENTATION_RELATIONSHIP_WITH_TRANSFORMATION(#4392) 
SHAPE_REPRESENTATION_RELATIONSHIP() );
#4392 = ITEM_DEFINED_TRANSFORMATION('','',#11,#35);
#4393 = PRODUCT_DEFINITION_SHAPE('Placement','Placement of an item',
  #4394);
#4394 = NEXT_ASSEMBLY_USAGE_OCCURRENCE('6','RightShift','',#5,#4168,$);
#4395 = PRODUCT_RELATED_PRODUCT_CATEGORY('part',$,(#4170));
#4396 = SHAPE_DEFINITION_REPRESENTATION(#4397,#4403);
#4397 = PRODUCT_DEFINITION_SHAPE('','',#4398);
#4398 = PRODUCT_DEFINITION('design','',#4399,#4402);
#4399 = PRODUCT_DEFINITION_FORMATION('','',#4400);
#4400 = PRODUCT('OEM011','OEM011','',(#4401));
#4401 = PRODUCT_CONTEXT('',#2,'mechanical');
#4402 = PRODUCT_DEFINITION_CONTEXT('part definition',#2,'design');
#4403 = SHAPE_REPRESENTATION('',(#11,#4404,#4595,#4786,#4977,#5168,#5359
    ,#5550,#5741,#5932,#6123,#6314),#6505);
#4404 = MANIFOLD_SOLID_BREP('',#4405);
#4405 = CLOSED_SHELL('',(#4406,#4447,#4489,#4542,#4566,#4583));
#4406 = ADVANCED_FACE('',(#4407),#4442,.F.);
#4407 = FACE_BOUND('',#4408,.F.);
#4408 = EDGE_LOOP('',(#4409,#4419,#4427,#4435));
#4409 = ORIENTED_EDGE('',*,*,#4410,.F.);
#4410 = EDGE_CURVE('',#4411,#4413,#4415,.T.);
#4411 = VERTEX_POINT('',#4412);
#4412 = CARTESIAN_POINT('',(0.,0.,0.));
#4413 = VERTEX_POINT('',#4414);
#4414 = CARTESIAN_POINT('',(2.65,-0.75,7.864318152262));
#4415 = LINE('',#4416,#4417);
#4416 = CARTESIAN_POINT('',(0.,0.,0.));
#4417 = VECTOR('',#4418,1.);
#4418 = DIRECTION('',(0.318027351528,-9.00077409986E-02,0.943799348506)
  );
#4419 = ORIENTED_EDGE('',*,*,#4420,.T.);
#4420 = EDGE_CURVE('',#4411,#4421,#4423,.T.);
#4421 = VERTEX_POINT('',#4422);
#4422 = CARTESIAN_POINT('',(18.15,0.,0.));
#4423 = LINE('',#4424,#4425);
#4424 = CARTESIAN_POINT('',(0.,0.,0.));
#4425 = VECTOR('',#4426,1.);
#4426 = DIRECTION('',(1.,0.,0.));
#4427 = ORIENTED_EDGE('',*,*,#4428,.T.);
#4428 = EDGE_CURVE('',#4421,#4429,#4431,.T.);
#4429 = VERTEX_POINT('',#4430);
#4430 = CARTESIAN_POINT('',(15.5,-0.75,7.864318152262));
#4431 = LINE('',#4432,#4433);
#4432 = CARTESIAN_POINT('',(18.15,0.,0.));
#4433 = VECTOR('',#4434,1.);
#4434 = DIRECTION('',(-0.318027351528,-9.00077409986E-02,0.943799348506)
  );
#4435 = ORIENTED_EDGE('',*,*,#4436,.T.);
#4436 = EDGE_CURVE('',#4429,#4413,#4437,.T.);
#4437 = CIRCLE('',#4438,26.200390625003);
#4438 = AXIS2_PLACEMENT_3D('',#4439,#4440,#4441);
#4439 = CARTESIAN_POINT('',(9.075,-3.161429489716,33.149983097422));
#4440 = DIRECTION('',(0.,0.995483310413,9.493670886076E-02));
#4441 = DIRECTION('',(-1.,0.,0.));
#4442 = PLANE('',#4443);
#4443 = AXIS2_PLACEMENT_3D('',#4444,#4445,#4446);
#4444 = CARTESIAN_POINT('',(0.,0.,0.));
#4445 = DIRECTION('',(0.,-0.995483310413,-9.493670886076E-02));
#4446 = DIRECTION('',(0.,-9.493670886076E-02,0.995483310413));
#4447 = ADVANCED_FACE('',(#4448),#4484,.T.);
#4448 = FACE_BOUND('',#4449,.T.);
#4449 = EDGE_LOOP('',(#4450,#4458,#4466,#4483));
#4450 = ORIENTED_EDGE('',*,*,#4451,.F.);
#4451 = EDGE_CURVE('',#4452,#4411,#4454,.T.);
#4452 = VERTEX_POINT('',#4453);
#4453 = CARTESIAN_POINT('',(0.,-18.15,-4.440892098501E-16));
#4454 = LINE('',#4455,#4456);
#4455 = CARTESIAN_POINT('',(0.,-18.15,0.));
#4456 = VECTOR('',#4457,1.);
#4457 = DIRECTION('',(0.,1.,0.));
#4458 = ORIENTED_EDGE('',*,*,#4459,.T.);
#4459 = EDGE_CURVE('',#4452,#4460,#4462,.T.);
#4460 = VERTEX_POINT('',#4461);
#4461 = CARTESIAN_POINT('',(2.65,-14.88594495113,9.663640340885));
#4462 = LINE('',#4463,#4464);
#4463 = CARTESIAN_POINT('',(0.,-18.15,-8.881784197001E-16));
#4464 = VECTOR('',#4465,1.);
#4465 = DIRECTION('',(0.25145608602,0.309723210242,0.916974028989));
#4466 = ORIENTED_EDGE('',*,*,#4467,.F.);
#4467 = EDGE_CURVE('',#4413,#4460,#4468,.T.);
#4468 = B_SPLINE_CURVE_WITH_KNOTS('',4,(#4469,#4470,#4471,#4472,#4473,
    #4474,#4475,#4476,#4477,#4478,#4479,#4480,#4481,#4482),
  .UNSPECIFIED.,.F.,.F.,(5,3,3,3,5),(0.,0.244321048112,0.49741180762,
    0.749508839376,1.),.UNSPECIFIED.);
#4469 = CARTESIAN_POINT('',(2.65,-0.749999999995,7.864318152262));
#4470 = CARTESIAN_POINT('',(2.651993895674,-1.613357177026,
    7.973716326323));
#4471 = CARTESIAN_POINT('',(2.653603523292,-2.47673059442,8.083212371701
    ));
#4472 = CARTESIAN_POINT('',(2.654854210005,-3.340117960249,
    8.192799511949));
#4473 = CARTESIAN_POINT('',(2.656713798121,-5.097908190144,8.4160812471)
  );
#4474 = CARTESIAN_POINT('',(2.657298073253,-5.992311939733,
    8.529782076576));
#4475 = CARTESIAN_POINT('',(2.657544512022,-6.886726880785,
    8.643568254922));
#4476 = CARTESIAN_POINT('',(2.657403024067,-8.672064436616,
    8.870853688588));
#4477 = CARTESIAN_POINT('',(2.657017603198,-9.562986968921,
    8.984352309772));
#4478 = CARTESIAN_POINT('',(2.656337647899,-10.45391775545,
    9.097925164352));
#4479 = CARTESIAN_POINT('',(2.654429446008,-12.23011838225,
    9.324486675821));
#4480 = CARTESIAN_POINT('',(2.653204735063,-13.11538812696,
    9.437474440477));
#4481 = CARTESIAN_POINT('',(2.651723383357,-14.00066391404,
    9.550526872198));
#4482 = CARTESIAN_POINT('',(2.65,-14.88594495114,9.663640340886));
#4483 = ORIENTED_EDGE('',*,*,#4410,.F.);
#4484 = B_SPLINE_SURFACE_WITH_KNOTS('',1,1,(
    (#4485,#4486)
    ,(#4487,#4488
    )),.UNSPECIFIED.,.F.,.F.,.F.,(2,2),(2,2),(0.,12.605015425587),(0.,1.
    ),.PIECEWISE_BEZIER_KNOTS.);
#4485 = CARTESIAN_POINT('',(0.,-18.15,-8.881784197001E-16));
#4486 = CARTESIAN_POINT('',(0.,0.,0.));
#4487 = CARTESIAN_POINT('',(3.169607843137,-14.24593415724,
    11.558471780274));
#4488 = CARTESIAN_POINT('',(3.320886075949,-0.939873417722,
    9.855284773088));
#4489 = ADVANCED_FACE('',(#4490),#4534,.F.);
#4490 = FACE_BOUND('',#4491,.F.);
#4491 = EDGE_LOOP('',(#4492,#4511,#4532,#4533));
#4492 = ORIENTED_EDGE('',*,*,#4493,.T.);
#4493 = EDGE_CURVE('',#4429,#4494,#4496,.T.);
#4494 = VERTEX_POINT('',#4495);
#4495 = CARTESIAN_POINT('',(15.5,-14.88594495113,9.663640340885));
#4496 = B_SPLINE_CURVE_WITH_KNOTS('',4,(#4497,#4498,#4499,#4500,#4501,
    #4502,#4503,#4504,#4505,#4506,#4507,#4508,#4509,#4510),
  .UNSPECIFIED.,.F.,.F.,(5,3,3,3,5),(0.,0.244321048112,0.49741180762,
    0.749508839376,1.),.UNSPECIFIED.);
#4497 = CARTESIAN_POINT('',(15.5,-0.750000000001,7.864318152262));
#4498 = CARTESIAN_POINT('',(15.498006104326,-1.61335717703,
    7.973716326323));
#4499 = CARTESIAN_POINT('',(15.496396476708,-2.476730594424,
    8.083212371702));
#4500 = CARTESIAN_POINT('',(15.495145789995,-3.340117960251,
    8.192799511949));
#4501 = CARTESIAN_POINT('',(15.493286201879,-5.097908190144,8.4160812471
    ));
#4502 = CARTESIAN_POINT('',(15.492701926747,-5.992311939733,
    8.529782076576));
#4503 = CARTESIAN_POINT('',(15.492455487978,-6.886726880785,
    8.643568254922));
#4504 = CARTESIAN_POINT('',(15.492596975933,-8.672064436616,
    8.870853688588));
#4505 = CARTESIAN_POINT('',(15.492982396802,-9.562986968921,
    8.984352309772));
#4506 = CARTESIAN_POINT('',(15.493662352101,-10.45391775545,
    9.097925164352));
#4507 = CARTESIAN_POINT('',(15.495570553992,-12.23011838225,
    9.324486675821));
#4508 = CARTESIAN_POINT('',(15.496795264937,-13.11538812696,
    9.437474440477));
#4509 = CARTESIAN_POINT('',(15.498276616643,-14.00066391404,
    9.550526872198));
#4510 = CARTESIAN_POINT('',(15.5,-14.88594495113,9.663640340885));
#4511 = ORIENTED_EDGE('',*,*,#4512,.F.);
#4512 = EDGE_CURVE('',#4460,#4494,#4513,.T.);
#4513 = B_SPLINE_CURVE_WITH_KNOTS('',5,(#4514,#4515,#4516,#4517,#4518,
    #4519,#4520,#4521,#4522,#4523,#4524,#4525,#4526,#4527,#4528,#4529,
    #4530,#4531),.UNSPECIFIED.,.F.,.F.,(6,4,4,4,6),(0.,0.250574463492,
    0.499524839263,0.748929904404,1.),.UNSPECIFIED.);
#4514 = CARTESIAN_POINT('',(2.65,-14.88594495113,9.663640340885));
#4515 = CARTESIAN_POINT('',(3.278698873534,-14.93659039971,
    9.513698200608));
#4516 = CARTESIAN_POINT('',(3.913069881548,-14.98110171023,
    9.381916937882));
#4517 = CARTESIAN_POINT('',(4.552219888243,-15.01937547298,
    9.268602709976));
#4518 = CARTESIAN_POINT('',(5.195223559879,-15.05133171628,
    9.173992283003));
#4519 = CARTESIAN_POINT('',(6.482833890197,-15.10233509522,
    9.022990445446));
#4520 = CARTESIAN_POINT('',(7.127406364641,-15.12146472737,
    8.966354793721));
#4521 = CARTESIAN_POINT('',(7.773898405632,-15.13425195822,
    8.928496608705));
#4522 = CARTESIAN_POINT('',(8.421357802315,-15.14067002354,
    8.909495129269));
#4523 = CARTESIAN_POINT('',(9.717466855322,-15.14076736839,
    8.909206927751));
#4524 = CARTESIAN_POINT('',(10.366119810829,-15.13442336024,
    8.927989151748));
#4525 = CARTESIAN_POINT('',(11.013811117287,-15.12168669333,
    8.965697635924));
#4526 = CARTESIAN_POINT('',(11.659583273209,-15.10258412416,
    9.022253164342));
#4527 = CARTESIAN_POINT('',(12.94968894224,-15.0515844039,9.173244169894
    ));
#4528 = CARTESIAN_POINT('',(13.59398736076,-15.01960251498,
    9.267930523953));
#4529 = CARTESIAN_POINT('',(14.234420536195,-14.98127777218,
    9.381395684625));
#4530 = CARTESIAN_POINT('',(14.870057570743,-14.93669057555,
    9.513401617594));
#4531 = CARTESIAN_POINT('',(15.5,-14.88594495113,9.663640340885));
#4532 = ORIENTED_EDGE('',*,*,#4467,.F.);
#4533 = ORIENTED_EDGE('',*,*,#4436,.F.);
#4534 = SURFACE_OF_LINEAR_EXTRUSION('',#4535,#4540);
#4535 = CIRCLE('',#4536,26.200390625003);
#4536 = AXIS2_PLACEMENT_3D('',#4537,#4538,#4539);
#4537 = CARTESIAN_POINT('',(9.075,-3.161429489716,33.149983097422));
#4538 = DIRECTION('',(0.,0.995483310413,9.493670886076E-02));
#4539 = DIRECTION('',(-1.,0.,0.));
#4540 = VECTOR('',#4541,1.);
#4541 = DIRECTION('',(0.,0.991996136922,-0.126268223763));
#4542 = ADVANCED_FACE('',(#4543),#4561,.F.);
#4543 = FACE_BOUND('',#4544,.F.);
#4544 = EDGE_LOOP('',(#4545,#4553,#4559,#4560));
#4545 = ORIENTED_EDGE('',*,*,#4546,.F.);
#4546 = EDGE_CURVE('',#4547,#4421,#4549,.T.);
#4547 = VERTEX_POINT('',#4548);
#4548 = CARTESIAN_POINT('',(18.15,-18.15,-4.440892098501E-16));
#4549 = LINE('',#4550,#4551);
#4550 = CARTESIAN_POINT('',(18.15,-18.15,0.));
#4551 = VECTOR('',#4552,1.);
#4552 = DIRECTION('',(0.,1.,0.));
#4553 = ORIENTED_EDGE('',*,*,#4554,.T.);
#4554 = EDGE_CURVE('',#4547,#4494,#4555,.T.);
#4555 = LINE('',#4556,#4557);
#4556 = CARTESIAN_POINT('',(18.15,-18.15,-8.881784197001E-16));
#4557 = VECTOR('',#4558,1.);
#4558 = DIRECTION('',(-0.25145608602,0.309723210242,0.916974028989));
#4559 = ORIENTED_EDGE('',*,*,#4493,.F.);
#4560 = ORIENTED_EDGE('',*,*,#4428,.F.);
#4561 = B_SPLINE_SURFACE_WITH_KNOTS('',1,1,(
    (#4562,#4563)
    ,(#4564,#4565
    )),.UNSPECIFIED.,.F.,.F.,.F.,(2,2),(2,2),(0.,12.605015425587),(0.,1.
    ),.PIECEWISE_BEZIER_KNOTS.);
#4562 = CARTESIAN_POINT('',(18.15,-18.15,-8.881784197001E-16));
#4563 = CARTESIAN_POINT('',(18.15,0.,0.));
#4564 = CARTESIAN_POINT('',(14.980392156863,-14.24593415724,
    11.558471780274));
#4565 = CARTESIAN_POINT('',(14.829113924051,-0.939873417722,
    9.855284773088));
#4566 = ADVANCED_FACE('',(#4567),#4578,.F.);
#4567 = FACE_BOUND('',#4568,.F.);
#4568 = EDGE_LOOP('',(#4569,#4575,#4576,#4577));
#4569 = ORIENTED_EDGE('',*,*,#4570,.T.);
#4570 = EDGE_CURVE('',#4452,#4547,#4571,.T.);
#4571 = LINE('',#4572,#4573);
#4572 = CARTESIAN_POINT('',(0.,-18.15,0.));
#4573 = VECTOR('',#4574,1.);
#4574 = DIRECTION('',(1.,0.,0.));
#4575 = ORIENTED_EDGE('',*,*,#4546,.T.);
#4576 = ORIENTED_EDGE('',*,*,#4420,.F.);
#4577 = ORIENTED_EDGE('',*,*,#4451,.F.);
#4578 = PLANE('',#4579);
#4579 = AXIS2_PLACEMENT_3D('',#4580,#4581,#4582);
#4580 = CARTESIAN_POINT('',(0.,-18.15,0.));
#4581 = DIRECTION('',(0.,0.,1.));
#4582 = DIRECTION('',(0.,1.,0.));
#4583 = ADVANCED_FACE('',(#4584),#4590,.F.);
#4584 = FACE_BOUND('',#4585,.F.);
#4585 = EDGE_LOOP('',(#4586,#4587,#4588,#4589));
#4586 = ORIENTED_EDGE('',*,*,#4570,.F.);
#4587 = ORIENTED_EDGE('',*,*,#4459,.T.);
#4588 = ORIENTED_EDGE('',*,*,#4512,.T.);
#4589 = ORIENTED_EDGE('',*,*,#4554,.F.);
#4590 = PLANE('',#4591);
#4591 = AXIS2_PLACEMENT_3D('',#4592,#4593,#4594);
#4592 = CARTESIAN_POINT('',(0.,-14.88594495113,9.663640340885));
#4593 = DIRECTION('',(0.,0.947415719695,-0.320005396948));
#4594 = DIRECTION('',(0.,-0.320005396948,-0.947415719695));
#4595 = MANIFOLD_SOLID_BREP('',#4596);
#4596 = CLOSED_SHELL('',(#4597,#4638,#4680,#4733,#4757,#4774));
#4597 = ADVANCED_FACE('',(#4598),#4633,.F.);
#4598 = FACE_BOUND('',#4599,.F.);
#4599 = EDGE_LOOP('',(#4600,#4610,#4618,#4626));
#4600 = ORIENTED_EDGE('',*,*,#4601,.F.);
#4601 = EDGE_CURVE('',#4602,#4604,#4606,.T.);
#4602 = VERTEX_POINT('',#4603);
#4603 = CARTESIAN_POINT('',(19.05,0.,0.));
#4604 = VERTEX_POINT('',#4605);
#4605 = CARTESIAN_POINT('',(21.7,-0.75,7.864318152262));
#4606 = LINE('',#4607,#4608);
#4607 = CARTESIAN_POINT('',(19.05,0.,0.));
#4608 = VECTOR('',#4609,1.);
#4609 = DIRECTION('',(0.318027351528,-9.00077409986E-02,0.943799348506)
  );
#4610 = ORIENTED_EDGE('',*,*,#4611,.T.);
#4611 = EDGE_CURVE('',#4602,#4612,#4614,.T.);
#4612 = VERTEX_POINT('',#4613);
#4613 = CARTESIAN_POINT('',(37.2,0.,0.));
#4614 = LINE('',#4615,#4616);
#4615 = CARTESIAN_POINT('',(19.05,0.,0.));
#4616 = VECTOR('',#4617,1.);
#4617 = DIRECTION('',(1.,0.,0.));
#4618 = ORIENTED_EDGE('',*,*,#4619,.T.);
#4619 = EDGE_CURVE('',#4612,#4620,#4622,.T.);
#4620 = VERTEX_POINT('',#4621);
#4621 = CARTESIAN_POINT('',(34.55,-0.75,7.864318152262));
#4622 = LINE('',#4623,#4624);
#4623 = CARTESIAN_POINT('',(37.2,0.,0.));
#4624 = VECTOR('',#4625,1.);
#4625 = DIRECTION('',(-0.318027351528,-9.00077409986E-02,0.943799348506)
  );
#4626 = ORIENTED_EDGE('',*,*,#4627,.T.);
#4627 = EDGE_CURVE('',#4620,#4604,#4628,.T.);
#4628 = CIRCLE('',#4629,26.200390625003);
#4629 = AXIS2_PLACEMENT_3D('',#4630,#4631,#4632);
#4630 = CARTESIAN_POINT('',(28.125,-3.161429489716,33.149983097422));
#4631 = DIRECTION('',(0.,0.995483310413,9.493670886076E-02));
#4632 = DIRECTION('',(-1.,0.,0.));
#4633 = PLANE('',#4634);
#4634 = AXIS2_PLACEMENT_3D('',#4635,#4636,#4637);
#4635 = CARTESIAN_POINT('',(19.05,0.,0.));
#4636 = DIRECTION('',(0.,-0.995483310413,-9.493670886076E-02));
#4637 = DIRECTION('',(0.,-9.493670886076E-02,0.995483310413));
#4638 = ADVANCED_FACE('',(#4639),#4675,.T.);
#4639 = FACE_BOUND('',#4640,.T.);
#4640 = EDGE_LOOP('',(#4641,#4649,#4657,#4674));
#4641 = ORIENTED_EDGE('',*,*,#4642,.F.);
#4642 = EDGE_CURVE('',#4643,#4602,#4645,.T.);
#4643 = VERTEX_POINT('',#4644);
#4644 = CARTESIAN_POINT('',(19.05,-18.15,-4.440892098501E-16));
#4645 = LINE('',#4646,#4647);
#4646 = CARTESIAN_POINT('',(19.05,-18.15,0.));
#4647 = VECTOR('',#4648,1.);
#4648 = DIRECTION('',(0.,1.,0.));
#4649 = ORIENTED_EDGE('',*,*,#4650,.T.);
#4650 = EDGE_CURVE('',#4643,#4651,#4653,.T.);
#4651 = VERTEX_POINT('',#4652);
#4652 = CARTESIAN_POINT('',(21.7,-14.88594495113,9.663640340885));
#4653 = LINE('',#4654,#4655);
#4654 = CARTESIAN_POINT('',(19.05,-18.15,-8.881784197001E-16));
#4655 = VECTOR('',#4656,1.);
#4656 = DIRECTION('',(0.25145608602,0.309723210242,0.916974028989));
#4657 = ORIENTED_EDGE('',*,*,#4658,.F.);
#4658 = EDGE_CURVE('',#4604,#4651,#4659,.T.);
#4659 = B_SPLINE_CURVE_WITH_KNOTS('',4,(#4660,#4661,#4662,#4663,#4664,
    #4665,#4666,#4667,#4668,#4669,#4670,#4671,#4672,#4673),
  .UNSPECIFIED.,.F.,.F.,(5,3,3,3,5),(0.,0.244321048112,0.49741180762,
    0.749508839376,1.),.UNSPECIFIED.);
#4660 = CARTESIAN_POINT('',(21.7,-0.749999999995,7.864318152262));
#4661 = CARTESIAN_POINT('',(21.701993895674,-1.613357177026,
    7.973716326323));
#4662 = CARTESIAN_POINT('',(21.703603523292,-2.47673059442,
    8.083212371701));
#4663 = CARTESIAN_POINT('',(21.704854210005,-3.340117960249,
    8.192799511949));
#4664 = CARTESIAN_POINT('',(21.706713798121,-5.097908190144,8.4160812471
    ));
#4665 = CARTESIAN_POINT('',(21.707298073253,-5.992311939733,
    8.529782076576));
#4666 = CARTESIAN_POINT('',(21.707544512022,-6.886726880785,
    8.643568254922));
#4667 = CARTESIAN_POINT('',(21.707403024067,-8.672064436616,
    8.870853688588));
#4668 = CARTESIAN_POINT('',(21.707017603198,-9.562986968921,
    8.984352309772));
#4669 = CARTESIAN_POINT('',(21.706337647899,-10.45391775545,
    9.097925164352));
#4670 = CARTESIAN_POINT('',(21.704429446008,-12.23011838225,
    9.324486675821));
#4671 = CARTESIAN_POINT('',(21.703204735063,-13.11538812696,
    9.437474440477));
#4672 = CARTESIAN_POINT('',(21.701723383357,-14.00066391404,
    9.550526872198));
#4673 = CARTESIAN_POINT('',(21.7,-14.88594495114,9.663640340886));
#4674 = ORIENTED_EDGE('',*,*,#4601,.F.);
#4675 = B_SPLINE_SURFACE_WITH_KNOTS('',1,1,(
    (#4676,#4677)
    ,(#4678,#4679
    )),.UNSPECIFIED.,.F.,.F.,.F.,(2,2),(2,2),(0.,12.605015425587),(0.,1.
    ),.PIECEWISE_BEZIER_KNOTS.);
#4676 = CARTESIAN_POINT('',(19.05,-18.15,-8.881784197001E-16));
#4677 = CARTESIAN_POINT('',(19.05,0.,0.));
#4678 = CARTESIAN_POINT('',(22.219607843137,-14.24593415724,
    11.558471780274));
#4679 = CARTESIAN_POINT('',(22.370886075949,-0.939873417722,
    9.855284773088));
#4680 = ADVANCED_FACE('',(#4681),#4725,.F.);
#4681 = FACE_BOUND('',#4682,.F.);
#4682 = EDGE_LOOP('',(#4683,#4702,#4723,#4724));
#4683 = ORIENTED_EDGE('',*,*,#4684,.T.);
#4684 = EDGE_CURVE('',#4620,#4685,#4687,.T.);
#4685 = VERTEX_POINT('',#4686);
#4686 = CARTESIAN_POINT('',(34.55,-14.88594495113,9.663640340885));
#4687 = B_SPLINE_CURVE_WITH_KNOTS('',4,(#4688,#4689,#4690,#4691,#4692,
    #4693,#4694,#4695,#4696,#4697,#4698,#4699,#4700,#4701),
  .UNSPECIFIED.,.F.,.F.,(5,3,3,3,5),(0.,0.244321048112,0.49741180762,
    0.749508839376,1.),.UNSPECIFIED.);
#4688 = CARTESIAN_POINT('',(34.55,-0.750000000001,7.864318152262));
#4689 = CARTESIAN_POINT('',(34.548006104326,-1.61335717703,
    7.973716326323));
#4690 = CARTESIAN_POINT('',(34.546396476708,-2.476730594424,
    8.083212371702));
#4691 = CARTESIAN_POINT('',(34.545145789995,-3.340117960251,
    8.192799511949));
#4692 = CARTESIAN_POINT('',(34.543286201879,-5.097908190144,8.4160812471
    ));
#4693 = CARTESIAN_POINT('',(34.542701926747,-5.992311939733,
    8.529782076576));
#4694 = CARTESIAN_POINT('',(34.542455487978,-6.886726880785,
    8.643568254922));
#4695 = CARTESIAN_POINT('',(34.542596975933,-8.672064436616,
    8.870853688588));
#4696 = CARTESIAN_POINT('',(34.542982396802,-9.562986968921,
    8.984352309772));
#4697 = CARTESIAN_POINT('',(34.543662352101,-10.45391775545,
    9.097925164352));
#4698 = CARTESIAN_POINT('',(34.545570553992,-12.23011838225,
    9.324486675821));
#4699 = CARTESIAN_POINT('',(34.546795264937,-13.11538812696,
    9.437474440477));
#4700 = CARTESIAN_POINT('',(34.548276616643,-14.00066391404,
    9.550526872198));
#4701 = CARTESIAN_POINT('',(34.55,-14.88594495113,9.663640340885));
#4702 = ORIENTED_EDGE('',*,*,#4703,.F.);
#4703 = EDGE_CURVE('',#4651,#4685,#4704,.T.);
#4704 = B_SPLINE_CURVE_WITH_KNOTS('',5,(#4705,#4706,#4707,#4708,#4709,
    #4710,#4711,#4712,#4713,#4714,#4715,#4716,#4717,#4718,#4719,#4720,
    #4721,#4722),.UNSPECIFIED.,.F.,.F.,(6,4,4,4,6),(0.,0.250574463492,
    0.499524839263,0.748929904404,1.),.UNSPECIFIED.);
#4705 = CARTESIAN_POINT('',(21.7,-14.88594495113,9.663640340885));
#4706 = CARTESIAN_POINT('',(22.328698873534,-14.93659039971,
    9.513698200608));
#4707 = CARTESIAN_POINT('',(22.963069881548,-14.98110171023,
    9.381916937882));
#4708 = CARTESIAN_POINT('',(23.602219888243,-15.01937547298,
    9.268602709976));
#4709 = CARTESIAN_POINT('',(24.245223559879,-15.05133171628,
    9.173992283003));
#4710 = CARTESIAN_POINT('',(25.532833890197,-15.10233509522,
    9.022990445446));
#4711 = CARTESIAN_POINT('',(26.177406364641,-15.12146472737,
    8.966354793721));
#4712 = CARTESIAN_POINT('',(26.823898405632,-15.13425195822,
    8.928496608705));
#4713 = CARTESIAN_POINT('',(27.471357802315,-15.14067002354,
    8.909495129269));
#4714 = CARTESIAN_POINT('',(28.767466855322,-15.14076736839,
    8.909206927751));
#4715 = CARTESIAN_POINT('',(29.416119810829,-15.13442336024,
    8.927989151748));
#4716 = CARTESIAN_POINT('',(30.063811117287,-15.12168669333,
    8.965697635924));
#4717 = CARTESIAN_POINT('',(30.709583273209,-15.10258412416,
    9.022253164342));
#4718 = CARTESIAN_POINT('',(31.99968894224,-15.0515844039,9.173244169894
    ));
#4719 = CARTESIAN_POINT('',(32.64398736076,-15.01960251498,
    9.267930523953));
#4720 = CARTESIAN_POINT('',(33.284420536195,-14.98127777218,
    9.381395684625));
#4721 = CARTESIAN_POINT('',(33.920057570743,-14.93669057555,
    9.513401617594));
#4722 = CARTESIAN_POINT('',(34.55,-14.88594495113,9.663640340885));
#4723 = ORIENTED_EDGE('',*,*,#4658,.F.);
#4724 = ORIENTED_EDGE('',*,*,#4627,.F.);
#4725 = SURFACE_OF_LINEAR_EXTRUSION('',#4726,#4731);
#4726 = CIRCLE('',#4727,26.200390625003);
#4727 = AXIS2_PLACEMENT_3D('',#4728,#4729,#4730);
#4728 = CARTESIAN_POINT('',(28.125,-3.161429489716,33.149983097422));
#4729 = DIRECTION('',(0.,0.995483310413,9.493670886076E-02));
#4730 = DIRECTION('',(-1.,0.,0.));
#4731 = VECTOR('',#4732,1.);
#4732 = DIRECTION('',(0.,0.991996136922,-0.126268223763));
#4733 = ADVANCED_FACE('',(#4734),#4752,.F.);
#4734 = FACE_BOUND('',#4735,.F.);
#4735 = EDGE_LOOP('',(#4736,#4744,#4750,#4751));
#4736 = ORIENTED_EDGE('',*,*,#4737,.F.);
#4737 = EDGE_CURVE('',#4738,#4612,#4740,.T.);
#4738 = VERTEX_POINT('',#4739);
#4739 = CARTESIAN_POINT('',(37.2,-18.15,-4.440892098501E-16));
#4740 = LINE('',#4741,#4742);
#4741 = CARTESIAN_POINT('',(37.2,-18.15,0.));
#4742 = VECTOR('',#4743,1.);
#4743 = DIRECTION('',(0.,1.,0.));
#4744 = ORIENTED_EDGE('',*,*,#4745,.T.);
#4745 = EDGE_CURVE('',#4738,#4685,#4746,.T.);
#4746 = LINE('',#4747,#4748);
#4747 = CARTESIAN_POINT('',(37.2,-18.15,-8.881784197001E-16));
#4748 = VECTOR('',#4749,1.);
#4749 = DIRECTION('',(-0.25145608602,0.309723210242,0.916974028989));
#4750 = ORIENTED_EDGE('',*,*,#4684,.F.);
#4751 = ORIENTED_EDGE('',*,*,#4619,.F.);
#4752 = B_SPLINE_SURFACE_WITH_KNOTS('',1,1,(
    (#4753,#4754)
    ,(#4755,#4756
    )),.UNSPECIFIED.,.F.,.F.,.F.,(2,2),(2,2),(0.,12.605015425587),(0.,1.
    ),.PIECEWISE_BEZIER_KNOTS.);
#4753 = CARTESIAN_POINT('',(37.2,-18.15,-8.881784197001E-16));
#4754 = CARTESIAN_POINT('',(37.2,0.,0.));
#4755 = CARTESIAN_POINT('',(34.030392156863,-14.24593415724,
    11.558471780274));
#4756 = CARTESIAN_POINT('',(33.879113924051,-0.939873417722,
    9.855284773088));
#4757 = ADVANCED_FACE('',(#4758),#4769,.F.);
#4758 = FACE_BOUND('',#4759,.F.);
#4759 = EDGE_LOOP('',(#4760,#4766,#4767,#4768));
#4760 = ORIENTED_EDGE('',*,*,#4761,.T.);
#4761 = EDGE_CURVE('',#4643,#4738,#4762,.T.);
#4762 = LINE('',#4763,#4764);
#4763 = CARTESIAN_POINT('',(19.05,-18.15,0.));
#4764 = VECTOR('',#4765,1.);
#4765 = DIRECTION('',(1.,0.,0.));
#4766 = ORIENTED_EDGE('',*,*,#4737,.T.);
#4767 = ORIENTED_EDGE('',*,*,#4611,.F.);
#4768 = ORIENTED_EDGE('',*,*,#4642,.F.);
#4769 = PLANE('',#4770);
#4770 = AXIS2_PLACEMENT_3D('',#4771,#4772,#4773);
#4771 = CARTESIAN_POINT('',(19.05,-18.15,0.));
#4772 = DIRECTION('',(0.,0.,1.));
#4773 = DIRECTION('',(0.,1.,0.));
#4774 = ADVANCED_FACE('',(#4775),#4781,.F.);
#4775 = FACE_BOUND('',#4776,.F.);
#4776 = EDGE_LOOP('',(#4777,#4778,#4779,#4780));
#4777 = ORIENTED_EDGE('',*,*,#4761,.F.);
#4778 = ORIENTED_EDGE('',*,*,#4650,.T.);
#4779 = ORIENTED_EDGE('',*,*,#4703,.T.);
#4780 = ORIENTED_EDGE('',*,*,#4745,.F.);
#4781 = PLANE('',#4782);
#4782 = AXIS2_PLACEMENT_3D('',#4783,#4784,#4785);
#4783 = CARTESIAN_POINT('',(19.05,-14.88594495113,9.663640340885));
#4784 = DIRECTION('',(0.,0.947415719695,-0.320005396948));
#4785 = DIRECTION('',(0.,-0.320005396948,-0.947415719695));
#4786 = MANIFOLD_SOLID_BREP('',#4787);
#4787 = CLOSED_SHELL('',(#4788,#4829,#4871,#4924,#4948,#4965));
#4788 = ADVANCED_FACE('',(#4789),#4824,.F.);
#4789 = FACE_BOUND('',#4790,.F.);
#4790 = EDGE_LOOP('',(#4791,#4801,#4809,#4817));
#4791 = ORIENTED_EDGE('',*,*,#4792,.F.);
#4792 = EDGE_CURVE('',#4793,#4795,#4797,.T.);
#4793 = VERTEX_POINT('',#4794);
#4794 = CARTESIAN_POINT('',(38.1,0.,0.));
#4795 = VERTEX_POINT('',#4796);
#4796 = CARTESIAN_POINT('',(40.75,-0.75,7.864318152262));
#4797 = LINE('',#4798,#4799);
#4798 = CARTESIAN_POINT('',(38.1,0.,0.));
#4799 = VECTOR('',#4800,1.);
#4800 = DIRECTION('',(0.318027351528,-9.00077409986E-02,0.943799348506)
  );
#4801 = ORIENTED_EDGE('',*,*,#4802,.T.);
#4802 = EDGE_CURVE('',#4793,#4803,#4805,.T.);
#4803 = VERTEX_POINT('',#4804);
#4804 = CARTESIAN_POINT('',(56.25,0.,0.));
#4805 = LINE('',#4806,#4807);
#4806 = CARTESIAN_POINT('',(38.1,0.,0.));
#4807 = VECTOR('',#4808,1.);
#4808 = DIRECTION('',(1.,0.,0.));
#4809 = ORIENTED_EDGE('',*,*,#4810,.T.);
#4810 = EDGE_CURVE('',#4803,#4811,#4813,.T.);
#4811 = VERTEX_POINT('',#4812);
#4812 = CARTESIAN_POINT('',(53.6,-0.75,7.864318152262));
#4813 = LINE('',#4814,#4815);
#4814 = CARTESIAN_POINT('',(56.25,0.,0.));
#4815 = VECTOR('',#4816,1.);
#4816 = DIRECTION('',(-0.318027351528,-9.00077409986E-02,0.943799348506)
  );
#4817 = ORIENTED_EDGE('',*,*,#4818,.T.);
#4818 = EDGE_CURVE('',#4811,#4795,#4819,.T.);
#4819 = CIRCLE('',#4820,26.200390625003);
#4820 = AXIS2_PLACEMENT_3D('',#4821,#4822,#4823);
#4821 = CARTESIAN_POINT('',(47.175,-3.161429489716,33.149983097422));
#4822 = DIRECTION('',(0.,0.995483310413,9.493670886076E-02));
#4823 = DIRECTION('',(-1.,0.,0.));
#4824 = PLANE('',#4825);
#4825 = AXIS2_PLACEMENT_3D('',#4826,#4827,#4828);
#4826 = CARTESIAN_POINT('',(38.1,0.,0.));
#4827 = DIRECTION('',(0.,-0.995483310413,-9.493670886076E-02));
#4828 = DIRECTION('',(0.,-9.493670886076E-02,0.995483310413));
#4829 = ADVANCED_FACE('',(#4830),#4866,.T.);
#4830 = FACE_BOUND('',#4831,.T.);
#4831 = EDGE_LOOP('',(#4832,#4840,#4848,#4865));
#4832 = ORIENTED_EDGE('',*,*,#4833,.F.);
#4833 = EDGE_CURVE('',#4834,#4793,#4836,.T.);
#4834 = VERTEX_POINT('',#4835);
#4835 = CARTESIAN_POINT('',(38.1,-18.15,-4.440892098501E-16));
#4836 = LINE('',#4837,#4838);
#4837 = CARTESIAN_POINT('',(38.1,-18.15,0.));
#4838 = VECTOR('',#4839,1.);
#4839 = DIRECTION('',(0.,1.,0.));
#4840 = ORIENTED_EDGE('',*,*,#4841,.T.);
#4841 = EDGE_CURVE('',#4834,#4842,#4844,.T.);
#4842 = VERTEX_POINT('',#4843);
#4843 = CARTESIAN_POINT('',(40.75,-14.88594495113,9.663640340885));
#4844 = LINE('',#4845,#4846);
#4845 = CARTESIAN_POINT('',(38.1,-18.15,-8.881784197001E-16));
#4846 = VECTOR('',#4847,1.);
#4847 = DIRECTION('',(0.25145608602,0.309723210242,0.916974028989));
#4848 = ORIENTED_EDGE('',*,*,#4849,.F.);
#4849 = EDGE_CURVE('',#4795,#4842,#4850,.T.);
#4850 = B_SPLINE_CURVE_WITH_KNOTS('',4,(#4851,#4852,#4853,#4854,#4855,
    #4856,#4857,#4858,#4859,#4860,#4861,#4862,#4863,#4864),
  .UNSPECIFIED.,.F.,.F.,(5,3,3,3,5),(0.,0.244321048112,0.49741180762,
    0.749508839376,1.),.UNSPECIFIED.);
#4851 = CARTESIAN_POINT('',(40.75,-0.749999999995,7.864318152262));
#4852 = CARTESIAN_POINT('',(40.751993895674,-1.613357177026,
    7.973716326323));
#4853 = CARTESIAN_POINT('',(40.753603523292,-2.47673059442,
    8.083212371701));
#4854 = CARTESIAN_POINT('',(40.754854210005,-3.340117960249,
    8.192799511949));
#4855 = CARTESIAN_POINT('',(40.756713798121,-5.097908190144,8.4160812471
    ));
#4856 = CARTESIAN_POINT('',(40.757298073253,-5.992311939733,
    8.529782076576));
#4857 = CARTESIAN_POINT('',(40.757544512022,-6.886726880785,
    8.643568254922));
#4858 = CARTESIAN_POINT('',(40.757403024067,-8.672064436616,
    8.870853688588));
#4859 = CARTESIAN_POINT('',(40.757017603198,-9.562986968921,
    8.984352309772));
#4860 = CARTESIAN_POINT('',(40.756337647899,-10.45391775545,
    9.097925164352));
#4861 = CARTESIAN_POINT('',(40.754429446008,-12.23011838225,
    9.324486675821));
#4862 = CARTESIAN_POINT('',(40.753204735063,-13.11538812696,
    9.437474440477));
#4863 = CARTESIAN_POINT('',(40.751723383357,-14.00066391404,
    9.550526872198));
#4864 = CARTESIAN_POINT('',(40.75,-14.88594495114,9.663640340886));
#4865 = ORIENTED_EDGE('',*,*,#4792,.F.);
#4866 = B_SPLINE_SURFACE_WITH_KNOTS('',1,1,(
    (#4867,#4868)
    ,(#4869,#4870
    )),.UNSPECIFIED.,.F.,.F.,.F.,(2,2),(2,2),(0.,12.605015425587),(0.,1.
    ),.PIECEWISE_BEZIER_KNOTS.);
#4867 = CARTESIAN_POINT('',(38.1,-18.15,-8.881784197001E-16));
#4868 = CARTESIAN_POINT('',(38.1,0.,0.));
#4869 = CARTESIAN_POINT('',(41.269607843137,-14.24593415724,
    11.558471780274));
#4870 = CARTESIAN_POINT('',(41.420886075949,-0.939873417722,
    9.855284773088));
#4871 = ADVANCED_FACE('',(#4872),#4916,.F.);
#4872 = FACE_BOUND('',#4873,.F.);
#4873 = EDGE_LOOP('',(#4874,#4893,#4914,#4915));
#4874 = ORIENTED_EDGE('',*,*,#4875,.T.);
#4875 = EDGE_CURVE('',#4811,#4876,#4878,.T.);
#4876 = VERTEX_POINT('',#4877);
#4877 = CARTESIAN_POINT('',(53.6,-14.88594495113,9.663640340885));
#4878 = B_SPLINE_CURVE_WITH_KNOTS('',4,(#4879,#4880,#4881,#4882,#4883,
    #4884,#4885,#4886,#4887,#4888,#4889,#4890,#4891,#4892),
  .UNSPECIFIED.,.F.,.F.,(5,3,3,3,5),(0.,0.244321048112,0.49741180762,
    0.749508839376,1.),.UNSPECIFIED.);
#4879 = CARTESIAN_POINT('',(53.6,-0.750000000001,7.864318152262));
#4880 = CARTESIAN_POINT('',(53.598006104326,-1.61335717703,
    7.973716326323));
#4881 = CARTESIAN_POINT('',(53.596396476708,-2.476730594424,
    8.083212371702));
#4882 = CARTESIAN_POINT('',(53.595145789995,-3.340117960251,
    8.192799511949));
#4883 = CARTESIAN_POINT('',(53.593286201879,-5.097908190144,8.4160812471
    ));
#4884 = CARTESIAN_POINT('',(53.592701926747,-5.992311939733,
    8.529782076576));
#4885 = CARTESIAN_POINT('',(53.592455487978,-6.886726880785,
    8.643568254922));
#4886 = CARTESIAN_POINT('',(53.592596975933,-8.672064436616,
    8.870853688588));
#4887 = CARTESIAN_POINT('',(53.592982396802,-9.562986968921,
    8.984352309772));
#4888 = CARTESIAN_POINT('',(53.593662352101,-10.45391775545,
    9.097925164352));
#4889 = CARTESIAN_POINT('',(53.595570553992,-12.23011838225,
    9.324486675821));
#4890 = CARTESIAN_POINT('',(53.596795264937,-13.11538812696,
    9.437474440477));
#4891 = CARTESIAN_POINT('',(53.598276616643,-14.00066391404,
    9.550526872198));
#4892 = CARTESIAN_POINT('',(53.6,-14.88594495113,9.663640340885));
#4893 = ORIENTED_EDGE('',*,*,#4894,.F.);
#4894 = EDGE_CURVE('',#4842,#4876,#4895,.T.);
#4895 = B_SPLINE_CURVE_WITH_KNOTS('',5,(#4896,#4897,#4898,#4899,#4900,
    #4901,#4902,#4903,#4904,#4905,#4906,#4907,#4908,#4909,#4910,#4911,
    #4912,#4913),.UNSPECIFIED.,.F.,.F.,(6,4,4,4,6),(0.,0.250574463492,
    0.499524839263,0.748929904404,1.),.UNSPECIFIED.);
#4896 = CARTESIAN_POINT('',(40.75,-14.88594495113,9.663640340885));
#4897 = CARTESIAN_POINT('',(41.378698873534,-14.93659039971,
    9.513698200608));
#4898 = CARTESIAN_POINT('',(42.013069881548,-14.98110171023,
    9.381916937882));
#4899 = CARTESIAN_POINT('',(42.652219888243,-15.01937547298,
    9.268602709976));
#4900 = CARTESIAN_POINT('',(43.295223559879,-15.05133171628,
    9.173992283003));
#4901 = CARTESIAN_POINT('',(44.582833890197,-15.10233509522,
    9.022990445446));
#4902 = CARTESIAN_POINT('',(45.227406364641,-15.12146472737,
    8.966354793721));
#4903 = CARTESIAN_POINT('',(45.873898405632,-15.13425195822,
    8.928496608705));
#4904 = CARTESIAN_POINT('',(46.521357802315,-15.14067002354,
    8.909495129269));
#4905 = CARTESIAN_POINT('',(47.817466855322,-15.14076736839,
    8.909206927751));
#4906 = CARTESIAN_POINT('',(48.466119810829,-15.13442336024,
    8.927989151748));
#4907 = CARTESIAN_POINT('',(49.113811117287,-15.12168669333,
    8.965697635924));
#4908 = CARTESIAN_POINT('',(49.759583273209,-15.10258412416,
    9.022253164342));
#4909 = CARTESIAN_POINT('',(51.04968894224,-15.0515844039,9.173244169894
    ));
#4910 = CARTESIAN_POINT('',(51.69398736076,-15.01960251498,
    9.267930523953));
#4911 = CARTESIAN_POINT('',(52.334420536195,-14.98127777218,
    9.381395684625));
#4912 = CARTESIAN_POINT('',(52.970057570743,-14.93669057555,
    9.513401617594));
#4913 = CARTESIAN_POINT('',(53.6,-14.88594495113,9.663640340885));
#4914 = ORIENTED_EDGE('',*,*,#4849,.F.);
#4915 = ORIENTED_EDGE('',*,*,#4818,.F.);
#4916 = SURFACE_OF_LINEAR_EXTRUSION('',#4917,#4922);
#4917 = CIRCLE('',#4918,26.200390625003);
#4918 = AXIS2_PLACEMENT_3D('',#4919,#4920,#4921);
#4919 = CARTESIAN_POINT('',(47.175,-3.161429489716,33.149983097422));
#4920 = DIRECTION('',(0.,0.995483310413,9.493670886076E-02));
#4921 = DIRECTION('',(-1.,0.,0.));
#4922 = VECTOR('',#4923,1.);
#4923 = DIRECTION('',(0.,0.991996136922,-0.126268223763));
#4924 = ADVANCED_FACE('',(#4925),#4943,.F.);
#4925 = FACE_BOUND('',#4926,.F.);
#4926 = EDGE_LOOP('',(#4927,#4935,#4941,#4942));
#4927 = ORIENTED_EDGE('',*,*,#4928,.F.);
#4928 = EDGE_CURVE('',#4929,#4803,#4931,.T.);
#4929 = VERTEX_POINT('',#4930);
#4930 = CARTESIAN_POINT('',(56.25,-18.15,-4.440892098501E-16));
#4931 = LINE('',#4932,#4933);
#4932 = CARTESIAN_POINT('',(56.25,-18.15,0.));
#4933 = VECTOR('',#4934,1.);
#4934 = DIRECTION('',(0.,1.,0.));
#4935 = ORIENTED_EDGE('',*,*,#4936,.T.);
#4936 = EDGE_CURVE('',#4929,#4876,#4937,.T.);
#4937 = LINE('',#4938,#4939);
#4938 = CARTESIAN_POINT('',(56.25,-18.15,-8.881784197001E-16));
#4939 = VECTOR('',#4940,1.);
#4940 = DIRECTION('',(-0.25145608602,0.309723210242,0.916974028989));
#4941 = ORIENTED_EDGE('',*,*,#4875,.F.);
#4942 = ORIENTED_EDGE('',*,*,#4810,.F.);
#4943 = B_SPLINE_SURFACE_WITH_KNOTS('',1,1,(
    (#4944,#4945)
    ,(#4946,#4947
    )),.UNSPECIFIED.,.F.,.F.,.F.,(2,2),(2,2),(0.,12.605015425587),(0.,1.
    ),.PIECEWISE_BEZIER_KNOTS.);
#4944 = CARTESIAN_POINT('',(56.25,-18.15,-8.881784197001E-16));
#4945 = CARTESIAN_POINT('',(56.25,0.,0.));
#4946 = CARTESIAN_POINT('',(53.080392156863,-14.24593415724,
    11.558471780274));
#4947 = CARTESIAN_POINT('',(52.929113924051,-0.939873417722,
    9.855284773088));
#4948 = ADVANCED_FACE('',(#4949),#4960,.F.);
#4949 = FACE_BOUND('',#4950,.F.);
#4950 = EDGE_LOOP('',(#4951,#4957,#4958,#4959));
#4951 = ORIENTED_EDGE('',*,*,#4952,.T.);
#4952 = EDGE_CURVE('',#4834,#4929,#4953,.T.);
#4953 = LINE('',#4954,#4955);
#4954 = CARTESIAN_POINT('',(38.1,-18.15,0.));
#4955 = VECTOR('',#4956,1.);
#4956 = DIRECTION('',(1.,0.,0.));
#4957 = ORIENTED_EDGE('',*,*,#4928,.T.);
#4958 = ORIENTED_EDGE('',*,*,#4802,.F.);
#4959 = ORIENTED_EDGE('',*,*,#4833,.F.);
#4960 = PLANE('',#4961);
#4961 = AXIS2_PLACEMENT_3D('',#4962,#4963,#4964);
#4962 = CARTESIAN_POINT('',(38.1,-18.15,0.));
#4963 = DIRECTION('',(0.,0.,1.));
#4964 = DIRECTION('',(0.,1.,0.));
#4965 = ADVANCED_FACE('',(#4966),#4972,.F.);
#4966 = FACE_BOUND('',#4967,.F.);
#4967 = EDGE_LOOP('',(#4968,#4969,#4970,#4971));
#4968 = ORIENTED_EDGE('',*,*,#4952,.F.);
#4969 = ORIENTED_EDGE('',*,*,#4841,.T.);
#4970 = ORIENTED_EDGE('',*,*,#4894,.T.);
#4971 = ORIENTED_EDGE('',*,*,#4936,.F.);
#4972 = PLANE('',#4973);
#4973 = AXIS2_PLACEMENT_3D('',#4974,#4975,#4976);
#4974 = CARTESIAN_POINT('',(38.1,-14.88594495113,9.663640340885));
#4975 = DIRECTION('',(0.,0.947415719695,-0.320005396948));
#4976 = DIRECTION('',(0.,-0.320005396948,-0.947415719695));
#4977 = MANIFOLD_SOLID_BREP('',#4978);
#4978 = CLOSED_SHELL('',(#4979,#5020,#5062,#5115,#5139,#5156));
#4979 = ADVANCED_FACE('',(#4980),#5015,.F.);
#4980 = FACE_BOUND('',#4981,.F.);
#4981 = EDGE_LOOP('',(#4982,#4992,#5000,#5008));
#4982 = ORIENTED_EDGE('',*,*,#4983,.F.);
#4983 = EDGE_CURVE('',#4984,#4986,#4988,.T.);
#4984 = VERTEX_POINT('',#4985);
#4985 = CARTESIAN_POINT('',(57.15,0.,0.));
#4986 = VERTEX_POINT('',#4987);
#4987 = CARTESIAN_POINT('',(59.8,-0.75,7.864318152262));
#4988 = LINE('',#4989,#4990);
#4989 = CARTESIAN_POINT('',(57.15,0.,0.));
#4990 = VECTOR('',#4991,1.);
#4991 = DIRECTION('',(0.318027351528,-9.00077409986E-02,0.943799348506)
  );
#4992 = ORIENTED_EDGE('',*,*,#4993,.T.);
#4993 = EDGE_CURVE('',#4984,#4994,#4996,.T.);
#4994 = VERTEX_POINT('',#4995);
#4995 = CARTESIAN_POINT('',(75.3,0.,0.));
#4996 = LINE('',#4997,#4998);
#4997 = CARTESIAN_POINT('',(57.15,0.,0.));
#4998 = VECTOR('',#4999,1.);
#4999 = DIRECTION('',(1.,0.,0.));
#5000 = ORIENTED_EDGE('',*,*,#5001,.T.);
#5001 = EDGE_CURVE('',#4994,#5002,#5004,.T.);
#5002 = VERTEX_POINT('',#5003);
#5003 = CARTESIAN_POINT('',(72.65,-0.75,7.864318152262));
#5004 = LINE('',#5005,#5006);
#5005 = CARTESIAN_POINT('',(75.3,0.,0.));
#5006 = VECTOR('',#5007,1.);
#5007 = DIRECTION('',(-0.318027351528,-9.00077409986E-02,0.943799348506)
  );
#5008 = ORIENTED_EDGE('',*,*,#5009,.T.);
#5009 = EDGE_CURVE('',#5002,#4986,#5010,.T.);
#5010 = CIRCLE('',#5011,26.200390625003);
#5011 = AXIS2_PLACEMENT_3D('',#5012,#5013,#5014);
#5012 = CARTESIAN_POINT('',(66.225,-3.161429489716,33.149983097422));
#5013 = DIRECTION('',(0.,0.995483310413,9.493670886076E-02));
#5014 = DIRECTION('',(-1.,0.,0.));
#5015 = PLANE('',#5016);
#5016 = AXIS2_PLACEMENT_3D('',#5017,#5018,#5019);
#5017 = CARTESIAN_POINT('',(57.15,0.,0.));
#5018 = DIRECTION('',(0.,-0.995483310413,-9.493670886076E-02));
#5019 = DIRECTION('',(0.,-9.493670886076E-02,0.995483310413));
#5020 = ADVANCED_FACE('',(#5021),#5057,.T.);
#5021 = FACE_BOUND('',#5022,.T.);
#5022 = EDGE_LOOP('',(#5023,#5031,#5039,#5056));
#5023 = ORIENTED_EDGE('',*,*,#5024,.F.);
#5024 = EDGE_CURVE('',#5025,#4984,#5027,.T.);
#5025 = VERTEX_POINT('',#5026);
#5026 = CARTESIAN_POINT('',(57.15,-18.15,-4.440892098501E-16));
#5027 = LINE('',#5028,#5029);
#5028 = CARTESIAN_POINT('',(57.15,-18.15,0.));
#5029 = VECTOR('',#5030,1.);
#5030 = DIRECTION('',(0.,1.,0.));
#5031 = ORIENTED_EDGE('',*,*,#5032,.T.);
#5032 = EDGE_CURVE('',#5025,#5033,#5035,.T.);
#5033 = VERTEX_POINT('',#5034);
#5034 = CARTESIAN_POINT('',(59.8,-14.88594495113,9.663640340885));
#5035 = LINE('',#5036,#5037);
#5036 = CARTESIAN_POINT('',(57.15,-18.15,-8.881784197001E-16));
#5037 = VECTOR('',#5038,1.);
#5038 = DIRECTION('',(0.25145608602,0.309723210242,0.916974028989));
#5039 = ORIENTED_EDGE('',*,*,#5040,.F.);
#5040 = EDGE_CURVE('',#4986,#5033,#5041,.T.);
#5041 = B_SPLINE_CURVE_WITH_KNOTS('',4,(#5042,#5043,#5044,#5045,#5046,
    #5047,#5048,#5049,#5050,#5051,#5052,#5053,#5054,#5055),
  .UNSPECIFIED.,.F.,.F.,(5,3,3,3,5),(0.,0.244321048112,0.49741180762,
    0.749508839376,1.),.UNSPECIFIED.);
#5042 = CARTESIAN_POINT('',(59.8,-0.749999999995,7.864318152262));
#5043 = CARTESIAN_POINT('',(59.801993895674,-1.613357177026,
    7.973716326323));
#5044 = CARTESIAN_POINT('',(59.803603523292,-2.47673059442,
    8.083212371701));
#5045 = CARTESIAN_POINT('',(59.804854210005,-3.340117960249,
    8.192799511949));
#5046 = CARTESIAN_POINT('',(59.806713798121,-5.097908190144,8.4160812471
    ));
#5047 = CARTESIAN_POINT('',(59.807298073253,-5.992311939733,
    8.529782076576));
#5048 = CARTESIAN_POINT('',(59.807544512022,-6.886726880785,
    8.643568254922));
#5049 = CARTESIAN_POINT('',(59.807403024067,-8.672064436616,
    8.870853688588));
#5050 = CARTESIAN_POINT('',(59.807017603198,-9.562986968921,
    8.984352309772));
#5051 = CARTESIAN_POINT('',(59.806337647899,-10.45391775545,
    9.097925164352));
#5052 = CARTESIAN_POINT('',(59.804429446008,-12.23011838225,
    9.324486675821));
#5053 = CARTESIAN_POINT('',(59.803204735063,-13.11538812696,
    9.437474440477));
#5054 = CARTESIAN_POINT('',(59.801723383357,-14.00066391404,
    9.550526872198));
#5055 = CARTESIAN_POINT('',(59.8,-14.88594495114,9.663640340886));
#5056 = ORIENTED_EDGE('',*,*,#4983,.F.);
#5057 = B_SPLINE_SURFACE_WITH_KNOTS('',1,1,(
    (#5058,#5059)
    ,(#5060,#5061
    )),.UNSPECIFIED.,.F.,.F.,.F.,(2,2),(2,2),(0.,12.605015425587),(0.,1.
    ),.PIECEWISE_BEZIER_KNOTS.);
#5058 = CARTESIAN_POINT('',(57.15,-18.15,-8.881784197001E-16));
#5059 = CARTESIAN_POINT('',(57.15,0.,0.));
#5060 = CARTESIAN_POINT('',(60.319607843137,-14.24593415724,
    11.558471780274));
#5061 = CARTESIAN_POINT('',(60.470886075949,-0.939873417722,
    9.855284773088));
#5062 = ADVANCED_FACE('',(#5063),#5107,.F.);
#5063 = FACE_BOUND('',#5064,.F.);
#5064 = EDGE_LOOP('',(#5065,#5084,#5105,#5106));
#5065 = ORIENTED_EDGE('',*,*,#5066,.T.);
#5066 = EDGE_CURVE('',#5002,#5067,#5069,.T.);
#5067 = VERTEX_POINT('',#5068);
#5068 = CARTESIAN_POINT('',(72.65,-14.88594495113,9.663640340885));
#5069 = B_SPLINE_CURVE_WITH_KNOTS('',4,(#5070,#5071,#5072,#5073,#5074,
    #5075,#5076,#5077,#5078,#5079,#5080,#5081,#5082,#5083),
  .UNSPECIFIED.,.F.,.F.,(5,3,3,3,5),(0.,0.244321048112,0.49741180762,
    0.749508839376,1.),.UNSPECIFIED.);
#5070 = CARTESIAN_POINT('',(72.65,-0.750000000001,7.864318152262));
#5071 = CARTESIAN_POINT('',(72.648006104326,-1.61335717703,
    7.973716326323));
#5072 = CARTESIAN_POINT('',(72.646396476708,-2.476730594424,
    8.083212371702));
#5073 = CARTESIAN_POINT('',(72.645145789995,-3.340117960251,
    8.192799511949));
#5074 = CARTESIAN_POINT('',(72.643286201879,-5.097908190144,8.4160812471
    ));
#5075 = CARTESIAN_POINT('',(72.642701926747,-5.992311939733,
    8.529782076576));
#5076 = CARTESIAN_POINT('',(72.642455487978,-6.886726880785,
    8.643568254922));
#5077 = CARTESIAN_POINT('',(72.642596975933,-8.672064436616,
    8.870853688588));
#5078 = CARTESIAN_POINT('',(72.642982396802,-9.562986968921,
    8.984352309772));
#5079 = CARTESIAN_POINT('',(72.643662352101,-10.45391775545,
    9.097925164352));
#5080 = CARTESIAN_POINT('',(72.645570553992,-12.23011838225,
    9.324486675821));
#5081 = CARTESIAN_POINT('',(72.646795264937,-13.11538812696,
    9.437474440477));
#5082 = CARTESIAN_POINT('',(72.648276616643,-14.00066391404,
    9.550526872198));
#5083 = CARTESIAN_POINT('',(72.65,-14.88594495113,9.663640340885));
#5084 = ORIENTED_EDGE('',*,*,#5085,.F.);
#5085 = EDGE_CURVE('',#5033,#5067,#5086,.T.);
#5086 = B_SPLINE_CURVE_WITH_KNOTS('',5,(#5087,#5088,#5089,#5090,#5091,
    #5092,#5093,#5094,#5095,#5096,#5097,#5098,#5099,#5100,#5101,#5102,
    #5103,#5104),.UNSPECIFIED.,.F.,.F.,(6,4,4,4,6),(0.,0.250574463492,
    0.499524839263,0.748929904404,1.),.UNSPECIFIED.);
#5087 = CARTESIAN_POINT('',(59.8,-14.88594495113,9.663640340885));
#5088 = CARTESIAN_POINT('',(60.428698873534,-14.93659039971,
    9.513698200608));
#5089 = CARTESIAN_POINT('',(61.063069881548,-14.98110171023,
    9.381916937882));
#5090 = CARTESIAN_POINT('',(61.702219888243,-15.01937547298,
    9.268602709976));
#5091 = CARTESIAN_POINT('',(62.345223559879,-15.05133171628,
    9.173992283003));
#5092 = CARTESIAN_POINT('',(63.632833890197,-15.10233509522,
    9.022990445446));
#5093 = CARTESIAN_POINT('',(64.277406364641,-15.12146472737,
    8.966354793721));
#5094 = CARTESIAN_POINT('',(64.923898405632,-15.13425195822,
    8.928496608705));
#5095 = CARTESIAN_POINT('',(65.571357802315,-15.14067002354,
    8.909495129269));
#5096 = CARTESIAN_POINT('',(66.867466855322,-15.14076736839,
    8.909206927751));
#5097 = CARTESIAN_POINT('',(67.516119810829,-15.13442336024,
    8.927989151748));
#5098 = CARTESIAN_POINT('',(68.163811117287,-15.12168669333,
    8.965697635924));
#5099 = CARTESIAN_POINT('',(68.809583273209,-15.10258412416,
    9.022253164342));
#5100 = CARTESIAN_POINT('',(70.09968894224,-15.0515844039,9.173244169894
    ));
#5101 = CARTESIAN_POINT('',(70.74398736076,-15.01960251498,
    9.267930523953));
#5102 = CARTESIAN_POINT('',(71.384420536195,-14.98127777218,
    9.381395684625));
#5103 = CARTESIAN_POINT('',(72.020057570743,-14.93669057555,
    9.513401617594));
#5104 = CARTESIAN_POINT('',(72.65,-14.88594495113,9.663640340885));
#5105 = ORIENTED_EDGE('',*,*,#5040,.F.);
#5106 = ORIENTED_EDGE('',*,*,#5009,.F.);
#5107 = SURFACE_OF_LINEAR_EXTRUSION('',#5108,#5113);
#5108 = CIRCLE('',#5109,26.200390625003);
#5109 = AXIS2_PLACEMENT_3D('',#5110,#5111,#5112);
#5110 = CARTESIAN_POINT('',(66.225,-3.161429489716,33.149983097422));
#5111 = DIRECTION('',(0.,0.995483310413,9.493670886076E-02));
#5112 = DIRECTION('',(-1.,0.,0.));
#5113 = VECTOR('',#5114,1.);
#5114 = DIRECTION('',(0.,0.991996136922,-0.126268223763));
#5115 = ADVANCED_FACE('',(#5116),#5134,.F.);
#5116 = FACE_BOUND('',#5117,.F.);
#5117 = EDGE_LOOP('',(#5118,#5126,#5132,#5133));
#5118 = ORIENTED_EDGE('',*,*,#5119,.F.);
#5119 = EDGE_CURVE('',#5120,#4994,#5122,.T.);
#5120 = VERTEX_POINT('',#5121);
#5121 = CARTESIAN_POINT('',(75.3,-18.15,-4.440892098501E-16));
#5122 = LINE('',#5123,#5124);
#5123 = CARTESIAN_POINT('',(75.3,-18.15,0.));
#5124 = VECTOR('',#5125,1.);
#5125 = DIRECTION('',(0.,1.,0.));
#5126 = ORIENTED_EDGE('',*,*,#5127,.T.);
#5127 = EDGE_CURVE('',#5120,#5067,#5128,.T.);
#5128 = LINE('',#5129,#5130);
#5129 = CARTESIAN_POINT('',(75.3,-18.15,-8.881784197001E-16));
#5130 = VECTOR('',#5131,1.);
#5131 = DIRECTION('',(-0.25145608602,0.309723210242,0.916974028989));
#5132 = ORIENTED_EDGE('',*,*,#5066,.F.);
#5133 = ORIENTED_EDGE('',*,*,#5001,.F.);
#5134 = B_SPLINE_SURFACE_WITH_KNOTS('',1,1,(
    (#5135,#5136)
    ,(#5137,#5138
    )),.UNSPECIFIED.,.F.,.F.,.F.,(2,2),(2,2),(0.,12.605015425587),(0.,1.
    ),.PIECEWISE_BEZIER_KNOTS.);
#5135 = CARTESIAN_POINT('',(75.3,-18.15,-8.881784197001E-16));
#5136 = CARTESIAN_POINT('',(75.3,0.,0.));
#5137 = CARTESIAN_POINT('',(72.130392156863,-14.24593415724,
    11.558471780274));
#5138 = CARTESIAN_POINT('',(71.979113924051,-0.939873417722,
    9.855284773088));
#5139 = ADVANCED_FACE('',(#5140),#5151,.F.);
#5140 = FACE_BOUND('',#5141,.F.);
#5141 = EDGE_LOOP('',(#5142,#5148,#5149,#5150));
#5142 = ORIENTED_EDGE('',*,*,#5143,.T.);
#5143 = EDGE_CURVE('',#5025,#5120,#5144,.T.);
#5144 = LINE('',#5145,#5146);
#5145 = CARTESIAN_POINT('',(57.15,-18.15,0.));
#5146 = VECTOR('',#5147,1.);
#5147 = DIRECTION('',(1.,0.,0.));
#5148 = ORIENTED_EDGE('',*,*,#5119,.T.);
#5149 = ORIENTED_EDGE('',*,*,#4993,.F.);
#5150 = ORIENTED_EDGE('',*,*,#5024,.F.);
#5151 = PLANE('',#5152);
#5152 = AXIS2_PLACEMENT_3D('',#5153,#5154,#5155);
#5153 = CARTESIAN_POINT('',(57.15,-18.15,0.));
#5154 = DIRECTION('',(0.,0.,1.));
#5155 = DIRECTION('',(0.,1.,0.));
#5156 = ADVANCED_FACE('',(#5157),#5163,.F.);
#5157 = FACE_BOUND('',#5158,.F.);
#5158 = EDGE_LOOP('',(#5159,#5160,#5161,#5162));
#5159 = ORIENTED_EDGE('',*,*,#5143,.F.);
#5160 = ORIENTED_EDGE('',*,*,#5032,.T.);
#5161 = ORIENTED_EDGE('',*,*,#5085,.T.);
#5162 = ORIENTED_EDGE('',*,*,#5127,.F.);
#5163 = PLANE('',#5164);
#5164 = AXIS2_PLACEMENT_3D('',#5165,#5166,#5167);
#5165 = CARTESIAN_POINT('',(57.15,-14.88594495113,9.663640340885));
#5166 = DIRECTION('',(0.,0.947415719695,-0.320005396948));
#5167 = DIRECTION('',(0.,-0.320005396948,-0.947415719695));
#5168 = MANIFOLD_SOLID_BREP('',#5169);
#5169 = CLOSED_SHELL('',(#5170,#5211,#5253,#5306,#5330,#5347));
#5170 = ADVANCED_FACE('',(#5171),#5206,.F.);
#5171 = FACE_BOUND('',#5172,.F.);
#5172 = EDGE_LOOP('',(#5173,#5183,#5191,#5199));
#5173 = ORIENTED_EDGE('',*,*,#5174,.F.);
#5174 = EDGE_CURVE('',#5175,#5177,#5179,.T.);
#5175 = VERTEX_POINT('',#5176);
#5176 = CARTESIAN_POINT('',(76.2,0.,0.));
#5177 = VERTEX_POINT('',#5178);
#5178 = CARTESIAN_POINT('',(78.85,-0.75,7.864318152262));
#5179 = LINE('',#5180,#5181);
#5180 = CARTESIAN_POINT('',(76.2,0.,0.));
#5181 = VECTOR('',#5182,1.);
#5182 = DIRECTION('',(0.318027351528,-9.00077409986E-02,0.943799348506)
  );
#5183 = ORIENTED_EDGE('',*,*,#5184,.T.);
#5184 = EDGE_CURVE('',#5175,#5185,#5187,.T.);
#5185 = VERTEX_POINT('',#5186);
#5186 = CARTESIAN_POINT('',(94.35,0.,0.));
#5187 = LINE('',#5188,#5189);
#5188 = CARTESIAN_POINT('',(76.2,0.,0.));
#5189 = VECTOR('',#5190,1.);
#5190 = DIRECTION('',(1.,0.,0.));
#5191 = ORIENTED_EDGE('',*,*,#5192,.T.);
#5192 = EDGE_CURVE('',#5185,#5193,#5195,.T.);
#5193 = VERTEX_POINT('',#5194);
#5194 = CARTESIAN_POINT('',(91.7,-0.75,7.864318152262));
#5195 = LINE('',#5196,#5197);
#5196 = CARTESIAN_POINT('',(94.35,0.,0.));
#5197 = VECTOR('',#5198,1.);
#5198 = DIRECTION('',(-0.318027351528,-9.00077409986E-02,0.943799348506)
  );
#5199 = ORIENTED_EDGE('',*,*,#5200,.T.);
#5200 = EDGE_CURVE('',#5193,#5177,#5201,.T.);
#5201 = CIRCLE('',#5202,26.200390625003);
#5202 = AXIS2_PLACEMENT_3D('',#5203,#5204,#5205);
#5203 = CARTESIAN_POINT('',(85.275,-3.161429489716,33.149983097422));
#5204 = DIRECTION('',(0.,0.995483310413,9.493670886076E-02));
#5205 = DIRECTION('',(-1.,0.,0.));
#5206 = PLANE('',#5207);
#5207 = AXIS2_PLACEMENT_3D('',#5208,#5209,#5210);
#5208 = CARTESIAN_POINT('',(76.2,0.,0.));
#5209 = DIRECTION('',(0.,-0.995483310413,-9.493670886076E-02));
#5210 = DIRECTION('',(0.,-9.493670886076E-02,0.995483310413));
#5211 = ADVANCED_FACE('',(#5212),#5248,.T.);
#5212 = FACE_BOUND('',#5213,.T.);
#5213 = EDGE_LOOP('',(#5214,#5222,#5230,#5247));
#5214 = ORIENTED_EDGE('',*,*,#5215,.F.);
#5215 = EDGE_CURVE('',#5216,#5175,#5218,.T.);
#5216 = VERTEX_POINT('',#5217);
#5217 = CARTESIAN_POINT('',(76.2,-18.15,-4.440892098501E-16));
#5218 = LINE('',#5219,#5220);
#5219 = CARTESIAN_POINT('',(76.2,-18.15,0.));
#5220 = VECTOR('',#5221,1.);
#5221 = DIRECTION('',(0.,1.,0.));
#5222 = ORIENTED_EDGE('',*,*,#5223,.T.);
#5223 = EDGE_CURVE('',#5216,#5224,#5226,.T.);
#5224 = VERTEX_POINT('',#5225);
#5225 = CARTESIAN_POINT('',(78.85,-14.88594495113,9.663640340885));
#5226 = LINE('',#5227,#5228);
#5227 = CARTESIAN_POINT('',(76.2,-18.15,-8.881784197001E-16));
#5228 = VECTOR('',#5229,1.);
#5229 = DIRECTION('',(0.25145608602,0.309723210242,0.916974028989));
#5230 = ORIENTED_EDGE('',*,*,#5231,.F.);
#5231 = EDGE_CURVE('',#5177,#5224,#5232,.T.);
#5232 = B_SPLINE_CURVE_WITH_KNOTS('',4,(#5233,#5234,#5235,#5236,#5237,
    #5238,#5239,#5240,#5241,#5242,#5243,#5244,#5245,#5246),
  .UNSPECIFIED.,.F.,.F.,(5,3,3,3,5),(0.,0.244321048112,0.49741180762,
    0.749508839376,1.),.UNSPECIFIED.);
#5233 = CARTESIAN_POINT('',(78.85,-0.749999999995,7.864318152262));
#5234 = CARTESIAN_POINT('',(78.851993895674,-1.613357177026,
    7.973716326323));
#5235 = CARTESIAN_POINT('',(78.853603523292,-2.47673059442,
    8.083212371701));
#5236 = CARTESIAN_POINT('',(78.854854210005,-3.340117960249,
    8.192799511949));
#5237 = CARTESIAN_POINT('',(78.856713798121,-5.097908190144,8.4160812471
    ));
#5238 = CARTESIAN_POINT('',(78.857298073253,-5.992311939733,
    8.529782076576));
#5239 = CARTESIAN_POINT('',(78.857544512022,-6.886726880785,
    8.643568254922));
#5240 = CARTESIAN_POINT('',(78.857403024067,-8.672064436616,
    8.870853688588));
#5241 = CARTESIAN_POINT('',(78.857017603198,-9.562986968921,
    8.984352309772));
#5242 = CARTESIAN_POINT('',(78.856337647899,-10.45391775545,
    9.097925164352));
#5243 = CARTESIAN_POINT('',(78.854429446008,-12.23011838225,
    9.324486675821));
#5244 = CARTESIAN_POINT('',(78.853204735063,-13.11538812696,
    9.437474440477));
#5245 = CARTESIAN_POINT('',(78.851723383357,-14.00066391404,
    9.550526872198));
#5246 = CARTESIAN_POINT('',(78.85,-14.88594495114,9.663640340886));
#5247 = ORIENTED_EDGE('',*,*,#5174,.F.);
#5248 = B_SPLINE_SURFACE_WITH_KNOTS('',1,1,(
    (#5249,#5250)
    ,(#5251,#5252
    )),.UNSPECIFIED.,.F.,.F.,.F.,(2,2),(2,2),(0.,12.605015425587),(0.,1.
    ),.PIECEWISE_BEZIER_KNOTS.);
#5249 = CARTESIAN_POINT('',(76.2,-18.15,-8.881784197001E-16));
#5250 = CARTESIAN_POINT('',(76.2,0.,0.));
#5251 = CARTESIAN_POINT('',(79.369607843137,-14.24593415724,
    11.558471780274));
#5252 = CARTESIAN_POINT('',(79.520886075949,-0.939873417722,
    9.855284773088));
#5253 = ADVANCED_FACE('',(#5254),#5298,.F.);
#5254 = FACE_BOUND('',#5255,.F.);
#5255 = EDGE_LOOP('',(#5256,#5275,#5296,#5297));
#5256 = ORIENTED_EDGE('',*,*,#5257,.T.);
#5257 = EDGE_CURVE('',#5193,#5258,#5260,.T.);
#5258 = VERTEX_POINT('',#5259);
#5259 = CARTESIAN_POINT('',(91.7,-14.88594495113,9.663640340885));
#5260 = B_SPLINE_CURVE_WITH_KNOTS('',4,(#5261,#5262,#5263,#5264,#5265,
    #5266,#5267,#5268,#5269,#5270,#5271,#5272,#5273,#5274),
  .UNSPECIFIED.,.F.,.F.,(5,3,3,3,5),(0.,0.244321048112,0.49741180762,
    0.749508839376,1.),.UNSPECIFIED.);
#5261 = CARTESIAN_POINT('',(91.7,-0.750000000001,7.864318152262));
#5262 = CARTESIAN_POINT('',(91.698006104326,-1.61335717703,
    7.973716326323));
#5263 = CARTESIAN_POINT('',(91.696396476708,-2.476730594424,
    8.083212371702));
#5264 = CARTESIAN_POINT('',(91.695145789995,-3.340117960251,
    8.192799511949));
#5265 = CARTESIAN_POINT('',(91.693286201879,-5.097908190144,8.4160812471
    ));
#5266 = CARTESIAN_POINT('',(91.692701926747,-5.992311939733,
    8.529782076576));
#5267 = CARTESIAN_POINT('',(91.692455487978,-6.886726880785,
    8.643568254922));
#5268 = CARTESIAN_POINT('',(91.692596975933,-8.672064436616,
    8.870853688588));
#5269 = CARTESIAN_POINT('',(91.692982396802,-9.562986968921,
    8.984352309772));
#5270 = CARTESIAN_POINT('',(91.693662352101,-10.45391775545,
    9.097925164352));
#5271 = CARTESIAN_POINT('',(91.695570553992,-12.23011838225,
    9.324486675821));
#5272 = CARTESIAN_POINT('',(91.696795264937,-13.11538812696,
    9.437474440477));
#5273 = CARTESIAN_POINT('',(91.698276616643,-14.00066391404,
    9.550526872198));
#5274 = CARTESIAN_POINT('',(91.7,-14.88594495113,9.663640340885));
#5275 = ORIENTED_EDGE('',*,*,#5276,.F.);
#5276 = EDGE_CURVE('',#5224,#5258,#5277,.T.);
#5277 = B_SPLINE_CURVE_WITH_KNOTS('',5,(#5278,#5279,#5280,#5281,#5282,
    #5283,#5284,#5285,#5286,#5287,#5288,#5289,#5290,#5291,#5292,#5293,
    #5294,#5295),.UNSPECIFIED.,.F.,.F.,(6,4,4,4,6),(0.,0.250574463492,
    0.499524839263,0.748929904404,1.),.UNSPECIFIED.);
#5278 = CARTESIAN_POINT('',(78.85,-14.88594495113,9.663640340885));
#5279 = CARTESIAN_POINT('',(79.478698873534,-14.93659039971,
    9.513698200608));
#5280 = CARTESIAN_POINT('',(80.113069881548,-14.98110171023,
    9.381916937882));
#5281 = CARTESIAN_POINT('',(80.752219888243,-15.01937547298,
    9.268602709976));
#5282 = CARTESIAN_POINT('',(81.395223559879,-15.05133171628,
    9.173992283003));
#5283 = CARTESIAN_POINT('',(82.682833890197,-15.10233509522,
    9.022990445446));
#5284 = CARTESIAN_POINT('',(83.327406364641,-15.12146472737,
    8.966354793721));
#5285 = CARTESIAN_POINT('',(83.973898405632,-15.13425195822,
    8.928496608705));
#5286 = CARTESIAN_POINT('',(84.621357802315,-15.14067002354,
    8.909495129269));
#5287 = CARTESIAN_POINT('',(85.917466855322,-15.14076736839,
    8.909206927751));
#5288 = CARTESIAN_POINT('',(86.566119810829,-15.13442336024,
    8.927989151748));
#5289 = CARTESIAN_POINT('',(87.213811117287,-15.12168669333,
    8.965697635924));
#5290 = CARTESIAN_POINT('',(87.859583273209,-15.10258412416,
    9.022253164342));
#5291 = CARTESIAN_POINT('',(89.14968894224,-15.0515844039,9.173244169894
    ));
#5292 = CARTESIAN_POINT('',(89.79398736076,-15.01960251498,
    9.267930523953));
#5293 = CARTESIAN_POINT('',(90.434420536195,-14.98127777218,
    9.381395684625));
#5294 = CARTESIAN_POINT('',(91.070057570743,-14.93669057555,
    9.513401617594));
#5295 = CARTESIAN_POINT('',(91.7,-14.88594495113,9.663640340885));
#5296 = ORIENTED_EDGE('',*,*,#5231,.F.);
#5297 = ORIENTED_EDGE('',*,*,#5200,.F.);
#5298 = SURFACE_OF_LINEAR_EXTRUSION('',#5299,#5304);
#5299 = CIRCLE('',#5300,26.200390625003);
#5300 = AXIS2_PLACEMENT_3D('',#5301,#5302,#5303);
#5301 = CARTESIAN_POINT('',(85.275,-3.161429489716,33.149983097422));
#5302 = DIRECTION('',(0.,0.995483310413,9.493670886076E-02));
#5303 = DIRECTION('',(-1.,0.,0.));
#5304 = VECTOR('',#5305,1.);
#5305 = DIRECTION('',(0.,0.991996136922,-0.126268223763));
#5306 = ADVANCED_FACE('',(#5307),#5325,.F.);
#5307 = FACE_BOUND('',#5308,.F.);
#5308 = EDGE_LOOP('',(#5309,#5317,#5323,#5324));
#5309 = ORIENTED_EDGE('',*,*,#5310,.F.);
#5310 = EDGE_CURVE('',#5311,#5185,#5313,.T.);
#5311 = VERTEX_POINT('',#5312);
#5312 = CARTESIAN_POINT('',(94.35,-18.15,-4.440892098501E-16));
#5313 = LINE('',#5314,#5315);
#5314 = CARTESIAN_POINT('',(94.35,-18.15,0.));
#5315 = VECTOR('',#5316,1.);
#5316 = DIRECTION('',(0.,1.,0.));
#5317 = ORIENTED_EDGE('',*,*,#5318,.T.);
#5318 = EDGE_CURVE('',#5311,#5258,#5319,.T.);
#5319 = LINE('',#5320,#5321);
#5320 = CARTESIAN_POINT('',(94.35,-18.15,-8.881784197001E-16));
#5321 = VECTOR('',#5322,1.);
#5322 = DIRECTION('',(-0.25145608602,0.309723210242,0.916974028989));
#5323 = ORIENTED_EDGE('',*,*,#5257,.F.);
#5324 = ORIENTED_EDGE('',*,*,#5192,.F.);
#5325 = B_SPLINE_SURFACE_WITH_KNOTS('',1,1,(
    (#5326,#5327)
    ,(#5328,#5329
    )),.UNSPECIFIED.,.F.,.F.,.F.,(2,2),(2,2),(0.,12.605015425587),(0.,1.
    ),.PIECEWISE_BEZIER_KNOTS.);
#5326 = CARTESIAN_POINT('',(94.35,-18.15,-8.881784197001E-16));
#5327 = CARTESIAN_POINT('',(94.35,0.,0.));
#5328 = CARTESIAN_POINT('',(91.180392156863,-14.24593415724,
    11.558471780274));
#5329 = CARTESIAN_POINT('',(91.029113924051,-0.939873417722,
    9.855284773088));
#5330 = ADVANCED_FACE('',(#5331),#5342,.F.);
#5331 = FACE_BOUND('',#5332,.F.);
#5332 = EDGE_LOOP('',(#5333,#5339,#5340,#5341));
#5333 = ORIENTED_EDGE('',*,*,#5334,.T.);
#5334 = EDGE_CURVE('',#5216,#5311,#5335,.T.);
#5335 = LINE('',#5336,#5337);
#5336 = CARTESIAN_POINT('',(76.2,-18.15,0.));
#5337 = VECTOR('',#5338,1.);
#5338 = DIRECTION('',(1.,0.,0.));
#5339 = ORIENTED_EDGE('',*,*,#5310,.T.);
#5340 = ORIENTED_EDGE('',*,*,#5184,.F.);
#5341 = ORIENTED_EDGE('',*,*,#5215,.F.);
#5342 = PLANE('',#5343);
#5343 = AXIS2_PLACEMENT_3D('',#5344,#5345,#5346);
#5344 = CARTESIAN_POINT('',(76.2,-18.15,0.));
#5345 = DIRECTION('',(0.,0.,1.));
#5346 = DIRECTION('',(0.,1.,0.));
#5347 = ADVANCED_FACE('',(#5348),#5354,.F.);
#5348 = FACE_BOUND('',#5349,.F.);
#5349 = EDGE_LOOP('',(#5350,#5351,#5352,#5353));
#5350 = ORIENTED_EDGE('',*,*,#5334,.F.);
#5351 = ORIENTED_EDGE('',*,*,#5223,.T.);
#5352 = ORIENTED_EDGE('',*,*,#5276,.T.);
#5353 = ORIENTED_EDGE('',*,*,#5318,.F.);
#5354 = PLANE('',#5355);
#5355 = AXIS2_PLACEMENT_3D('',#5356,#5357,#5358);
#5356 = CARTESIAN_POINT('',(76.2,-14.88594495113,9.663640340885));
#5357 = DIRECTION('',(0.,0.947415719695,-0.320005396948));
#5358 = DIRECTION('',(0.,-0.320005396948,-0.947415719695));
#5359 = MANIFOLD_SOLID_BREP('',#5360);
#5360 = CLOSED_SHELL('',(#5361,#5402,#5444,#5497,#5521,#5538));
#5361 = ADVANCED_FACE('',(#5362),#5397,.F.);
#5362 = FACE_BOUND('',#5363,.F.);
#5363 = EDGE_LOOP('',(#5364,#5374,#5382,#5390));
#5364 = ORIENTED_EDGE('',*,*,#5365,.F.);
#5365 = EDGE_CURVE('',#5366,#5368,#5370,.T.);
#5366 = VERTEX_POINT('',#5367);
#5367 = CARTESIAN_POINT('',(95.25,0.,0.));
#5368 = VERTEX_POINT('',#5369);
#5369 = CARTESIAN_POINT('',(97.9,-0.75,7.864318152262));
#5370 = LINE('',#5371,#5372);
#5371 = CARTESIAN_POINT('',(95.25,0.,0.));
#5372 = VECTOR('',#5373,1.);
#5373 = DIRECTION('',(0.318027351528,-9.00077409986E-02,0.943799348506)
  );
#5374 = ORIENTED_EDGE('',*,*,#5375,.T.);
#5375 = EDGE_CURVE('',#5366,#5376,#5378,.T.);
#5376 = VERTEX_POINT('',#5377);
#5377 = CARTESIAN_POINT('',(113.4,0.,0.));
#5378 = LINE('',#5379,#5380);
#5379 = CARTESIAN_POINT('',(95.25,0.,0.));
#5380 = VECTOR('',#5381,1.);
#5381 = DIRECTION('',(1.,0.,0.));
#5382 = ORIENTED_EDGE('',*,*,#5383,.T.);
#5383 = EDGE_CURVE('',#5376,#5384,#5386,.T.);
#5384 = VERTEX_POINT('',#5385);
#5385 = CARTESIAN_POINT('',(110.75,-0.75,7.864318152262));
#5386 = LINE('',#5387,#5388);
#5387 = CARTESIAN_POINT('',(113.4,0.,0.));
#5388 = VECTOR('',#5389,1.);
#5389 = DIRECTION('',(-0.318027351528,-9.00077409986E-02,0.943799348506)
  );
#5390 = ORIENTED_EDGE('',*,*,#5391,.T.);
#5391 = EDGE_CURVE('',#5384,#5368,#5392,.T.);
#5392 = CIRCLE('',#5393,26.200390625003);
#5393 = AXIS2_PLACEMENT_3D('',#5394,#5395,#5396);
#5394 = CARTESIAN_POINT('',(104.325,-3.161429489716,33.149983097422));
#5395 = DIRECTION('',(0.,0.995483310413,9.493670886076E-02));
#5396 = DIRECTION('',(-1.,0.,0.));
#5397 = PLANE('',#5398);
#5398 = AXIS2_PLACEMENT_3D('',#5399,#5400,#5401);
#5399 = CARTESIAN_POINT('',(95.25,0.,0.));
#5400 = DIRECTION('',(0.,-0.995483310413,-9.493670886076E-02));
#5401 = DIRECTION('',(0.,-9.493670886076E-02,0.995483310413));
#5402 = ADVANCED_FACE('',(#5403),#5439,.T.);
#5403 = FACE_BOUND('',#5404,.T.);
#5404 = EDGE_LOOP('',(#5405,#5413,#5421,#5438));
#5405 = ORIENTED_EDGE('',*,*,#5406,.F.);
#5406 = EDGE_CURVE('',#5407,#5366,#5409,.T.);
#5407 = VERTEX_POINT('',#5408);
#5408 = CARTESIAN_POINT('',(95.25,-18.15,-4.440892098501E-16));
#5409 = LINE('',#5410,#5411);
#5410 = CARTESIAN_POINT('',(95.25,-18.15,0.));
#5411 = VECTOR('',#5412,1.);
#5412 = DIRECTION('',(0.,1.,0.));
#5413 = ORIENTED_EDGE('',*,*,#5414,.T.);
#5414 = EDGE_CURVE('',#5407,#5415,#5417,.T.);
#5415 = VERTEX_POINT('',#5416);
#5416 = CARTESIAN_POINT('',(97.9,-14.88594495113,9.663640340885));
#5417 = LINE('',#5418,#5419);
#5418 = CARTESIAN_POINT('',(95.25,-18.15,-8.881784197001E-16));
#5419 = VECTOR('',#5420,1.);
#5420 = DIRECTION('',(0.25145608602,0.309723210242,0.916974028989));
#5421 = ORIENTED_EDGE('',*,*,#5422,.F.);
#5422 = EDGE_CURVE('',#5368,#5415,#5423,.T.);
#5423 = B_SPLINE_CURVE_WITH_KNOTS('',4,(#5424,#5425,#5426,#5427,#5428,
    #5429,#5430,#5431,#5432,#5433,#5434,#5435,#5436,#5437),
  .UNSPECIFIED.,.F.,.F.,(5,3,3,3,5),(0.,0.244321048112,0.49741180762,
    0.749508839376,1.),.UNSPECIFIED.);
#5424 = CARTESIAN_POINT('',(97.9,-0.749999999995,7.864318152262));
#5425 = CARTESIAN_POINT('',(97.901993895674,-1.613357177026,
    7.973716326323));
#5426 = CARTESIAN_POINT('',(97.903603523292,-2.47673059442,
    8.083212371701));
#5427 = CARTESIAN_POINT('',(97.904854210005,-3.340117960249,
    8.192799511949));
#5428 = CARTESIAN_POINT('',(97.906713798121,-5.097908190144,8.4160812471
    ));
#5429 = CARTESIAN_POINT('',(97.907298073253,-5.992311939733,
    8.529782076576));
#5430 = CARTESIAN_POINT('',(97.907544512022,-6.886726880785,
    8.643568254922));
#5431 = CARTESIAN_POINT('',(97.907403024067,-8.672064436616,
    8.870853688588));
#5432 = CARTESIAN_POINT('',(97.907017603198,-9.562986968921,
    8.984352309772));
#5433 = CARTESIAN_POINT('',(97.906337647899,-10.45391775545,
    9.097925164352));
#5434 = CARTESIAN_POINT('',(97.904429446008,-12.23011838225,
    9.324486675821));
#5435 = CARTESIAN_POINT('',(97.903204735063,-13.11538812696,
    9.437474440477));
#5436 = CARTESIAN_POINT('',(97.901723383357,-14.00066391404,
    9.550526872198));
#5437 = CARTESIAN_POINT('',(97.9,-14.88594495114,9.663640340886));
#5438 = ORIENTED_EDGE('',*,*,#5365,.F.);
#5439 = B_SPLINE_SURFACE_WITH_KNOTS('',1,1,(
    (#5440,#5441)
    ,(#5442,#5443
    )),.UNSPECIFIED.,.F.,.F.,.F.,(2,2),(2,2),(0.,12.605015425587),(0.,1.
    ),.PIECEWISE_BEZIER_KNOTS.);
#5440 = CARTESIAN_POINT('',(95.25,-18.15,-8.881784197001E-16));
#5441 = CARTESIAN_POINT('',(95.25,0.,0.));
#5442 = CARTESIAN_POINT('',(98.419607843137,-14.24593415724,
    11.558471780274));
#5443 = CARTESIAN_POINT('',(98.570886075949,-0.939873417722,
    9.855284773088));
#5444 = ADVANCED_FACE('',(#5445),#5489,.F.);
#5445 = FACE_BOUND('',#5446,.F.);
#5446 = EDGE_LOOP('',(#5447,#5466,#5487,#5488));
#5447 = ORIENTED_EDGE('',*,*,#5448,.T.);
#5448 = EDGE_CURVE('',#5384,#5449,#5451,.T.);
#5449 = VERTEX_POINT('',#5450);
#5450 = CARTESIAN_POINT('',(110.75,-14.88594495113,9.663640340885));
#5451 = B_SPLINE_CURVE_WITH_KNOTS('',4,(#5452,#5453,#5454,#5455,#5456,
    #5457,#5458,#5459,#5460,#5461,#5462,#5463,#5464,#5465),
  .UNSPECIFIED.,.F.,.F.,(5,3,3,3,5),(0.,0.244321048112,0.49741180762,
    0.749508839376,1.),.UNSPECIFIED.);
#5452 = CARTESIAN_POINT('',(110.75,-0.750000000001,7.864318152262));
#5453 = CARTESIAN_POINT('',(110.74800610432,-1.61335717703,
    7.973716326323));
#5454 = CARTESIAN_POINT('',(110.7463964767,-2.476730594424,
    8.083212371702));
#5455 = CARTESIAN_POINT('',(110.74514578999,-3.340117960251,
    8.192799511949));
#5456 = CARTESIAN_POINT('',(110.74328620187,-5.097908190144,8.4160812471
    ));
#5457 = CARTESIAN_POINT('',(110.74270192674,-5.992311939733,
    8.529782076576));
#5458 = CARTESIAN_POINT('',(110.74245548797,-6.886726880785,
    8.643568254922));
#5459 = CARTESIAN_POINT('',(110.74259697593,-8.672064436616,
    8.870853688588));
#5460 = CARTESIAN_POINT('',(110.7429823968,-9.562986968921,
    8.984352309772));
#5461 = CARTESIAN_POINT('',(110.7436623521,-10.45391775545,
    9.097925164352));
#5462 = CARTESIAN_POINT('',(110.74557055399,-12.23011838225,
    9.324486675821));
#5463 = CARTESIAN_POINT('',(110.74679526493,-13.11538812696,
    9.437474440477));
#5464 = CARTESIAN_POINT('',(110.74827661664,-14.00066391404,
    9.550526872198));
#5465 = CARTESIAN_POINT('',(110.75,-14.88594495113,9.663640340885));
#5466 = ORIENTED_EDGE('',*,*,#5467,.F.);
#5467 = EDGE_CURVE('',#5415,#5449,#5468,.T.);
#5468 = B_SPLINE_CURVE_WITH_KNOTS('',5,(#5469,#5470,#5471,#5472,#5473,
    #5474,#5475,#5476,#5477,#5478,#5479,#5480,#5481,#5482,#5483,#5484,
    #5485,#5486),.UNSPECIFIED.,.F.,.F.,(6,4,4,4,6),(0.,0.250574463492,
    0.499524839263,0.748929904404,1.),.UNSPECIFIED.);
#5469 = CARTESIAN_POINT('',(97.9,-14.88594495113,9.663640340885));
#5470 = CARTESIAN_POINT('',(98.528698873534,-14.93659039971,
    9.513698200608));
#5471 = CARTESIAN_POINT('',(99.163069881548,-14.98110171023,
    9.381916937882));
#5472 = CARTESIAN_POINT('',(99.802219888243,-15.01937547298,
    9.268602709976));
#5473 = CARTESIAN_POINT('',(100.44522355987,-15.05133171628,
    9.173992283003));
#5474 = CARTESIAN_POINT('',(101.73283389019,-15.10233509522,
    9.022990445446));
#5475 = CARTESIAN_POINT('',(102.37740636464,-15.12146472737,
    8.966354793721));
#5476 = CARTESIAN_POINT('',(103.02389840563,-15.13425195822,
    8.928496608705));
#5477 = CARTESIAN_POINT('',(103.67135780231,-15.14067002354,
    8.909495129269));
#5478 = CARTESIAN_POINT('',(104.96746685532,-15.14076736839,
    8.909206927751));
#5479 = CARTESIAN_POINT('',(105.61611981082,-15.13442336024,
    8.927989151748));
#5480 = CARTESIAN_POINT('',(106.26381111728,-15.12168669333,
    8.965697635924));
#5481 = CARTESIAN_POINT('',(106.9095832732,-15.10258412416,
    9.022253164342));
#5482 = CARTESIAN_POINT('',(108.19968894224,-15.0515844039,
    9.173244169894));
#5483 = CARTESIAN_POINT('',(108.84398736076,-15.01960251498,
    9.267930523953));
#5484 = CARTESIAN_POINT('',(109.48442053619,-14.98127777218,
    9.381395684625));
#5485 = CARTESIAN_POINT('',(110.12005757074,-14.93669057555,
    9.513401617594));
#5486 = CARTESIAN_POINT('',(110.75,-14.88594495113,9.663640340885));
#5487 = ORIENTED_EDGE('',*,*,#5422,.F.);
#5488 = ORIENTED_EDGE('',*,*,#5391,.F.);
#5489 = SURFACE_OF_LINEAR_EXTRUSION('',#5490,#5495);
#5490 = CIRCLE('',#5491,26.200390625003);
#5491 = AXIS2_PLACEMENT_3D('',#5492,#5493,#5494);
#5492 = CARTESIAN_POINT('',(104.325,-3.161429489716,33.149983097422));
#5493 = DIRECTION('',(0.,0.995483310413,9.493670886076E-02));
#5494 = DIRECTION('',(-1.,0.,0.));
#5495 = VECTOR('',#5496,1.);
#5496 = DIRECTION('',(0.,0.991996136922,-0.126268223763));
#5497 = ADVANCED_FACE('',(#5498),#5516,.F.);
#5498 = FACE_BOUND('',#5499,.F.);
#5499 = EDGE_LOOP('',(#5500,#5508,#5514,#5515));
#5500 = ORIENTED_EDGE('',*,*,#5501,.F.);
#5501 = EDGE_CURVE('',#5502,#5376,#5504,.T.);
#5502 = VERTEX_POINT('',#5503);
#5503 = CARTESIAN_POINT('',(113.4,-18.15,-4.440892098501E-16));
#5504 = LINE('',#5505,#5506);
#5505 = CARTESIAN_POINT('',(113.4,-18.15,0.));
#5506 = VECTOR('',#5507,1.);
#5507 = DIRECTION('',(0.,1.,0.));
#5508 = ORIENTED_EDGE('',*,*,#5509,.T.);
#5509 = EDGE_CURVE('',#5502,#5449,#5510,.T.);
#5510 = LINE('',#5511,#5512);
#5511 = CARTESIAN_POINT('',(113.4,-18.15,-8.881784197001E-16));
#5512 = VECTOR('',#5513,1.);
#5513 = DIRECTION('',(-0.25145608602,0.309723210242,0.916974028989));
#5514 = ORIENTED_EDGE('',*,*,#5448,.F.);
#5515 = ORIENTED_EDGE('',*,*,#5383,.F.);
#5516 = B_SPLINE_SURFACE_WITH_KNOTS('',1,1,(
    (#5517,#5518)
    ,(#5519,#5520
    )),.UNSPECIFIED.,.F.,.F.,.F.,(2,2),(2,2),(0.,12.605015425587),(0.,1.
    ),.PIECEWISE_BEZIER_KNOTS.);
#5517 = CARTESIAN_POINT('',(113.4,-18.15,-8.881784197001E-16));
#5518 = CARTESIAN_POINT('',(113.4,0.,0.));
#5519 = CARTESIAN_POINT('',(110.23039215686,-14.24593415724,
    11.558471780274));
#5520 = CARTESIAN_POINT('',(110.07911392405,-0.939873417722,
    9.855284773088));
#5521 = ADVANCED_FACE('',(#5522),#5533,.F.);
#5522 = FACE_BOUND('',#5523,.F.);
#5523 = EDGE_LOOP('',(#5524,#5530,#5531,#5532));
#5524 = ORIENTED_EDGE('',*,*,#5525,.T.);
#5525 = EDGE_CURVE('',#5407,#5502,#5526,.T.);
#5526 = LINE('',#5527,#5528);
#5527 = CARTESIAN_POINT('',(95.25,-18.15,0.));
#5528 = VECTOR('',#5529,1.);
#5529 = DIRECTION('',(1.,0.,0.));
#5530 = ORIENTED_EDGE('',*,*,#5501,.T.);
#5531 = ORIENTED_EDGE('',*,*,#5375,.F.);
#5532 = ORIENTED_EDGE('',*,*,#5406,.F.);
#5533 = PLANE('',#5534);
#5534 = AXIS2_PLACEMENT_3D('',#5535,#5536,#5537);
#5535 = CARTESIAN_POINT('',(95.25,-18.15,0.));
#5536 = DIRECTION('',(0.,0.,1.));
#5537 = DIRECTION('',(0.,1.,0.));
#5538 = ADVANCED_FACE('',(#5539),#5545,.F.);
#5539 = FACE_BOUND('',#5540,.F.);
#5540 = EDGE_LOOP('',(#5541,#5542,#5543,#5544));
#5541 = ORIENTED_EDGE('',*,*,#5525,.F.);
#5542 = ORIENTED_EDGE('',*,*,#5414,.T.);
#5543 = ORIENTED_EDGE('',*,*,#5467,.T.);
#5544 = ORIENTED_EDGE('',*,*,#5509,.F.);
#5545 = PLANE('',#5546);
#5546 = AXIS2_PLACEMENT_3D('',#5547,#5548,#5549);
#5547 = CARTESIAN_POINT('',(95.25,-14.88594495113,9.663640340885));
#5548 = DIRECTION('',(0.,0.947415719695,-0.320005396948));
#5549 = DIRECTION('',(0.,-0.320005396948,-0.947415719695));
#5550 = MANIFOLD_SOLID_BREP('',#5551);
#5551 = CLOSED_SHELL('',(#5552,#5593,#5635,#5688,#5712,#5729));
#5552 = ADVANCED_FACE('',(#5553),#5588,.F.);
#5553 = FACE_BOUND('',#5554,.F.);
#5554 = EDGE_LOOP('',(#5555,#5565,#5573,#5581));
#5555 = ORIENTED_EDGE('',*,*,#5556,.F.);
#5556 = EDGE_CURVE('',#5557,#5559,#5561,.T.);
#5557 = VERTEX_POINT('',#5558);
#5558 = CARTESIAN_POINT('',(114.3,0.,0.));
#5559 = VERTEX_POINT('',#5560);
#5560 = CARTESIAN_POINT('',(116.95,-0.75,7.864318152262));
#5561 = LINE('',#5562,#5563);
#5562 = CARTESIAN_POINT('',(114.3,0.,0.));
#5563 = VECTOR('',#5564,1.);
#5564 = DIRECTION('',(0.318027351528,-9.00077409986E-02,0.943799348506)
  );
#5565 = ORIENTED_EDGE('',*,*,#5566,.T.);
#5566 = EDGE_CURVE('',#5557,#5567,#5569,.T.);
#5567 = VERTEX_POINT('',#5568);
#5568 = CARTESIAN_POINT('',(132.45,0.,0.));
#5569 = LINE('',#5570,#5571);
#5570 = CARTESIAN_POINT('',(114.3,0.,0.));
#5571 = VECTOR('',#5572,1.);
#5572 = DIRECTION('',(1.,0.,0.));
#5573 = ORIENTED_EDGE('',*,*,#5574,.T.);
#5574 = EDGE_CURVE('',#5567,#5575,#5577,.T.);
#5575 = VERTEX_POINT('',#5576);
#5576 = CARTESIAN_POINT('',(129.8,-0.75,7.864318152262));
#5577 = LINE('',#5578,#5579);
#5578 = CARTESIAN_POINT('',(132.45,0.,0.));
#5579 = VECTOR('',#5580,1.);
#5580 = DIRECTION('',(-0.318027351528,-9.00077409986E-02,0.943799348506)
  );
#5581 = ORIENTED_EDGE('',*,*,#5582,.T.);
#5582 = EDGE_CURVE('',#5575,#5559,#5583,.T.);
#5583 = CIRCLE('',#5584,26.200390625003);
#5584 = AXIS2_PLACEMENT_3D('',#5585,#5586,#5587);
#5585 = CARTESIAN_POINT('',(123.375,-3.161429489716,33.149983097422));
#5586 = DIRECTION('',(0.,0.995483310413,9.493670886076E-02));
#5587 = DIRECTION('',(-1.,0.,0.));
#5588 = PLANE('',#5589);
#5589 = AXIS2_PLACEMENT_3D('',#5590,#5591,#5592);
#5590 = CARTESIAN_POINT('',(114.3,0.,0.));
#5591 = DIRECTION('',(0.,-0.995483310413,-9.493670886076E-02));
#5592 = DIRECTION('',(0.,-9.493670886076E-02,0.995483310413));
#5593 = ADVANCED_FACE('',(#5594),#5630,.T.);
#5594 = FACE_BOUND('',#5595,.T.);
#5595 = EDGE_LOOP('',(#5596,#5604,#5612,#5629));
#5596 = ORIENTED_EDGE('',*,*,#5597,.F.);
#5597 = EDGE_CURVE('',#5598,#5557,#5600,.T.);
#5598 = VERTEX_POINT('',#5599);
#5599 = CARTESIAN_POINT('',(114.3,-18.15,-4.440892098501E-16));
#5600 = LINE('',#5601,#5602);
#5601 = CARTESIAN_POINT('',(114.3,-18.15,0.));
#5602 = VECTOR('',#5603,1.);
#5603 = DIRECTION('',(0.,1.,0.));
#5604 = ORIENTED_EDGE('',*,*,#5605,.T.);
#5605 = EDGE_CURVE('',#5598,#5606,#5608,.T.);
#5606 = VERTEX_POINT('',#5607);
#5607 = CARTESIAN_POINT('',(116.95,-14.88594495113,9.663640340885));
#5608 = LINE('',#5609,#5610);
#5609 = CARTESIAN_POINT('',(114.3,-18.15,-8.881784197001E-16));
#5610 = VECTOR('',#5611,1.);
#5611 = DIRECTION('',(0.25145608602,0.309723210242,0.916974028989));
#5612 = ORIENTED_EDGE('',*,*,#5613,.F.);
#5613 = EDGE_CURVE('',#5559,#5606,#5614,.T.);
#5614 = B_SPLINE_CURVE_WITH_KNOTS('',4,(#5615,#5616,#5617,#5618,#5619,
    #5620,#5621,#5622,#5623,#5624,#5625,#5626,#5627,#5628),
  .UNSPECIFIED.,.F.,.F.,(5,3,3,3,5),(0.,0.244321048112,0.49741180762,
    0.749508839376,1.),.UNSPECIFIED.);
#5615 = CARTESIAN_POINT('',(116.95,-0.749999999995,7.864318152262));
#5616 = CARTESIAN_POINT('',(116.95199389567,-1.613357177026,
    7.973716326323));
#5617 = CARTESIAN_POINT('',(116.95360352329,-2.47673059442,
    8.083212371701));
#5618 = CARTESIAN_POINT('',(116.95485421,-3.340117960249,8.192799511949)
  );
#5619 = CARTESIAN_POINT('',(116.95671379812,-5.097908190144,8.4160812471
    ));
#5620 = CARTESIAN_POINT('',(116.95729807325,-5.992311939733,
    8.529782076576));
#5621 = CARTESIAN_POINT('',(116.95754451202,-6.886726880785,
    8.643568254922));
#5622 = CARTESIAN_POINT('',(116.95740302406,-8.672064436616,
    8.870853688588));
#5623 = CARTESIAN_POINT('',(116.95701760319,-9.562986968921,
    8.984352309772));
#5624 = CARTESIAN_POINT('',(116.95633764789,-10.45391775545,
    9.097925164352));
#5625 = CARTESIAN_POINT('',(116.954429446,-12.23011838225,9.324486675821
    ));
#5626 = CARTESIAN_POINT('',(116.95320473506,-13.11538812696,
    9.437474440477));
#5627 = CARTESIAN_POINT('',(116.95172338335,-14.00066391404,
    9.550526872198));
#5628 = CARTESIAN_POINT('',(116.95,-14.88594495114,9.663640340886));
#5629 = ORIENTED_EDGE('',*,*,#5556,.F.);
#5630 = B_SPLINE_SURFACE_WITH_KNOTS('',1,1,(
    (#5631,#5632)
    ,(#5633,#5634
    )),.UNSPECIFIED.,.F.,.F.,.F.,(2,2),(2,2),(0.,12.605015425587),(0.,1.
    ),.PIECEWISE_BEZIER_KNOTS.);
#5631 = CARTESIAN_POINT('',(114.3,-18.15,-8.881784197001E-16));
#5632 = CARTESIAN_POINT('',(114.3,0.,0.));
#5633 = CARTESIAN_POINT('',(117.46960784313,-14.24593415724,
    11.558471780274));
#5634 = CARTESIAN_POINT('',(117.62088607594,-0.939873417722,
    9.855284773088));
#5635 = ADVANCED_FACE('',(#5636),#5680,.F.);
#5636 = FACE_BOUND('',#5637,.F.);
#5637 = EDGE_LOOP('',(#5638,#5657,#5678,#5679));
#5638 = ORIENTED_EDGE('',*,*,#5639,.T.);
#5639 = EDGE_CURVE('',#5575,#5640,#5642,.T.);
#5640 = VERTEX_POINT('',#5641);
#5641 = CARTESIAN_POINT('',(129.8,-14.88594495113,9.663640340885));
#5642 = B_SPLINE_CURVE_WITH_KNOTS('',4,(#5643,#5644,#5645,#5646,#5647,
    #5648,#5649,#5650,#5651,#5652,#5653,#5654,#5655,#5656),
  .UNSPECIFIED.,.F.,.F.,(5,3,3,3,5),(0.,0.244321048112,0.49741180762,
    0.749508839376,1.),.UNSPECIFIED.);
#5643 = CARTESIAN_POINT('',(129.8,-0.750000000001,7.864318152262));
#5644 = CARTESIAN_POINT('',(129.79800610432,-1.61335717703,
    7.973716326323));
#5645 = CARTESIAN_POINT('',(129.7963964767,-2.476730594424,
    8.083212371702));
#5646 = CARTESIAN_POINT('',(129.79514578999,-3.340117960251,
    8.192799511949));
#5647 = CARTESIAN_POINT('',(129.79328620187,-5.097908190144,8.4160812471
    ));
#5648 = CARTESIAN_POINT('',(129.79270192674,-5.992311939733,
    8.529782076576));
#5649 = CARTESIAN_POINT('',(129.79245548797,-6.886726880785,
    8.643568254922));
#5650 = CARTESIAN_POINT('',(129.79259697593,-8.672064436616,
    8.870853688588));
#5651 = CARTESIAN_POINT('',(129.7929823968,-9.562986968921,
    8.984352309772));
#5652 = CARTESIAN_POINT('',(129.7936623521,-10.45391775545,
    9.097925164352));
#5653 = CARTESIAN_POINT('',(129.79557055399,-12.23011838225,
    9.324486675821));
#5654 = CARTESIAN_POINT('',(129.79679526493,-13.11538812696,
    9.437474440477));
#5655 = CARTESIAN_POINT('',(129.79827661664,-14.00066391404,
    9.550526872198));
#5656 = CARTESIAN_POINT('',(129.8,-14.88594495113,9.663640340885));
#5657 = ORIENTED_EDGE('',*,*,#5658,.F.);
#5658 = EDGE_CURVE('',#5606,#5640,#5659,.T.);
#5659 = B_SPLINE_CURVE_WITH_KNOTS('',5,(#5660,#5661,#5662,#5663,#5664,
    #5665,#5666,#5667,#5668,#5669,#5670,#5671,#5672,#5673,#5674,#5675,
    #5676,#5677),.UNSPECIFIED.,.F.,.F.,(6,4,4,4,6),(0.,0.250574463492,
    0.499524839263,0.748929904404,1.),.UNSPECIFIED.);
#5660 = CARTESIAN_POINT('',(116.95,-14.88594495113,9.663640340885));
#5661 = CARTESIAN_POINT('',(117.57869887353,-14.93659039971,
    9.513698200608));
#5662 = CARTESIAN_POINT('',(118.21306988154,-14.98110171023,
    9.381916937882));
#5663 = CARTESIAN_POINT('',(118.85221988824,-15.01937547298,
    9.268602709976));
#5664 = CARTESIAN_POINT('',(119.49522355987,-15.05133171628,
    9.173992283003));
#5665 = CARTESIAN_POINT('',(120.78283389019,-15.10233509522,
    9.022990445446));
#5666 = CARTESIAN_POINT('',(121.42740636464,-15.12146472737,
    8.966354793721));
#5667 = CARTESIAN_POINT('',(122.07389840563,-15.13425195822,
    8.928496608705));
#5668 = CARTESIAN_POINT('',(122.72135780231,-15.14067002354,
    8.909495129269));
#5669 = CARTESIAN_POINT('',(124.01746685532,-15.14076736839,
    8.909206927751));
#5670 = CARTESIAN_POINT('',(124.66611981082,-15.13442336024,
    8.927989151748));
#5671 = CARTESIAN_POINT('',(125.31381111728,-15.12168669333,
    8.965697635924));
#5672 = CARTESIAN_POINT('',(125.9595832732,-15.10258412416,
    9.022253164342));
#5673 = CARTESIAN_POINT('',(127.24968894224,-15.0515844039,
    9.173244169894));
#5674 = CARTESIAN_POINT('',(127.89398736076,-15.01960251498,
    9.267930523953));
#5675 = CARTESIAN_POINT('',(128.53442053619,-14.98127777218,
    9.381395684625));
#5676 = CARTESIAN_POINT('',(129.17005757074,-14.93669057555,
    9.513401617594));
#5677 = CARTESIAN_POINT('',(129.8,-14.88594495113,9.663640340885));
#5678 = ORIENTED_EDGE('',*,*,#5613,.F.);
#5679 = ORIENTED_EDGE('',*,*,#5582,.F.);
#5680 = SURFACE_OF_LINEAR_EXTRUSION('',#5681,#5686);
#5681 = CIRCLE('',#5682,26.200390625003);
#5682 = AXIS2_PLACEMENT_3D('',#5683,#5684,#5685);
#5683 = CARTESIAN_POINT('',(123.375,-3.161429489716,33.149983097422));
#5684 = DIRECTION('',(0.,0.995483310413,9.493670886076E-02));
#5685 = DIRECTION('',(-1.,0.,0.));
#5686 = VECTOR('',#5687,1.);
#5687 = DIRECTION('',(0.,0.991996136922,-0.126268223763));
#5688 = ADVANCED_FACE('',(#5689),#5707,.F.);
#5689 = FACE_BOUND('',#5690,.F.);
#5690 = EDGE_LOOP('',(#5691,#5699,#5705,#5706));
#5691 = ORIENTED_EDGE('',*,*,#5692,.F.);
#5692 = EDGE_CURVE('',#5693,#5567,#5695,.T.);
#5693 = VERTEX_POINT('',#5694);
#5694 = CARTESIAN_POINT('',(132.45,-18.15,-4.440892098501E-16));
#5695 = LINE('',#5696,#5697);
#5696 = CARTESIAN_POINT('',(132.45,-18.15,0.));
#5697 = VECTOR('',#5698,1.);
#5698 = DIRECTION('',(0.,1.,0.));
#5699 = ORIENTED_EDGE('',*,*,#5700,.T.);
#5700 = EDGE_CURVE('',#5693,#5640,#5701,.T.);
#5701 = LINE('',#5702,#5703);
#5702 = CARTESIAN_POINT('',(132.45,-18.15,-8.881784197001E-16));
#5703 = VECTOR('',#5704,1.);
#5704 = DIRECTION('',(-0.25145608602,0.309723210242,0.916974028989));
#5705 = ORIENTED_EDGE('',*,*,#5639,.F.);
#5706 = ORIENTED_EDGE('',*,*,#5574,.F.);
#5707 = B_SPLINE_SURFACE_WITH_KNOTS('',1,1,(
    (#5708,#5709)
    ,(#5710,#5711
    )),.UNSPECIFIED.,.F.,.F.,.F.,(2,2),(2,2),(0.,12.605015425587),(0.,1.
    ),.PIECEWISE_BEZIER_KNOTS.);
#5708 = CARTESIAN_POINT('',(132.45,-18.15,-8.881784197001E-16));
#5709 = CARTESIAN_POINT('',(132.45,0.,0.));
#5710 = CARTESIAN_POINT('',(129.28039215686,-14.24593415724,
    11.558471780274));
#5711 = CARTESIAN_POINT('',(129.12911392405,-0.939873417722,
    9.855284773088));
#5712 = ADVANCED_FACE('',(#5713),#5724,.F.);
#5713 = FACE_BOUND('',#5714,.F.);
#5714 = EDGE_LOOP('',(#5715,#5721,#5722,#5723));
#5715 = ORIENTED_EDGE('',*,*,#5716,.T.);
#5716 = EDGE_CURVE('',#5598,#5693,#5717,.T.);
#5717 = LINE('',#5718,#5719);
#5718 = CARTESIAN_POINT('',(114.3,-18.15,0.));
#5719 = VECTOR('',#5720,1.);
#5720 = DIRECTION('',(1.,0.,0.));
#5721 = ORIENTED_EDGE('',*,*,#5692,.T.);
#5722 = ORIENTED_EDGE('',*,*,#5566,.F.);
#5723 = ORIENTED_EDGE('',*,*,#5597,.F.);
#5724 = PLANE('',#5725);
#5725 = AXIS2_PLACEMENT_3D('',#5726,#5727,#5728);
#5726 = CARTESIAN_POINT('',(114.3,-18.15,0.));
#5727 = DIRECTION('',(0.,0.,1.));
#5728 = DIRECTION('',(0.,1.,0.));
#5729 = ADVANCED_FACE('',(#5730),#5736,.F.);
#5730 = FACE_BOUND('',#5731,.F.);
#5731 = EDGE_LOOP('',(#5732,#5733,#5734,#5735));
#5732 = ORIENTED_EDGE('',*,*,#5716,.F.);
#5733 = ORIENTED_EDGE('',*,*,#5605,.T.);
#5734 = ORIENTED_EDGE('',*,*,#5658,.T.);
#5735 = ORIENTED_EDGE('',*,*,#5700,.F.);
#5736 = PLANE('',#5737);
#5737 = AXIS2_PLACEMENT_3D('',#5738,#5739,#5740);
#5738 = CARTESIAN_POINT('',(114.3,-14.88594495113,9.663640340885));
#5739 = DIRECTION('',(0.,0.947415719695,-0.320005396948));
#5740 = DIRECTION('',(0.,-0.320005396948,-0.947415719695));
#5741 = MANIFOLD_SOLID_BREP('',#5742);
#5742 = CLOSED_SHELL('',(#5743,#5784,#5826,#5879,#5903,#5920));
#5743 = ADVANCED_FACE('',(#5744),#5779,.F.);
#5744 = FACE_BOUND('',#5745,.F.);
#5745 = EDGE_LOOP('',(#5746,#5756,#5764,#5772));
#5746 = ORIENTED_EDGE('',*,*,#5747,.F.);
#5747 = EDGE_CURVE('',#5748,#5750,#5752,.T.);
#5748 = VERTEX_POINT('',#5749);
#5749 = CARTESIAN_POINT('',(133.35,0.,0.));
#5750 = VERTEX_POINT('',#5751);
#5751 = CARTESIAN_POINT('',(136.,-0.75,7.864318152262));
#5752 = LINE('',#5753,#5754);
#5753 = CARTESIAN_POINT('',(133.35,0.,0.));
#5754 = VECTOR('',#5755,1.);
#5755 = DIRECTION('',(0.318027351528,-9.00077409986E-02,0.943799348506)
  );
#5756 = ORIENTED_EDGE('',*,*,#5757,.T.);
#5757 = EDGE_CURVE('',#5748,#5758,#5760,.T.);
#5758 = VERTEX_POINT('',#5759);
#5759 = CARTESIAN_POINT('',(151.5,0.,0.));
#5760 = LINE('',#5761,#5762);
#5761 = CARTESIAN_POINT('',(133.35,0.,0.));
#5762 = VECTOR('',#5763,1.);
#5763 = DIRECTION('',(1.,0.,0.));
#5764 = ORIENTED_EDGE('',*,*,#5765,.T.);
#5765 = EDGE_CURVE('',#5758,#5766,#5768,.T.);
#5766 = VERTEX_POINT('',#5767);
#5767 = CARTESIAN_POINT('',(148.85,-0.75,7.864318152262));
#5768 = LINE('',#5769,#5770);
#5769 = CARTESIAN_POINT('',(151.5,0.,0.));
#5770 = VECTOR('',#5771,1.);
#5771 = DIRECTION('',(-0.318027351528,-9.00077409986E-02,0.943799348506)
  );
#5772 = ORIENTED_EDGE('',*,*,#5773,.T.);
#5773 = EDGE_CURVE('',#5766,#5750,#5774,.T.);
#5774 = CIRCLE('',#5775,26.200390625003);
#5775 = AXIS2_PLACEMENT_3D('',#5776,#5777,#5778);
#5776 = CARTESIAN_POINT('',(142.425,-3.161429489716,33.149983097422));
#5777 = DIRECTION('',(0.,0.995483310413,9.493670886076E-02));
#5778 = DIRECTION('',(-1.,0.,0.));
#5779 = PLANE('',#5780);
#5780 = AXIS2_PLACEMENT_3D('',#5781,#5782,#5783);
#5781 = CARTESIAN_POINT('',(133.35,0.,0.));
#5782 = DIRECTION('',(0.,-0.995483310413,-9.493670886076E-02));
#5783 = DIRECTION('',(0.,-9.493670886076E-02,0.995483310413));
#5784 = ADVANCED_FACE('',(#5785),#5821,.T.);
#5785 = FACE_BOUND('',#5786,.T.);
#5786 = EDGE_LOOP('',(#5787,#5795,#5803,#5820));
#5787 = ORIENTED_EDGE('',*,*,#5788,.F.);
#5788 = EDGE_CURVE('',#5789,#5748,#5791,.T.);
#5789 = VERTEX_POINT('',#5790);
#5790 = CARTESIAN_POINT('',(133.35,-18.15,-4.440892098501E-16));
#5791 = LINE('',#5792,#5793);
#5792 = CARTESIAN_POINT('',(133.35,-18.15,0.));
#5793 = VECTOR('',#5794,1.);
#5794 = DIRECTION('',(0.,1.,0.));
#5795 = ORIENTED_EDGE('',*,*,#5796,.T.);
#5796 = EDGE_CURVE('',#5789,#5797,#5799,.T.);
#5797 = VERTEX_POINT('',#5798);
#5798 = CARTESIAN_POINT('',(136.,-14.88594495113,9.663640340885));
#5799 = LINE('',#5800,#5801);
#5800 = CARTESIAN_POINT('',(133.35,-18.15,-8.881784197001E-16));
#5801 = VECTOR('',#5802,1.);
#5802 = DIRECTION('',(0.25145608602,0.309723210242,0.916974028989));
#5803 = ORIENTED_EDGE('',*,*,#5804,.F.);
#5804 = EDGE_CURVE('',#5750,#5797,#5805,.T.);
#5805 = B_SPLINE_CURVE_WITH_KNOTS('',4,(#5806,#5807,#5808,#5809,#5810,
    #5811,#5812,#5813,#5814,#5815,#5816,#5817,#5818,#5819),
  .UNSPECIFIED.,.F.,.F.,(5,3,3,3,5),(0.,0.244321048112,0.49741180762,
    0.749508839376,1.),.UNSPECIFIED.);
#5806 = CARTESIAN_POINT('',(136.,-0.749999999995,7.864318152262));
#5807 = CARTESIAN_POINT('',(136.00199389567,-1.613357177026,
    7.973716326323));
#5808 = CARTESIAN_POINT('',(136.00360352329,-2.47673059442,
    8.083212371701));
#5809 = CARTESIAN_POINT('',(136.00485421,-3.340117960249,8.192799511949)
  );
#5810 = CARTESIAN_POINT('',(136.00671379812,-5.097908190144,8.4160812471
    ));
#5811 = CARTESIAN_POINT('',(136.00729807325,-5.992311939733,
    8.529782076576));
#5812 = CARTESIAN_POINT('',(136.00754451202,-6.886726880785,
    8.643568254922));
#5813 = CARTESIAN_POINT('',(136.00740302406,-8.672064436616,
    8.870853688588));
#5814 = CARTESIAN_POINT('',(136.00701760319,-9.562986968921,
    8.984352309772));
#5815 = CARTESIAN_POINT('',(136.00633764789,-10.45391775545,
    9.097925164352));
#5816 = CARTESIAN_POINT('',(136.004429446,-12.23011838225,9.324486675821
    ));
#5817 = CARTESIAN_POINT('',(136.00320473506,-13.11538812696,
    9.437474440477));
#5818 = CARTESIAN_POINT('',(136.00172338335,-14.00066391404,
    9.550526872198));
#5819 = CARTESIAN_POINT('',(136.,-14.88594495114,9.663640340886));
#5820 = ORIENTED_EDGE('',*,*,#5747,.F.);
#5821 = B_SPLINE_SURFACE_WITH_KNOTS('',1,1,(
    (#5822,#5823)
    ,(#5824,#5825
    )),.UNSPECIFIED.,.F.,.F.,.F.,(2,2),(2,2),(0.,12.605015425587),(0.,1.
    ),.PIECEWISE_BEZIER_KNOTS.);
#5822 = CARTESIAN_POINT('',(133.35,-18.15,-8.881784197001E-16));
#5823 = CARTESIAN_POINT('',(133.35,0.,0.));
#5824 = CARTESIAN_POINT('',(136.51960784313,-14.24593415724,
    11.558471780274));
#5825 = CARTESIAN_POINT('',(136.67088607594,-0.939873417722,
    9.855284773088));
#5826 = ADVANCED_FACE('',(#5827),#5871,.F.);
#5827 = FACE_BOUND('',#5828,.F.);
#5828 = EDGE_LOOP('',(#5829,#5848,#5869,#5870));
#5829 = ORIENTED_EDGE('',*,*,#5830,.T.);
#5830 = EDGE_CURVE('',#5766,#5831,#5833,.T.);
#5831 = VERTEX_POINT('',#5832);
#5832 = CARTESIAN_POINT('',(148.85,-14.88594495113,9.663640340885));
#5833 = B_SPLINE_CURVE_WITH_KNOTS('',4,(#5834,#5835,#5836,#5837,#5838,
    #5839,#5840,#5841,#5842,#5843,#5844,#5845,#5846,#5847),
  .UNSPECIFIED.,.F.,.F.,(5,3,3,3,5),(0.,0.244321048112,0.49741180762,
    0.749508839376,1.),.UNSPECIFIED.);
#5834 = CARTESIAN_POINT('',(148.85,-0.750000000001,7.864318152262));
#5835 = CARTESIAN_POINT('',(148.84800610432,-1.61335717703,
    7.973716326323));
#5836 = CARTESIAN_POINT('',(148.8463964767,-2.476730594424,
    8.083212371702));
#5837 = CARTESIAN_POINT('',(148.84514578999,-3.340117960251,
    8.192799511949));
#5838 = CARTESIAN_POINT('',(148.84328620187,-5.097908190144,8.4160812471
    ));
#5839 = CARTESIAN_POINT('',(148.84270192674,-5.992311939733,
    8.529782076576));
#5840 = CARTESIAN_POINT('',(148.84245548797,-6.886726880785,
    8.643568254922));
#5841 = CARTESIAN_POINT('',(148.84259697593,-8.672064436616,
    8.870853688588));
#5842 = CARTESIAN_POINT('',(148.8429823968,-9.562986968921,
    8.984352309772));
#5843 = CARTESIAN_POINT('',(148.8436623521,-10.45391775545,
    9.097925164352));
#5844 = CARTESIAN_POINT('',(148.84557055399,-12.23011838225,
    9.324486675821));
#5845 = CARTESIAN_POINT('',(148.84679526493,-13.11538812696,
    9.437474440477));
#5846 = CARTESIAN_POINT('',(148.84827661664,-14.00066391404,
    9.550526872198));
#5847 = CARTESIAN_POINT('',(148.85,-14.88594495113,9.663640340885));
#5848 = ORIENTED_EDGE('',*,*,#5849,.F.);
#5849 = EDGE_CURVE('',#5797,#5831,#5850,.T.);
#5850 = B_SPLINE_CURVE_WITH_KNOTS('',5,(#5851,#5852,#5853,#5854,#5855,
    #5856,#5857,#5858,#5859,#5860,#5861,#5862,#5863,#5864,#5865,#5866,
    #5867,#5868),.UNSPECIFIED.,.F.,.F.,(6,4,4,4,6),(0.,0.250574463492,
    0.499524839263,0.748929904404,1.),.UNSPECIFIED.);
#5851 = CARTESIAN_POINT('',(136.,-14.88594495113,9.663640340885));
#5852 = CARTESIAN_POINT('',(136.62869887353,-14.93659039971,
    9.513698200608));
#5853 = CARTESIAN_POINT('',(137.26306988154,-14.98110171023,
    9.381916937882));
#5854 = CARTESIAN_POINT('',(137.90221988824,-15.01937547298,
    9.268602709976));
#5855 = CARTESIAN_POINT('',(138.54522355987,-15.05133171628,
    9.173992283003));
#5856 = CARTESIAN_POINT('',(139.83283389019,-15.10233509522,
    9.022990445446));
#5857 = CARTESIAN_POINT('',(140.47740636464,-15.12146472737,
    8.966354793721));
#5858 = CARTESIAN_POINT('',(141.12389840563,-15.13425195822,
    8.928496608705));
#5859 = CARTESIAN_POINT('',(141.77135780231,-15.14067002354,
    8.909495129269));
#5860 = CARTESIAN_POINT('',(143.06746685532,-15.14076736839,
    8.909206927751));
#5861 = CARTESIAN_POINT('',(143.71611981082,-15.13442336024,
    8.927989151748));
#5862 = CARTESIAN_POINT('',(144.36381111728,-15.12168669333,
    8.965697635924));
#5863 = CARTESIAN_POINT('',(145.0095832732,-15.10258412416,
    9.022253164342));
#5864 = CARTESIAN_POINT('',(146.29968894224,-15.0515844039,
    9.173244169894));
#5865 = CARTESIAN_POINT('',(146.94398736076,-15.01960251498,
    9.267930523953));
#5866 = CARTESIAN_POINT('',(147.58442053619,-14.98127777218,
    9.381395684625));
#5867 = CARTESIAN_POINT('',(148.22005757074,-14.93669057555,
    9.513401617594));
#5868 = CARTESIAN_POINT('',(148.85,-14.88594495113,9.663640340885));
#5869 = ORIENTED_EDGE('',*,*,#5804,.F.);
#5870 = ORIENTED_EDGE('',*,*,#5773,.F.);
#5871 = SURFACE_OF_LINEAR_EXTRUSION('',#5872,#5877);
#5872 = CIRCLE('',#5873,26.200390625003);
#5873 = AXIS2_PLACEMENT_3D('',#5874,#5875,#5876);
#5874 = CARTESIAN_POINT('',(142.425,-3.161429489716,33.149983097422));
#5875 = DIRECTION('',(0.,0.995483310413,9.493670886076E-02));
#5876 = DIRECTION('',(-1.,0.,0.));
#5877 = VECTOR('',#5878,1.);
#5878 = DIRECTION('',(0.,0.991996136922,-0.126268223763));
#5879 = ADVANCED_FACE('',(#5880),#5898,.F.);
#5880 = FACE_BOUND('',#5881,.F.);
#5881 = EDGE_LOOP('',(#5882,#5890,#5896,#5897));
#5882 = ORIENTED_EDGE('',*,*,#5883,.F.);
#5883 = EDGE_CURVE('',#5884,#5758,#5886,.T.);
#5884 = VERTEX_POINT('',#5885);
#5885 = CARTESIAN_POINT('',(151.5,-18.15,-4.440892098501E-16));
#5886 = LINE('',#5887,#5888);
#5887 = CARTESIAN_POINT('',(151.5,-18.15,0.));
#5888 = VECTOR('',#5889,1.);
#5889 = DIRECTION('',(0.,1.,0.));
#5890 = ORIENTED_EDGE('',*,*,#5891,.T.);
#5891 = EDGE_CURVE('',#5884,#5831,#5892,.T.);
#5892 = LINE('',#5893,#5894);
#5893 = CARTESIAN_POINT('',(151.5,-18.15,-8.881784197001E-16));
#5894 = VECTOR('',#5895,1.);
#5895 = DIRECTION('',(-0.25145608602,0.309723210242,0.916974028989));
#5896 = ORIENTED_EDGE('',*,*,#5830,.F.);
#5897 = ORIENTED_EDGE('',*,*,#5765,.F.);
#5898 = B_SPLINE_SURFACE_WITH_KNOTS('',1,1,(
    (#5899,#5900)
    ,(#5901,#5902
    )),.UNSPECIFIED.,.F.,.F.,.F.,(2,2),(2,2),(0.,12.605015425587),(0.,1.
    ),.PIECEWISE_BEZIER_KNOTS.);
#5899 = CARTESIAN_POINT('',(151.5,-18.15,-8.881784197001E-16));
#5900 = CARTESIAN_POINT('',(151.5,0.,0.));
#5901 = CARTESIAN_POINT('',(148.33039215686,-14.24593415724,
    11.558471780274));
#5902 = CARTESIAN_POINT('',(148.17911392405,-0.939873417722,
    9.855284773088));
#5903 = ADVANCED_FACE('',(#5904),#5915,.F.);
#5904 = FACE_BOUND('',#5905,.F.);
#5905 = EDGE_LOOP('',(#5906,#5912,#5913,#5914));
#5906 = ORIENTED_EDGE('',*,*,#5907,.T.);
#5907 = EDGE_CURVE('',#5789,#5884,#5908,.T.);
#5908 = LINE('',#5909,#5910);
#5909 = CARTESIAN_POINT('',(133.35,-18.15,0.));
#5910 = VECTOR('',#5911,1.);
#5911 = DIRECTION('',(1.,0.,0.));
#5912 = ORIENTED_EDGE('',*,*,#5883,.T.);
#5913 = ORIENTED_EDGE('',*,*,#5757,.F.);
#5914 = ORIENTED_EDGE('',*,*,#5788,.F.);
#5915 = PLANE('',#5916);
#5916 = AXIS2_PLACEMENT_3D('',#5917,#5918,#5919);
#5917 = CARTESIAN_POINT('',(133.35,-18.15,0.));
#5918 = DIRECTION('',(0.,0.,1.));
#5919 = DIRECTION('',(0.,1.,0.));
#5920 = ADVANCED_FACE('',(#5921),#5927,.F.);
#5921 = FACE_BOUND('',#5922,.F.);
#5922 = EDGE_LOOP('',(#5923,#5924,#5925,#5926));
#5923 = ORIENTED_EDGE('',*,*,#5907,.F.);
#5924 = ORIENTED_EDGE('',*,*,#5796,.T.);
#5925 = ORIENTED_EDGE('',*,*,#5849,.T.);
#5926 = ORIENTED_EDGE('',*,*,#5891,.F.);
#5927 = PLANE('',#5928);
#5928 = AXIS2_PLACEMENT_3D('',#5929,#5930,#5931);
#5929 = CARTESIAN_POINT('',(133.35,-14.88594495113,9.663640340885));
#5930 = DIRECTION('',(0.,0.947415719695,-0.320005396948));
#5931 = DIRECTION('',(0.,-0.320005396948,-0.947415719695));
#5932 = MANIFOLD_SOLID_BREP('',#5933);
#5933 = CLOSED_SHELL('',(#5934,#5975,#6017,#6070,#6094,#6111));
#5934 = ADVANCED_FACE('',(#5935),#5970,.F.);
#5935 = FACE_BOUND('',#5936,.F.);
#5936 = EDGE_LOOP('',(#5937,#5947,#5955,#5963));
#5937 = ORIENTED_EDGE('',*,*,#5938,.F.);
#5938 = EDGE_CURVE('',#5939,#5941,#5943,.T.);
#5939 = VERTEX_POINT('',#5940);
#5940 = CARTESIAN_POINT('',(152.4,0.,0.));
#5941 = VERTEX_POINT('',#5942);
#5942 = CARTESIAN_POINT('',(155.05,-0.75,7.864318152262));
#5943 = LINE('',#5944,#5945);
#5944 = CARTESIAN_POINT('',(152.4,0.,0.));
#5945 = VECTOR('',#5946,1.);
#5946 = DIRECTION('',(0.318027351528,-9.00077409986E-02,0.943799348506)
  );
#5947 = ORIENTED_EDGE('',*,*,#5948,.T.);
#5948 = EDGE_CURVE('',#5939,#5949,#5951,.T.);
#5949 = VERTEX_POINT('',#5950);
#5950 = CARTESIAN_POINT('',(170.55,0.,0.));
#5951 = LINE('',#5952,#5953);
#5952 = CARTESIAN_POINT('',(152.4,0.,0.));
#5953 = VECTOR('',#5954,1.);
#5954 = DIRECTION('',(1.,0.,0.));
#5955 = ORIENTED_EDGE('',*,*,#5956,.T.);
#5956 = EDGE_CURVE('',#5949,#5957,#5959,.T.);
#5957 = VERTEX_POINT('',#5958);
#5958 = CARTESIAN_POINT('',(167.9,-0.75,7.864318152262));
#5959 = LINE('',#5960,#5961);
#5960 = CARTESIAN_POINT('',(170.55,0.,0.));
#5961 = VECTOR('',#5962,1.);
#5962 = DIRECTION('',(-0.318027351528,-9.00077409986E-02,0.943799348506)
  );
#5963 = ORIENTED_EDGE('',*,*,#5964,.T.);
#5964 = EDGE_CURVE('',#5957,#5941,#5965,.T.);
#5965 = CIRCLE('',#5966,26.200390625003);
#5966 = AXIS2_PLACEMENT_3D('',#5967,#5968,#5969);
#5967 = CARTESIAN_POINT('',(161.475,-3.161429489716,33.149983097422));
#5968 = DIRECTION('',(0.,0.995483310413,9.493670886076E-02));
#5969 = DIRECTION('',(-1.,0.,0.));
#5970 = PLANE('',#5971);
#5971 = AXIS2_PLACEMENT_3D('',#5972,#5973,#5974);
#5972 = CARTESIAN_POINT('',(152.4,0.,0.));
#5973 = DIRECTION('',(0.,-0.995483310413,-9.493670886076E-02));
#5974 = DIRECTION('',(0.,-9.493670886076E-02,0.995483310413));
#5975 = ADVANCED_FACE('',(#5976),#6012,.T.);
#5976 = FACE_BOUND('',#5977,.T.);
#5977 = EDGE_LOOP('',(#5978,#5986,#5994,#6011));
#5978 = ORIENTED_EDGE('',*,*,#5979,.F.);
#5979 = EDGE_CURVE('',#5980,#5939,#5982,.T.);
#5980 = VERTEX_POINT('',#5981);
#5981 = CARTESIAN_POINT('',(152.4,-18.15,-4.440892098501E-16));
#5982 = LINE('',#5983,#5984);
#5983 = CARTESIAN_POINT('',(152.4,-18.15,0.));
#5984 = VECTOR('',#5985,1.);
#5985 = DIRECTION('',(0.,1.,0.));
#5986 = ORIENTED_EDGE('',*,*,#5987,.T.);
#5987 = EDGE_CURVE('',#5980,#5988,#5990,.T.);
#5988 = VERTEX_POINT('',#5989);
#5989 = CARTESIAN_POINT('',(155.05,-14.88594495113,9.663640340885));
#5990 = LINE('',#5991,#5992);
#5991 = CARTESIAN_POINT('',(152.4,-18.15,-8.881784197001E-16));
#5992 = VECTOR('',#5993,1.);
#5993 = DIRECTION('',(0.25145608602,0.309723210242,0.916974028989));
#5994 = ORIENTED_EDGE('',*,*,#5995,.F.);
#5995 = EDGE_CURVE('',#5941,#5988,#5996,.T.);
#5996 = B_SPLINE_CURVE_WITH_KNOTS('',4,(#5997,#5998,#5999,#6000,#6001,
    #6002,#6003,#6004,#6005,#6006,#6007,#6008,#6009,#6010),
  .UNSPECIFIED.,.F.,.F.,(5,3,3,3,5),(0.,0.244321048112,0.49741180762,
    0.749508839376,1.),.UNSPECIFIED.);
#5997 = CARTESIAN_POINT('',(155.05,-0.749999999995,7.864318152262));
#5998 = CARTESIAN_POINT('',(155.05199389567,-1.613357177026,
    7.973716326323));
#5999 = CARTESIAN_POINT('',(155.05360352329,-2.47673059442,
    8.083212371701));
#6000 = CARTESIAN_POINT('',(155.05485421,-3.340117960249,8.192799511949)
  );
#6001 = CARTESIAN_POINT('',(155.05671379812,-5.097908190144,8.4160812471
    ));
#6002 = CARTESIAN_POINT('',(155.05729807325,-5.992311939733,
    8.529782076576));
#6003 = CARTESIAN_POINT('',(155.05754451202,-6.886726880785,
    8.643568254922));
#6004 = CARTESIAN_POINT('',(155.05740302406,-8.672064436616,
    8.870853688588));
#6005 = CARTESIAN_POINT('',(155.05701760319,-9.562986968921,
    8.984352309772));
#6006 = CARTESIAN_POINT('',(155.05633764789,-10.45391775545,
    9.097925164352));
#6007 = CARTESIAN_POINT('',(155.054429446,-12.23011838225,9.324486675821
    ));
#6008 = CARTESIAN_POINT('',(155.05320473506,-13.11538812696,
    9.437474440477));
#6009 = CARTESIAN_POINT('',(155.05172338335,-14.00066391404,
    9.550526872198));
#6010 = CARTESIAN_POINT('',(155.05,-14.88594495114,9.663640340886));
#6011 = ORIENTED_EDGE('',*,*,#5938,.F.);
#6012 = B_SPLINE_SURFACE_WITH_KNOTS('',1,1,(
    (#6013,#6014)
    ,(#6015,#6016
    )),.UNSPECIFIED.,.F.,.F.,.F.,(2,2),(2,2),(0.,12.605015425587),(0.,1.
    ),.PIECEWISE_BEZIER_KNOTS.);
#6013 = CARTESIAN_POINT('',(152.4,-18.15,-8.881784197001E-16));
#6014 = CARTESIAN_POINT('',(152.4,0.,0.));
#6015 = CARTESIAN_POINT('',(155.56960784313,-14.24593415724,
    11.558471780274));
#6016 = CARTESIAN_POINT('',(155.72088607594,-0.939873417722,
    9.855284773088));
#6017 = ADVANCED_FACE('',(#6018),#6062,.F.);
#6018 = FACE_BOUND('',#6019,.F.);
#6019 = EDGE_LOOP('',(#6020,#6039,#6060,#6061));
#6020 = ORIENTED_EDGE('',*,*,#6021,.T.);
#6021 = EDGE_CURVE('',#5957,#6022,#6024,.T.);
#6022 = VERTEX_POINT('',#6023);
#6023 = CARTESIAN_POINT('',(167.9,-14.88594495113,9.663640340885));
#6024 = B_SPLINE_CURVE_WITH_KNOTS('',4,(#6025,#6026,#6027,#6028,#6029,
    #6030,#6031,#6032,#6033,#6034,#6035,#6036,#6037,#6038),
  .UNSPECIFIED.,.F.,.F.,(5,3,3,3,5),(0.,0.244321048112,0.49741180762,
    0.749508839376,1.),.UNSPECIFIED.);
#6025 = CARTESIAN_POINT('',(167.9,-0.750000000001,7.864318152262));
#6026 = CARTESIAN_POINT('',(167.89800610432,-1.61335717703,
    7.973716326323));
#6027 = CARTESIAN_POINT('',(167.8963964767,-2.476730594424,
    8.083212371702));
#6028 = CARTESIAN_POINT('',(167.89514578999,-3.340117960251,
    8.192799511949));
#6029 = CARTESIAN_POINT('',(167.89328620187,-5.097908190144,8.4160812471
    ));
#6030 = CARTESIAN_POINT('',(167.89270192674,-5.992311939733,
    8.529782076576));
#6031 = CARTESIAN_POINT('',(167.89245548797,-6.886726880785,
    8.643568254922));
#6032 = CARTESIAN_POINT('',(167.89259697593,-8.672064436616,
    8.870853688588));
#6033 = CARTESIAN_POINT('',(167.8929823968,-9.562986968921,
    8.984352309772));
#6034 = CARTESIAN_POINT('',(167.8936623521,-10.45391775545,
    9.097925164352));
#6035 = CARTESIAN_POINT('',(167.89557055399,-12.23011838225,
    9.324486675821));
#6036 = CARTESIAN_POINT('',(167.89679526493,-13.11538812696,
    9.437474440477));
#6037 = CARTESIAN_POINT('',(167.89827661664,-14.00066391404,
    9.550526872198));
#6038 = CARTESIAN_POINT('',(167.9,-14.88594495113,9.663640340885));
#6039 = ORIENTED_EDGE('',*,*,#6040,.F.);
#6040 = EDGE_CURVE('',#5988,#6022,#6041,.T.);
#6041 = B_SPLINE_CURVE_WITH_KNOTS('',5,(#6042,#6043,#6044,#6045,#6046,
    #6047,#6048,#6049,#6050,#6051,#6052,#6053,#6054,#6055,#6056,#6057,
    #6058,#6059),.UNSPECIFIED.,.F.,.F.,(6,4,4,4,6),(0.,0.250574463492,
    0.499524839263,0.748929904404,1.),.UNSPECIFIED.);
#6042 = CARTESIAN_POINT('',(155.05,-14.88594495113,9.663640340885));
#6043 = CARTESIAN_POINT('',(155.67869887353,-14.93659039971,
    9.513698200608));
#6044 = CARTESIAN_POINT('',(156.31306988154,-14.98110171023,
    9.381916937882));
#6045 = CARTESIAN_POINT('',(156.95221988824,-15.01937547298,
    9.268602709976));
#6046 = CARTESIAN_POINT('',(157.59522355987,-15.05133171628,
    9.173992283003));
#6047 = CARTESIAN_POINT('',(158.88283389019,-15.10233509522,
    9.022990445446));
#6048 = CARTESIAN_POINT('',(159.52740636464,-15.12146472737,
    8.966354793721));
#6049 = CARTESIAN_POINT('',(160.17389840563,-15.13425195822,
    8.928496608705));
#6050 = CARTESIAN_POINT('',(160.82135780231,-15.14067002354,
    8.909495129269));
#6051 = CARTESIAN_POINT('',(162.11746685532,-15.14076736839,
    8.909206927751));
#6052 = CARTESIAN_POINT('',(162.76611981082,-15.13442336024,
    8.927989151748));
#6053 = CARTESIAN_POINT('',(163.41381111728,-15.12168669333,
    8.965697635924));
#6054 = CARTESIAN_POINT('',(164.0595832732,-15.10258412416,
    9.022253164342));
#6055 = CARTESIAN_POINT('',(165.34968894224,-15.0515844039,
    9.173244169894));
#6056 = CARTESIAN_POINT('',(165.99398736076,-15.01960251498,
    9.267930523953));
#6057 = CARTESIAN_POINT('',(166.63442053619,-14.98127777218,
    9.381395684625));
#6058 = CARTESIAN_POINT('',(167.27005757074,-14.93669057555,
    9.513401617594));
#6059 = CARTESIAN_POINT('',(167.9,-14.88594495113,9.663640340885));
#6060 = ORIENTED_EDGE('',*,*,#5995,.F.);
#6061 = ORIENTED_EDGE('',*,*,#5964,.F.);
#6062 = SURFACE_OF_LINEAR_EXTRUSION('',#6063,#6068);
#6063 = CIRCLE('',#6064,26.200390625003);
#6064 = AXIS2_PLACEMENT_3D('',#6065,#6066,#6067);
#6065 = CARTESIAN_POINT('',(161.475,-3.161429489716,33.149983097422));
#6066 = DIRECTION('',(0.,0.995483310413,9.493670886076E-02));
#6067 = DIRECTION('',(-1.,0.,0.));
#6068 = VECTOR('',#6069,1.);
#6069 = DIRECTION('',(0.,0.991996136922,-0.126268223763));
#6070 = ADVANCED_FACE('',(#6071),#6089,.F.);
#6071 = FACE_BOUND('',#6072,.F.);
#6072 = EDGE_LOOP('',(#6073,#6081,#6087,#6088));
#6073 = ORIENTED_EDGE('',*,*,#6074,.F.);
#6074 = EDGE_CURVE('',#6075,#5949,#6077,.T.);
#6075 = VERTEX_POINT('',#6076);
#6076 = CARTESIAN_POINT('',(170.55,-18.15,-4.440892098501E-16));
#6077 = LINE('',#6078,#6079);
#6078 = CARTESIAN_POINT('',(170.55,-18.15,0.));
#6079 = VECTOR('',#6080,1.);
#6080 = DIRECTION('',(0.,1.,0.));
#6081 = ORIENTED_EDGE('',*,*,#6082,.T.);
#6082 = EDGE_CURVE('',#6075,#6022,#6083,.T.);
#6083 = LINE('',#6084,#6085);
#6084 = CARTESIAN_POINT('',(170.55,-18.15,-8.881784197001E-16));
#6085 = VECTOR('',#6086,1.);
#6086 = DIRECTION('',(-0.25145608602,0.309723210242,0.916974028989));
#6087 = ORIENTED_EDGE('',*,*,#6021,.F.);
#6088 = ORIENTED_EDGE('',*,*,#5956,.F.);
#6089 = B_SPLINE_SURFACE_WITH_KNOTS('',1,1,(
    (#6090,#6091)
    ,(#6092,#6093
    )),.UNSPECIFIED.,.F.,.F.,.F.,(2,2),(2,2),(0.,12.605015425587),(0.,1.
    ),.PIECEWISE_BEZIER_KNOTS.);
#6090 = CARTESIAN_POINT('',(170.55,-18.15,-8.881784197001E-16));
#6091 = CARTESIAN_POINT('',(170.55,0.,0.));
#6092 = CARTESIAN_POINT('',(167.38039215686,-14.24593415724,
    11.558471780274));
#6093 = CARTESIAN_POINT('',(167.22911392405,-0.939873417722,
    9.855284773088));
#6094 = ADVANCED_FACE('',(#6095),#6106,.F.);
#6095 = FACE_BOUND('',#6096,.F.);
#6096 = EDGE_LOOP('',(#6097,#6103,#6104,#6105));
#6097 = ORIENTED_EDGE('',*,*,#6098,.T.);
#6098 = EDGE_CURVE('',#5980,#6075,#6099,.T.);
#6099 = LINE('',#6100,#6101);
#6100 = CARTESIAN_POINT('',(152.4,-18.15,0.));
#6101 = VECTOR('',#6102,1.);
#6102 = DIRECTION('',(1.,0.,0.));
#6103 = ORIENTED_EDGE('',*,*,#6074,.T.);
#6104 = ORIENTED_EDGE('',*,*,#5948,.F.);
#6105 = ORIENTED_EDGE('',*,*,#5979,.F.);
#6106 = PLANE('',#6107);
#6107 = AXIS2_PLACEMENT_3D('',#6108,#6109,#6110);
#6108 = CARTESIAN_POINT('',(152.4,-18.15,0.));
#6109 = DIRECTION('',(0.,0.,1.));
#6110 = DIRECTION('',(0.,1.,0.));
#6111 = ADVANCED_FACE('',(#6112),#6118,.F.);
#6112 = FACE_BOUND('',#6113,.F.);
#6113 = EDGE_LOOP('',(#6114,#6115,#6116,#6117));
#6114 = ORIENTED_EDGE('',*,*,#6098,.F.);
#6115 = ORIENTED_EDGE('',*,*,#5987,.T.);
#6116 = ORIENTED_EDGE('',*,*,#6040,.T.);
#6117 = ORIENTED_EDGE('',*,*,#6082,.F.);
#6118 = PLANE('',#6119);
#6119 = AXIS2_PLACEMENT_3D('',#6120,#6121,#6122);
#6120 = CARTESIAN_POINT('',(152.4,-14.88594495113,9.663640340885));
#6121 = DIRECTION('',(0.,0.947415719695,-0.320005396948));
#6122 = DIRECTION('',(0.,-0.320005396948,-0.947415719695));
#6123 = MANIFOLD_SOLID_BREP('',#6124);
#6124 = CLOSED_SHELL('',(#6125,#6166,#6208,#6261,#6285,#6302));
#6125 = ADVANCED_FACE('',(#6126),#6161,.F.);
#6126 = FACE_BOUND('',#6127,.F.);
#6127 = EDGE_LOOP('',(#6128,#6138,#6146,#6154));
#6128 = ORIENTED_EDGE('',*,*,#6129,.F.);
#6129 = EDGE_CURVE('',#6130,#6132,#6134,.T.);
#6130 = VERTEX_POINT('',#6131);
#6131 = CARTESIAN_POINT('',(171.45,0.,0.));
#6132 = VERTEX_POINT('',#6133);
#6133 = CARTESIAN_POINT('',(174.1,-0.75,7.864318152262));
#6134 = LINE('',#6135,#6136);
#6135 = CARTESIAN_POINT('',(171.45,0.,0.));
#6136 = VECTOR('',#6137,1.);
#6137 = DIRECTION('',(0.318027351528,-9.00077409986E-02,0.943799348506)
  );
#6138 = ORIENTED_EDGE('',*,*,#6139,.T.);
#6139 = EDGE_CURVE('',#6130,#6140,#6142,.T.);
#6140 = VERTEX_POINT('',#6141);
#6141 = CARTESIAN_POINT('',(189.6,0.,0.));
#6142 = LINE('',#6143,#6144);
#6143 = CARTESIAN_POINT('',(171.45,0.,0.));
#6144 = VECTOR('',#6145,1.);
#6145 = DIRECTION('',(1.,0.,0.));
#6146 = ORIENTED_EDGE('',*,*,#6147,.T.);
#6147 = EDGE_CURVE('',#6140,#6148,#6150,.T.);
#6148 = VERTEX_POINT('',#6149);
#6149 = CARTESIAN_POINT('',(186.95,-0.75,7.864318152262));
#6150 = LINE('',#6151,#6152);
#6151 = CARTESIAN_POINT('',(189.6,0.,0.));
#6152 = VECTOR('',#6153,1.);
#6153 = DIRECTION('',(-0.318027351528,-9.00077409986E-02,0.943799348506)
  );
#6154 = ORIENTED_EDGE('',*,*,#6155,.T.);
#6155 = EDGE_CURVE('',#6148,#6132,#6156,.T.);
#6156 = CIRCLE('',#6157,26.200390625003);
#6157 = AXIS2_PLACEMENT_3D('',#6158,#6159,#6160);
#6158 = CARTESIAN_POINT('',(180.525,-3.161429489716,33.149983097422));
#6159 = DIRECTION('',(0.,0.995483310413,9.493670886076E-02));
#6160 = DIRECTION('',(-1.,0.,0.));
#6161 = PLANE('',#6162);
#6162 = AXIS2_PLACEMENT_3D('',#6163,#6164,#6165);
#6163 = CARTESIAN_POINT('',(171.45,0.,0.));
#6164 = DIRECTION('',(0.,-0.995483310413,-9.493670886076E-02));
#6165 = DIRECTION('',(0.,-9.493670886076E-02,0.995483310413));
#6166 = ADVANCED_FACE('',(#6167),#6203,.T.);
#6167 = FACE_BOUND('',#6168,.T.);
#6168 = EDGE_LOOP('',(#6169,#6177,#6185,#6202));
#6169 = ORIENTED_EDGE('',*,*,#6170,.F.);
#6170 = EDGE_CURVE('',#6171,#6130,#6173,.T.);
#6171 = VERTEX_POINT('',#6172);
#6172 = CARTESIAN_POINT('',(171.45,-18.15,-4.440892098501E-16));
#6173 = LINE('',#6174,#6175);
#6174 = CARTESIAN_POINT('',(171.45,-18.15,0.));
#6175 = VECTOR('',#6176,1.);
#6176 = DIRECTION('',(0.,1.,0.));
#6177 = ORIENTED_EDGE('',*,*,#6178,.T.);
#6178 = EDGE_CURVE('',#6171,#6179,#6181,.T.);
#6179 = VERTEX_POINT('',#6180);
#6180 = CARTESIAN_POINT('',(174.1,-14.88594495113,9.663640340885));
#6181 = LINE('',#6182,#6183);
#6182 = CARTESIAN_POINT('',(171.45,-18.15,-8.881784197001E-16));
#6183 = VECTOR('',#6184,1.);
#6184 = DIRECTION('',(0.25145608602,0.309723210242,0.916974028989));
#6185 = ORIENTED_EDGE('',*,*,#6186,.F.);
#6186 = EDGE_CURVE('',#6132,#6179,#6187,.T.);
#6187 = B_SPLINE_CURVE_WITH_KNOTS('',4,(#6188,#6189,#6190,#6191,#6192,
    #6193,#6194,#6195,#6196,#6197,#6198,#6199,#6200,#6201),
  .UNSPECIFIED.,.F.,.F.,(5,3,3,3,5),(0.,0.244321048112,0.49741180762,
    0.749508839376,1.),.UNSPECIFIED.);
#6188 = CARTESIAN_POINT('',(174.1,-0.749999999995,7.864318152262));
#6189 = CARTESIAN_POINT('',(174.10199389567,-1.613357177026,
    7.973716326323));
#6190 = CARTESIAN_POINT('',(174.10360352329,-2.47673059442,
    8.083212371701));
#6191 = CARTESIAN_POINT('',(174.10485421,-3.340117960249,8.192799511949)
  );
#6192 = CARTESIAN_POINT('',(174.10671379812,-5.097908190144,8.4160812471
    ));
#6193 = CARTESIAN_POINT('',(174.10729807325,-5.992311939733,
    8.529782076576));
#6194 = CARTESIAN_POINT('',(174.10754451202,-6.886726880785,
    8.643568254922));
#6195 = CARTESIAN_POINT('',(174.10740302406,-8.672064436616,
    8.870853688588));
#6196 = CARTESIAN_POINT('',(174.10701760319,-9.562986968921,
    8.984352309772));
#6197 = CARTESIAN_POINT('',(174.10633764789,-10.45391775545,
    9.097925164352));
#6198 = CARTESIAN_POINT('',(174.104429446,-12.23011838225,9.324486675821
    ));
#6199 = CARTESIAN_POINT('',(174.10320473506,-13.11538812696,
    9.437474440477));
#6200 = CARTESIAN_POINT('',(174.10172338335,-14.00066391404,
    9.550526872198));
#6201 = CARTESIAN_POINT('',(174.1,-14.88594495114,9.663640340886));
#6202 = ORIENTED_EDGE('',*,*,#6129,.F.);
#6203 = B_SPLINE_SURFACE_WITH_KNOTS('',1,1,(
    (#6204,#6205)
    ,(#6206,#6207
    )),.UNSPECIFIED.,.F.,.F.,.F.,(2,2),(2,2),(0.,12.605015425587),(0.,1.
    ),.PIECEWISE_BEZIER_KNOTS.);
#6204 = CARTESIAN_POINT('',(171.45,-18.15,-8.881784197001E-16));
#6205 = CARTESIAN_POINT('',(171.45,0.,0.));
#6206 = CARTESIAN_POINT('',(174.61960784313,-14.24593415724,
    11.558471780274));
#6207 = CARTESIAN_POINT('',(174.77088607594,-0.939873417722,
    9.855284773088));
#6208 = ADVANCED_FACE('',(#6209),#6253,.F.);
#6209 = FACE_BOUND('',#6210,.F.);
#6210 = EDGE_LOOP('',(#6211,#6230,#6251,#6252));
#6211 = ORIENTED_EDGE('',*,*,#6212,.T.);
#6212 = EDGE_CURVE('',#6148,#6213,#6215,.T.);
#6213 = VERTEX_POINT('',#6214);
#6214 = CARTESIAN_POINT('',(186.95,-14.88594495113,9.663640340885));
#6215 = B_SPLINE_CURVE_WITH_KNOTS('',4,(#6216,#6217,#6218,#6219,#6220,
    #6221,#6222,#6223,#6224,#6225,#6226,#6227,#6228,#6229),
  .UNSPECIFIED.,.F.,.F.,(5,3,3,3,5),(0.,0.244321048112,0.49741180762,
    0.749508839376,1.),.UNSPECIFIED.);
#6216 = CARTESIAN_POINT('',(186.95,-0.750000000001,7.864318152262));
#6217 = CARTESIAN_POINT('',(186.94800610432,-1.61335717703,
    7.973716326323));
#6218 = CARTESIAN_POINT('',(186.9463964767,-2.476730594424,
    8.083212371702));
#6219 = CARTESIAN_POINT('',(186.94514578999,-3.340117960251,
    8.192799511949));
#6220 = CARTESIAN_POINT('',(186.94328620187,-5.097908190144,8.4160812471
    ));
#6221 = CARTESIAN_POINT('',(186.94270192674,-5.992311939733,
    8.529782076576));
#6222 = CARTESIAN_POINT('',(186.94245548797,-6.886726880785,
    8.643568254922));
#6223 = CARTESIAN_POINT('',(186.94259697593,-8.672064436616,
    8.870853688588));
#6224 = CARTESIAN_POINT('',(186.9429823968,-9.562986968921,
    8.984352309772));
#6225 = CARTESIAN_POINT('',(186.9436623521,-10.45391775545,
    9.097925164352));
#6226 = CARTESIAN_POINT('',(186.94557055399,-12.23011838225,
    9.324486675821));
#6227 = CARTESIAN_POINT('',(186.94679526493,-13.11538812696,
    9.437474440477));
#6228 = CARTESIAN_POINT('',(186.94827661664,-14.00066391404,
    9.550526872198));
#6229 = CARTESIAN_POINT('',(186.95,-14.88594495113,9.663640340885));
#6230 = ORIENTED_EDGE('',*,*,#6231,.F.);
#6231 = EDGE_CURVE('',#6179,#6213,#6232,.T.);
#6232 = B_SPLINE_CURVE_WITH_KNOTS('',5,(#6233,#6234,#6235,#6236,#6237,
    #6238,#6239,#6240,#6241,#6242,#6243,#6244,#6245,#6246,#6247,#6248,
    #6249,#6250),.UNSPECIFIED.,.F.,.F.,(6,4,4,4,6),(0.,0.250574463492,
    0.499524839263,0.748929904404,1.),.UNSPECIFIED.);
#6233 = CARTESIAN_POINT('',(174.1,-14.88594495113,9.663640340885));
#6234 = CARTESIAN_POINT('',(174.72869887353,-14.93659039971,
    9.513698200608));
#6235 = CARTESIAN_POINT('',(175.36306988154,-14.98110171023,
    9.381916937882));
#6236 = CARTESIAN_POINT('',(176.00221988824,-15.01937547298,
    9.268602709976));
#6237 = CARTESIAN_POINT('',(176.64522355987,-15.05133171628,
    9.173992283003));
#6238 = CARTESIAN_POINT('',(177.93283389019,-15.10233509522,
    9.022990445446));
#6239 = CARTESIAN_POINT('',(178.57740636464,-15.12146472737,
    8.966354793721));
#6240 = CARTESIAN_POINT('',(179.22389840563,-15.13425195822,
    8.928496608705));
#6241 = CARTESIAN_POINT('',(179.87135780231,-15.14067002354,
    8.909495129269));
#6242 = CARTESIAN_POINT('',(181.16746685532,-15.14076736839,
    8.909206927751));
#6243 = CARTESIAN_POINT('',(181.81611981082,-15.13442336024,
    8.927989151748));
#6244 = CARTESIAN_POINT('',(182.46381111728,-15.12168669333,
    8.965697635924));
#6245 = CARTESIAN_POINT('',(183.1095832732,-15.10258412416,
    9.022253164342));
#6246 = CARTESIAN_POINT('',(184.39968894224,-15.0515844039,
    9.173244169894));
#6247 = CARTESIAN_POINT('',(185.04398736076,-15.01960251498,
    9.267930523953));
#6248 = CARTESIAN_POINT('',(185.68442053619,-14.98127777218,
    9.381395684625));
#6249 = CARTESIAN_POINT('',(186.32005757074,-14.93669057555,
    9.513401617594));
#6250 = CARTESIAN_POINT('',(186.95,-14.88594495113,9.663640340885));
#6251 = ORIENTED_EDGE('',*,*,#6186,.F.);
#6252 = ORIENTED_EDGE('',*,*,#6155,.F.);
#6253 = SURFACE_OF_LINEAR_EXTRUSION('',#6254,#6259);
#6254 = CIRCLE('',#6255,26.200390625003);
#6255 = AXIS2_PLACEMENT_3D('',#6256,#6257,#6258);
#6256 = CARTESIAN_POINT('',(180.525,-3.161429489716,33.149983097422));
#6257 = DIRECTION('',(0.,0.995483310413,9.493670886076E-02));
#6258 = DIRECTION('',(-1.,0.,0.));
#6259 = VECTOR('',#6260,1.);
#6260 = DIRECTION('',(0.,0.991996136922,-0.126268223763));
#6261 = ADVANCED_FACE('',(#6262),#6280,.F.);
#6262 = FACE_BOUND('',#6263,.F.);
#6263 = EDGE_LOOP('',(#6264,#6272,#6278,#6279));
#6264 = ORIENTED_EDGE('',*,*,#6265,.F.);
#6265 = EDGE_CURVE('',#6266,#6140,#6268,.T.);
#6266 = VERTEX_POINT('',#6267);
#6267 = CARTESIAN_POINT('',(189.6,-18.15,-4.440892098501E-16));
#6268 = LINE('',#6269,#6270);
#6269 = CARTESIAN_POINT('',(189.6,-18.15,0.));
#6270 = VECTOR('',#6271,1.);
#6271 = DIRECTION('',(0.,1.,0.));
#6272 = ORIENTED_EDGE('',*,*,#6273,.T.);
#6273 = EDGE_CURVE('',#6266,#6213,#6274,.T.);
#6274 = LINE('',#6275,#6276);
#6275 = CARTESIAN_POINT('',(189.6,-18.15,-8.881784197001E-16));
#6276 = VECTOR('',#6277,1.);
#6277 = DIRECTION('',(-0.25145608602,0.309723210242,0.916974028989));
#6278 = ORIENTED_EDGE('',*,*,#6212,.F.);
#6279 = ORIENTED_EDGE('',*,*,#6147,.F.);
#6280 = B_SPLINE_SURFACE_WITH_KNOTS('',1,1,(
    (#6281,#6282)
    ,(#6283,#6284
    )),.UNSPECIFIED.,.F.,.F.,.F.,(2,2),(2,2),(0.,12.605015425587),(0.,1.
    ),.PIECEWISE_BEZIER_KNOTS.);
#6281 = CARTESIAN_POINT('',(189.6,-18.15,-8.881784197001E-16));
#6282 = CARTESIAN_POINT('',(189.6,0.,0.));
#6283 = CARTESIAN_POINT('',(186.43039215686,-14.24593415724,
    11.558471780274));
#6284 = CARTESIAN_POINT('',(186.27911392405,-0.939873417722,
    9.855284773088));
#6285 = ADVANCED_FACE('',(#6286),#6297,.F.);
#6286 = FACE_BOUND('',#6287,.F.);
#6287 = EDGE_LOOP('',(#6288,#6294,#6295,#6296));
#6288 = ORIENTED_EDGE('',*,*,#6289,.T.);
#6289 = EDGE_CURVE('',#6171,#6266,#6290,.T.);
#6290 = LINE('',#6291,#6292);
#6291 = CARTESIAN_POINT('',(171.45,-18.15,0.));
#6292 = VECTOR('',#6293,1.);
#6293 = DIRECTION('',(1.,0.,0.));
#6294 = ORIENTED_EDGE('',*,*,#6265,.T.);
#6295 = ORIENTED_EDGE('',*,*,#6139,.F.);
#6296 = ORIENTED_EDGE('',*,*,#6170,.F.);
#6297 = PLANE('',#6298);
#6298 = AXIS2_PLACEMENT_3D('',#6299,#6300,#6301);
#6299 = CARTESIAN_POINT('',(171.45,-18.15,0.));
#6300 = DIRECTION('',(0.,0.,1.));
#6301 = DIRECTION('',(0.,1.,0.));
#6302 = ADVANCED_FACE('',(#6303),#6309,.F.);
#6303 = FACE_BOUND('',#6304,.F.);
#6304 = EDGE_LOOP('',(#6305,#6306,#6307,#6308));
#6305 = ORIENTED_EDGE('',*,*,#6289,.F.);
#6306 = ORIENTED_EDGE('',*,*,#6178,.T.);
#6307 = ORIENTED_EDGE('',*,*,#6231,.T.);
#6308 = ORIENTED_EDGE('',*,*,#6273,.F.);
#6309 = PLANE('',#6310);
#6310 = AXIS2_PLACEMENT_3D('',#6311,#6312,#6313);
#6311 = CARTESIAN_POINT('',(171.45,-14.88594495113,9.663640340885));
#6312 = DIRECTION('',(0.,0.947415719695,-0.320005396948));
#6313 = DIRECTION('',(0.,-0.320005396948,-0.947415719695));
#6314 = MANIFOLD_SOLID_BREP('',#6315);
#6315 = CLOSED_SHELL('',(#6316,#6357,#6399,#6452,#6476,#6493));
#6316 = ADVANCED_FACE('',(#6317),#6352,.F.);
#6317 = FACE_BOUND('',#6318,.F.);
#6318 = EDGE_LOOP('',(#6319,#6329,#6337,#6345));
#6319 = ORIENTED_EDGE('',*,*,#6320,.F.);
#6320 = EDGE_CURVE('',#6321,#6323,#6325,.T.);
#6321 = VERTEX_POINT('',#6322);
#6322 = CARTESIAN_POINT('',(190.5,0.,0.));
#6323 = VERTEX_POINT('',#6324);
#6324 = CARTESIAN_POINT('',(193.15,-0.75,7.864318152262));
#6325 = LINE('',#6326,#6327);
#6326 = CARTESIAN_POINT('',(190.5,0.,0.));
#6327 = VECTOR('',#6328,1.);
#6328 = DIRECTION('',(0.318027351528,-9.00077409986E-02,0.943799348506)
  );
#6329 = ORIENTED_EDGE('',*,*,#6330,.T.);
#6330 = EDGE_CURVE('',#6321,#6331,#6333,.T.);
#6331 = VERTEX_POINT('',#6332);
#6332 = CARTESIAN_POINT('',(208.65,0.,0.));
#6333 = LINE('',#6334,#6335);
#6334 = CARTESIAN_POINT('',(190.5,0.,0.));
#6335 = VECTOR('',#6336,1.);
#6336 = DIRECTION('',(1.,0.,0.));
#6337 = ORIENTED_EDGE('',*,*,#6338,.T.);
#6338 = EDGE_CURVE('',#6331,#6339,#6341,.T.);
#6339 = VERTEX_POINT('',#6340);
#6340 = CARTESIAN_POINT('',(206.,-0.75,7.864318152262));
#6341 = LINE('',#6342,#6343);
#6342 = CARTESIAN_POINT('',(208.65,0.,0.));
#6343 = VECTOR('',#6344,1.);
#6344 = DIRECTION('',(-0.318027351528,-9.00077409986E-02,0.943799348506)
  );
#6345 = ORIENTED_EDGE('',*,*,#6346,.T.);
#6346 = EDGE_CURVE('',#6339,#6323,#6347,.T.);
#6347 = CIRCLE('',#6348,26.200390625003);
#6348 = AXIS2_PLACEMENT_3D('',#6349,#6350,#6351);
#6349 = CARTESIAN_POINT('',(199.575,-3.161429489716,33.149983097422));
#6350 = DIRECTION('',(0.,0.995483310413,9.493670886076E-02));
#6351 = DIRECTION('',(-1.,0.,0.));
#6352 = PLANE('',#6353);
#6353 = AXIS2_PLACEMENT_3D('',#6354,#6355,#6356);
#6354 = CARTESIAN_POINT('',(190.5,0.,0.));
#6355 = DIRECTION('',(0.,-0.995483310413,-9.493670886076E-02));
#6356 = DIRECTION('',(0.,-9.493670886076E-02,0.995483310413));
#6357 = ADVANCED_FACE('',(#6358),#6394,.T.);
#6358 = FACE_BOUND('',#6359,.T.);
#6359 = EDGE_LOOP('',(#6360,#6368,#6376,#6393));
#6360 = ORIENTED_EDGE('',*,*,#6361,.F.);
#6361 = EDGE_CURVE('',#6362,#6321,#6364,.T.);
#6362 = VERTEX_POINT('',#6363);
#6363 = CARTESIAN_POINT('',(190.5,-18.15,-4.440892098501E-16));
#6364 = LINE('',#6365,#6366);
#6365 = CARTESIAN_POINT('',(190.5,-18.15,0.));
#6366 = VECTOR('',#6367,1.);
#6367 = DIRECTION('',(0.,1.,0.));
#6368 = ORIENTED_EDGE('',*,*,#6369,.T.);
#6369 = EDGE_CURVE('',#6362,#6370,#6372,.T.);
#6370 = VERTEX_POINT('',#6371);
#6371 = CARTESIAN_POINT('',(193.15,-14.88594495113,9.663640340885));
#6372 = LINE('',#6373,#6374);
#6373 = CARTESIAN_POINT('',(190.5,-18.15,-8.881784197001E-16));
#6374 = VECTOR('',#6375,1.);
#6375 = DIRECTION('',(0.25145608602,0.309723210242,0.916974028989));
#6376 = ORIENTED_EDGE('',*,*,#6377,.F.);
#6377 = EDGE_CURVE('',#6323,#6370,#6378,.T.);
#6378 = B_SPLINE_CURVE_WITH_KNOTS('',4,(#6379,#6380,#6381,#6382,#6383,
    #6384,#6385,#6386,#6387,#6388,#6389,#6390,#6391,#6392),
  .UNSPECIFIED.,.F.,.F.,(5,3,3,3,5),(0.,0.244321048112,0.49741180762,
    0.749508839376,1.),.UNSPECIFIED.);
#6379 = CARTESIAN_POINT('',(193.15,-0.749999999995,7.864318152262));
#6380 = CARTESIAN_POINT('',(193.15199389567,-1.613357177026,
    7.973716326323));
#6381 = CARTESIAN_POINT('',(193.15360352329,-2.47673059442,
    8.083212371701));
#6382 = CARTESIAN_POINT('',(193.15485421,-3.340117960249,8.192799511949)
  );
#6383 = CARTESIAN_POINT('',(193.15671379812,-5.097908190144,8.4160812471
    ));
#6384 = CARTESIAN_POINT('',(193.15729807325,-5.992311939733,
    8.529782076576));
#6385 = CARTESIAN_POINT('',(193.15754451202,-6.886726880785,
    8.643568254922));
#6386 = CARTESIAN_POINT('',(193.15740302406,-8.672064436616,
    8.870853688588));
#6387 = CARTESIAN_POINT('',(193.15701760319,-9.562986968921,
    8.984352309772));
#6388 = CARTESIAN_POINT('',(193.15633764789,-10.45391775545,
    9.097925164352));
#6389 = CARTESIAN_POINT('',(193.154429446,-12.23011838225,9.324486675821
    ));
#6390 = CARTESIAN_POINT('',(193.15320473506,-13.11538812696,
    9.437474440477));
#6391 = CARTESIAN_POINT('',(193.15172338335,-14.00066391404,
    9.550526872198));
#6392 = CARTESIAN_POINT('',(193.15,-14.88594495114,9.663640340886));
#6393 = ORIENTED_EDGE('',*,*,#6320,.F.);
#6394 = B_SPLINE_SURFACE_WITH_KNOTS('',1,1,(
    (#6395,#6396)
    ,(#6397,#6398
    )),.UNSPECIFIED.,.F.,.F.,.F.,(2,2),(2,2),(0.,12.605015425587),(0.,1.
    ),.PIECEWISE_BEZIER_KNOTS.);
#6395 = CARTESIAN_POINT('',(190.5,-18.15,-8.881784197001E-16));
#6396 = CARTESIAN_POINT('',(190.5,0.,0.));
#6397 = CARTESIAN_POINT('',(193.66960784313,-14.24593415724,
    11.558471780274));
#6398 = CARTESIAN_POINT('',(193.82088607594,-0.939873417722,
    9.855284773088));
#6399 = ADVANCED_FACE('',(#6400),#6444,.F.);
#6400 = FACE_BOUND('',#6401,.F.);
#6401 = EDGE_LOOP('',(#6402,#6421,#6442,#6443));
#6402 = ORIENTED_EDGE('',*,*,#6403,.T.);
#6403 = EDGE_CURVE('',#6339,#6404,#6406,.T.);
#6404 = VERTEX_POINT('',#6405);
#6405 = CARTESIAN_POINT('',(206.,-14.88594495113,9.663640340885));
#6406 = B_SPLINE_CURVE_WITH_KNOTS('',4,(#6407,#6408,#6409,#6410,#6411,
    #6412,#6413,#6414,#6415,#6416,#6417,#6418,#6419,#6420),
  .UNSPECIFIED.,.F.,.F.,(5,3,3,3,5),(0.,0.244321048112,0.49741180762,
    0.749508839376,1.),.UNSPECIFIED.);
#6407 = CARTESIAN_POINT('',(206.,-0.750000000001,7.864318152262));
#6408 = CARTESIAN_POINT('',(205.99800610432,-1.61335717703,
    7.973716326323));
#6409 = CARTESIAN_POINT('',(205.9963964767,-2.476730594424,
    8.083212371702));
#6410 = CARTESIAN_POINT('',(205.99514578999,-3.340117960251,
    8.192799511949));
#6411 = CARTESIAN_POINT('',(205.99328620187,-5.097908190144,8.4160812471
    ));
#6412 = CARTESIAN_POINT('',(205.99270192674,-5.992311939733,
    8.529782076576));
#6413 = CARTESIAN_POINT('',(205.99245548797,-6.886726880785,
    8.643568254922));
#6414 = CARTESIAN_POINT('',(205.99259697593,-8.672064436616,
    8.870853688588));
#6415 = CARTESIAN_POINT('',(205.9929823968,-9.562986968921,
    8.984352309772));
#6416 = CARTESIAN_POINT('',(205.9936623521,-10.45391775545,
    9.097925164352));
#6417 = CARTESIAN_POINT('',(205.99557055399,-12.23011838225,
    9.324486675821));
#6418 = CARTESIAN_POINT('',(205.99679526493,-13.11538812696,
    9.437474440477));
#6419 = CARTESIAN_POINT('',(205.99827661664,-14.00066391404,
    9.550526872198));
#6420 = CARTESIAN_POINT('',(206.,-14.88594495113,9.663640340885));
#6421 = ORIENTED_EDGE('',*,*,#6422,.F.);
#6422 = EDGE_CURVE('',#6370,#6404,#6423,.T.);
#6423 = B_SPLINE_CURVE_WITH_KNOTS('',5,(#6424,#6425,#6426,#6427,#6428,
    #6429,#6430,#6431,#6432,#6433,#6434,#6435,#6436,#6437,#6438,#6439,
    #6440,#6441),.UNSPECIFIED.,.F.,.F.,(6,4,4,4,6),(0.,0.250574463492,
    0.499524839263,0.748929904404,1.),.UNSPECIFIED.);
#6424 = CARTESIAN_POINT('',(193.15,-14.88594495113,9.663640340885));
#6425 = CARTESIAN_POINT('',(193.77869887353,-14.93659039971,
    9.513698200608));
#6426 = CARTESIAN_POINT('',(194.41306988154,-14.98110171023,
    9.381916937882));
#6427 = CARTESIAN_POINT('',(195.05221988824,-15.01937547298,
    9.268602709976));
#6428 = CARTESIAN_POINT('',(195.69522355987,-15.05133171628,
    9.173992283003));
#6429 = CARTESIAN_POINT('',(196.98283389019,-15.10233509522,
    9.022990445446));
#6430 = CARTESIAN_POINT('',(197.62740636464,-15.12146472737,
    8.966354793721));
#6431 = CARTESIAN_POINT('',(198.27389840563,-15.13425195822,
    8.928496608705));
#6432 = CARTESIAN_POINT('',(198.92135780231,-15.14067002354,
    8.909495129269));
#6433 = CARTESIAN_POINT('',(200.21746685532,-15.14076736839,
    8.909206927751));
#6434 = CARTESIAN_POINT('',(200.86611981082,-15.13442336024,
    8.927989151748));
#6435 = CARTESIAN_POINT('',(201.51381111728,-15.12168669333,
    8.965697635924));
#6436 = CARTESIAN_POINT('',(202.1595832732,-15.10258412416,
    9.022253164342));
#6437 = CARTESIAN_POINT('',(203.44968894224,-15.0515844039,
    9.173244169894));
#6438 = CARTESIAN_POINT('',(204.09398736076,-15.01960251498,
    9.267930523953));
#6439 = CARTESIAN_POINT('',(204.73442053619,-14.98127777218,
    9.381395684625));
#6440 = CARTESIAN_POINT('',(205.37005757074,-14.93669057555,
    9.513401617594));
#6441 = CARTESIAN_POINT('',(206.,-14.88594495113,9.663640340885));
#6442 = ORIENTED_EDGE('',*,*,#6377,.F.);
#6443 = ORIENTED_EDGE('',*,*,#6346,.F.);
#6444 = SURFACE_OF_LINEAR_EXTRUSION('',#6445,#6450);
#6445 = CIRCLE('',#6446,26.200390625003);
#6446 = AXIS2_PLACEMENT_3D('',#6447,#6448,#6449);
#6447 = CARTESIAN_POINT('',(199.575,-3.161429489716,33.149983097422));
#6448 = DIRECTION('',(0.,0.995483310413,9.493670886076E-02));
#6449 = DIRECTION('',(-1.,0.,0.));
#6450 = VECTOR('',#6451,1.);
#6451 = DIRECTION('',(0.,0.991996136922,-0.126268223763));
#6452 = ADVANCED_FACE('',(#6453),#6471,.F.);
#6453 = FACE_BOUND('',#6454,.F.);
#6454 = EDGE_LOOP('',(#6455,#6463,#6469,#6470));
#6455 = ORIENTED_EDGE('',*,*,#6456,.F.);
#6456 = EDGE_CURVE('',#6457,#6331,#6459,.T.);
#6457 = VERTEX_POINT('',#6458);
#6458 = CARTESIAN_POINT('',(208.65,-18.15,-4.440892098501E-16));
#6459 = LINE('',#6460,#6461);
#6460 = CARTESIAN_POINT('',(208.65,-18.15,0.));
#6461 = VECTOR('',#6462,1.);
#6462 = DIRECTION('',(0.,1.,0.));
#6463 = ORIENTED_EDGE('',*,*,#6464,.T.);
#6464 = EDGE_CURVE('',#6457,#6404,#6465,.T.);
#6465 = LINE('',#6466,#6467);
#6466 = CARTESIAN_POINT('',(208.65,-18.15,-8.881784197001E-16));
#6467 = VECTOR('',#6468,1.);
#6468 = DIRECTION('',(-0.25145608602,0.309723210242,0.916974028989));
#6469 = ORIENTED_EDGE('',*,*,#6403,.F.);
#6470 = ORIENTED_EDGE('',*,*,#6338,.F.);
#6471 = B_SPLINE_SURFACE_WITH_KNOTS('',1,1,(
    (#6472,#6473)
    ,(#6474,#6475
    )),.UNSPECIFIED.,.F.,.F.,.F.,(2,2),(2,2),(0.,12.605015425587),(0.,1.
    ),.PIECEWISE_BEZIER_KNOTS.);
#6472 = CARTESIAN_POINT('',(208.65,-18.15,-8.881784197001E-16));
#6473 = CARTESIAN_POINT('',(208.65,0.,0.));
#6474 = CARTESIAN_POINT('',(205.48039215686,-14.24593415724,
    11.558471780274));
#6475 = CARTESIAN_POINT('',(205.32911392405,-0.939873417722,
    9.855284773088));
#6476 = ADVANCED_FACE('',(#6477),#6488,.F.);
#6477 = FACE_BOUND('',#6478,.F.);
#6478 = EDGE_LOOP('',(#6479,#6485,#6486,#6487));
#6479 = ORIENTED_EDGE('',*,*,#6480,.T.);
#6480 = EDGE_CURVE('',#6362,#6457,#6481,.T.);
#6481 = LINE('',#6482,#6483);
#6482 = CARTESIAN_POINT('',(190.5,-18.15,0.));
#6483 = VECTOR('',#6484,1.);
#6484 = DIRECTION('',(1.,0.,0.));
#6485 = ORIENTED_EDGE('',*,*,#6456,.T.);
#6486 = ORIENTED_EDGE('',*,*,#6330,.F.);
#6487 = ORIENTED_EDGE('',*,*,#6361,.F.);
#6488 = PLANE('',#6489);
#6489 = AXIS2_PLACEMENT_3D('',#6490,#6491,#6492);
#6490 = CARTESIAN_POINT('',(190.5,-18.15,0.));
#6491 = DIRECTION('',(0.,0.,1.));
#6492 = DIRECTION('',(0.,1.,0.));
#6493 = ADVANCED_FACE('',(#6494),#6500,.F.);
#6494 = FACE_BOUND('',#6495,.F.);
#6495 = EDGE_LOOP('',(#6496,#6497,#6498,#6499));
#6496 = ORIENTED_EDGE('',*,*,#6480,.F.);
#6497 = ORIENTED_EDGE('',*,*,#6369,.T.);
#6498 = ORIENTED_EDGE('',*,*,#6422,.T.);
#6499 = ORIENTED_EDGE('',*,*,#6464,.F.);
#6500 = PLANE('',#6501);
#6501 = AXIS2_PLACEMENT_3D('',#6502,#6503,#6504);
#6502 = CARTESIAN_POINT('',(190.5,-14.88594495113,9.663640340885));
#6503 = DIRECTION('',(0.,0.947415719695,-0.320005396948));
#6504 = DIRECTION('',(0.,-0.320005396948,-0.947415719695));
#6505 = ( GEOMETRIC_REPRESENTATION_CONTEXT(3) 
GLOBAL_UNCERTAINTY_ASSIGNED_CONTEXT((#6509)) 
GLOBAL_UNIT_ASSIGNED_CONTEXT((#6506,#6507,#6508)) REPRESENTATION_CONTEXT
('Context #1','3D Context with UNIT and UNCERTAINTY') );
#6506 = ( LENGTH_UNIT() NAMED_UNIT(*) SI_UNIT(.MILLI.,.METRE.) );
#6507 = ( NAMED_UNIT(*) PLANE_ANGLE_UNIT() SI_UNIT($,.RADIAN.) );
#6508 = ( NAMED_UNIT(*) SI_UNIT($,.STERADIAN.) SOLID_ANGLE_UNIT() );
#6509 = UNCERTAINTY_MEASURE_WITH_UNIT(LENGTH_MEASURE(5.E-06),#6506,
  'distance_accuracy_value','confusion accuracy');
#6510 = CONTEXT_DEPENDENT_SHAPE_REPRESENTATION(#6511,#6513);
#6511 = ( REPRESENTATION_RELATIONSHIP('','',#4403,#10) 
REPRESENTATION_RELATIONSHIP_WITH_TRANSFORMATION(#6512) 
SHAPE_REPRESENTATION_RELATIONSHIP() );
#6512 = ITEM_DEFINED_TRANSFORMATION('','',#11,#39);
#6513 = PRODUCT_DEFINITION_SHAPE('Placement','Placement of an item',
  #6514);
#6514 = NEXT_ASSEMBLY_USAGE_OCCURRENCE('7','1UR2','',#5,#4398,$);
#6515 = PRODUCT_RELATED_PRODUCT_CATEGORY('part',$,(#4400));
#6516 = SHAPE_DEFINITION_REPRESENTATION(#6517,#6523);
#6517 = PRODUCT_DEFINITION_SHAPE('','',#6518);
#6518 = PRODUCT_DEFINITION('design','',#6519,#6522);
#6519 = PRODUCT_DEFINITION_FORMATION('','',#6520);
#6520 = PRODUCT('OEM013','OEM013','',(#6521));
#6521 = PRODUCT_CONTEXT('',#2,'mechanical');
#6522 = PRODUCT_DEFINITION_CONTEXT('part definition',#2,'design');
#6523 = ADVANCED_BREP_SHAPE_REPRESENTATION('',(#11,#6524),#6711);
#6524 = MANIFOLD_SOLID_BREP('',#6525);
#6525 = CLOSED_SHELL('',(#6526,#6567,#6609,#6658,#6682,#6699));
#6526 = ADVANCED_FACE('',(#6527),#6562,.F.);
#6527 = FACE_BOUND('',#6528,.F.);
#6528 = EDGE_LOOP('',(#6529,#6539,#6547,#6555));
#6529 = ORIENTED_EDGE('',*,*,#6530,.F.);
#6530 = EDGE_CURVE('',#6531,#6533,#6535,.T.);
#6531 = VERTEX_POINT('',#6532);
#6532 = CARTESIAN_POINT('',(0.,0.,0.));
#6533 = VERTEX_POINT('',#6534);
#6534 = CARTESIAN_POINT('',(2.65,-0.75,7.864318152262));
#6535 = LINE('',#6536,#6537);
#6536 = CARTESIAN_POINT('',(0.,0.,0.));
#6537 = VECTOR('',#6538,1.);
#6538 = DIRECTION('',(0.318027351528,-9.00077409986E-02,0.943799348506)
  );
#6539 = ORIENTED_EDGE('',*,*,#6540,.T.);
#6540 = EDGE_CURVE('',#6531,#6541,#6543,.T.);
#6541 = VERTEX_POINT('',#6542);
#6542 = CARTESIAN_POINT('',(32.4375,0.,0.));
#6543 = LINE('',#6544,#6545);
#6544 = CARTESIAN_POINT('',(0.,0.,0.));
#6545 = VECTOR('',#6546,1.);
#6546 = DIRECTION('',(1.,0.,0.));
#6547 = ORIENTED_EDGE('',*,*,#6548,.T.);
#6548 = EDGE_CURVE('',#6541,#6549,#6551,.T.);
#6549 = VERTEX_POINT('',#6550);
#6550 = CARTESIAN_POINT('',(29.7875,-0.75,7.864318152262));
#6551 = LINE('',#6552,#6553);
#6552 = CARTESIAN_POINT('',(32.4375,0.,0.));
#6553 = VECTOR('',#6554,1.);
#6554 = DIRECTION('',(-0.318027351528,-9.00077409986E-02,0.943799348506)
  );
#6555 = ORIENTED_EDGE('',*,*,#6556,.T.);
#6556 = EDGE_CURVE('',#6549,#6533,#6557,.T.);
#6557 = CIRCLE('',#6558,115.46936035156);
#6558 = AXIS2_PLACEMENT_3D('',#6559,#6560,#6561);
#6559 = CARTESIAN_POINT('',(16.21875,-11.63633167894,122.01575259797));
#6560 = DIRECTION('',(0.,0.995483310413,9.493670886076E-02));
#6561 = DIRECTION('',(-1.,0.,0.));
#6562 = PLANE('',#6563);
#6563 = AXIS2_PLACEMENT_3D('',#6564,#6565,#6566);
#6564 = CARTESIAN_POINT('',(0.,0.,0.));
#6565 = DIRECTION('',(0.,-0.995483310413,-9.493670886076E-02));
#6566 = DIRECTION('',(0.,-9.493670886076E-02,0.995483310413));
#6567 = ADVANCED_FACE('',(#6568),#6604,.T.);
#6568 = FACE_BOUND('',#6569,.T.);
#6569 = EDGE_LOOP('',(#6570,#6578,#6586,#6603));
#6570 = ORIENTED_EDGE('',*,*,#6571,.F.);
#6571 = EDGE_CURVE('',#6572,#6531,#6574,.T.);
#6572 = VERTEX_POINT('',#6573);
#6573 = CARTESIAN_POINT('',(1.34444129494E-21,-18.15,-9.621932835968E-16
    ));
#6574 = LINE('',#6575,#6576);
#6575 = CARTESIAN_POINT('',(0.,-18.15,0.));
#6576 = VECTOR('',#6577,1.);
#6577 = DIRECTION('',(0.,1.,0.));
#6578 = ORIENTED_EDGE('',*,*,#6579,.T.);
#6579 = EDGE_CURVE('',#6572,#6580,#6582,.T.);
#6580 = VERTEX_POINT('',#6581);
#6581 = CARTESIAN_POINT('',(2.649999999996,-14.88594495113,
    9.663640340885));
#6582 = LINE('',#6583,#6584);
#6583 = CARTESIAN_POINT('',(2.482045478961E-21,-18.15,
    -8.881784197001E-16));
#6584 = VECTOR('',#6585,1.);
#6585 = DIRECTION('',(0.251456086019,0.309723210242,0.91697402899));
#6586 = ORIENTED_EDGE('',*,*,#6587,.F.);
#6587 = EDGE_CURVE('',#6533,#6580,#6588,.T.);
#6588 = B_SPLINE_CURVE_WITH_KNOTS('',4,(#6589,#6590,#6591,#6592,#6593,
    #6594,#6595,#6596,#6597,#6598,#6599,#6600,#6601,#6602),
  .UNSPECIFIED.,.F.,.F.,(5,3,3,3,5),(0.,0.251615066496,0.502460664447,
    0.752229104765,1.),.UNSPECIFIED.);
#6589 = CARTESIAN_POINT('',(2.65,-0.749999999999,7.864318152262));
#6590 = CARTESIAN_POINT('',(2.652142523186,-1.639121847111,
    7.977242500463));
#6591 = CARTESIAN_POINT('',(2.653855813784,-2.528263428165,
    8.090219361175));
#6592 = CARTESIAN_POINT('',(2.655170787577,-3.417421819779,
    8.203244718166));
#6593 = CARTESIAN_POINT('',(2.657053223459,-5.193048732211,
    8.429040012004));
#6594 = CARTESIAN_POINT('',(2.657622987321,-6.079517153385,
    8.541809668015));
#6595 = CARTESIAN_POINT('',(2.65784851549,-6.965998002158,8.654620937446
    ));
#6596 = CARTESIAN_POINT('',(2.657655041748,-8.735174706883,
    8.879836653663));
#6597 = CARTESIAN_POINT('',(2.657238826116,-9.617870462765,8.99224076343
    ));
#6598 = CARTESIAN_POINT('',(2.656524417546,-10.50057540291,
    9.104680723581));
#6599 = CARTESIAN_POINT('',(2.654543619795,-12.25894174804,
    9.328728321121));
#6600 = CARTESIAN_POINT('',(2.6532817089,-13.13460302032,9.440335420375)
  );
#6601 = CARTESIAN_POINT('',(2.651762111105,-14.01027103925,
    9.551973377523));
#6602 = CARTESIAN_POINT('',(2.65,-14.88594494934,9.663640340657));
#6603 = ORIENTED_EDGE('',*,*,#6530,.F.);
#6604 = B_SPLINE_SURFACE_WITH_KNOTS('',1,1,(
    (#6605,#6606)
    ,(#6607,#6608
    )),.UNSPECIFIED.,.F.,.F.,.F.,(2,2),(2,2),(0.,12.605015425586),(0.,1.
    ),.PIECEWISE_BEZIER_KNOTS.);
#6605 = CARTESIAN_POINT('',(2.482045478961E-21,-18.15,
    -8.881784197001E-16));
#6606 = CARTESIAN_POINT('',(0.,0.,0.));
#6607 = CARTESIAN_POINT('',(3.169607843133,-14.24593415724,
    11.558471780274));
#6608 = CARTESIAN_POINT('',(3.320886075949,-0.939873417722,
    9.855284773088));
#6609 = ADVANCED_FACE('',(#6610),#6650,.F.);
#6610 = FACE_BOUND('',#6611,.F.);
#6611 = EDGE_LOOP('',(#6612,#6613,#6632,#6649));
#6612 = ORIENTED_EDGE('',*,*,#6556,.F.);
#6613 = ORIENTED_EDGE('',*,*,#6614,.T.);
#6614 = EDGE_CURVE('',#6549,#6615,#6617,.T.);
#6615 = VERTEX_POINT('',#6616);
#6616 = CARTESIAN_POINT('',(29.787500000004,-14.88594495113,
    9.663640340885));
#6617 = B_SPLINE_CURVE_WITH_KNOTS('',4,(#6618,#6619,#6620,#6621,#6622,
    #6623,#6624,#6625,#6626,#6627,#6628,#6629,#6630,#6631),
  .UNSPECIFIED.,.F.,.F.,(5,3,3,3,5),(0.,0.251615066498,0.502460664451,
    0.752229104771,1.),.UNSPECIFIED.);
#6618 = CARTESIAN_POINT('',(29.7875,-0.749999999996,7.864318152262));
#6619 = CARTESIAN_POINT('',(29.785357476814,-1.639121847109,
    7.977242500463));
#6620 = CARTESIAN_POINT('',(29.783644186216,-2.528263428164,
    8.090219361175));
#6621 = CARTESIAN_POINT('',(29.782329212424,-3.417421819778,
    8.203244718166));
#6622 = CARTESIAN_POINT('',(29.780446776541,-5.193048732211,
    8.429040012004));
#6623 = CARTESIAN_POINT('',(29.77987701268,-6.079517153385,
    8.541809668015));
#6624 = CARTESIAN_POINT('',(29.77965148451,-6.965998002158,
    8.654620937446));
#6625 = CARTESIAN_POINT('',(29.779844958252,-8.735174706883,
    8.879836653663));
#6626 = CARTESIAN_POINT('',(29.780261173884,-9.617870462765,
    8.99224076343));
#6627 = CARTESIAN_POINT('',(29.780975582454,-10.50057540291,
    9.104680723581));
#6628 = CARTESIAN_POINT('',(29.782956380205,-12.25894174802,
    9.328728321118));
#6629 = CARTESIAN_POINT('',(29.784218291101,-13.13460302026,
    9.440335420368));
#6630 = CARTESIAN_POINT('',(29.785737888895,-14.01027103916,
    9.551973377513));
#6631 = CARTESIAN_POINT('',(29.7875,-14.88594494923,9.663640340643));
#6632 = ORIENTED_EDGE('',*,*,#6633,.F.);
#6633 = EDGE_CURVE('',#6580,#6615,#6634,.T.);
#6634 = B_SPLINE_CURVE_WITH_KNOTS('',4,(#6635,#6636,#6637,#6638,#6639,
    #6640,#6641,#6642,#6643,#6644,#6645,#6646,#6647,#6648),
  .UNSPECIFIED.,.F.,.F.,(5,3,3,3,5),(0.,0.251397059214,0.501510643963,
    0.750588763775,1.),.UNSPECIFIED.);
#6635 = CARTESIAN_POINT('',(2.65,-14.88594495113,9.663640340885));
#6636 = CARTESIAN_POINT('',(4.346399143907,-14.94987212407,
    9.474376006165));
#6637 = CARTESIAN_POINT('',(6.047397315294,-15.00316696021,
    9.316590025013));
#6638 = CARTESIAN_POINT('',(7.751853691212,-15.04576807868,
    9.190464123053));
#6639 = CARTESIAN_POINT('',(11.156650129098,-15.10935835609,
    9.002197209406));
#6640 = CARTESIAN_POINT('',(12.856967390768,-15.13045676776,
    8.939732741407));
#6641 = CARTESIAN_POINT('',(14.558418566339,-15.14090944584,
    8.908786289815));
#6642 = CARTESIAN_POINT('',(17.95424868271,-15.14052445977,
    8.909926088895));
#6643 = CARTESIAN_POINT('',(19.648628348842,-15.12977475794,
    8.941751916161));
#6644 = CARTESIAN_POINT('',(21.341860716147,-15.10846765281,
    9.00483424707));
#6645 = CARTESIAN_POINT('',(24.726036929687,-15.04475653935,
    9.193458910865));
#6646 = CARTESIAN_POINT('',(26.416975282983,-15.00232432854,
    9.319084740696));
#6647 = CARTESIAN_POINT('',(28.104500966734,-14.94936715377,
    9.475871033462));
#6648 = CARTESIAN_POINT('',(29.7875,-14.88594495113,9.663640340885));
#6649 = ORIENTED_EDGE('',*,*,#6587,.F.);
#6650 = SURFACE_OF_LINEAR_EXTRUSION('',#6651,#6656);
#6651 = CIRCLE('',#6652,115.46936035156);
#6652 = AXIS2_PLACEMENT_3D('',#6653,#6654,#6655);
#6653 = CARTESIAN_POINT('',(16.21875,-11.63633167894,122.01575259797));
#6654 = DIRECTION('',(0.,0.995483310413,9.493670886076E-02));
#6655 = DIRECTION('',(-1.,0.,0.));
#6656 = VECTOR('',#6657,1.);
#6657 = DIRECTION('',(0.,0.991996136922,-0.126268223763));
#6658 = ADVANCED_FACE('',(#6659),#6677,.F.);
#6659 = FACE_BOUND('',#6660,.F.);
#6660 = EDGE_LOOP('',(#6661,#6669,#6675,#6676));
#6661 = ORIENTED_EDGE('',*,*,#6662,.F.);
#6662 = EDGE_CURVE('',#6663,#6541,#6665,.T.);
#6663 = VERTEX_POINT('',#6664);
#6664 = CARTESIAN_POINT('',(32.4375,-18.15,-4.440892098501E-16));
#6665 = LINE('',#6666,#6667);
#6666 = CARTESIAN_POINT('',(32.4375,-18.15,0.));
#6667 = VECTOR('',#6668,1.);
#6668 = DIRECTION('',(0.,1.,0.));
#6669 = ORIENTED_EDGE('',*,*,#6670,.T.);
#6670 = EDGE_CURVE('',#6663,#6615,#6671,.T.);
#6671 = LINE('',#6672,#6673);
#6672 = CARTESIAN_POINT('',(32.4375,-18.15,-8.881784197001E-16));
#6673 = VECTOR('',#6674,1.);
#6674 = DIRECTION('',(-0.251456086019,0.309723210242,0.91697402899));
#6675 = ORIENTED_EDGE('',*,*,#6614,.F.);
#6676 = ORIENTED_EDGE('',*,*,#6548,.F.);
#6677 = B_SPLINE_SURFACE_WITH_KNOTS('',1,1,(
    (#6678,#6679)
    ,(#6680,#6681
    )),.UNSPECIFIED.,.F.,.F.,.F.,(2,2),(2,2),(0.,12.605015425585),(0.,1.
    ),.PIECEWISE_BEZIER_KNOTS.);
#6678 = CARTESIAN_POINT('',(32.4375,-18.15,-8.881784197001E-16));
#6679 = CARTESIAN_POINT('',(32.4375,0.,0.));
#6680 = CARTESIAN_POINT('',(29.267892156867,-14.24593415724,
    11.558471780274));
#6681 = CARTESIAN_POINT('',(29.116613924051,-0.939873417722,
    9.855284773088));
#6682 = ADVANCED_FACE('',(#6683),#6694,.F.);
#6683 = FACE_BOUND('',#6684,.F.);
#6684 = EDGE_LOOP('',(#6685,#6691,#6692,#6693));
#6685 = ORIENTED_EDGE('',*,*,#6686,.T.);
#6686 = EDGE_CURVE('',#6572,#6663,#6687,.T.);
#6687 = LINE('',#6688,#6689);
#6688 = CARTESIAN_POINT('',(0.,-18.15,0.));
#6689 = VECTOR('',#6690,1.);
#6690 = DIRECTION('',(1.,0.,0.));
#6691 = ORIENTED_EDGE('',*,*,#6662,.T.);
#6692 = ORIENTED_EDGE('',*,*,#6540,.F.);
#6693 = ORIENTED_EDGE('',*,*,#6571,.F.);
#6694 = PLANE('',#6695);
#6695 = AXIS2_PLACEMENT_3D('',#6696,#6697,#6698);
#6696 = CARTESIAN_POINT('',(0.,-18.15,0.));
#6697 = DIRECTION('',(0.,0.,1.));
#6698 = DIRECTION('',(0.,1.,0.));
#6699 = ADVANCED_FACE('',(#6700),#6706,.F.);
#6700 = FACE_BOUND('',#6701,.F.);
#6701 = EDGE_LOOP('',(#6702,#6703,#6704,#6705));
#6702 = ORIENTED_EDGE('',*,*,#6686,.F.);
#6703 = ORIENTED_EDGE('',*,*,#6579,.T.);
#6704 = ORIENTED_EDGE('',*,*,#6633,.T.);
#6705 = ORIENTED_EDGE('',*,*,#6670,.F.);
#6706 = PLANE('',#6707);
#6707 = AXIS2_PLACEMENT_3D('',#6708,#6709,#6710);
#6708 = CARTESIAN_POINT('',(0.,-14.88594495113,9.663640340885));
#6709 = DIRECTION('',(0.,0.947415719695,-0.320005396948));
#6710 = DIRECTION('',(0.,-0.320005396948,-0.947415719695));
#6711 = ( GEOMETRIC_REPRESENTATION_CONTEXT(3) 
GLOBAL_UNCERTAINTY_ASSIGNED_CONTEXT((#6715)) 
GLOBAL_UNIT_ASSIGNED_CONTEXT((#6712,#6713,#6714)) REPRESENTATION_CONTEXT
('Context #1','3D Context with UNIT and UNCERTAINTY') );
#6712 = ( LENGTH_UNIT() NAMED_UNIT(*) SI_UNIT(.MILLI.,.METRE.) );
#6713 = ( NAMED_UNIT(*) PLANE_ANGLE_UNIT() SI_UNIT($,.RADIAN.) );
#6714 = ( NAMED_UNIT(*) SI_UNIT($,.STERADIAN.) SOLID_ANGLE_UNIT() );
#6715 = UNCERTAINTY_MEASURE_WITH_UNIT(LENGTH_MEASURE(1.E-05),#6712,
  'distance_accuracy_value','confusion accuracy');
#6716 = CONTEXT_DEPENDENT_SHAPE_REPRESENTATION(#6717,#6719);
#6717 = ( REPRESENTATION_RELATIONSHIP('','',#6523,#10) 
REPRESENTATION_RELATIONSHIP_WITH_TRANSFORMATION(#6718) 
SHAPE_REPRESENTATION_RELATIONSHIP() );
#6718 = ITEM_DEFINED_TRANSFORMATION('','',#11,#43);
#6719 = PRODUCT_DEFINITION_SHAPE('Placement','Placement of an item',
  #6720);
#6720 = NEXT_ASSEMBLY_USAGE_OCCURRENCE('8','Caps','',#5,#6518,$);
#6721 = PRODUCT_RELATED_PRODUCT_CATEGORY('part',$,(#6520));
#6722 = SHAPE_DEFINITION_REPRESENTATION(#6723,#6729);
#6723 = PRODUCT_DEFINITION_SHAPE('','',#6724);
#6724 = PRODUCT_DEFINITION('design','',#6725,#6728);
#6725 = PRODUCT_DEFINITION_FORMATION('','',#6726);
#6726 = PRODUCT('OEM015','OEM015','',(#6727));
#6727 = PRODUCT_CONTEXT('',#2,'mechanical');
#6728 = PRODUCT_DEFINITION_CONTEXT('part definition',#2,'design');
#6729 = ADVANCED_BREP_SHAPE_REPRESENTATION('',(#11,#6730),#6917);
#6730 = MANIFOLD_SOLID_BREP('',#6731);
#6731 = CLOSED_SHELL('',(#6732,#6773,#6815,#6864,#6888,#6905));
#6732 = ADVANCED_FACE('',(#6733),#6768,.F.);
#6733 = FACE_BOUND('',#6734,.F.);
#6734 = EDGE_LOOP('',(#6735,#6745,#6753,#6761));
#6735 = ORIENTED_EDGE('',*,*,#6736,.F.);
#6736 = EDGE_CURVE('',#6737,#6739,#6741,.T.);
#6737 = VERTEX_POINT('',#6738);
#6738 = CARTESIAN_POINT('',(0.,0.,0.));
#6739 = VERTEX_POINT('',#6740);
#6740 = CARTESIAN_POINT('',(2.65,-0.75,7.864318152262));
#6741 = LINE('',#6742,#6743);
#6742 = CARTESIAN_POINT('',(0.,0.,0.));
#6743 = VECTOR('',#6744,1.);
#6744 = DIRECTION('',(0.318027351528,-9.00077409986E-02,0.943799348506)
  );
#6745 = ORIENTED_EDGE('',*,*,#6746,.T.);
#6746 = EDGE_CURVE('',#6737,#6747,#6749,.T.);
#6747 = VERTEX_POINT('',#6748);
#6748 = CARTESIAN_POINT('',(41.9625,0.,0.));
#6749 = LINE('',#6750,#6751);
#6750 = CARTESIAN_POINT('',(0.,0.,0.));
#6751 = VECTOR('',#6752,1.);
#6752 = DIRECTION('',(1.,0.,0.));
#6753 = ORIENTED_EDGE('',*,*,#6754,.T.);
#6754 = EDGE_CURVE('',#6747,#6755,#6757,.T.);
#6755 = VERTEX_POINT('',#6756);
#6756 = CARTESIAN_POINT('',(39.3125,-0.75,7.864318152262));
#6757 = LINE('',#6758,#6759);
#6758 = CARTESIAN_POINT('',(41.9625,0.,0.));
#6759 = VECTOR('',#6760,1.);
#6760 = DIRECTION('',(-0.318027351528,-9.00077409986E-02,0.943799348506)
  );
#6761 = ORIENTED_EDGE('',*,*,#6762,.T.);
#6762 = EDGE_CURVE('',#6755,#6739,#6763,.T.);
#6763 = CIRCLE('',#6764,210.4217041015);
#6764 = AXIS2_PLACEMENT_3D('',#6765,#6766,#6767);
#6765 = CARTESIAN_POINT('',(20.98125,-20.65079469318,216.53922608562));
#6766 = DIRECTION('',(0.,0.995483310413,9.493670886076E-02));
#6767 = DIRECTION('',(-1.,0.,0.));
#6768 = PLANE('',#6769);
#6769 = AXIS2_PLACEMENT_3D('',#6770,#6771,#6772);
#6770 = CARTESIAN_POINT('',(0.,0.,0.));
#6771 = DIRECTION('',(0.,-0.995483310413,-9.493670886076E-02));
#6772 = DIRECTION('',(0.,-9.493670886076E-02,0.995483310413));
#6773 = ADVANCED_FACE('',(#6774),#6810,.T.);
#6774 = FACE_BOUND('',#6775,.T.);
#6775 = EDGE_LOOP('',(#6776,#6784,#6792,#6809));
#6776 = ORIENTED_EDGE('',*,*,#6777,.F.);
#6777 = EDGE_CURVE('',#6778,#6737,#6780,.T.);
#6778 = VERTEX_POINT('',#6779);
#6779 = CARTESIAN_POINT('',(-1.136814172912E-24,-18.15,
    -4.440892098501E-16));
#6780 = LINE('',#6781,#6782);
#6781 = CARTESIAN_POINT('',(0.,-18.15,0.));
#6782 = VECTOR('',#6783,1.);
#6783 = DIRECTION('',(0.,1.,0.));
#6784 = ORIENTED_EDGE('',*,*,#6785,.T.);
#6785 = EDGE_CURVE('',#6778,#6786,#6788,.T.);
#6786 = VERTEX_POINT('',#6787);
#6787 = CARTESIAN_POINT('',(2.65,-14.88594495113,9.663640340885));
#6788 = LINE('',#6789,#6790);
#6789 = CARTESIAN_POINT('',(-2.273628345824E-24,-18.15,
    -8.881784197001E-16));
#6790 = VECTOR('',#6791,1.);
#6791 = DIRECTION('',(0.25145608602,0.309723210242,0.916974028989));
#6792 = ORIENTED_EDGE('',*,*,#6793,.F.);
#6793 = EDGE_CURVE('',#6739,#6786,#6794,.T.);
#6794 = B_SPLINE_CURVE_WITH_KNOTS('',4,(#6795,#6796,#6797,#6798,#6799,
    #6800,#6801,#6802,#6803,#6804,#6805,#6806,#6807,#6808),
  .UNSPECIFIED.,.F.,.F.,(5,3,3,3,5),(0.,0.251987718246,0.502908709133,
    0.751599270204,1.),.UNSPECIFIED.);
#6795 = CARTESIAN_POINT('',(2.650000000005,-0.75000000195,7.86431815251)
  );
#6796 = CARTESIAN_POINT('',(2.652167268285,-1.640436191323,7.97747273448
    ));
#6797 = CARTESIAN_POINT('',(2.653898731806,-2.530892793947,
    8.090667422372));
#6798 = CARTESIAN_POINT('',(2.655226258535,-3.421366765165,8.20389906207
    ));
#6799 = CARTESIAN_POINT('',(2.65712286371,-5.198575323697,8.429951580575
    ));
#6800 = CARTESIAN_POINT('',(2.657695158902,-6.085309772389,
    8.542772164943));
#6801 = CARTESIAN_POINT('',(2.657919858122,-6.972057014668,
    8.655624256034));
#6802 = CARTESIAN_POINT('',(2.65771942426,-8.737691459372,8.88038381743)
  );
#6803 = CARTESIAN_POINT('',(2.657300073395,-9.616578456793,
    8.992290764461));
#6804 = CARTESIAN_POINT('',(2.656582797846,-10.49547482461,
    9.104224515227));
#6805 = CARTESIAN_POINT('',(2.654590231257,-12.25225963466,
    9.328011706737));
#6806 = CARTESIAN_POINT('',(2.653315610511,-13.13014805264,
    9.439865086664));
#6807 = CARTESIAN_POINT('',(2.651780352223,-14.00804345212,
    9.551741776844));
#6808 = CARTESIAN_POINT('',(2.650000000005,-14.88594494892,
    9.663640340603));
#6809 = ORIENTED_EDGE('',*,*,#6736,.F.);
#6810 = B_SPLINE_SURFACE_WITH_KNOTS('',1,1,(
    (#6811,#6812)
    ,(#6813,#6814
    )),.UNSPECIFIED.,.F.,.F.,.F.,(2,2),(2,2),(0.,12.605015425587),(0.,1.
    ),.PIECEWISE_BEZIER_KNOTS.);
#6811 = CARTESIAN_POINT('',(-2.273628345824E-24,-18.15,
    -8.881784197001E-16));
#6812 = CARTESIAN_POINT('',(0.,0.,0.));
#6813 = CARTESIAN_POINT('',(3.169607843137,-14.24593415724,
    11.558471780274));
#6814 = CARTESIAN_POINT('',(3.320886075949,-0.939873417722,
    9.855284773088));
#6815 = ADVANCED_FACE('',(#6816),#6856,.F.);
#6816 = FACE_BOUND('',#6817,.F.);
#6817 = EDGE_LOOP('',(#6818,#6819,#6838,#6855));
#6818 = ORIENTED_EDGE('',*,*,#6762,.F.);
#6819 = ORIENTED_EDGE('',*,*,#6820,.T.);
#6820 = EDGE_CURVE('',#6755,#6821,#6823,.T.);
#6821 = VERTEX_POINT('',#6822);
#6822 = CARTESIAN_POINT('',(39.3125,-14.88594495113,9.663640340885));
#6823 = B_SPLINE_CURVE_WITH_KNOTS('',4,(#6824,#6825,#6826,#6827,#6828,
    #6829,#6830,#6831,#6832,#6833,#6834,#6835,#6836,#6837),
  .UNSPECIFIED.,.F.,.F.,(5,3,3,3,5),(0.,0.252592039072,0.503546080642,
    0.752969827551,1.),.UNSPECIFIED.);
#6824 = CARTESIAN_POINT('',(39.312499999995,-0.750000001966,
    7.864318152512));
#6825 = CARTESIAN_POINT('',(39.310327534139,-1.642571649116,
    7.977744103542));
#6826 = CARTESIAN_POINT('',(39.308592965736,-2.535163807502,
    8.091210353074));
#6827 = CARTESIAN_POINT('',(39.307264197469,-3.427773410642,
    8.204713724306));
#6828 = CARTESIAN_POINT('',(39.305370610632,-5.20723456783,
    8.431053228924));
#6829 = CARTESIAN_POINT('',(39.304800863962,-6.094085914601,
    8.543888911986));
#6830 = CARTESIAN_POINT('',(39.304578684824,-6.980950048932,
    8.65675609854));
#6831 = CARTESIAN_POINT('',(39.304784369346,-8.749292554122,
    8.881860812212));
#6832 = CARTESIAN_POINT('',(39.30520825351,-9.630770781839,
    8.994097978894));
#6833 = CARTESIAN_POINT('',(39.305931655109,-10.51225842357,
    9.106362091815));
#6834 = CARTESIAN_POINT('',(39.307930890941,-12.26679095033,
    9.329863170485));
#6835 = CARTESIAN_POINT('',(39.309201338463,-13.13983567318,
    9.441099652279));
#6836 = CARTESIAN_POINT('',(39.310729470916,-14.01288729594,
    9.552359180014));
#6837 = CARTESIAN_POINT('',(39.312499999995,-14.88594494889,9.6636403406
    ));
#6838 = ORIENTED_EDGE('',*,*,#6839,.F.);
#6839 = EDGE_CURVE('',#6786,#6821,#6840,.T.);
#6840 = B_SPLINE_CURVE_WITH_KNOTS('',4,(#6841,#6842,#6843,#6844,#6845,
    #6846,#6847,#6848,#6849,#6850,#6851,#6852,#6853,#6854),
  .UNSPECIFIED.,.F.,.F.,(5,3,3,3,5),(0.,0.251375140108,0.501780400264,
    0.75094948051,1.),.UNSPECIFIED.);
#6841 = CARTESIAN_POINT('',(2.650000000005,-14.88594495113,
    9.663640340885));
#6842 = CARTESIAN_POINT('',(4.947211352937,-14.9499216446,9.474229394486
    ));
#6843 = CARTESIAN_POINT('',(7.24783556684,-15.00322184408,9.316427534483
    ));
#6844 = CARTESIAN_POINT('',(9.551021001619,-15.04581173834,
    9.190334863214));
#6845 = CARTESIAN_POINT('',(14.151902779586,-15.10941413017,
    9.002032083316));
#6846 = CARTESIAN_POINT('',(16.449586267012,-15.13050925368,
    8.939577350319));
#6847 = CARTESIAN_POINT('',(18.74810942449,-15.14094305582,8.9086867833)
  );
#6848 = CARTESIAN_POINT('',(23.333784175354,-15.14048936651,
    8.910029986835));
#6849 = CARTESIAN_POINT('',(25.620936138056,-15.12970687795,
    8.941952883317));
#6850 = CARTESIAN_POINT('',(27.907236894277,-15.10836830892,
    9.005128367007));
#6851 = CARTESIAN_POINT('',(32.47537526056,-15.04462742577,
    9.193841167659));
#6852 = CARTESIAN_POINT('',(34.757214720656,-15.00223513138,
    9.319348819965));
#6853 = CARTESIAN_POINT('',(37.036532374231,-14.94933001274,
    9.475980994078));
#6854 = CARTESIAN_POINT('',(39.312499999995,-14.88594495113,
    9.663640340885));
#6855 = ORIENTED_EDGE('',*,*,#6793,.F.);
#6856 = SURFACE_OF_LINEAR_EXTRUSION('',#6857,#6862);
#6857 = CIRCLE('',#6858,210.4217041015);
#6858 = AXIS2_PLACEMENT_3D('',#6859,#6860,#6861);
#6859 = CARTESIAN_POINT('',(20.98125,-20.65079469318,216.53922608562));
#6860 = DIRECTION('',(0.,0.995483310413,9.493670886076E-02));
#6861 = DIRECTION('',(-1.,0.,0.));
#6862 = VECTOR('',#6863,1.);
#6863 = DIRECTION('',(0.,0.991996136922,-0.126268223763));
#6864 = ADVANCED_FACE('',(#6865),#6883,.F.);
#6865 = FACE_BOUND('',#6866,.F.);
#6866 = EDGE_LOOP('',(#6867,#6875,#6881,#6882));
#6867 = ORIENTED_EDGE('',*,*,#6868,.F.);
#6868 = EDGE_CURVE('',#6869,#6747,#6871,.T.);
#6869 = VERTEX_POINT('',#6870);
#6870 = CARTESIAN_POINT('',(41.9625,-18.15,-4.440892098501E-16));
#6871 = LINE('',#6872,#6873);
#6872 = CARTESIAN_POINT('',(41.9625,-18.15,0.));
#6873 = VECTOR('',#6874,1.);
#6874 = DIRECTION('',(0.,1.,0.));
#6875 = ORIENTED_EDGE('',*,*,#6876,.T.);
#6876 = EDGE_CURVE('',#6869,#6821,#6877,.T.);
#6877 = LINE('',#6878,#6879);
#6878 = CARTESIAN_POINT('',(41.9625,-18.15,-8.881784197001E-16));
#6879 = VECTOR('',#6880,1.);
#6880 = DIRECTION('',(-0.25145608602,0.309723210242,0.916974028989));
#6881 = ORIENTED_EDGE('',*,*,#6820,.F.);
#6882 = ORIENTED_EDGE('',*,*,#6754,.F.);
#6883 = B_SPLINE_SURFACE_WITH_KNOTS('',1,1,(
    (#6884,#6885)
    ,(#6886,#6887
    )),.UNSPECIFIED.,.F.,.F.,.F.,(2,2),(2,2),(0.,12.605015425587),(0.,1.
    ),.PIECEWISE_BEZIER_KNOTS.);
#6884 = CARTESIAN_POINT('',(41.9625,-18.15,-8.881784197001E-16));
#6885 = CARTESIAN_POINT('',(41.9625,0.,0.));
#6886 = CARTESIAN_POINT('',(38.792892156863,-14.24593415724,
    11.558471780274));
#6887 = CARTESIAN_POINT('',(38.641613924051,-0.939873417722,
    9.855284773088));
#6888 = ADVANCED_FACE('',(#6889),#6900,.F.);
#6889 = FACE_BOUND('',#6890,.F.);
#6890 = EDGE_LOOP('',(#6891,#6897,#6898,#6899));
#6891 = ORIENTED_EDGE('',*,*,#6892,.T.);
#6892 = EDGE_CURVE('',#6778,#6869,#6893,.T.);
#6893 = LINE('',#6894,#6895);
#6894 = CARTESIAN_POINT('',(0.,-18.15,0.));
#6895 = VECTOR('',#6896,1.);
#6896 = DIRECTION('',(1.,0.,0.));
#6897 = ORIENTED_EDGE('',*,*,#6868,.T.);
#6898 = ORIENTED_EDGE('',*,*,#6746,.F.);
#6899 = ORIENTED_EDGE('',*,*,#6777,.F.);
#6900 = PLANE('',#6901);
#6901 = AXIS2_PLACEMENT_3D('',#6902,#6903,#6904);
#6902 = CARTESIAN_POINT('',(0.,-18.15,0.));
#6903 = DIRECTION('',(0.,0.,1.));
#6904 = DIRECTION('',(0.,1.,0.));
#6905 = ADVANCED_FACE('',(#6906),#6912,.F.);
#6906 = FACE_BOUND('',#6907,.F.);
#6907 = EDGE_LOOP('',(#6908,#6909,#6910,#6911));
#6908 = ORIENTED_EDGE('',*,*,#6892,.F.);
#6909 = ORIENTED_EDGE('',*,*,#6785,.T.);
#6910 = ORIENTED_EDGE('',*,*,#6839,.T.);
#6911 = ORIENTED_EDGE('',*,*,#6876,.F.);
#6912 = PLANE('',#6913);
#6913 = AXIS2_PLACEMENT_3D('',#6914,#6915,#6916);
#6914 = CARTESIAN_POINT('',(0.,-14.88594495113,9.663640340885));
#6915 = DIRECTION('',(0.,0.947415719695,-0.320005396948));
#6916 = DIRECTION('',(0.,-0.320005396948,-0.947415719695));
#6917 = ( GEOMETRIC_REPRESENTATION_CONTEXT(3) 
GLOBAL_UNCERTAINTY_ASSIGNED_CONTEXT((#6921)) 
GLOBAL_UNIT_ASSIGNED_CONTEXT((#6918,#6919,#6920)) REPRESENTATION_CONTEXT
('Context #1','3D Context with UNIT and UNCERTAINTY') );
#6918 = ( LENGTH_UNIT() NAMED_UNIT(*) SI_UNIT(.MILLI.,.METRE.) );
#6919 = ( NAMED_UNIT(*) PLANE_ANGLE_UNIT() SI_UNIT($,.RADIAN.) );
#6920 = ( NAMED_UNIT(*) SI_UNIT($,.STERADIAN.) SOLID_ANGLE_UNIT() );
#6921 = UNCERTAINTY_MEASURE_WITH_UNIT(LENGTH_MEASURE(1.E-05),#6918,
  'distance_accuracy_value','confusion accuracy');
#6922 = CONTEXT_DEPENDENT_SHAPE_REPRESENTATION(#6923,#6925);
#6923 = ( REPRESENTATION_RELATIONSHIP('','',#6729,#10) 
REPRESENTATION_RELATIONSHIP_WITH_TRANSFORMATION(#6924) 
SHAPE_REPRESENTATION_RELATIONSHIP() );
#6924 = ITEM_DEFINED_TRANSFORMATION('','',#11,#47);
#6925 = PRODUCT_DEFINITION_SHAPE('Placement','Placement of an item',
  #6926);
#6926 = NEXT_ASSEMBLY_USAGE_OCCURRENCE('9','Return','',#5,#6724,$);
#6927 = PRODUCT_RELATED_PRODUCT_CATEGORY('part',$,(#6726));
#6928 = SHAPE_DEFINITION_REPRESENTATION(#6929,#6935);
#6929 = PRODUCT_DEFINITION_SHAPE('','',#6930);
#6930 = PRODUCT_DEFINITION('design','',#6931,#6934);
#6931 = PRODUCT_DEFINITION_FORMATION('','',#6932);
#6932 = PRODUCT('OEM017','OEM017','',(#6933));
#6933 = PRODUCT_CONTEXT('',#2,'mechanical');
#6934 = PRODUCT_DEFINITION_CONTEXT('part definition',#2,'design');
#6935 = SHAPE_REPRESENTATION('',(#11,#6936,#7109,#7282,#7455,#7628,#7801
    ,#7974,#8147,#8320,#8493,#8666,#8839),#9012);
#6936 = MANIFOLD_SOLID_BREP('',#6937);
#6937 = CLOSED_SHELL('',(#6938,#6979,#7012,#7056,#7080,#7097));
#6938 = ADVANCED_FACE('',(#6939),#6974,.F.);
#6939 = FACE_BOUND('',#6940,.F.);
#6940 = EDGE_LOOP('',(#6941,#6951,#6959,#6967));
#6941 = ORIENTED_EDGE('',*,*,#6942,.F.);
#6942 = EDGE_CURVE('',#6943,#6945,#6947,.T.);
#6943 = VERTEX_POINT('',#6944);
#6944 = CARTESIAN_POINT('',(0.,0.,0.));
#6945 = VERTEX_POINT('',#6946);
#6946 = CARTESIAN_POINT('',(2.65,-0.75,9.57065828457));
#6947 = LINE('',#6948,#6949);
#6948 = CARTESIAN_POINT('',(0.,0.,0.));
#6949 = VECTOR('',#6950,1.);
#6950 = DIRECTION('',(0.266089874363,-7.530845500845E-02,0.9610019851));
#6951 = ORIENTED_EDGE('',*,*,#6952,.T.);
#6952 = EDGE_CURVE('',#6943,#6953,#6955,.T.);
#6953 = VERTEX_POINT('',#6954);
#6954 = CARTESIAN_POINT('',(18.15,0.,0.));
#6955 = LINE('',#6956,#6957);
#6956 = CARTESIAN_POINT('',(0.,0.,0.));
#6957 = VECTOR('',#6958,1.);
#6958 = DIRECTION('',(1.,0.,0.));
#6959 = ORIENTED_EDGE('',*,*,#6960,.T.);
#6960 = EDGE_CURVE('',#6953,#6961,#6963,.T.);
#6961 = VERTEX_POINT('',#6962);
#6962 = CARTESIAN_POINT('',(15.5,-0.75,9.57065828457));
#6963 = LINE('',#6964,#6965);
#6964 = CARTESIAN_POINT('',(18.15,0.,0.));
#6965 = VECTOR('',#6966,1.);
#6966 = DIRECTION('',(-0.266089874363,-7.530845500845E-02,0.9610019851)
  );
#6967 = ORIENTED_EDGE('',*,*,#6968,.T.);
#6968 = EDGE_CURVE('',#6961,#6945,#6969,.T.);
#6969 = CIRCLE('',#6970,26.200390625);
#6970 = AXIS2_PLACEMENT_3D('',#6971,#6972,#6973);
#6971 = CARTESIAN_POINT('',(9.075,-2.734405517578,34.893414426909));
#6972 = DIRECTION('',(0.,0.996943571309,7.8125E-02));
#6973 = DIRECTION('',(-1.,0.,0.));
#6974 = PLANE('',#6975);
#6975 = AXIS2_PLACEMENT_3D('',#6976,#6977,#6978);
#6976 = CARTESIAN_POINT('',(0.,0.,0.));
#6977 = DIRECTION('',(0.,-0.996943571309,-7.8125E-02));
#6978 = DIRECTION('',(0.,-7.8125E-02,0.996943571309));
#6979 = ADVANCED_FACE('',(#6980),#7007,.T.);
#6980 = FACE_BOUND('',#6981,.T.);
#6981 = EDGE_LOOP('',(#6982,#6990,#6998,#7006));
#6982 = ORIENTED_EDGE('',*,*,#6983,.F.);
#6983 = EDGE_CURVE('',#6984,#6943,#6986,.T.);
#6984 = VERTEX_POINT('',#6985);
#6985 = CARTESIAN_POINT('',(8.471323617958E-22,-18.15,6.013673631235E-13
    ));
#6986 = LINE('',#6987,#6988);
#6987 = CARTESIAN_POINT('',(0.,-18.15,0.));
#6988 = VECTOR('',#6989,1.);
#6989 = DIRECTION('',(0.,1.,0.));
#6990 = ORIENTED_EDGE('',*,*,#6991,.T.);
#6991 = EDGE_CURVE('',#6984,#6992,#6994,.T.);
#6992 = VERTEX_POINT('',#6993);
#6993 = CARTESIAN_POINT('',(2.649999999994,-14.99882572126,
    9.753594243408));
#6994 = LINE('',#6995,#6996);
#6995 = CARTESIAN_POINT('',(1.694065894509E-21,-18.15,1.201705401854E-12
    ));
#6996 = VECTOR('',#6997,1.);
#6997 = DIRECTION('',(0.250306499006,0.297645057158,0.921278501054));
#6998 = ORIENTED_EDGE('',*,*,#6999,.T.);
#6999 = EDGE_CURVE('',#6992,#6945,#7000,.T.);
#7000 = B_SPLINE_CURVE_WITH_KNOTS('',4,(#7001,#7002,#7003,#7004,#7005),
  .UNSPECIFIED.,.F.,.F.,(5,5),(0.,1.),.PIECEWISE_BEZIER_KNOTS.);
#7001 = CARTESIAN_POINT('',(2.649999999994,-14.99882572126,
    9.753594243408));
#7002 = CARTESIAN_POINT('',(2.650174759663,-11.43666896759,9.70786089148
    ));
#7003 = CARTESIAN_POINT('',(2.650233845069,-7.874479250389,
    9.662127116345));
#7004 = CARTESIAN_POINT('',(2.650176011588,-4.312256337335,
    9.616392915019));
#7005 = CARTESIAN_POINT('',(2.65,-0.75,9.57065828457));
#7006 = ORIENTED_EDGE('',*,*,#6942,.F.);
#7007 = B_SPLINE_SURFACE_WITH_KNOTS('',1,1,(
    (#7008,#7009)
    ,(#7010,#7011
    )),.UNSPECIFIED.,.F.,.F.,.F.,(2,2),(2,2),(0.,12.652780424426),(0.,1.
    ),.PIECEWISE_BEZIER_KNOTS.);
#7008 = CARTESIAN_POINT('',(1.694065894509E-21,-18.15,1.201705401854E-12
    ));
#7009 = CARTESIAN_POINT('',(0.,0.,0.));
#7010 = CARTESIAN_POINT('',(3.167073170725,-14.38396244736,
    11.656734583586));
#7011 = CARTESIAN_POINT('',(3.202083333333,-0.90625,11.564545427188));
#7012 = ADVANCED_FACE('',(#7013),#7048,.F.);
#7013 = FACE_BOUND('',#7014,.F.);
#7014 = EDGE_LOOP('',(#7015,#7025,#7046,#7047));
#7015 = ORIENTED_EDGE('',*,*,#7016,.F.);
#7016 = EDGE_CURVE('',#7017,#6961,#7019,.T.);
#7017 = VERTEX_POINT('',#7018);
#7018 = CARTESIAN_POINT('',(15.500000000006,-14.99882572126,
    9.753594243408));
#7019 = B_SPLINE_CURVE_WITH_KNOTS('',4,(#7020,#7021,#7022,#7023,#7024),
  .UNSPECIFIED.,.F.,.F.,(5,5),(0.,1.),.PIECEWISE_BEZIER_KNOTS.);
#7020 = CARTESIAN_POINT('',(15.500000000006,-14.99882572126,
    9.753594243408));
#7021 = CARTESIAN_POINT('',(15.499825240337,-11.43666896759,
    9.70786089148));
#7022 = CARTESIAN_POINT('',(15.499766154931,-7.874479250389,
    9.662127116345));
#7023 = CARTESIAN_POINT('',(15.499823988412,-4.312256337335,
    9.616392915019));
#7024 = CARTESIAN_POINT('',(15.5,-0.75,9.57065828457));
#7025 = ORIENTED_EDGE('',*,*,#7026,.F.);
#7026 = EDGE_CURVE('',#6992,#7017,#7027,.T.);
#7027 = B_SPLINE_CURVE_WITH_KNOTS('',5,(#7028,#7029,#7030,#7031,#7032,
    #7033,#7034,#7035,#7036,#7037,#7038,#7039,#7040,#7041,#7042,#7043,
    #7044,#7045),.UNSPECIFIED.,.F.,.F.,(6,4,4,4,6),(0.,0.25072093436,
    0.499505898416,0.746822723388,1.),.UNSPECIFIED.);
#7028 = CARTESIAN_POINT('',(2.65,-14.99882572126,9.753594243408));
#7029 = CARTESIAN_POINT('',(3.27806451052,-15.0497330679,9.596024537881)
  );
#7030 = CARTESIAN_POINT('',(3.912155492374,-15.09451042204,9.45742854003
    ));
#7031 = CARTESIAN_POINT('',(4.55134233052,-15.13303539195,9.338185079831
    ));
#7032 = CARTESIAN_POINT('',(5.194649430583,-15.16521220884,9.23859058321
    ));
#7033 = CARTESIAN_POINT('',(6.482466308759,-15.21654045253,
    9.079718106505));
#7034 = CARTESIAN_POINT('',(7.12693295271,-15.23579078923,9.020133977988
    ));
#7035 = CARTESIAN_POINT('',(7.773452829352,-15.24866289826,
    8.980291900902));
#7036 = CARTESIAN_POINT('',(8.421009261335,-15.25512462061,
    8.960291414635));
#7037 = CARTESIAN_POINT('',(9.712308347183,-15.25522617689,
    8.959977075065));
#7038 = CARTESIAN_POINT('',(10.356055462628,-15.24894145361,
    8.97942970936));
#7039 = CARTESIAN_POINT('',(10.998796360217,-15.23632151918,
    9.018491249249));
#7040 = CARTESIAN_POINT('',(11.639532024144,-15.21739753668,
    9.07706523799));
#7041 = CARTESIAN_POINT('',(12.930137942107,-15.16646951472,
    9.234698938292));
#7042 = CARTESIAN_POINT('',(13.579869561326,-15.13416589668,
    9.334685913008));
#7043 = CARTESIAN_POINT('',(14.225419334596,-15.09538721657,
    9.454714663442));
#7044 = CARTESIAN_POINT('',(14.865782269164,-15.05023181304,
    9.594480809335));
#7045 = CARTESIAN_POINT('',(15.5,-14.99882572126,9.753594243408));
#7046 = ORIENTED_EDGE('',*,*,#6999,.T.);
#7047 = ORIENTED_EDGE('',*,*,#6968,.F.);
#7048 = SURFACE_OF_LINEAR_EXTRUSION('',#7049,#7054);
#7049 = CIRCLE('',#7050,26.200390625);
#7050 = AXIS2_PLACEMENT_3D('',#7051,#7052,#7053);
#7051 = CARTESIAN_POINT('',(9.075,-2.734405517578,34.893414426909));
#7052 = DIRECTION('',(0.,0.996943571309,7.8125E-02));
#7053 = DIRECTION('',(-1.,0.,0.));
#7054 = VECTOR('',#7055,1.);
#7055 = DIRECTION('',(0.,0.999917594475,-1.283761114653E-02));
#7056 = ADVANCED_FACE('',(#7057),#7075,.F.);
#7057 = FACE_BOUND('',#7058,.F.);
#7058 = EDGE_LOOP('',(#7059,#7067,#7073,#7074));
#7059 = ORIENTED_EDGE('',*,*,#7060,.F.);
#7060 = EDGE_CURVE('',#7061,#6953,#7063,.T.);
#7061 = VERTEX_POINT('',#7062);
#7062 = CARTESIAN_POINT('',(18.15,-18.15,6.008527009271E-13));
#7063 = LINE('',#7064,#7065);
#7064 = CARTESIAN_POINT('',(18.15,-18.15,0.));
#7065 = VECTOR('',#7066,1.);
#7066 = DIRECTION('',(0.,1.,0.));
#7067 = ORIENTED_EDGE('',*,*,#7068,.T.);
#7068 = EDGE_CURVE('',#7061,#7017,#7069,.T.);
#7069 = LINE('',#7070,#7071);
#7070 = CARTESIAN_POINT('',(18.15,-18.15,1.201705401854E-12));
#7071 = VECTOR('',#7072,1.);
#7072 = DIRECTION('',(-0.250306499006,0.297645057158,0.921278501054));
#7073 = ORIENTED_EDGE('',*,*,#7016,.T.);
#7074 = ORIENTED_EDGE('',*,*,#6960,.F.);
#7075 = B_SPLINE_SURFACE_WITH_KNOTS('',1,1,(
    (#7076,#7077)
    ,(#7078,#7079
    )),.UNSPECIFIED.,.F.,.F.,.F.,(2,2),(2,2),(0.,12.652780424426),(0.,1.
    ),.PIECEWISE_BEZIER_KNOTS.);
#7076 = CARTESIAN_POINT('',(18.15,-18.15,1.201705401854E-12));
#7077 = CARTESIAN_POINT('',(18.15,0.,0.));
#7078 = CARTESIAN_POINT('',(14.982926829275,-14.38396244736,
    11.656734583586));
#7079 = CARTESIAN_POINT('',(14.947916666667,-0.90625,11.564545427188));
#7080 = ADVANCED_FACE('',(#7081),#7092,.F.);
#7081 = FACE_BOUND('',#7082,.F.);
#7082 = EDGE_LOOP('',(#7083,#7089,#7090,#7091));
#7083 = ORIENTED_EDGE('',*,*,#7084,.T.);
#7084 = EDGE_CURVE('',#6984,#7061,#7085,.T.);
#7085 = LINE('',#7086,#7087);
#7086 = CARTESIAN_POINT('',(0.,-18.15,0.));
#7087 = VECTOR('',#7088,1.);
#7088 = DIRECTION('',(1.,0.,0.));
#7089 = ORIENTED_EDGE('',*,*,#7060,.T.);
#7090 = ORIENTED_EDGE('',*,*,#6952,.F.);
#7091 = ORIENTED_EDGE('',*,*,#6983,.F.);
#7092 = PLANE('',#7093);
#7093 = AXIS2_PLACEMENT_3D('',#7094,#7095,#7096);
#7094 = CARTESIAN_POINT('',(0.,-18.15,0.));
#7095 = DIRECTION('',(0.,0.,1.));
#7096 = DIRECTION('',(0.,1.,0.));
#7097 = ADVANCED_FACE('',(#7098),#7104,.F.);
#7098 = FACE_BOUND('',#7099,.F.);
#7099 = EDGE_LOOP('',(#7100,#7101,#7102,#7103));
#7100 = ORIENTED_EDGE('',*,*,#7084,.F.);
#7101 = ORIENTED_EDGE('',*,*,#6991,.T.);
#7102 = ORIENTED_EDGE('',*,*,#7026,.T.);
#7103 = ORIENTED_EDGE('',*,*,#7068,.F.);
#7104 = PLANE('',#7105);
#7105 = AXIS2_PLACEMENT_3D('',#7106,#7107,#7108);
#7106 = CARTESIAN_POINT('',(0.,-14.99882572126,9.753594243408));
#7107 = DIRECTION('',(0.,0.951570170089,-0.30743163695));
#7108 = DIRECTION('',(0.,-0.30743163695,-0.951570170089));
#7109 = MANIFOLD_SOLID_BREP('',#7110);
#7110 = CLOSED_SHELL('',(#7111,#7152,#7185,#7229,#7253,#7270));
#7111 = ADVANCED_FACE('',(#7112),#7147,.F.);
#7112 = FACE_BOUND('',#7113,.F.);
#7113 = EDGE_LOOP('',(#7114,#7124,#7132,#7140));
#7114 = ORIENTED_EDGE('',*,*,#7115,.F.);
#7115 = EDGE_CURVE('',#7116,#7118,#7120,.T.);
#7116 = VERTEX_POINT('',#7117);
#7117 = CARTESIAN_POINT('',(19.05,0.,0.));
#7118 = VERTEX_POINT('',#7119);
#7119 = CARTESIAN_POINT('',(21.7,-0.75,9.57065828457));
#7120 = LINE('',#7121,#7122);
#7121 = CARTESIAN_POINT('',(19.05,0.,0.));
#7122 = VECTOR('',#7123,1.);
#7123 = DIRECTION('',(0.266089874363,-7.530845500845E-02,0.9610019851));
#7124 = ORIENTED_EDGE('',*,*,#7125,.T.);
#7125 = EDGE_CURVE('',#7116,#7126,#7128,.T.);
#7126 = VERTEX_POINT('',#7127);
#7127 = CARTESIAN_POINT('',(37.2,0.,0.));
#7128 = LINE('',#7129,#7130);
#7129 = CARTESIAN_POINT('',(19.05,0.,0.));
#7130 = VECTOR('',#7131,1.);
#7131 = DIRECTION('',(1.,0.,0.));
#7132 = ORIENTED_EDGE('',*,*,#7133,.T.);
#7133 = EDGE_CURVE('',#7126,#7134,#7136,.T.);
#7134 = VERTEX_POINT('',#7135);
#7135 = CARTESIAN_POINT('',(34.55,-0.75,9.57065828457));
#7136 = LINE('',#7137,#7138);
#7137 = CARTESIAN_POINT('',(37.2,0.,0.));
#7138 = VECTOR('',#7139,1.);
#7139 = DIRECTION('',(-0.266089874363,-7.530845500845E-02,0.9610019851)
  );
#7140 = ORIENTED_EDGE('',*,*,#7141,.T.);
#7141 = EDGE_CURVE('',#7134,#7118,#7142,.T.);
#7142 = CIRCLE('',#7143,26.200390625);
#7143 = AXIS2_PLACEMENT_3D('',#7144,#7145,#7146);
#7144 = CARTESIAN_POINT('',(28.125,-2.734405517578,34.893414426909));
#7145 = DIRECTION('',(0.,0.996943571309,7.8125E-02));
#7146 = DIRECTION('',(-1.,0.,0.));
#7147 = PLANE('',#7148);
#7148 = AXIS2_PLACEMENT_3D('',#7149,#7150,#7151);
#7149 = CARTESIAN_POINT('',(19.05,0.,0.));
#7150 = DIRECTION('',(0.,-0.996943571309,-7.8125E-02));
#7151 = DIRECTION('',(0.,-7.8125E-02,0.996943571309));
#7152 = ADVANCED_FACE('',(#7153),#7180,.T.);
#7153 = FACE_BOUND('',#7154,.T.);
#7154 = EDGE_LOOP('',(#7155,#7163,#7171,#7179));
#7155 = ORIENTED_EDGE('',*,*,#7156,.F.);
#7156 = EDGE_CURVE('',#7157,#7116,#7159,.T.);
#7157 = VERTEX_POINT('',#7158);
#7158 = CARTESIAN_POINT('',(19.05,-18.15,6.013673631235E-13));
#7159 = LINE('',#7160,#7161);
#7160 = CARTESIAN_POINT('',(19.05,-18.15,0.));
#7161 = VECTOR('',#7162,1.);
#7162 = DIRECTION('',(0.,1.,0.));
#7163 = ORIENTED_EDGE('',*,*,#7164,.T.);
#7164 = EDGE_CURVE('',#7157,#7165,#7167,.T.);
#7165 = VERTEX_POINT('',#7166);
#7166 = CARTESIAN_POINT('',(21.699999999994,-14.99882572126,
    9.753594243408));
#7167 = LINE('',#7168,#7169);
#7168 = CARTESIAN_POINT('',(19.05,-18.15,1.201705401854E-12));
#7169 = VECTOR('',#7170,1.);
#7170 = DIRECTION('',(0.250306499006,0.297645057158,0.921278501054));
#7171 = ORIENTED_EDGE('',*,*,#7172,.T.);
#7172 = EDGE_CURVE('',#7165,#7118,#7173,.T.);
#7173 = B_SPLINE_CURVE_WITH_KNOTS('',4,(#7174,#7175,#7176,#7177,#7178),
  .UNSPECIFIED.,.F.,.F.,(5,5),(0.,1.),.PIECEWISE_BEZIER_KNOTS.);
#7174 = CARTESIAN_POINT('',(21.699999999994,-14.99882572126,
    9.753594243408));
#7175 = CARTESIAN_POINT('',(21.700174759663,-11.43666896759,
    9.70786089148));
#7176 = CARTESIAN_POINT('',(21.700233845069,-7.874479250389,
    9.662127116345));
#7177 = CARTESIAN_POINT('',(21.700176011588,-4.312256337335,
    9.616392915019));
#7178 = CARTESIAN_POINT('',(21.7,-0.75,9.57065828457));
#7179 = ORIENTED_EDGE('',*,*,#7115,.F.);
#7180 = B_SPLINE_SURFACE_WITH_KNOTS('',1,1,(
    (#7181,#7182)
    ,(#7183,#7184
    )),.UNSPECIFIED.,.F.,.F.,.F.,(2,2),(2,2),(0.,12.652780424426),(0.,1.
    ),.PIECEWISE_BEZIER_KNOTS.);
#7181 = CARTESIAN_POINT('',(19.05,-18.15,1.201705401854E-12));
#7182 = CARTESIAN_POINT('',(19.05,0.,0.));
#7183 = CARTESIAN_POINT('',(22.217073170725,-14.38396244736,
    11.656734583586));
#7184 = CARTESIAN_POINT('',(22.252083333333,-0.90625,11.564545427188));
#7185 = ADVANCED_FACE('',(#7186),#7221,.F.);
#7186 = FACE_BOUND('',#7187,.F.);
#7187 = EDGE_LOOP('',(#7188,#7198,#7219,#7220));
#7188 = ORIENTED_EDGE('',*,*,#7189,.F.);
#7189 = EDGE_CURVE('',#7190,#7134,#7192,.T.);
#7190 = VERTEX_POINT('',#7191);
#7191 = CARTESIAN_POINT('',(34.550000000006,-14.99882572126,
    9.753594243408));
#7192 = B_SPLINE_CURVE_WITH_KNOTS('',4,(#7193,#7194,#7195,#7196,#7197),
  .UNSPECIFIED.,.F.,.F.,(5,5),(0.,1.),.PIECEWISE_BEZIER_KNOTS.);
#7193 = CARTESIAN_POINT('',(34.550000000006,-14.99882572126,
    9.753594243408));
#7194 = CARTESIAN_POINT('',(34.549825240337,-11.43666896759,
    9.70786089148));
#7195 = CARTESIAN_POINT('',(34.549766154931,-7.874479250389,
    9.662127116345));
#7196 = CARTESIAN_POINT('',(34.549823988412,-4.312256337335,
    9.616392915019));
#7197 = CARTESIAN_POINT('',(34.55,-0.75,9.57065828457));
#7198 = ORIENTED_EDGE('',*,*,#7199,.F.);
#7199 = EDGE_CURVE('',#7165,#7190,#7200,.T.);
#7200 = B_SPLINE_CURVE_WITH_KNOTS('',5,(#7201,#7202,#7203,#7204,#7205,
    #7206,#7207,#7208,#7209,#7210,#7211,#7212,#7213,#7214,#7215,#7216,
    #7217,#7218),.UNSPECIFIED.,.F.,.F.,(6,4,4,4,6),(0.,0.25072093436,
    0.499505898416,0.746822723388,1.),.UNSPECIFIED.);
#7201 = CARTESIAN_POINT('',(21.7,-14.99882572126,9.753594243408));
#7202 = CARTESIAN_POINT('',(22.32806451052,-15.0497330679,9.596024537881
    ));
#7203 = CARTESIAN_POINT('',(22.962155492374,-15.09451042204,
    9.45742854003));
#7204 = CARTESIAN_POINT('',(23.60134233052,-15.13303539195,
    9.338185079831));
#7205 = CARTESIAN_POINT('',(24.244649430583,-15.16521220884,
    9.23859058321));
#7206 = CARTESIAN_POINT('',(25.532466308759,-15.21654045253,
    9.079718106505));
#7207 = CARTESIAN_POINT('',(26.17693295271,-15.23579078923,
    9.020133977988));
#7208 = CARTESIAN_POINT('',(26.823452829352,-15.24866289826,
    8.980291900902));
#7209 = CARTESIAN_POINT('',(27.471009261335,-15.25512462061,
    8.960291414635));
#7210 = CARTESIAN_POINT('',(28.762308347183,-15.25522617689,
    8.959977075065));
#7211 = CARTESIAN_POINT('',(29.406055462628,-15.24894145361,
    8.97942970936));
#7212 = CARTESIAN_POINT('',(30.048796360217,-15.23632151918,
    9.018491249249));
#7213 = CARTESIAN_POINT('',(30.689532024144,-15.21739753668,
    9.07706523799));
#7214 = CARTESIAN_POINT('',(31.980137942107,-15.16646951472,
    9.234698938292));
#7215 = CARTESIAN_POINT('',(32.629869561326,-15.13416589668,
    9.334685913008));
#7216 = CARTESIAN_POINT('',(33.275419334596,-15.09538721657,
    9.454714663442));
#7217 = CARTESIAN_POINT('',(33.915782269164,-15.05023181304,
    9.594480809335));
#7218 = CARTESIAN_POINT('',(34.55,-14.99882572126,9.753594243408));
#7219 = ORIENTED_EDGE('',*,*,#7172,.T.);
#7220 = ORIENTED_EDGE('',*,*,#7141,.F.);
#7221 = SURFACE_OF_LINEAR_EXTRUSION('',#7222,#7227);
#7222 = CIRCLE('',#7223,26.200390625);
#7223 = AXIS2_PLACEMENT_3D('',#7224,#7225,#7226);
#7224 = CARTESIAN_POINT('',(28.125,-2.734405517578,34.893414426909));
#7225 = DIRECTION('',(0.,0.996943571309,7.8125E-02));
#7226 = DIRECTION('',(-1.,0.,0.));
#7227 = VECTOR('',#7228,1.);
#7228 = DIRECTION('',(0.,0.999917594475,-1.283761114653E-02));
#7229 = ADVANCED_FACE('',(#7230),#7248,.F.);
#7230 = FACE_BOUND('',#7231,.F.);
#7231 = EDGE_LOOP('',(#7232,#7240,#7246,#7247));
#7232 = ORIENTED_EDGE('',*,*,#7233,.F.);
#7233 = EDGE_CURVE('',#7234,#7126,#7236,.T.);
#7234 = VERTEX_POINT('',#7235);
#7235 = CARTESIAN_POINT('',(37.2,-18.15,6.008527009271E-13));
#7236 = LINE('',#7237,#7238);
#7237 = CARTESIAN_POINT('',(37.2,-18.15,0.));
#7238 = VECTOR('',#7239,1.);
#7239 = DIRECTION('',(0.,1.,0.));
#7240 = ORIENTED_EDGE('',*,*,#7241,.T.);
#7241 = EDGE_CURVE('',#7234,#7190,#7242,.T.);
#7242 = LINE('',#7243,#7244);
#7243 = CARTESIAN_POINT('',(37.2,-18.15,1.201705401854E-12));
#7244 = VECTOR('',#7245,1.);
#7245 = DIRECTION('',(-0.250306499006,0.297645057158,0.921278501054));
#7246 = ORIENTED_EDGE('',*,*,#7189,.T.);
#7247 = ORIENTED_EDGE('',*,*,#7133,.F.);
#7248 = B_SPLINE_SURFACE_WITH_KNOTS('',1,1,(
    (#7249,#7250)
    ,(#7251,#7252
    )),.UNSPECIFIED.,.F.,.F.,.F.,(2,2),(2,2),(0.,12.652780424426),(0.,1.
    ),.PIECEWISE_BEZIER_KNOTS.);
#7249 = CARTESIAN_POINT('',(37.2,-18.15,1.201705401854E-12));
#7250 = CARTESIAN_POINT('',(37.2,0.,0.));
#7251 = CARTESIAN_POINT('',(34.032926829275,-14.38396244736,
    11.656734583586));
#7252 = CARTESIAN_POINT('',(33.997916666667,-0.90625,11.564545427188));
#7253 = ADVANCED_FACE('',(#7254),#7265,.F.);
#7254 = FACE_BOUND('',#7255,.F.);
#7255 = EDGE_LOOP('',(#7256,#7262,#7263,#7264));
#7256 = ORIENTED_EDGE('',*,*,#7257,.T.);
#7257 = EDGE_CURVE('',#7157,#7234,#7258,.T.);
#7258 = LINE('',#7259,#7260);
#7259 = CARTESIAN_POINT('',(19.05,-18.15,0.));
#7260 = VECTOR('',#7261,1.);
#7261 = DIRECTION('',(1.,0.,0.));
#7262 = ORIENTED_EDGE('',*,*,#7233,.T.);
#7263 = ORIENTED_EDGE('',*,*,#7125,.F.);
#7264 = ORIENTED_EDGE('',*,*,#7156,.F.);
#7265 = PLANE('',#7266);
#7266 = AXIS2_PLACEMENT_3D('',#7267,#7268,#7269);
#7267 = CARTESIAN_POINT('',(19.05,-18.15,0.));
#7268 = DIRECTION('',(0.,0.,1.));
#7269 = DIRECTION('',(0.,1.,0.));
#7270 = ADVANCED_FACE('',(#7271),#7277,.F.);
#7271 = FACE_BOUND('',#7272,.F.);
#7272 = EDGE_LOOP('',(#7273,#7274,#7275,#7276));
#7273 = ORIENTED_EDGE('',*,*,#7257,.F.);
#7274 = ORIENTED_EDGE('',*,*,#7164,.T.);
#7275 = ORIENTED_EDGE('',*,*,#7199,.T.);
#7276 = ORIENTED_EDGE('',*,*,#7241,.F.);
#7277 = PLANE('',#7278);
#7278 = AXIS2_PLACEMENT_3D('',#7279,#7280,#7281);
#7279 = CARTESIAN_POINT('',(19.05,-14.99882572126,9.753594243408));
#7280 = DIRECTION('',(0.,0.951570170089,-0.30743163695));
#7281 = DIRECTION('',(0.,-0.30743163695,-0.951570170089));
#7282 = MANIFOLD_SOLID_BREP('',#7283);
#7283 = CLOSED_SHELL('',(#7284,#7325,#7358,#7402,#7426,#7443));
#7284 = ADVANCED_FACE('',(#7285),#7320,.F.);
#7285 = FACE_BOUND('',#7286,.F.);
#7286 = EDGE_LOOP('',(#7287,#7297,#7305,#7313));
#7287 = ORIENTED_EDGE('',*,*,#7288,.F.);
#7288 = EDGE_CURVE('',#7289,#7291,#7293,.T.);
#7289 = VERTEX_POINT('',#7290);
#7290 = CARTESIAN_POINT('',(38.1,0.,0.));
#7291 = VERTEX_POINT('',#7292);
#7292 = CARTESIAN_POINT('',(40.75,-0.75,9.57065828457));
#7293 = LINE('',#7294,#7295);
#7294 = CARTESIAN_POINT('',(38.1,0.,0.));
#7295 = VECTOR('',#7296,1.);
#7296 = DIRECTION('',(0.266089874363,-7.530845500845E-02,0.9610019851));
#7297 = ORIENTED_EDGE('',*,*,#7298,.T.);
#7298 = EDGE_CURVE('',#7289,#7299,#7301,.T.);
#7299 = VERTEX_POINT('',#7300);
#7300 = CARTESIAN_POINT('',(56.25,0.,0.));
#7301 = LINE('',#7302,#7303);
#7302 = CARTESIAN_POINT('',(38.1,0.,0.));
#7303 = VECTOR('',#7304,1.);
#7304 = DIRECTION('',(1.,0.,0.));
#7305 = ORIENTED_EDGE('',*,*,#7306,.T.);
#7306 = EDGE_CURVE('',#7299,#7307,#7309,.T.);
#7307 = VERTEX_POINT('',#7308);
#7308 = CARTESIAN_POINT('',(53.6,-0.75,9.57065828457));
#7309 = LINE('',#7310,#7311);
#7310 = CARTESIAN_POINT('',(56.25,0.,0.));
#7311 = VECTOR('',#7312,1.);
#7312 = DIRECTION('',(-0.266089874363,-7.530845500845E-02,0.9610019851)
  );
#7313 = ORIENTED_EDGE('',*,*,#7314,.T.);
#7314 = EDGE_CURVE('',#7307,#7291,#7315,.T.);
#7315 = CIRCLE('',#7316,26.200390625);
#7316 = AXIS2_PLACEMENT_3D('',#7317,#7318,#7319);
#7317 = CARTESIAN_POINT('',(47.175,-2.734405517578,34.893414426909));
#7318 = DIRECTION('',(0.,0.996943571309,7.8125E-02));
#7319 = DIRECTION('',(-1.,0.,0.));
#7320 = PLANE('',#7321);
#7321 = AXIS2_PLACEMENT_3D('',#7322,#7323,#7324);
#7322 = CARTESIAN_POINT('',(38.1,0.,0.));
#7323 = DIRECTION('',(0.,-0.996943571309,-7.8125E-02));
#7324 = DIRECTION('',(0.,-7.8125E-02,0.996943571309));
#7325 = ADVANCED_FACE('',(#7326),#7353,.T.);
#7326 = FACE_BOUND('',#7327,.T.);
#7327 = EDGE_LOOP('',(#7328,#7336,#7344,#7352));
#7328 = ORIENTED_EDGE('',*,*,#7329,.F.);
#7329 = EDGE_CURVE('',#7330,#7289,#7332,.T.);
#7330 = VERTEX_POINT('',#7331);
#7331 = CARTESIAN_POINT('',(38.1,-18.15,6.013673631235E-13));
#7332 = LINE('',#7333,#7334);
#7333 = CARTESIAN_POINT('',(38.1,-18.15,0.));
#7334 = VECTOR('',#7335,1.);
#7335 = DIRECTION('',(0.,1.,0.));
#7336 = ORIENTED_EDGE('',*,*,#7337,.T.);
#7337 = EDGE_CURVE('',#7330,#7338,#7340,.T.);
#7338 = VERTEX_POINT('',#7339);
#7339 = CARTESIAN_POINT('',(40.749999999994,-14.99882572126,
    9.753594243408));
#7340 = LINE('',#7341,#7342);
#7341 = CARTESIAN_POINT('',(38.1,-18.15,1.201705401854E-12));
#7342 = VECTOR('',#7343,1.);
#7343 = DIRECTION('',(0.250306499006,0.297645057158,0.921278501054));
#7344 = ORIENTED_EDGE('',*,*,#7345,.T.);
#7345 = EDGE_CURVE('',#7338,#7291,#7346,.T.);
#7346 = B_SPLINE_CURVE_WITH_KNOTS('',4,(#7347,#7348,#7349,#7350,#7351),
  .UNSPECIFIED.,.F.,.F.,(5,5),(0.,1.),.PIECEWISE_BEZIER_KNOTS.);
#7347 = CARTESIAN_POINT('',(40.749999999994,-14.99882572126,
    9.753594243408));
#7348 = CARTESIAN_POINT('',(40.750174759663,-11.43666896759,
    9.70786089148));
#7349 = CARTESIAN_POINT('',(40.750233845069,-7.874479250389,
    9.662127116345));
#7350 = CARTESIAN_POINT('',(40.750176011588,-4.312256337335,
    9.616392915019));
#7351 = CARTESIAN_POINT('',(40.75,-0.75,9.57065828457));
#7352 = ORIENTED_EDGE('',*,*,#7288,.F.);
#7353 = B_SPLINE_SURFACE_WITH_KNOTS('',1,1,(
    (#7354,#7355)
    ,(#7356,#7357
    )),.UNSPECIFIED.,.F.,.F.,.F.,(2,2),(2,2),(0.,12.652780424426),(0.,1.
    ),.PIECEWISE_BEZIER_KNOTS.);
#7354 = CARTESIAN_POINT('',(38.1,-18.15,1.201705401854E-12));
#7355 = CARTESIAN_POINT('',(38.1,0.,0.));
#7356 = CARTESIAN_POINT('',(41.267073170725,-14.38396244736,
    11.656734583586));
#7357 = CARTESIAN_POINT('',(41.302083333333,-0.90625,11.564545427188));
#7358 = ADVANCED_FACE('',(#7359),#7394,.F.);
#7359 = FACE_BOUND('',#7360,.F.);
#7360 = EDGE_LOOP('',(#7361,#7371,#7392,#7393));
#7361 = ORIENTED_EDGE('',*,*,#7362,.F.);
#7362 = EDGE_CURVE('',#7363,#7307,#7365,.T.);
#7363 = VERTEX_POINT('',#7364);
#7364 = CARTESIAN_POINT('',(53.600000000006,-14.99882572126,
    9.753594243408));
#7365 = B_SPLINE_CURVE_WITH_KNOTS('',4,(#7366,#7367,#7368,#7369,#7370),
  .UNSPECIFIED.,.F.,.F.,(5,5),(0.,1.),.PIECEWISE_BEZIER_KNOTS.);
#7366 = CARTESIAN_POINT('',(53.600000000006,-14.99882572126,
    9.753594243408));
#7367 = CARTESIAN_POINT('',(53.599825240337,-11.43666896759,
    9.70786089148));
#7368 = CARTESIAN_POINT('',(53.599766154931,-7.874479250389,
    9.662127116345));
#7369 = CARTESIAN_POINT('',(53.599823988412,-4.312256337335,
    9.616392915019));
#7370 = CARTESIAN_POINT('',(53.6,-0.75,9.57065828457));
#7371 = ORIENTED_EDGE('',*,*,#7372,.F.);
#7372 = EDGE_CURVE('',#7338,#7363,#7373,.T.);
#7373 = B_SPLINE_CURVE_WITH_KNOTS('',5,(#7374,#7375,#7376,#7377,#7378,
    #7379,#7380,#7381,#7382,#7383,#7384,#7385,#7386,#7387,#7388,#7389,
    #7390,#7391),.UNSPECIFIED.,.F.,.F.,(6,4,4,4,6),(0.,0.25072093436,
    0.499505898416,0.746822723388,1.),.UNSPECIFIED.);
#7374 = CARTESIAN_POINT('',(40.75,-14.99882572126,9.753594243408));
#7375 = CARTESIAN_POINT('',(41.37806451052,-15.0497330679,9.596024537881
    ));
#7376 = CARTESIAN_POINT('',(42.012155492374,-15.09451042204,
    9.45742854003));
#7377 = CARTESIAN_POINT('',(42.65134233052,-15.13303539195,
    9.338185079831));
#7378 = CARTESIAN_POINT('',(43.294649430583,-15.16521220884,
    9.23859058321));
#7379 = CARTESIAN_POINT('',(44.582466308759,-15.21654045253,
    9.079718106505));
#7380 = CARTESIAN_POINT('',(45.22693295271,-15.23579078923,
    9.020133977988));
#7381 = CARTESIAN_POINT('',(45.873452829352,-15.24866289826,
    8.980291900902));
#7382 = CARTESIAN_POINT('',(46.521009261335,-15.25512462061,
    8.960291414635));
#7383 = CARTESIAN_POINT('',(47.812308347183,-15.25522617689,
    8.959977075065));
#7384 = CARTESIAN_POINT('',(48.456055462628,-15.24894145361,
    8.97942970936));
#7385 = CARTESIAN_POINT('',(49.098796360217,-15.23632151918,
    9.018491249249));
#7386 = CARTESIAN_POINT('',(49.739532024144,-15.21739753668,
    9.07706523799));
#7387 = CARTESIAN_POINT('',(51.030137942107,-15.16646951472,
    9.234698938292));
#7388 = CARTESIAN_POINT('',(51.679869561326,-15.13416589668,
    9.334685913008));
#7389 = CARTESIAN_POINT('',(52.325419334596,-15.09538721657,
    9.454714663442));
#7390 = CARTESIAN_POINT('',(52.965782269164,-15.05023181304,
    9.594480809335));
#7391 = CARTESIAN_POINT('',(53.6,-14.99882572126,9.753594243408));
#7392 = ORIENTED_EDGE('',*,*,#7345,.T.);
#7393 = ORIENTED_EDGE('',*,*,#7314,.F.);
#7394 = SURFACE_OF_LINEAR_EXTRUSION('',#7395,#7400);
#7395 = CIRCLE('',#7396,26.200390625);
#7396 = AXIS2_PLACEMENT_3D('',#7397,#7398,#7399);
#7397 = CARTESIAN_POINT('',(47.175,-2.734405517578,34.893414426909));
#7398 = DIRECTION('',(0.,0.996943571309,7.8125E-02));
#7399 = DIRECTION('',(-1.,0.,0.));
#7400 = VECTOR('',#7401,1.);
#7401 = DIRECTION('',(0.,0.999917594475,-1.283761114653E-02));
#7402 = ADVANCED_FACE('',(#7403),#7421,.F.);
#7403 = FACE_BOUND('',#7404,.F.);
#7404 = EDGE_LOOP('',(#7405,#7413,#7419,#7420));
#7405 = ORIENTED_EDGE('',*,*,#7406,.F.);
#7406 = EDGE_CURVE('',#7407,#7299,#7409,.T.);
#7407 = VERTEX_POINT('',#7408);
#7408 = CARTESIAN_POINT('',(56.25,-18.15,6.008527009271E-13));
#7409 = LINE('',#7410,#7411);
#7410 = CARTESIAN_POINT('',(56.25,-18.15,0.));
#7411 = VECTOR('',#7412,1.);
#7412 = DIRECTION('',(0.,1.,0.));
#7413 = ORIENTED_EDGE('',*,*,#7414,.T.);
#7414 = EDGE_CURVE('',#7407,#7363,#7415,.T.);
#7415 = LINE('',#7416,#7417);
#7416 = CARTESIAN_POINT('',(56.25,-18.15,1.201705401854E-12));
#7417 = VECTOR('',#7418,1.);
#7418 = DIRECTION('',(-0.250306499006,0.297645057158,0.921278501054));
#7419 = ORIENTED_EDGE('',*,*,#7362,.T.);
#7420 = ORIENTED_EDGE('',*,*,#7306,.F.);
#7421 = B_SPLINE_SURFACE_WITH_KNOTS('',1,1,(
    (#7422,#7423)
    ,(#7424,#7425
    )),.UNSPECIFIED.,.F.,.F.,.F.,(2,2),(2,2),(0.,12.652780424426),(0.,1.
    ),.PIECEWISE_BEZIER_KNOTS.);
#7422 = CARTESIAN_POINT('',(56.25,-18.15,1.201705401854E-12));
#7423 = CARTESIAN_POINT('',(56.25,0.,0.));
#7424 = CARTESIAN_POINT('',(53.082926829275,-14.38396244736,
    11.656734583586));
#7425 = CARTESIAN_POINT('',(53.047916666667,-0.90625,11.564545427188));
#7426 = ADVANCED_FACE('',(#7427),#7438,.F.);
#7427 = FACE_BOUND('',#7428,.F.);
#7428 = EDGE_LOOP('',(#7429,#7435,#7436,#7437));
#7429 = ORIENTED_EDGE('',*,*,#7430,.T.);
#7430 = EDGE_CURVE('',#7330,#7407,#7431,.T.);
#7431 = LINE('',#7432,#7433);
#7432 = CARTESIAN_POINT('',(38.1,-18.15,0.));
#7433 = VECTOR('',#7434,1.);
#7434 = DIRECTION('',(1.,0.,0.));
#7435 = ORIENTED_EDGE('',*,*,#7406,.T.);
#7436 = ORIENTED_EDGE('',*,*,#7298,.F.);
#7437 = ORIENTED_EDGE('',*,*,#7329,.F.);
#7438 = PLANE('',#7439);
#7439 = AXIS2_PLACEMENT_3D('',#7440,#7441,#7442);
#7440 = CARTESIAN_POINT('',(38.1,-18.15,0.));
#7441 = DIRECTION('',(0.,0.,1.));
#7442 = DIRECTION('',(0.,1.,0.));
#7443 = ADVANCED_FACE('',(#7444),#7450,.F.);
#7444 = FACE_BOUND('',#7445,.F.);
#7445 = EDGE_LOOP('',(#7446,#7447,#7448,#7449));
#7446 = ORIENTED_EDGE('',*,*,#7430,.F.);
#7447 = ORIENTED_EDGE('',*,*,#7337,.T.);
#7448 = ORIENTED_EDGE('',*,*,#7372,.T.);
#7449 = ORIENTED_EDGE('',*,*,#7414,.F.);
#7450 = PLANE('',#7451);
#7451 = AXIS2_PLACEMENT_3D('',#7452,#7453,#7454);
#7452 = CARTESIAN_POINT('',(38.1,-14.99882572126,9.753594243408));
#7453 = DIRECTION('',(0.,0.951570170089,-0.30743163695));
#7454 = DIRECTION('',(0.,-0.30743163695,-0.951570170089));
#7455 = MANIFOLD_SOLID_BREP('',#7456);
#7456 = CLOSED_SHELL('',(#7457,#7498,#7531,#7575,#7599,#7616));
#7457 = ADVANCED_FACE('',(#7458),#7493,.F.);
#7458 = FACE_BOUND('',#7459,.F.);
#7459 = EDGE_LOOP('',(#7460,#7470,#7478,#7486));
#7460 = ORIENTED_EDGE('',*,*,#7461,.F.);
#7461 = EDGE_CURVE('',#7462,#7464,#7466,.T.);
#7462 = VERTEX_POINT('',#7463);
#7463 = CARTESIAN_POINT('',(57.15,0.,0.));
#7464 = VERTEX_POINT('',#7465);
#7465 = CARTESIAN_POINT('',(59.8,-0.75,9.57065828457));
#7466 = LINE('',#7467,#7468);
#7467 = CARTESIAN_POINT('',(57.15,0.,0.));
#7468 = VECTOR('',#7469,1.);
#7469 = DIRECTION('',(0.266089874363,-7.530845500845E-02,0.9610019851));
#7470 = ORIENTED_EDGE('',*,*,#7471,.T.);
#7471 = EDGE_CURVE('',#7462,#7472,#7474,.T.);
#7472 = VERTEX_POINT('',#7473);
#7473 = CARTESIAN_POINT('',(75.3,0.,0.));
#7474 = LINE('',#7475,#7476);
#7475 = CARTESIAN_POINT('',(57.15,0.,0.));
#7476 = VECTOR('',#7477,1.);
#7477 = DIRECTION('',(1.,0.,0.));
#7478 = ORIENTED_EDGE('',*,*,#7479,.T.);
#7479 = EDGE_CURVE('',#7472,#7480,#7482,.T.);
#7480 = VERTEX_POINT('',#7481);
#7481 = CARTESIAN_POINT('',(72.65,-0.75,9.57065828457));
#7482 = LINE('',#7483,#7484);
#7483 = CARTESIAN_POINT('',(75.3,0.,0.));
#7484 = VECTOR('',#7485,1.);
#7485 = DIRECTION('',(-0.266089874363,-7.530845500845E-02,0.9610019851)
  );
#7486 = ORIENTED_EDGE('',*,*,#7487,.T.);
#7487 = EDGE_CURVE('',#7480,#7464,#7488,.T.);
#7488 = CIRCLE('',#7489,26.200390625);
#7489 = AXIS2_PLACEMENT_3D('',#7490,#7491,#7492);
#7490 = CARTESIAN_POINT('',(66.225,-2.734405517578,34.893414426909));
#7491 = DIRECTION('',(0.,0.996943571309,7.8125E-02));
#7492 = DIRECTION('',(-1.,0.,0.));
#7493 = PLANE('',#7494);
#7494 = AXIS2_PLACEMENT_3D('',#7495,#7496,#7497);
#7495 = CARTESIAN_POINT('',(57.15,0.,0.));
#7496 = DIRECTION('',(0.,-0.996943571309,-7.8125E-02));
#7497 = DIRECTION('',(0.,-7.8125E-02,0.996943571309));
#7498 = ADVANCED_FACE('',(#7499),#7526,.T.);
#7499 = FACE_BOUND('',#7500,.T.);
#7500 = EDGE_LOOP('',(#7501,#7509,#7517,#7525));
#7501 = ORIENTED_EDGE('',*,*,#7502,.F.);
#7502 = EDGE_CURVE('',#7503,#7462,#7505,.T.);
#7503 = VERTEX_POINT('',#7504);
#7504 = CARTESIAN_POINT('',(57.15,-18.15,6.013673631235E-13));
#7505 = LINE('',#7506,#7507);
#7506 = CARTESIAN_POINT('',(57.15,-18.15,0.));
#7507 = VECTOR('',#7508,1.);
#7508 = DIRECTION('',(0.,1.,0.));
#7509 = ORIENTED_EDGE('',*,*,#7510,.T.);
#7510 = EDGE_CURVE('',#7503,#7511,#7513,.T.);
#7511 = VERTEX_POINT('',#7512);
#7512 = CARTESIAN_POINT('',(59.799999999994,-14.99882572126,
    9.753594243408));
#7513 = LINE('',#7514,#7515);
#7514 = CARTESIAN_POINT('',(57.15,-18.15,1.201705401854E-12));
#7515 = VECTOR('',#7516,1.);
#7516 = DIRECTION('',(0.250306499006,0.297645057158,0.921278501054));
#7517 = ORIENTED_EDGE('',*,*,#7518,.T.);
#7518 = EDGE_CURVE('',#7511,#7464,#7519,.T.);
#7519 = B_SPLINE_CURVE_WITH_KNOTS('',4,(#7520,#7521,#7522,#7523,#7524),
  .UNSPECIFIED.,.F.,.F.,(5,5),(0.,1.),.PIECEWISE_BEZIER_KNOTS.);
#7520 = CARTESIAN_POINT('',(59.799999999994,-14.99882572126,
    9.753594243408));
#7521 = CARTESIAN_POINT('',(59.800174759663,-11.43666896759,
    9.70786089148));
#7522 = CARTESIAN_POINT('',(59.800233845069,-7.874479250389,
    9.662127116345));
#7523 = CARTESIAN_POINT('',(59.800176011588,-4.312256337335,
    9.616392915019));
#7524 = CARTESIAN_POINT('',(59.8,-0.75,9.57065828457));
#7525 = ORIENTED_EDGE('',*,*,#7461,.F.);
#7526 = B_SPLINE_SURFACE_WITH_KNOTS('',1,1,(
    (#7527,#7528)
    ,(#7529,#7530
    )),.UNSPECIFIED.,.F.,.F.,.F.,(2,2),(2,2),(0.,12.652780424426),(0.,1.
    ),.PIECEWISE_BEZIER_KNOTS.);
#7527 = CARTESIAN_POINT('',(57.15,-18.15,1.201705401854E-12));
#7528 = CARTESIAN_POINT('',(57.15,0.,0.));
#7529 = CARTESIAN_POINT('',(60.317073170725,-14.38396244736,
    11.656734583586));
#7530 = CARTESIAN_POINT('',(60.352083333333,-0.90625,11.564545427188));
#7531 = ADVANCED_FACE('',(#7532),#7567,.F.);
#7532 = FACE_BOUND('',#7533,.F.);
#7533 = EDGE_LOOP('',(#7534,#7544,#7565,#7566));
#7534 = ORIENTED_EDGE('',*,*,#7535,.F.);
#7535 = EDGE_CURVE('',#7536,#7480,#7538,.T.);
#7536 = VERTEX_POINT('',#7537);
#7537 = CARTESIAN_POINT('',(72.650000000006,-14.99882572126,
    9.753594243408));
#7538 = B_SPLINE_CURVE_WITH_KNOTS('',4,(#7539,#7540,#7541,#7542,#7543),
  .UNSPECIFIED.,.F.,.F.,(5,5),(0.,1.),.PIECEWISE_BEZIER_KNOTS.);
#7539 = CARTESIAN_POINT('',(72.650000000006,-14.99882572126,
    9.753594243408));
#7540 = CARTESIAN_POINT('',(72.649825240337,-11.43666896759,
    9.70786089148));
#7541 = CARTESIAN_POINT('',(72.649766154931,-7.874479250389,
    9.662127116345));
#7542 = CARTESIAN_POINT('',(72.649823988412,-4.312256337335,
    9.616392915019));
#7543 = CARTESIAN_POINT('',(72.65,-0.75,9.57065828457));
#7544 = ORIENTED_EDGE('',*,*,#7545,.F.);
#7545 = EDGE_CURVE('',#7511,#7536,#7546,.T.);
#7546 = B_SPLINE_CURVE_WITH_KNOTS('',5,(#7547,#7548,#7549,#7550,#7551,
    #7552,#7553,#7554,#7555,#7556,#7557,#7558,#7559,#7560,#7561,#7562,
    #7563,#7564),.UNSPECIFIED.,.F.,.F.,(6,4,4,4,6),(0.,0.25072093436,
    0.499505898416,0.746822723388,1.),.UNSPECIFIED.);
#7547 = CARTESIAN_POINT('',(59.8,-14.99882572126,9.753594243408));
#7548 = CARTESIAN_POINT('',(60.42806451052,-15.0497330679,9.596024537881
    ));
#7549 = CARTESIAN_POINT('',(61.062155492374,-15.09451042204,
    9.45742854003));
#7550 = CARTESIAN_POINT('',(61.70134233052,-15.13303539195,
    9.338185079831));
#7551 = CARTESIAN_POINT('',(62.344649430583,-15.16521220884,
    9.23859058321));
#7552 = CARTESIAN_POINT('',(63.632466308759,-15.21654045253,
    9.079718106505));
#7553 = CARTESIAN_POINT('',(64.27693295271,-15.23579078923,
    9.020133977988));
#7554 = CARTESIAN_POINT('',(64.923452829352,-15.24866289826,
    8.980291900902));
#7555 = CARTESIAN_POINT('',(65.571009261335,-15.25512462061,
    8.960291414635));
#7556 = CARTESIAN_POINT('',(66.862308347183,-15.25522617689,
    8.959977075065));
#7557 = CARTESIAN_POINT('',(67.506055462628,-15.24894145361,
    8.97942970936));
#7558 = CARTESIAN_POINT('',(68.148796360217,-15.23632151918,
    9.018491249249));
#7559 = CARTESIAN_POINT('',(68.789532024144,-15.21739753668,
    9.07706523799));
#7560 = CARTESIAN_POINT('',(70.080137942107,-15.16646951472,
    9.234698938292));
#7561 = CARTESIAN_POINT('',(70.729869561326,-15.13416589668,
    9.334685913008));
#7562 = CARTESIAN_POINT('',(71.375419334596,-15.09538721657,
    9.454714663442));
#7563 = CARTESIAN_POINT('',(72.015782269164,-15.05023181304,
    9.594480809335));
#7564 = CARTESIAN_POINT('',(72.65,-14.99882572126,9.753594243408));
#7565 = ORIENTED_EDGE('',*,*,#7518,.T.);
#7566 = ORIENTED_EDGE('',*,*,#7487,.F.);
#7567 = SURFACE_OF_LINEAR_EXTRUSION('',#7568,#7573);
#7568 = CIRCLE('',#7569,26.200390625);
#7569 = AXIS2_PLACEMENT_3D('',#7570,#7571,#7572);
#7570 = CARTESIAN_POINT('',(66.225,-2.734405517578,34.893414426909));
#7571 = DIRECTION('',(0.,0.996943571309,7.8125E-02));
#7572 = DIRECTION('',(-1.,0.,0.));
#7573 = VECTOR('',#7574,1.);
#7574 = DIRECTION('',(0.,0.999917594475,-1.283761114653E-02));
#7575 = ADVANCED_FACE('',(#7576),#7594,.F.);
#7576 = FACE_BOUND('',#7577,.F.);
#7577 = EDGE_LOOP('',(#7578,#7586,#7592,#7593));
#7578 = ORIENTED_EDGE('',*,*,#7579,.F.);
#7579 = EDGE_CURVE('',#7580,#7472,#7582,.T.);
#7580 = VERTEX_POINT('',#7581);
#7581 = CARTESIAN_POINT('',(75.3,-18.15,6.008527009271E-13));
#7582 = LINE('',#7583,#7584);
#7583 = CARTESIAN_POINT('',(75.3,-18.15,0.));
#7584 = VECTOR('',#7585,1.);
#7585 = DIRECTION('',(0.,1.,0.));
#7586 = ORIENTED_EDGE('',*,*,#7587,.T.);
#7587 = EDGE_CURVE('',#7580,#7536,#7588,.T.);
#7588 = LINE('',#7589,#7590);
#7589 = CARTESIAN_POINT('',(75.3,-18.15,1.201705401854E-12));
#7590 = VECTOR('',#7591,1.);
#7591 = DIRECTION('',(-0.250306499006,0.297645057158,0.921278501054));
#7592 = ORIENTED_EDGE('',*,*,#7535,.T.);
#7593 = ORIENTED_EDGE('',*,*,#7479,.F.);
#7594 = B_SPLINE_SURFACE_WITH_KNOTS('',1,1,(
    (#7595,#7596)
    ,(#7597,#7598
    )),.UNSPECIFIED.,.F.,.F.,.F.,(2,2),(2,2),(0.,12.652780424426),(0.,1.
    ),.PIECEWISE_BEZIER_KNOTS.);
#7595 = CARTESIAN_POINT('',(75.3,-18.15,1.201705401854E-12));
#7596 = CARTESIAN_POINT('',(75.3,0.,0.));
#7597 = CARTESIAN_POINT('',(72.132926829275,-14.38396244736,
    11.656734583586));
#7598 = CARTESIAN_POINT('',(72.097916666667,-0.90625,11.564545427188));
#7599 = ADVANCED_FACE('',(#7600),#7611,.F.);
#7600 = FACE_BOUND('',#7601,.F.);
#7601 = EDGE_LOOP('',(#7602,#7608,#7609,#7610));
#7602 = ORIENTED_EDGE('',*,*,#7603,.T.);
#7603 = EDGE_CURVE('',#7503,#7580,#7604,.T.);
#7604 = LINE('',#7605,#7606);
#7605 = CARTESIAN_POINT('',(57.15,-18.15,0.));
#7606 = VECTOR('',#7607,1.);
#7607 = DIRECTION('',(1.,0.,0.));
#7608 = ORIENTED_EDGE('',*,*,#7579,.T.);
#7609 = ORIENTED_EDGE('',*,*,#7471,.F.);
#7610 = ORIENTED_EDGE('',*,*,#7502,.F.);
#7611 = PLANE('',#7612);
#7612 = AXIS2_PLACEMENT_3D('',#7613,#7614,#7615);
#7613 = CARTESIAN_POINT('',(57.15,-18.15,0.));
#7614 = DIRECTION('',(0.,0.,1.));
#7615 = DIRECTION('',(0.,1.,0.));
#7616 = ADVANCED_FACE('',(#7617),#7623,.F.);
#7617 = FACE_BOUND('',#7618,.F.);
#7618 = EDGE_LOOP('',(#7619,#7620,#7621,#7622));
#7619 = ORIENTED_EDGE('',*,*,#7603,.F.);
#7620 = ORIENTED_EDGE('',*,*,#7510,.T.);
#7621 = ORIENTED_EDGE('',*,*,#7545,.T.);
#7622 = ORIENTED_EDGE('',*,*,#7587,.F.);
#7623 = PLANE('',#7624);
#7624 = AXIS2_PLACEMENT_3D('',#7625,#7626,#7627);
#7625 = CARTESIAN_POINT('',(57.15,-14.99882572126,9.753594243408));
#7626 = DIRECTION('',(0.,0.951570170089,-0.30743163695));
#7627 = DIRECTION('',(0.,-0.30743163695,-0.951570170089));
#7628 = MANIFOLD_SOLID_BREP('',#7629);
#7629 = CLOSED_SHELL('',(#7630,#7671,#7704,#7748,#7772,#7789));
#7630 = ADVANCED_FACE('',(#7631),#7666,.F.);
#7631 = FACE_BOUND('',#7632,.F.);
#7632 = EDGE_LOOP('',(#7633,#7643,#7651,#7659));
#7633 = ORIENTED_EDGE('',*,*,#7634,.F.);
#7634 = EDGE_CURVE('',#7635,#7637,#7639,.T.);
#7635 = VERTEX_POINT('',#7636);
#7636 = CARTESIAN_POINT('',(76.2,0.,0.));
#7637 = VERTEX_POINT('',#7638);
#7638 = CARTESIAN_POINT('',(78.85,-0.75,9.57065828457));
#7639 = LINE('',#7640,#7641);
#7640 = CARTESIAN_POINT('',(76.2,0.,0.));
#7641 = VECTOR('',#7642,1.);
#7642 = DIRECTION('',(0.266089874363,-7.530845500845E-02,0.9610019851));
#7643 = ORIENTED_EDGE('',*,*,#7644,.T.);
#7644 = EDGE_CURVE('',#7635,#7645,#7647,.T.);
#7645 = VERTEX_POINT('',#7646);
#7646 = CARTESIAN_POINT('',(94.35,0.,0.));
#7647 = LINE('',#7648,#7649);
#7648 = CARTESIAN_POINT('',(76.2,0.,0.));
#7649 = VECTOR('',#7650,1.);
#7650 = DIRECTION('',(1.,0.,0.));
#7651 = ORIENTED_EDGE('',*,*,#7652,.T.);
#7652 = EDGE_CURVE('',#7645,#7653,#7655,.T.);
#7653 = VERTEX_POINT('',#7654);
#7654 = CARTESIAN_POINT('',(91.7,-0.75,9.57065828457));
#7655 = LINE('',#7656,#7657);
#7656 = CARTESIAN_POINT('',(94.35,0.,0.));
#7657 = VECTOR('',#7658,1.);
#7658 = DIRECTION('',(-0.266089874363,-7.530845500845E-02,0.9610019851)
  );
#7659 = ORIENTED_EDGE('',*,*,#7660,.T.);
#7660 = EDGE_CURVE('',#7653,#7637,#7661,.T.);
#7661 = CIRCLE('',#7662,26.200390625);
#7662 = AXIS2_PLACEMENT_3D('',#7663,#7664,#7665);
#7663 = CARTESIAN_POINT('',(85.275,-2.734405517578,34.893414426909));
#7664 = DIRECTION('',(0.,0.996943571309,7.8125E-02));
#7665 = DIRECTION('',(-1.,0.,0.));
#7666 = PLANE('',#7667);
#7667 = AXIS2_PLACEMENT_3D('',#7668,#7669,#7670);
#7668 = CARTESIAN_POINT('',(76.2,0.,0.));
#7669 = DIRECTION('',(0.,-0.996943571309,-7.8125E-02));
#7670 = DIRECTION('',(0.,-7.8125E-02,0.996943571309));
#7671 = ADVANCED_FACE('',(#7672),#7699,.T.);
#7672 = FACE_BOUND('',#7673,.T.);
#7673 = EDGE_LOOP('',(#7674,#7682,#7690,#7698));
#7674 = ORIENTED_EDGE('',*,*,#7675,.F.);
#7675 = EDGE_CURVE('',#7676,#7635,#7678,.T.);
#7676 = VERTEX_POINT('',#7677);
#7677 = CARTESIAN_POINT('',(76.2,-18.15,6.013673631235E-13));
#7678 = LINE('',#7679,#7680);
#7679 = CARTESIAN_POINT('',(76.2,-18.15,0.));
#7680 = VECTOR('',#7681,1.);
#7681 = DIRECTION('',(0.,1.,0.));
#7682 = ORIENTED_EDGE('',*,*,#7683,.T.);
#7683 = EDGE_CURVE('',#7676,#7684,#7686,.T.);
#7684 = VERTEX_POINT('',#7685);
#7685 = CARTESIAN_POINT('',(78.849999999994,-14.99882572126,
    9.753594243408));
#7686 = LINE('',#7687,#7688);
#7687 = CARTESIAN_POINT('',(76.2,-18.15,1.201705401854E-12));
#7688 = VECTOR('',#7689,1.);
#7689 = DIRECTION('',(0.250306499006,0.297645057158,0.921278501054));
#7690 = ORIENTED_EDGE('',*,*,#7691,.T.);
#7691 = EDGE_CURVE('',#7684,#7637,#7692,.T.);
#7692 = B_SPLINE_CURVE_WITH_KNOTS('',4,(#7693,#7694,#7695,#7696,#7697),
  .UNSPECIFIED.,.F.,.F.,(5,5),(0.,1.),.PIECEWISE_BEZIER_KNOTS.);
#7693 = CARTESIAN_POINT('',(78.849999999994,-14.99882572126,
    9.753594243408));
#7694 = CARTESIAN_POINT('',(78.850174759663,-11.43666896759,
    9.70786089148));
#7695 = CARTESIAN_POINT('',(78.850233845069,-7.874479250389,
    9.662127116345));
#7696 = CARTESIAN_POINT('',(78.850176011588,-4.312256337335,
    9.616392915019));
#7697 = CARTESIAN_POINT('',(78.85,-0.75,9.57065828457));
#7698 = ORIENTED_EDGE('',*,*,#7634,.F.);
#7699 = B_SPLINE_SURFACE_WITH_KNOTS('',1,1,(
    (#7700,#7701)
    ,(#7702,#7703
    )),.UNSPECIFIED.,.F.,.F.,.F.,(2,2),(2,2),(0.,12.652780424426),(0.,1.
    ),.PIECEWISE_BEZIER_KNOTS.);
#7700 = CARTESIAN_POINT('',(76.2,-18.15,1.201705401854E-12));
#7701 = CARTESIAN_POINT('',(76.2,0.,0.));
#7702 = CARTESIAN_POINT('',(79.367073170725,-14.38396244736,
    11.656734583586));
#7703 = CARTESIAN_POINT('',(79.402083333333,-0.90625,11.564545427188));
#7704 = ADVANCED_FACE('',(#7705),#7740,.F.);
#7705 = FACE_BOUND('',#7706,.F.);
#7706 = EDGE_LOOP('',(#7707,#7717,#7738,#7739));
#7707 = ORIENTED_EDGE('',*,*,#7708,.F.);
#7708 = EDGE_CURVE('',#7709,#7653,#7711,.T.);
#7709 = VERTEX_POINT('',#7710);
#7710 = CARTESIAN_POINT('',(91.700000000006,-14.99882572126,
    9.753594243408));
#7711 = B_SPLINE_CURVE_WITH_KNOTS('',4,(#7712,#7713,#7714,#7715,#7716),
  .UNSPECIFIED.,.F.,.F.,(5,5),(0.,1.),.PIECEWISE_BEZIER_KNOTS.);
#7712 = CARTESIAN_POINT('',(91.700000000006,-14.99882572126,
    9.753594243408));
#7713 = CARTESIAN_POINT('',(91.699825240337,-11.43666896759,
    9.70786089148));
#7714 = CARTESIAN_POINT('',(91.699766154931,-7.874479250389,
    9.662127116345));
#7715 = CARTESIAN_POINT('',(91.699823988412,-4.312256337335,
    9.616392915019));
#7716 = CARTESIAN_POINT('',(91.7,-0.75,9.57065828457));
#7717 = ORIENTED_EDGE('',*,*,#7718,.F.);
#7718 = EDGE_CURVE('',#7684,#7709,#7719,.T.);
#7719 = B_SPLINE_CURVE_WITH_KNOTS('',5,(#7720,#7721,#7722,#7723,#7724,
    #7725,#7726,#7727,#7728,#7729,#7730,#7731,#7732,#7733,#7734,#7735,
    #7736,#7737),.UNSPECIFIED.,.F.,.F.,(6,4,4,4,6),(0.,0.25072093436,
    0.499505898416,0.746822723388,1.),.UNSPECIFIED.);
#7720 = CARTESIAN_POINT('',(78.85,-14.99882572126,9.753594243408));
#7721 = CARTESIAN_POINT('',(79.47806451052,-15.0497330679,9.596024537881
    ));
#7722 = CARTESIAN_POINT('',(80.112155492374,-15.09451042204,
    9.45742854003));
#7723 = CARTESIAN_POINT('',(80.75134233052,-15.13303539195,
    9.338185079831));
#7724 = CARTESIAN_POINT('',(81.394649430583,-15.16521220884,
    9.23859058321));
#7725 = CARTESIAN_POINT('',(82.682466308759,-15.21654045253,
    9.079718106505));
#7726 = CARTESIAN_POINT('',(83.32693295271,-15.23579078923,
    9.020133977988));
#7727 = CARTESIAN_POINT('',(83.973452829352,-15.24866289826,
    8.980291900902));
#7728 = CARTESIAN_POINT('',(84.621009261335,-15.25512462061,
    8.960291414635));
#7729 = CARTESIAN_POINT('',(85.912308347183,-15.25522617689,
    8.959977075065));
#7730 = CARTESIAN_POINT('',(86.556055462628,-15.24894145361,
    8.97942970936));
#7731 = CARTESIAN_POINT('',(87.198796360217,-15.23632151918,
    9.018491249249));
#7732 = CARTESIAN_POINT('',(87.839532024144,-15.21739753668,
    9.07706523799));
#7733 = CARTESIAN_POINT('',(89.130137942107,-15.16646951472,
    9.234698938292));
#7734 = CARTESIAN_POINT('',(89.779869561326,-15.13416589668,
    9.334685913008));
#7735 = CARTESIAN_POINT('',(90.425419334596,-15.09538721657,
    9.454714663442));
#7736 = CARTESIAN_POINT('',(91.065782269164,-15.05023181304,
    9.594480809335));
#7737 = CARTESIAN_POINT('',(91.7,-14.99882572126,9.753594243408));
#7738 = ORIENTED_EDGE('',*,*,#7691,.T.);
#7739 = ORIENTED_EDGE('',*,*,#7660,.F.);
#7740 = SURFACE_OF_LINEAR_EXTRUSION('',#7741,#7746);
#7741 = CIRCLE('',#7742,26.200390625);
#7742 = AXIS2_PLACEMENT_3D('',#7743,#7744,#7745);
#7743 = CARTESIAN_POINT('',(85.275,-2.734405517578,34.893414426909));
#7744 = DIRECTION('',(0.,0.996943571309,7.8125E-02));
#7745 = DIRECTION('',(-1.,0.,0.));
#7746 = VECTOR('',#7747,1.);
#7747 = DIRECTION('',(0.,0.999917594475,-1.283761114653E-02));
#7748 = ADVANCED_FACE('',(#7749),#7767,.F.);
#7749 = FACE_BOUND('',#7750,.F.);
#7750 = EDGE_LOOP('',(#7751,#7759,#7765,#7766));
#7751 = ORIENTED_EDGE('',*,*,#7752,.F.);
#7752 = EDGE_CURVE('',#7753,#7645,#7755,.T.);
#7753 = VERTEX_POINT('',#7754);
#7754 = CARTESIAN_POINT('',(94.35,-18.15,6.008527009271E-13));
#7755 = LINE('',#7756,#7757);
#7756 = CARTESIAN_POINT('',(94.35,-18.15,0.));
#7757 = VECTOR('',#7758,1.);
#7758 = DIRECTION('',(0.,1.,0.));
#7759 = ORIENTED_EDGE('',*,*,#7760,.T.);
#7760 = EDGE_CURVE('',#7753,#7709,#7761,.T.);
#7761 = LINE('',#7762,#7763);
#7762 = CARTESIAN_POINT('',(94.35,-18.15,1.201705401854E-12));
#7763 = VECTOR('',#7764,1.);
#7764 = DIRECTION('',(-0.250306499006,0.297645057158,0.921278501054));
#7765 = ORIENTED_EDGE('',*,*,#7708,.T.);
#7766 = ORIENTED_EDGE('',*,*,#7652,.F.);
#7767 = B_SPLINE_SURFACE_WITH_KNOTS('',1,1,(
    (#7768,#7769)
    ,(#7770,#7771
    )),.UNSPECIFIED.,.F.,.F.,.F.,(2,2),(2,2),(0.,12.652780424426),(0.,1.
    ),.PIECEWISE_BEZIER_KNOTS.);
#7768 = CARTESIAN_POINT('',(94.35,-18.15,1.201705401854E-12));
#7769 = CARTESIAN_POINT('',(94.35,0.,0.));
#7770 = CARTESIAN_POINT('',(91.182926829275,-14.38396244736,
    11.656734583586));
#7771 = CARTESIAN_POINT('',(91.147916666667,-0.90625,11.564545427188));
#7772 = ADVANCED_FACE('',(#7773),#7784,.F.);
#7773 = FACE_BOUND('',#7774,.F.);
#7774 = EDGE_LOOP('',(#7775,#7781,#7782,#7783));
#7775 = ORIENTED_EDGE('',*,*,#7776,.T.);
#7776 = EDGE_CURVE('',#7676,#7753,#7777,.T.);
#7777 = LINE('',#7778,#7779);
#7778 = CARTESIAN_POINT('',(76.2,-18.15,0.));
#7779 = VECTOR('',#7780,1.);
#7780 = DIRECTION('',(1.,0.,0.));
#7781 = ORIENTED_EDGE('',*,*,#7752,.T.);
#7782 = ORIENTED_EDGE('',*,*,#7644,.F.);
#7783 = ORIENTED_EDGE('',*,*,#7675,.F.);
#7784 = PLANE('',#7785);
#7785 = AXIS2_PLACEMENT_3D('',#7786,#7787,#7788);
#7786 = CARTESIAN_POINT('',(76.2,-18.15,0.));
#7787 = DIRECTION('',(0.,0.,1.));
#7788 = DIRECTION('',(0.,1.,0.));
#7789 = ADVANCED_FACE('',(#7790),#7796,.F.);
#7790 = FACE_BOUND('',#7791,.F.);
#7791 = EDGE_LOOP('',(#7792,#7793,#7794,#7795));
#7792 = ORIENTED_EDGE('',*,*,#7776,.F.);
#7793 = ORIENTED_EDGE('',*,*,#7683,.T.);
#7794 = ORIENTED_EDGE('',*,*,#7718,.T.);
#7795 = ORIENTED_EDGE('',*,*,#7760,.F.);
#7796 = PLANE('',#7797);
#7797 = AXIS2_PLACEMENT_3D('',#7798,#7799,#7800);
#7798 = CARTESIAN_POINT('',(76.2,-14.99882572126,9.753594243408));
#7799 = DIRECTION('',(0.,0.951570170089,-0.30743163695));
#7800 = DIRECTION('',(0.,-0.30743163695,-0.951570170089));
#7801 = MANIFOLD_SOLID_BREP('',#7802);
#7802 = CLOSED_SHELL('',(#7803,#7844,#7877,#7921,#7945,#7962));
#7803 = ADVANCED_FACE('',(#7804),#7839,.F.);
#7804 = FACE_BOUND('',#7805,.F.);
#7805 = EDGE_LOOP('',(#7806,#7816,#7824,#7832));
#7806 = ORIENTED_EDGE('',*,*,#7807,.F.);
#7807 = EDGE_CURVE('',#7808,#7810,#7812,.T.);
#7808 = VERTEX_POINT('',#7809);
#7809 = CARTESIAN_POINT('',(95.25,0.,0.));
#7810 = VERTEX_POINT('',#7811);
#7811 = CARTESIAN_POINT('',(97.9,-0.75,9.57065828457));
#7812 = LINE('',#7813,#7814);
#7813 = CARTESIAN_POINT('',(95.25,0.,0.));
#7814 = VECTOR('',#7815,1.);
#7815 = DIRECTION('',(0.266089874363,-7.530845500845E-02,0.9610019851));
#7816 = ORIENTED_EDGE('',*,*,#7817,.T.);
#7817 = EDGE_CURVE('',#7808,#7818,#7820,.T.);
#7818 = VERTEX_POINT('',#7819);
#7819 = CARTESIAN_POINT('',(113.4,0.,0.));
#7820 = LINE('',#7821,#7822);
#7821 = CARTESIAN_POINT('',(95.25,0.,0.));
#7822 = VECTOR('',#7823,1.);
#7823 = DIRECTION('',(1.,0.,0.));
#7824 = ORIENTED_EDGE('',*,*,#7825,.T.);
#7825 = EDGE_CURVE('',#7818,#7826,#7828,.T.);
#7826 = VERTEX_POINT('',#7827);
#7827 = CARTESIAN_POINT('',(110.75,-0.75,9.57065828457));
#7828 = LINE('',#7829,#7830);
#7829 = CARTESIAN_POINT('',(113.4,0.,0.));
#7830 = VECTOR('',#7831,1.);
#7831 = DIRECTION('',(-0.266089874363,-7.530845500845E-02,0.9610019851)
  );
#7832 = ORIENTED_EDGE('',*,*,#7833,.T.);
#7833 = EDGE_CURVE('',#7826,#7810,#7834,.T.);
#7834 = CIRCLE('',#7835,26.200390625);
#7835 = AXIS2_PLACEMENT_3D('',#7836,#7837,#7838);
#7836 = CARTESIAN_POINT('',(104.325,-2.734405517578,34.893414426909));
#7837 = DIRECTION('',(0.,0.996943571309,7.8125E-02));
#7838 = DIRECTION('',(-1.,0.,0.));
#7839 = PLANE('',#7840);
#7840 = AXIS2_PLACEMENT_3D('',#7841,#7842,#7843);
#7841 = CARTESIAN_POINT('',(95.25,0.,0.));
#7842 = DIRECTION('',(0.,-0.996943571309,-7.8125E-02));
#7843 = DIRECTION('',(0.,-7.8125E-02,0.996943571309));
#7844 = ADVANCED_FACE('',(#7845),#7872,.T.);
#7845 = FACE_BOUND('',#7846,.T.);
#7846 = EDGE_LOOP('',(#7847,#7855,#7863,#7871));
#7847 = ORIENTED_EDGE('',*,*,#7848,.F.);
#7848 = EDGE_CURVE('',#7849,#7808,#7851,.T.);
#7849 = VERTEX_POINT('',#7850);
#7850 = CARTESIAN_POINT('',(95.25,-18.15,6.013673631235E-13));
#7851 = LINE('',#7852,#7853);
#7852 = CARTESIAN_POINT('',(95.25,-18.15,0.));
#7853 = VECTOR('',#7854,1.);
#7854 = DIRECTION('',(0.,1.,0.));
#7855 = ORIENTED_EDGE('',*,*,#7856,.T.);
#7856 = EDGE_CURVE('',#7849,#7857,#7859,.T.);
#7857 = VERTEX_POINT('',#7858);
#7858 = CARTESIAN_POINT('',(97.899999999994,-14.99882572126,
    9.753594243408));
#7859 = LINE('',#7860,#7861);
#7860 = CARTESIAN_POINT('',(95.25,-18.15,1.201705401854E-12));
#7861 = VECTOR('',#7862,1.);
#7862 = DIRECTION('',(0.250306499006,0.297645057158,0.921278501054));
#7863 = ORIENTED_EDGE('',*,*,#7864,.T.);
#7864 = EDGE_CURVE('',#7857,#7810,#7865,.T.);
#7865 = B_SPLINE_CURVE_WITH_KNOTS('',4,(#7866,#7867,#7868,#7869,#7870),
  .UNSPECIFIED.,.F.,.F.,(5,5),(0.,1.),.PIECEWISE_BEZIER_KNOTS.);
#7866 = CARTESIAN_POINT('',(97.899999999994,-14.99882572126,
    9.753594243408));
#7867 = CARTESIAN_POINT('',(97.900174759663,-11.43666896759,
    9.70786089148));
#7868 = CARTESIAN_POINT('',(97.900233845069,-7.874479250389,
    9.662127116345));
#7869 = CARTESIAN_POINT('',(97.900176011588,-4.312256337335,
    9.616392915019));
#7870 = CARTESIAN_POINT('',(97.9,-0.75,9.57065828457));
#7871 = ORIENTED_EDGE('',*,*,#7807,.F.);
#7872 = B_SPLINE_SURFACE_WITH_KNOTS('',1,1,(
    (#7873,#7874)
    ,(#7875,#7876
    )),.UNSPECIFIED.,.F.,.F.,.F.,(2,2),(2,2),(0.,12.652780424426),(0.,1.
    ),.PIECEWISE_BEZIER_KNOTS.);
#7873 = CARTESIAN_POINT('',(95.25,-18.15,1.201705401854E-12));
#7874 = CARTESIAN_POINT('',(95.25,0.,0.));
#7875 = CARTESIAN_POINT('',(98.417073170725,-14.38396244736,
    11.656734583586));
#7876 = CARTESIAN_POINT('',(98.452083333333,-0.90625,11.564545427188));
#7877 = ADVANCED_FACE('',(#7878),#7913,.F.);
#7878 = FACE_BOUND('',#7879,.F.);
#7879 = EDGE_LOOP('',(#7880,#7890,#7911,#7912));
#7880 = ORIENTED_EDGE('',*,*,#7881,.F.);
#7881 = EDGE_CURVE('',#7882,#7826,#7884,.T.);
#7882 = VERTEX_POINT('',#7883);
#7883 = CARTESIAN_POINT('',(110.75,-14.99882572126,9.753594243408));
#7884 = B_SPLINE_CURVE_WITH_KNOTS('',4,(#7885,#7886,#7887,#7888,#7889),
  .UNSPECIFIED.,.F.,.F.,(5,5),(0.,1.),.PIECEWISE_BEZIER_KNOTS.);
#7885 = CARTESIAN_POINT('',(110.75,-14.99882572126,9.753594243408));
#7886 = CARTESIAN_POINT('',(110.74982524033,-11.43666896759,
    9.70786089148));
#7887 = CARTESIAN_POINT('',(110.74976615493,-7.874479250389,
    9.662127116345));
#7888 = CARTESIAN_POINT('',(110.74982398841,-4.312256337335,
    9.616392915019));
#7889 = CARTESIAN_POINT('',(110.75,-0.75,9.57065828457));
#7890 = ORIENTED_EDGE('',*,*,#7891,.F.);
#7891 = EDGE_CURVE('',#7857,#7882,#7892,.T.);
#7892 = B_SPLINE_CURVE_WITH_KNOTS('',5,(#7893,#7894,#7895,#7896,#7897,
    #7898,#7899,#7900,#7901,#7902,#7903,#7904,#7905,#7906,#7907,#7908,
    #7909,#7910),.UNSPECIFIED.,.F.,.F.,(6,4,4,4,6),(0.,0.25072093436,
    0.499505898416,0.746822723388,1.),.UNSPECIFIED.);
#7893 = CARTESIAN_POINT('',(97.9,-14.99882572126,9.753594243408));
#7894 = CARTESIAN_POINT('',(98.52806451052,-15.0497330679,9.596024537881
    ));
#7895 = CARTESIAN_POINT('',(99.162155492374,-15.09451042204,
    9.45742854003));
#7896 = CARTESIAN_POINT('',(99.80134233052,-15.13303539195,
    9.338185079831));
#7897 = CARTESIAN_POINT('',(100.44464943058,-15.16521220884,
    9.23859058321));
#7898 = CARTESIAN_POINT('',(101.73246630875,-15.21654045253,
    9.079718106505));
#7899 = CARTESIAN_POINT('',(102.37693295271,-15.23579078923,
    9.020133977988));
#7900 = CARTESIAN_POINT('',(103.02345282935,-15.24866289826,
    8.980291900902));
#7901 = CARTESIAN_POINT('',(103.67100926133,-15.25512462061,
    8.960291414635));
#7902 = CARTESIAN_POINT('',(104.96230834718,-15.25522617689,
    8.959977075065));
#7903 = CARTESIAN_POINT('',(105.60605546262,-15.24894145361,
    8.97942970936));
#7904 = CARTESIAN_POINT('',(106.24879636021,-15.23632151918,
    9.018491249249));
#7905 = CARTESIAN_POINT('',(106.88953202414,-15.21739753668,
    9.07706523799));
#7906 = CARTESIAN_POINT('',(108.1801379421,-15.16646951472,
    9.234698938292));
#7907 = CARTESIAN_POINT('',(108.82986956132,-15.13416589668,
    9.334685913008));
#7908 = CARTESIAN_POINT('',(109.47541933459,-15.09538721657,
    9.454714663442));
#7909 = CARTESIAN_POINT('',(110.11578226916,-15.05023181304,
    9.594480809335));
#7910 = CARTESIAN_POINT('',(110.75,-14.99882572126,9.753594243408));
#7911 = ORIENTED_EDGE('',*,*,#7864,.T.);
#7912 = ORIENTED_EDGE('',*,*,#7833,.F.);
#7913 = SURFACE_OF_LINEAR_EXTRUSION('',#7914,#7919);
#7914 = CIRCLE('',#7915,26.200390625);
#7915 = AXIS2_PLACEMENT_3D('',#7916,#7917,#7918);
#7916 = CARTESIAN_POINT('',(104.325,-2.734405517578,34.893414426909));
#7917 = DIRECTION('',(0.,0.996943571309,7.8125E-02));
#7918 = DIRECTION('',(-1.,0.,0.));
#7919 = VECTOR('',#7920,1.);
#7920 = DIRECTION('',(0.,0.999917594475,-1.283761114653E-02));
#7921 = ADVANCED_FACE('',(#7922),#7940,.F.);
#7922 = FACE_BOUND('',#7923,.F.);
#7923 = EDGE_LOOP('',(#7924,#7932,#7938,#7939));
#7924 = ORIENTED_EDGE('',*,*,#7925,.F.);
#7925 = EDGE_CURVE('',#7926,#7818,#7928,.T.);
#7926 = VERTEX_POINT('',#7927);
#7927 = CARTESIAN_POINT('',(113.4,-18.15,6.008527009271E-13));
#7928 = LINE('',#7929,#7930);
#7929 = CARTESIAN_POINT('',(113.4,-18.15,0.));
#7930 = VECTOR('',#7931,1.);
#7931 = DIRECTION('',(0.,1.,0.));
#7932 = ORIENTED_EDGE('',*,*,#7933,.T.);
#7933 = EDGE_CURVE('',#7926,#7882,#7934,.T.);
#7934 = LINE('',#7935,#7936);
#7935 = CARTESIAN_POINT('',(113.4,-18.15,1.201705401854E-12));
#7936 = VECTOR('',#7937,1.);
#7937 = DIRECTION('',(-0.250306499006,0.297645057158,0.921278501054));
#7938 = ORIENTED_EDGE('',*,*,#7881,.T.);
#7939 = ORIENTED_EDGE('',*,*,#7825,.F.);
#7940 = B_SPLINE_SURFACE_WITH_KNOTS('',1,1,(
    (#7941,#7942)
    ,(#7943,#7944
    )),.UNSPECIFIED.,.F.,.F.,.F.,(2,2),(2,2),(0.,12.652780424426),(0.,1.
    ),.PIECEWISE_BEZIER_KNOTS.);
#7941 = CARTESIAN_POINT('',(113.4,-18.15,1.201705401854E-12));
#7942 = CARTESIAN_POINT('',(113.4,0.,0.));
#7943 = CARTESIAN_POINT('',(110.23292682927,-14.38396244736,
    11.656734583586));
#7944 = CARTESIAN_POINT('',(110.19791666666,-0.90625,11.564545427188));
#7945 = ADVANCED_FACE('',(#7946),#7957,.F.);
#7946 = FACE_BOUND('',#7947,.F.);
#7947 = EDGE_LOOP('',(#7948,#7954,#7955,#7956));
#7948 = ORIENTED_EDGE('',*,*,#7949,.T.);
#7949 = EDGE_CURVE('',#7849,#7926,#7950,.T.);
#7950 = LINE('',#7951,#7952);
#7951 = CARTESIAN_POINT('',(95.25,-18.15,0.));
#7952 = VECTOR('',#7953,1.);
#7953 = DIRECTION('',(1.,0.,0.));
#7954 = ORIENTED_EDGE('',*,*,#7925,.T.);
#7955 = ORIENTED_EDGE('',*,*,#7817,.F.);
#7956 = ORIENTED_EDGE('',*,*,#7848,.F.);
#7957 = PLANE('',#7958);
#7958 = AXIS2_PLACEMENT_3D('',#7959,#7960,#7961);
#7959 = CARTESIAN_POINT('',(95.25,-18.15,0.));
#7960 = DIRECTION('',(0.,0.,1.));
#7961 = DIRECTION('',(0.,1.,0.));
#7962 = ADVANCED_FACE('',(#7963),#7969,.F.);
#7963 = FACE_BOUND('',#7964,.F.);
#7964 = EDGE_LOOP('',(#7965,#7966,#7967,#7968));
#7965 = ORIENTED_EDGE('',*,*,#7949,.F.);
#7966 = ORIENTED_EDGE('',*,*,#7856,.T.);
#7967 = ORIENTED_EDGE('',*,*,#7891,.T.);
#7968 = ORIENTED_EDGE('',*,*,#7933,.F.);
#7969 = PLANE('',#7970);
#7970 = AXIS2_PLACEMENT_3D('',#7971,#7972,#7973);
#7971 = CARTESIAN_POINT('',(95.25,-14.99882572126,9.753594243408));
#7972 = DIRECTION('',(0.,0.951570170089,-0.30743163695));
#7973 = DIRECTION('',(0.,-0.30743163695,-0.951570170089));
#7974 = MANIFOLD_SOLID_BREP('',#7975);
#7975 = CLOSED_SHELL('',(#7976,#8017,#8050,#8094,#8118,#8135));
#7976 = ADVANCED_FACE('',(#7977),#8012,.F.);
#7977 = FACE_BOUND('',#7978,.F.);
#7978 = EDGE_LOOP('',(#7979,#7989,#7997,#8005));
#7979 = ORIENTED_EDGE('',*,*,#7980,.F.);
#7980 = EDGE_CURVE('',#7981,#7983,#7985,.T.);
#7981 = VERTEX_POINT('',#7982);
#7982 = CARTESIAN_POINT('',(114.3,0.,0.));
#7983 = VERTEX_POINT('',#7984);
#7984 = CARTESIAN_POINT('',(116.95,-0.75,9.57065828457));
#7985 = LINE('',#7986,#7987);
#7986 = CARTESIAN_POINT('',(114.3,0.,0.));
#7987 = VECTOR('',#7988,1.);
#7988 = DIRECTION('',(0.266089874363,-7.530845500845E-02,0.9610019851));
#7989 = ORIENTED_EDGE('',*,*,#7990,.T.);
#7990 = EDGE_CURVE('',#7981,#7991,#7993,.T.);
#7991 = VERTEX_POINT('',#7992);
#7992 = CARTESIAN_POINT('',(132.45,0.,0.));
#7993 = LINE('',#7994,#7995);
#7994 = CARTESIAN_POINT('',(114.3,0.,0.));
#7995 = VECTOR('',#7996,1.);
#7996 = DIRECTION('',(1.,0.,0.));
#7997 = ORIENTED_EDGE('',*,*,#7998,.T.);
#7998 = EDGE_CURVE('',#7991,#7999,#8001,.T.);
#7999 = VERTEX_POINT('',#8000);
#8000 = CARTESIAN_POINT('',(129.8,-0.75,9.57065828457));
#8001 = LINE('',#8002,#8003);
#8002 = CARTESIAN_POINT('',(132.45,0.,0.));
#8003 = VECTOR('',#8004,1.);
#8004 = DIRECTION('',(-0.266089874363,-7.530845500845E-02,0.9610019851)
  );
#8005 = ORIENTED_EDGE('',*,*,#8006,.T.);
#8006 = EDGE_CURVE('',#7999,#7983,#8007,.T.);
#8007 = CIRCLE('',#8008,26.200390625);
#8008 = AXIS2_PLACEMENT_3D('',#8009,#8010,#8011);
#8009 = CARTESIAN_POINT('',(123.375,-2.734405517578,34.893414426909));
#8010 = DIRECTION('',(0.,0.996943571309,7.8125E-02));
#8011 = DIRECTION('',(-1.,0.,0.));
#8012 = PLANE('',#8013);
#8013 = AXIS2_PLACEMENT_3D('',#8014,#8015,#8016);
#8014 = CARTESIAN_POINT('',(114.3,0.,0.));
#8015 = DIRECTION('',(0.,-0.996943571309,-7.8125E-02));
#8016 = DIRECTION('',(0.,-7.8125E-02,0.996943571309));
#8017 = ADVANCED_FACE('',(#8018),#8045,.T.);
#8018 = FACE_BOUND('',#8019,.T.);
#8019 = EDGE_LOOP('',(#8020,#8028,#8036,#8044));
#8020 = ORIENTED_EDGE('',*,*,#8021,.F.);
#8021 = EDGE_CURVE('',#8022,#7981,#8024,.T.);
#8022 = VERTEX_POINT('',#8023);
#8023 = CARTESIAN_POINT('',(114.3,-18.15,6.013673631235E-13));
#8024 = LINE('',#8025,#8026);
#8025 = CARTESIAN_POINT('',(114.3,-18.15,0.));
#8026 = VECTOR('',#8027,1.);
#8027 = DIRECTION('',(0.,1.,0.));
#8028 = ORIENTED_EDGE('',*,*,#8029,.T.);
#8029 = EDGE_CURVE('',#8022,#8030,#8032,.T.);
#8030 = VERTEX_POINT('',#8031);
#8031 = CARTESIAN_POINT('',(116.94999999999,-14.99882572126,
    9.753594243408));
#8032 = LINE('',#8033,#8034);
#8033 = CARTESIAN_POINT('',(114.3,-18.15,1.201705401854E-12));
#8034 = VECTOR('',#8035,1.);
#8035 = DIRECTION('',(0.250306499006,0.297645057158,0.921278501054));
#8036 = ORIENTED_EDGE('',*,*,#8037,.T.);
#8037 = EDGE_CURVE('',#8030,#7983,#8038,.T.);
#8038 = B_SPLINE_CURVE_WITH_KNOTS('',4,(#8039,#8040,#8041,#8042,#8043),
  .UNSPECIFIED.,.F.,.F.,(5,5),(0.,1.),.PIECEWISE_BEZIER_KNOTS.);
#8039 = CARTESIAN_POINT('',(116.94999999999,-14.99882572126,
    9.753594243408));
#8040 = CARTESIAN_POINT('',(116.95017475966,-11.43666896759,
    9.70786089148));
#8041 = CARTESIAN_POINT('',(116.95023384506,-7.874479250389,
    9.662127116345));
#8042 = CARTESIAN_POINT('',(116.95017601158,-4.312256337335,
    9.616392915019));
#8043 = CARTESIAN_POINT('',(116.95,-0.75,9.57065828457));
#8044 = ORIENTED_EDGE('',*,*,#7980,.F.);
#8045 = B_SPLINE_SURFACE_WITH_KNOTS('',1,1,(
    (#8046,#8047)
    ,(#8048,#8049
    )),.UNSPECIFIED.,.F.,.F.,.F.,(2,2),(2,2),(0.,12.652780424426),(0.,1.
    ),.PIECEWISE_BEZIER_KNOTS.);
#8046 = CARTESIAN_POINT('',(114.3,-18.15,1.201705401854E-12));
#8047 = CARTESIAN_POINT('',(114.3,0.,0.));
#8048 = CARTESIAN_POINT('',(117.46707317072,-14.38396244736,
    11.656734583586));
#8049 = CARTESIAN_POINT('',(117.50208333333,-0.90625,11.564545427188));
#8050 = ADVANCED_FACE('',(#8051),#8086,.F.);
#8051 = FACE_BOUND('',#8052,.F.);
#8052 = EDGE_LOOP('',(#8053,#8063,#8084,#8085));
#8053 = ORIENTED_EDGE('',*,*,#8054,.F.);
#8054 = EDGE_CURVE('',#8055,#7999,#8057,.T.);
#8055 = VERTEX_POINT('',#8056);
#8056 = CARTESIAN_POINT('',(129.8,-14.99882572126,9.753594243408));
#8057 = B_SPLINE_CURVE_WITH_KNOTS('',4,(#8058,#8059,#8060,#8061,#8062),
  .UNSPECIFIED.,.F.,.F.,(5,5),(0.,1.),.PIECEWISE_BEZIER_KNOTS.);
#8058 = CARTESIAN_POINT('',(129.8,-14.99882572126,9.753594243408));
#8059 = CARTESIAN_POINT('',(129.79982524033,-11.43666896759,
    9.70786089148));
#8060 = CARTESIAN_POINT('',(129.79976615493,-7.874479250389,
    9.662127116345));
#8061 = CARTESIAN_POINT('',(129.79982398841,-4.312256337335,
    9.616392915019));
#8062 = CARTESIAN_POINT('',(129.8,-0.75,9.57065828457));
#8063 = ORIENTED_EDGE('',*,*,#8064,.F.);
#8064 = EDGE_CURVE('',#8030,#8055,#8065,.T.);
#8065 = B_SPLINE_CURVE_WITH_KNOTS('',5,(#8066,#8067,#8068,#8069,#8070,
    #8071,#8072,#8073,#8074,#8075,#8076,#8077,#8078,#8079,#8080,#8081,
    #8082,#8083),.UNSPECIFIED.,.F.,.F.,(6,4,4,4,6),(0.,0.25072093436,
    0.499505898416,0.746822723388,1.),.UNSPECIFIED.);
#8066 = CARTESIAN_POINT('',(116.95,-14.99882572126,9.753594243408));
#8067 = CARTESIAN_POINT('',(117.57806451052,-15.0497330679,
    9.596024537881));
#8068 = CARTESIAN_POINT('',(118.21215549237,-15.09451042204,
    9.45742854003));
#8069 = CARTESIAN_POINT('',(118.85134233052,-15.13303539195,
    9.338185079831));
#8070 = CARTESIAN_POINT('',(119.49464943058,-15.16521220884,
    9.23859058321));
#8071 = CARTESIAN_POINT('',(120.78246630875,-15.21654045253,
    9.079718106505));
#8072 = CARTESIAN_POINT('',(121.42693295271,-15.23579078923,
    9.020133977988));
#8073 = CARTESIAN_POINT('',(122.07345282935,-15.24866289826,
    8.980291900902));
#8074 = CARTESIAN_POINT('',(122.72100926133,-15.25512462061,
    8.960291414635));
#8075 = CARTESIAN_POINT('',(124.01230834718,-15.25522617689,
    8.959977075065));
#8076 = CARTESIAN_POINT('',(124.65605546262,-15.24894145361,
    8.97942970936));
#8077 = CARTESIAN_POINT('',(125.29879636021,-15.23632151918,
    9.018491249249));
#8078 = CARTESIAN_POINT('',(125.93953202414,-15.21739753668,
    9.07706523799));
#8079 = CARTESIAN_POINT('',(127.2301379421,-15.16646951472,
    9.234698938292));
#8080 = CARTESIAN_POINT('',(127.87986956132,-15.13416589668,
    9.334685913008));
#8081 = CARTESIAN_POINT('',(128.52541933459,-15.09538721657,
    9.454714663442));
#8082 = CARTESIAN_POINT('',(129.16578226916,-15.05023181304,
    9.594480809335));
#8083 = CARTESIAN_POINT('',(129.8,-14.99882572126,9.753594243408));
#8084 = ORIENTED_EDGE('',*,*,#8037,.T.);
#8085 = ORIENTED_EDGE('',*,*,#8006,.F.);
#8086 = SURFACE_OF_LINEAR_EXTRUSION('',#8087,#8092);
#8087 = CIRCLE('',#8088,26.200390625);
#8088 = AXIS2_PLACEMENT_3D('',#8089,#8090,#8091);
#8089 = CARTESIAN_POINT('',(123.375,-2.734405517578,34.893414426909));
#8090 = DIRECTION('',(0.,0.996943571309,7.8125E-02));
#8091 = DIRECTION('',(-1.,0.,0.));
#8092 = VECTOR('',#8093,1.);
#8093 = DIRECTION('',(0.,0.999917594475,-1.283761114653E-02));
#8094 = ADVANCED_FACE('',(#8095),#8113,.F.);
#8095 = FACE_BOUND('',#8096,.F.);
#8096 = EDGE_LOOP('',(#8097,#8105,#8111,#8112));
#8097 = ORIENTED_EDGE('',*,*,#8098,.F.);
#8098 = EDGE_CURVE('',#8099,#7991,#8101,.T.);
#8099 = VERTEX_POINT('',#8100);
#8100 = CARTESIAN_POINT('',(132.45,-18.15,6.008527009271E-13));
#8101 = LINE('',#8102,#8103);
#8102 = CARTESIAN_POINT('',(132.45,-18.15,0.));
#8103 = VECTOR('',#8104,1.);
#8104 = DIRECTION('',(0.,1.,0.));
#8105 = ORIENTED_EDGE('',*,*,#8106,.T.);
#8106 = EDGE_CURVE('',#8099,#8055,#8107,.T.);
#8107 = LINE('',#8108,#8109);
#8108 = CARTESIAN_POINT('',(132.45,-18.15,1.201705401854E-12));
#8109 = VECTOR('',#8110,1.);
#8110 = DIRECTION('',(-0.250306499006,0.297645057158,0.921278501054));
#8111 = ORIENTED_EDGE('',*,*,#8054,.T.);
#8112 = ORIENTED_EDGE('',*,*,#7998,.F.);
#8113 = B_SPLINE_SURFACE_WITH_KNOTS('',1,1,(
    (#8114,#8115)
    ,(#8116,#8117
    )),.UNSPECIFIED.,.F.,.F.,.F.,(2,2),(2,2),(0.,12.652780424426),(0.,1.
    ),.PIECEWISE_BEZIER_KNOTS.);
#8114 = CARTESIAN_POINT('',(132.45,-18.15,1.201705401854E-12));
#8115 = CARTESIAN_POINT('',(132.45,0.,0.));
#8116 = CARTESIAN_POINT('',(129.28292682927,-14.38396244736,
    11.656734583586));
#8117 = CARTESIAN_POINT('',(129.24791666666,-0.90625,11.564545427188));
#8118 = ADVANCED_FACE('',(#8119),#8130,.F.);
#8119 = FACE_BOUND('',#8120,.F.);
#8120 = EDGE_LOOP('',(#8121,#8127,#8128,#8129));
#8121 = ORIENTED_EDGE('',*,*,#8122,.T.);
#8122 = EDGE_CURVE('',#8022,#8099,#8123,.T.);
#8123 = LINE('',#8124,#8125);
#8124 = CARTESIAN_POINT('',(114.3,-18.15,0.));
#8125 = VECTOR('',#8126,1.);
#8126 = DIRECTION('',(1.,0.,0.));
#8127 = ORIENTED_EDGE('',*,*,#8098,.T.);
#8128 = ORIENTED_EDGE('',*,*,#7990,.F.);
#8129 = ORIENTED_EDGE('',*,*,#8021,.F.);
#8130 = PLANE('',#8131);
#8131 = AXIS2_PLACEMENT_3D('',#8132,#8133,#8134);
#8132 = CARTESIAN_POINT('',(114.3,-18.15,0.));
#8133 = DIRECTION('',(0.,0.,1.));
#8134 = DIRECTION('',(0.,1.,0.));
#8135 = ADVANCED_FACE('',(#8136),#8142,.F.);
#8136 = FACE_BOUND('',#8137,.F.);
#8137 = EDGE_LOOP('',(#8138,#8139,#8140,#8141));
#8138 = ORIENTED_EDGE('',*,*,#8122,.F.);
#8139 = ORIENTED_EDGE('',*,*,#8029,.T.);
#8140 = ORIENTED_EDGE('',*,*,#8064,.T.);
#8141 = ORIENTED_EDGE('',*,*,#8106,.F.);
#8142 = PLANE('',#8143);
#8143 = AXIS2_PLACEMENT_3D('',#8144,#8145,#8146);
#8144 = CARTESIAN_POINT('',(114.3,-14.99882572126,9.753594243408));
#8145 = DIRECTION('',(0.,0.951570170089,-0.30743163695));
#8146 = DIRECTION('',(0.,-0.30743163695,-0.951570170089));
#8147 = MANIFOLD_SOLID_BREP('',#8148);
#8148 = CLOSED_SHELL('',(#8149,#8190,#8223,#8267,#8291,#8308));
#8149 = ADVANCED_FACE('',(#8150),#8185,.F.);
#8150 = FACE_BOUND('',#8151,.F.);
#8151 = EDGE_LOOP('',(#8152,#8162,#8170,#8178));
#8152 = ORIENTED_EDGE('',*,*,#8153,.F.);
#8153 = EDGE_CURVE('',#8154,#8156,#8158,.T.);
#8154 = VERTEX_POINT('',#8155);
#8155 = CARTESIAN_POINT('',(133.35,0.,0.));
#8156 = VERTEX_POINT('',#8157);
#8157 = CARTESIAN_POINT('',(136.,-0.75,9.57065828457));
#8158 = LINE('',#8159,#8160);
#8159 = CARTESIAN_POINT('',(133.35,0.,0.));
#8160 = VECTOR('',#8161,1.);
#8161 = DIRECTION('',(0.266089874363,-7.530845500845E-02,0.9610019851));
#8162 = ORIENTED_EDGE('',*,*,#8163,.T.);
#8163 = EDGE_CURVE('',#8154,#8164,#8166,.T.);
#8164 = VERTEX_POINT('',#8165);
#8165 = CARTESIAN_POINT('',(151.5,0.,0.));
#8166 = LINE('',#8167,#8168);
#8167 = CARTESIAN_POINT('',(133.35,0.,0.));
#8168 = VECTOR('',#8169,1.);
#8169 = DIRECTION('',(1.,0.,0.));
#8170 = ORIENTED_EDGE('',*,*,#8171,.T.);
#8171 = EDGE_CURVE('',#8164,#8172,#8174,.T.);
#8172 = VERTEX_POINT('',#8173);
#8173 = CARTESIAN_POINT('',(148.85,-0.75,9.57065828457));
#8174 = LINE('',#8175,#8176);
#8175 = CARTESIAN_POINT('',(151.5,0.,0.));
#8176 = VECTOR('',#8177,1.);
#8177 = DIRECTION('',(-0.266089874363,-7.530845500845E-02,0.9610019851)
  );
#8178 = ORIENTED_EDGE('',*,*,#8179,.T.);
#8179 = EDGE_CURVE('',#8172,#8156,#8180,.T.);
#8180 = CIRCLE('',#8181,26.200390625);
#8181 = AXIS2_PLACEMENT_3D('',#8182,#8183,#8184);
#8182 = CARTESIAN_POINT('',(142.425,-2.734405517578,34.893414426909));
#8183 = DIRECTION('',(0.,0.996943571309,7.8125E-02));
#8184 = DIRECTION('',(-1.,0.,0.));
#8185 = PLANE('',#8186);
#8186 = AXIS2_PLACEMENT_3D('',#8187,#8188,#8189);
#8187 = CARTESIAN_POINT('',(133.35,0.,0.));
#8188 = DIRECTION('',(0.,-0.996943571309,-7.8125E-02));
#8189 = DIRECTION('',(0.,-7.8125E-02,0.996943571309));
#8190 = ADVANCED_FACE('',(#8191),#8218,.T.);
#8191 = FACE_BOUND('',#8192,.T.);
#8192 = EDGE_LOOP('',(#8193,#8201,#8209,#8217));
#8193 = ORIENTED_EDGE('',*,*,#8194,.F.);
#8194 = EDGE_CURVE('',#8195,#8154,#8197,.T.);
#8195 = VERTEX_POINT('',#8196);
#8196 = CARTESIAN_POINT('',(133.35,-18.15,6.013673631235E-13));
#8197 = LINE('',#8198,#8199);
#8198 = CARTESIAN_POINT('',(133.35,-18.15,0.));
#8199 = VECTOR('',#8200,1.);
#8200 = DIRECTION('',(0.,1.,0.));
#8201 = ORIENTED_EDGE('',*,*,#8202,.T.);
#8202 = EDGE_CURVE('',#8195,#8203,#8205,.T.);
#8203 = VERTEX_POINT('',#8204);
#8204 = CARTESIAN_POINT('',(135.99999999999,-14.99882572126,
    9.753594243408));
#8205 = LINE('',#8206,#8207);
#8206 = CARTESIAN_POINT('',(133.35,-18.15,1.201705401854E-12));
#8207 = VECTOR('',#8208,1.);
#8208 = DIRECTION('',(0.250306499006,0.297645057158,0.921278501054));
#8209 = ORIENTED_EDGE('',*,*,#8210,.T.);
#8210 = EDGE_CURVE('',#8203,#8156,#8211,.T.);
#8211 = B_SPLINE_CURVE_WITH_KNOTS('',4,(#8212,#8213,#8214,#8215,#8216),
  .UNSPECIFIED.,.F.,.F.,(5,5),(0.,1.),.PIECEWISE_BEZIER_KNOTS.);
#8212 = CARTESIAN_POINT('',(135.99999999999,-14.99882572126,
    9.753594243408));
#8213 = CARTESIAN_POINT('',(136.00017475966,-11.43666896759,
    9.70786089148));
#8214 = CARTESIAN_POINT('',(136.00023384506,-7.874479250389,
    9.662127116345));
#8215 = CARTESIAN_POINT('',(136.00017601158,-4.312256337335,
    9.616392915019));
#8216 = CARTESIAN_POINT('',(136.,-0.75,9.57065828457));
#8217 = ORIENTED_EDGE('',*,*,#8153,.F.);
#8218 = B_SPLINE_SURFACE_WITH_KNOTS('',1,1,(
    (#8219,#8220)
    ,(#8221,#8222
    )),.UNSPECIFIED.,.F.,.F.,.F.,(2,2),(2,2),(0.,12.652780424426),(0.,1.
    ),.PIECEWISE_BEZIER_KNOTS.);
#8219 = CARTESIAN_POINT('',(133.35,-18.15,1.201705401854E-12));
#8220 = CARTESIAN_POINT('',(133.35,0.,0.));
#8221 = CARTESIAN_POINT('',(136.51707317072,-14.38396244736,
    11.656734583586));
#8222 = CARTESIAN_POINT('',(136.55208333333,-0.90625,11.564545427188));
#8223 = ADVANCED_FACE('',(#8224),#8259,.F.);
#8224 = FACE_BOUND('',#8225,.F.);
#8225 = EDGE_LOOP('',(#8226,#8236,#8257,#8258));
#8226 = ORIENTED_EDGE('',*,*,#8227,.F.);
#8227 = EDGE_CURVE('',#8228,#8172,#8230,.T.);
#8228 = VERTEX_POINT('',#8229);
#8229 = CARTESIAN_POINT('',(148.85,-14.99882572126,9.753594243408));
#8230 = B_SPLINE_CURVE_WITH_KNOTS('',4,(#8231,#8232,#8233,#8234,#8235),
  .UNSPECIFIED.,.F.,.F.,(5,5),(0.,1.),.PIECEWISE_BEZIER_KNOTS.);
#8231 = CARTESIAN_POINT('',(148.85,-14.99882572126,9.753594243408));
#8232 = CARTESIAN_POINT('',(148.84982524033,-11.43666896759,
    9.70786089148));
#8233 = CARTESIAN_POINT('',(148.84976615493,-7.874479250389,
    9.662127116345));
#8234 = CARTESIAN_POINT('',(148.84982398841,-4.312256337335,
    9.616392915019));
#8235 = CARTESIAN_POINT('',(148.85,-0.75,9.57065828457));
#8236 = ORIENTED_EDGE('',*,*,#8237,.F.);
#8237 = EDGE_CURVE('',#8203,#8228,#8238,.T.);
#8238 = B_SPLINE_CURVE_WITH_KNOTS('',5,(#8239,#8240,#8241,#8242,#8243,
    #8244,#8245,#8246,#8247,#8248,#8249,#8250,#8251,#8252,#8253,#8254,
    #8255,#8256),.UNSPECIFIED.,.F.,.F.,(6,4,4,4,6),(0.,0.25072093436,
    0.499505898416,0.746822723388,1.),.UNSPECIFIED.);
#8239 = CARTESIAN_POINT('',(136.,-14.99882572126,9.753594243408));
#8240 = CARTESIAN_POINT('',(136.62806451052,-15.0497330679,
    9.596024537881));
#8241 = CARTESIAN_POINT('',(137.26215549237,-15.09451042204,
    9.45742854003));
#8242 = CARTESIAN_POINT('',(137.90134233052,-15.13303539195,
    9.338185079831));
#8243 = CARTESIAN_POINT('',(138.54464943058,-15.16521220884,
    9.23859058321));
#8244 = CARTESIAN_POINT('',(139.83246630875,-15.21654045253,
    9.079718106505));
#8245 = CARTESIAN_POINT('',(140.47693295271,-15.23579078923,
    9.020133977988));
#8246 = CARTESIAN_POINT('',(141.12345282935,-15.24866289826,
    8.980291900902));
#8247 = CARTESIAN_POINT('',(141.77100926133,-15.25512462061,
    8.960291414635));
#8248 = CARTESIAN_POINT('',(143.06230834718,-15.25522617689,
    8.959977075065));
#8249 = CARTESIAN_POINT('',(143.70605546262,-15.24894145361,
    8.97942970936));
#8250 = CARTESIAN_POINT('',(144.34879636021,-15.23632151918,
    9.018491249249));
#8251 = CARTESIAN_POINT('',(144.98953202414,-15.21739753668,
    9.07706523799));
#8252 = CARTESIAN_POINT('',(146.2801379421,-15.16646951472,
    9.234698938292));
#8253 = CARTESIAN_POINT('',(146.92986956132,-15.13416589668,
    9.334685913008));
#8254 = CARTESIAN_POINT('',(147.57541933459,-15.09538721657,
    9.454714663442));
#8255 = CARTESIAN_POINT('',(148.21578226916,-15.05023181304,
    9.594480809335));
#8256 = CARTESIAN_POINT('',(148.85,-14.99882572126,9.753594243408));
#8257 = ORIENTED_EDGE('',*,*,#8210,.T.);
#8258 = ORIENTED_EDGE('',*,*,#8179,.F.);
#8259 = SURFACE_OF_LINEAR_EXTRUSION('',#8260,#8265);
#8260 = CIRCLE('',#8261,26.200390625);
#8261 = AXIS2_PLACEMENT_3D('',#8262,#8263,#8264);
#8262 = CARTESIAN_POINT('',(142.425,-2.734405517578,34.893414426909));
#8263 = DIRECTION('',(0.,0.996943571309,7.8125E-02));
#8264 = DIRECTION('',(-1.,0.,0.));
#8265 = VECTOR('',#8266,1.);
#8266 = DIRECTION('',(0.,0.999917594475,-1.283761114653E-02));
#8267 = ADVANCED_FACE('',(#8268),#8286,.F.);
#8268 = FACE_BOUND('',#8269,.F.);
#8269 = EDGE_LOOP('',(#8270,#8278,#8284,#8285));
#8270 = ORIENTED_EDGE('',*,*,#8271,.F.);
#8271 = EDGE_CURVE('',#8272,#8164,#8274,.T.);
#8272 = VERTEX_POINT('',#8273);
#8273 = CARTESIAN_POINT('',(151.5,-18.15,6.008527009271E-13));
#8274 = LINE('',#8275,#8276);
#8275 = CARTESIAN_POINT('',(151.5,-18.15,0.));
#8276 = VECTOR('',#8277,1.);
#8277 = DIRECTION('',(0.,1.,0.));
#8278 = ORIENTED_EDGE('',*,*,#8279,.T.);
#8279 = EDGE_CURVE('',#8272,#8228,#8280,.T.);
#8280 = LINE('',#8281,#8282);
#8281 = CARTESIAN_POINT('',(151.5,-18.15,1.201705401854E-12));
#8282 = VECTOR('',#8283,1.);
#8283 = DIRECTION('',(-0.250306499006,0.297645057158,0.921278501054));
#8284 = ORIENTED_EDGE('',*,*,#8227,.T.);
#8285 = ORIENTED_EDGE('',*,*,#8171,.F.);
#8286 = B_SPLINE_SURFACE_WITH_KNOTS('',1,1,(
    (#8287,#8288)
    ,(#8289,#8290
    )),.UNSPECIFIED.,.F.,.F.,.F.,(2,2),(2,2),(0.,12.652780424426),(0.,1.
    ),.PIECEWISE_BEZIER_KNOTS.);
#8287 = CARTESIAN_POINT('',(151.5,-18.15,1.201705401854E-12));
#8288 = CARTESIAN_POINT('',(151.5,0.,0.));
#8289 = CARTESIAN_POINT('',(148.33292682927,-14.38396244736,
    11.656734583586));
#8290 = CARTESIAN_POINT('',(148.29791666666,-0.90625,11.564545427188));
#8291 = ADVANCED_FACE('',(#8292),#8303,.F.);
#8292 = FACE_BOUND('',#8293,.F.);
#8293 = EDGE_LOOP('',(#8294,#8300,#8301,#8302));
#8294 = ORIENTED_EDGE('',*,*,#8295,.T.);
#8295 = EDGE_CURVE('',#8195,#8272,#8296,.T.);
#8296 = LINE('',#8297,#8298);
#8297 = CARTESIAN_POINT('',(133.35,-18.15,0.));
#8298 = VECTOR('',#8299,1.);
#8299 = DIRECTION('',(1.,0.,0.));
#8300 = ORIENTED_EDGE('',*,*,#8271,.T.);
#8301 = ORIENTED_EDGE('',*,*,#8163,.F.);
#8302 = ORIENTED_EDGE('',*,*,#8194,.F.);
#8303 = PLANE('',#8304);
#8304 = AXIS2_PLACEMENT_3D('',#8305,#8306,#8307);
#8305 = CARTESIAN_POINT('',(133.35,-18.15,0.));
#8306 = DIRECTION('',(0.,0.,1.));
#8307 = DIRECTION('',(0.,1.,0.));
#8308 = ADVANCED_FACE('',(#8309),#8315,.F.);
#8309 = FACE_BOUND('',#8310,.F.);
#8310 = EDGE_LOOP('',(#8311,#8312,#8313,#8314));
#8311 = ORIENTED_EDGE('',*,*,#8295,.F.);
#8312 = ORIENTED_EDGE('',*,*,#8202,.T.);
#8313 = ORIENTED_EDGE('',*,*,#8237,.T.);
#8314 = ORIENTED_EDGE('',*,*,#8279,.F.);
#8315 = PLANE('',#8316);
#8316 = AXIS2_PLACEMENT_3D('',#8317,#8318,#8319);
#8317 = CARTESIAN_POINT('',(133.35,-14.99882572126,9.753594243408));
#8318 = DIRECTION('',(0.,0.951570170089,-0.30743163695));
#8319 = DIRECTION('',(0.,-0.30743163695,-0.951570170089));
#8320 = MANIFOLD_SOLID_BREP('',#8321);
#8321 = CLOSED_SHELL('',(#8322,#8363,#8396,#8440,#8464,#8481));
#8322 = ADVANCED_FACE('',(#8323),#8358,.F.);
#8323 = FACE_BOUND('',#8324,.F.);
#8324 = EDGE_LOOP('',(#8325,#8335,#8343,#8351));
#8325 = ORIENTED_EDGE('',*,*,#8326,.F.);
#8326 = EDGE_CURVE('',#8327,#8329,#8331,.T.);
#8327 = VERTEX_POINT('',#8328);
#8328 = CARTESIAN_POINT('',(152.4,0.,0.));
#8329 = VERTEX_POINT('',#8330);
#8330 = CARTESIAN_POINT('',(155.05,-0.75,9.57065828457));
#8331 = LINE('',#8332,#8333);
#8332 = CARTESIAN_POINT('',(152.4,0.,0.));
#8333 = VECTOR('',#8334,1.);
#8334 = DIRECTION('',(0.266089874363,-7.530845500845E-02,0.9610019851));
#8335 = ORIENTED_EDGE('',*,*,#8336,.T.);
#8336 = EDGE_CURVE('',#8327,#8337,#8339,.T.);
#8337 = VERTEX_POINT('',#8338);
#8338 = CARTESIAN_POINT('',(170.55,0.,0.));
#8339 = LINE('',#8340,#8341);
#8340 = CARTESIAN_POINT('',(152.4,0.,0.));
#8341 = VECTOR('',#8342,1.);
#8342 = DIRECTION('',(1.,0.,0.));
#8343 = ORIENTED_EDGE('',*,*,#8344,.T.);
#8344 = EDGE_CURVE('',#8337,#8345,#8347,.T.);
#8345 = VERTEX_POINT('',#8346);
#8346 = CARTESIAN_POINT('',(167.9,-0.75,9.57065828457));
#8347 = LINE('',#8348,#8349);
#8348 = CARTESIAN_POINT('',(170.55,0.,0.));
#8349 = VECTOR('',#8350,1.);
#8350 = DIRECTION('',(-0.266089874363,-7.530845500845E-02,0.9610019851)
  );
#8351 = ORIENTED_EDGE('',*,*,#8352,.T.);
#8352 = EDGE_CURVE('',#8345,#8329,#8353,.T.);
#8353 = CIRCLE('',#8354,26.200390625);
#8354 = AXIS2_PLACEMENT_3D('',#8355,#8356,#8357);
#8355 = CARTESIAN_POINT('',(161.475,-2.734405517578,34.893414426909));
#8356 = DIRECTION('',(0.,0.996943571309,7.8125E-02));
#8357 = DIRECTION('',(-1.,0.,0.));
#8358 = PLANE('',#8359);
#8359 = AXIS2_PLACEMENT_3D('',#8360,#8361,#8362);
#8360 = CARTESIAN_POINT('',(152.4,0.,0.));
#8361 = DIRECTION('',(0.,-0.996943571309,-7.8125E-02));
#8362 = DIRECTION('',(0.,-7.8125E-02,0.996943571309));
#8363 = ADVANCED_FACE('',(#8364),#8391,.T.);
#8364 = FACE_BOUND('',#8365,.T.);
#8365 = EDGE_LOOP('',(#8366,#8374,#8382,#8390));
#8366 = ORIENTED_EDGE('',*,*,#8367,.F.);
#8367 = EDGE_CURVE('',#8368,#8327,#8370,.T.);
#8368 = VERTEX_POINT('',#8369);
#8369 = CARTESIAN_POINT('',(152.4,-18.15,6.013673631235E-13));
#8370 = LINE('',#8371,#8372);
#8371 = CARTESIAN_POINT('',(152.4,-18.15,0.));
#8372 = VECTOR('',#8373,1.);
#8373 = DIRECTION('',(0.,1.,0.));
#8374 = ORIENTED_EDGE('',*,*,#8375,.T.);
#8375 = EDGE_CURVE('',#8368,#8376,#8378,.T.);
#8376 = VERTEX_POINT('',#8377);
#8377 = CARTESIAN_POINT('',(155.04999999999,-14.99882572126,
    9.753594243408));
#8378 = LINE('',#8379,#8380);
#8379 = CARTESIAN_POINT('',(152.4,-18.15,1.201705401854E-12));
#8380 = VECTOR('',#8381,1.);
#8381 = DIRECTION('',(0.250306499006,0.297645057158,0.921278501054));
#8382 = ORIENTED_EDGE('',*,*,#8383,.T.);
#8383 = EDGE_CURVE('',#8376,#8329,#8384,.T.);
#8384 = B_SPLINE_CURVE_WITH_KNOTS('',4,(#8385,#8386,#8387,#8388,#8389),
  .UNSPECIFIED.,.F.,.F.,(5,5),(0.,1.),.PIECEWISE_BEZIER_KNOTS.);
#8385 = CARTESIAN_POINT('',(155.04999999999,-14.99882572126,
    9.753594243408));
#8386 = CARTESIAN_POINT('',(155.05017475966,-11.43666896759,
    9.70786089148));
#8387 = CARTESIAN_POINT('',(155.05023384506,-7.874479250389,
    9.662127116345));
#8388 = CARTESIAN_POINT('',(155.05017601158,-4.312256337335,
    9.616392915019));
#8389 = CARTESIAN_POINT('',(155.05,-0.75,9.57065828457));
#8390 = ORIENTED_EDGE('',*,*,#8326,.F.);
#8391 = B_SPLINE_SURFACE_WITH_KNOTS('',1,1,(
    (#8392,#8393)
    ,(#8394,#8395
    )),.UNSPECIFIED.,.F.,.F.,.F.,(2,2),(2,2),(0.,12.652780424426),(0.,1.
    ),.PIECEWISE_BEZIER_KNOTS.);
#8392 = CARTESIAN_POINT('',(152.4,-18.15,1.201705401854E-12));
#8393 = CARTESIAN_POINT('',(152.4,0.,0.));
#8394 = CARTESIAN_POINT('',(155.56707317072,-14.38396244736,
    11.656734583586));
#8395 = CARTESIAN_POINT('',(155.60208333333,-0.90625,11.564545427188));
#8396 = ADVANCED_FACE('',(#8397),#8432,.F.);
#8397 = FACE_BOUND('',#8398,.F.);
#8398 = EDGE_LOOP('',(#8399,#8409,#8430,#8431));
#8399 = ORIENTED_EDGE('',*,*,#8400,.F.);
#8400 = EDGE_CURVE('',#8401,#8345,#8403,.T.);
#8401 = VERTEX_POINT('',#8402);
#8402 = CARTESIAN_POINT('',(167.9,-14.99882572126,9.753594243408));
#8403 = B_SPLINE_CURVE_WITH_KNOTS('',4,(#8404,#8405,#8406,#8407,#8408),
  .UNSPECIFIED.,.F.,.F.,(5,5),(0.,1.),.PIECEWISE_BEZIER_KNOTS.);
#8404 = CARTESIAN_POINT('',(167.9,-14.99882572126,9.753594243408));
#8405 = CARTESIAN_POINT('',(167.89982524033,-11.43666896759,
    9.70786089148));
#8406 = CARTESIAN_POINT('',(167.89976615493,-7.874479250389,
    9.662127116345));
#8407 = CARTESIAN_POINT('',(167.89982398841,-4.312256337335,
    9.616392915019));
#8408 = CARTESIAN_POINT('',(167.9,-0.75,9.57065828457));
#8409 = ORIENTED_EDGE('',*,*,#8410,.F.);
#8410 = EDGE_CURVE('',#8376,#8401,#8411,.T.);
#8411 = B_SPLINE_CURVE_WITH_KNOTS('',5,(#8412,#8413,#8414,#8415,#8416,
    #8417,#8418,#8419,#8420,#8421,#8422,#8423,#8424,#8425,#8426,#8427,
    #8428,#8429),.UNSPECIFIED.,.F.,.F.,(6,4,4,4,6),(0.,0.25072093436,
    0.499505898416,0.746822723388,1.),.UNSPECIFIED.);
#8412 = CARTESIAN_POINT('',(155.05,-14.99882572126,9.753594243408));
#8413 = CARTESIAN_POINT('',(155.67806451052,-15.0497330679,
    9.596024537881));
#8414 = CARTESIAN_POINT('',(156.31215549237,-15.09451042204,
    9.45742854003));
#8415 = CARTESIAN_POINT('',(156.95134233052,-15.13303539195,
    9.338185079831));
#8416 = CARTESIAN_POINT('',(157.59464943058,-15.16521220884,
    9.23859058321));
#8417 = CARTESIAN_POINT('',(158.88246630875,-15.21654045253,
    9.079718106505));
#8418 = CARTESIAN_POINT('',(159.52693295271,-15.23579078923,
    9.020133977988));
#8419 = CARTESIAN_POINT('',(160.17345282935,-15.24866289826,
    8.980291900902));
#8420 = CARTESIAN_POINT('',(160.82100926133,-15.25512462061,
    8.960291414635));
#8421 = CARTESIAN_POINT('',(162.11230834718,-15.25522617689,
    8.959977075065));
#8422 = CARTESIAN_POINT('',(162.75605546262,-15.24894145361,
    8.97942970936));
#8423 = CARTESIAN_POINT('',(163.39879636021,-15.23632151918,
    9.018491249249));
#8424 = CARTESIAN_POINT('',(164.03953202414,-15.21739753668,
    9.07706523799));
#8425 = CARTESIAN_POINT('',(165.3301379421,-15.16646951472,
    9.234698938292));
#8426 = CARTESIAN_POINT('',(165.97986956132,-15.13416589668,
    9.334685913008));
#8427 = CARTESIAN_POINT('',(166.62541933459,-15.09538721657,
    9.454714663442));
#8428 = CARTESIAN_POINT('',(167.26578226916,-15.05023181304,
    9.594480809335));
#8429 = CARTESIAN_POINT('',(167.9,-14.99882572126,9.753594243408));
#8430 = ORIENTED_EDGE('',*,*,#8383,.T.);
#8431 = ORIENTED_EDGE('',*,*,#8352,.F.);
#8432 = SURFACE_OF_LINEAR_EXTRUSION('',#8433,#8438);
#8433 = CIRCLE('',#8434,26.200390625);
#8434 = AXIS2_PLACEMENT_3D('',#8435,#8436,#8437);
#8435 = CARTESIAN_POINT('',(161.475,-2.734405517578,34.893414426909));
#8436 = DIRECTION('',(0.,0.996943571309,7.8125E-02));
#8437 = DIRECTION('',(-1.,0.,0.));
#8438 = VECTOR('',#8439,1.);
#8439 = DIRECTION('',(0.,0.999917594475,-1.283761114653E-02));
#8440 = ADVANCED_FACE('',(#8441),#8459,.F.);
#8441 = FACE_BOUND('',#8442,.F.);
#8442 = EDGE_LOOP('',(#8443,#8451,#8457,#8458));
#8443 = ORIENTED_EDGE('',*,*,#8444,.F.);
#8444 = EDGE_CURVE('',#8445,#8337,#8447,.T.);
#8445 = VERTEX_POINT('',#8446);
#8446 = CARTESIAN_POINT('',(170.55,-18.15,6.008527009271E-13));
#8447 = LINE('',#8448,#8449);
#8448 = CARTESIAN_POINT('',(170.55,-18.15,0.));
#8449 = VECTOR('',#8450,1.);
#8450 = DIRECTION('',(0.,1.,0.));
#8451 = ORIENTED_EDGE('',*,*,#8452,.T.);
#8452 = EDGE_CURVE('',#8445,#8401,#8453,.T.);
#8453 = LINE('',#8454,#8455);
#8454 = CARTESIAN_POINT('',(170.55,-18.15,1.201705401854E-12));
#8455 = VECTOR('',#8456,1.);
#8456 = DIRECTION('',(-0.250306499006,0.297645057158,0.921278501054));
#8457 = ORIENTED_EDGE('',*,*,#8400,.T.);
#8458 = ORIENTED_EDGE('',*,*,#8344,.F.);
#8459 = B_SPLINE_SURFACE_WITH_KNOTS('',1,1,(
    (#8460,#8461)
    ,(#8462,#8463
    )),.UNSPECIFIED.,.F.,.F.,.F.,(2,2),(2,2),(0.,12.652780424426),(0.,1.
    ),.PIECEWISE_BEZIER_KNOTS.);
#8460 = CARTESIAN_POINT('',(170.55,-18.15,1.201705401854E-12));
#8461 = CARTESIAN_POINT('',(170.55,0.,0.));
#8462 = CARTESIAN_POINT('',(167.38292682927,-14.38396244736,
    11.656734583586));
#8463 = CARTESIAN_POINT('',(167.34791666666,-0.90625,11.564545427188));
#8464 = ADVANCED_FACE('',(#8465),#8476,.F.);
#8465 = FACE_BOUND('',#8466,.F.);
#8466 = EDGE_LOOP('',(#8467,#8473,#8474,#8475));
#8467 = ORIENTED_EDGE('',*,*,#8468,.T.);
#8468 = EDGE_CURVE('',#8368,#8445,#8469,.T.);
#8469 = LINE('',#8470,#8471);
#8470 = CARTESIAN_POINT('',(152.4,-18.15,0.));
#8471 = VECTOR('',#8472,1.);
#8472 = DIRECTION('',(1.,0.,0.));
#8473 = ORIENTED_EDGE('',*,*,#8444,.T.);
#8474 = ORIENTED_EDGE('',*,*,#8336,.F.);
#8475 = ORIENTED_EDGE('',*,*,#8367,.F.);
#8476 = PLANE('',#8477);
#8477 = AXIS2_PLACEMENT_3D('',#8478,#8479,#8480);
#8478 = CARTESIAN_POINT('',(152.4,-18.15,0.));
#8479 = DIRECTION('',(0.,0.,1.));
#8480 = DIRECTION('',(0.,1.,0.));
#8481 = ADVANCED_FACE('',(#8482),#8488,.F.);
#8482 = FACE_BOUND('',#8483,.F.);
#8483 = EDGE_LOOP('',(#8484,#8485,#8486,#8487));
#8484 = ORIENTED_EDGE('',*,*,#8468,.F.);
#8485 = ORIENTED_EDGE('',*,*,#8375,.T.);
#8486 = ORIENTED_EDGE('',*,*,#8410,.T.);
#8487 = ORIENTED_EDGE('',*,*,#8452,.F.);
#8488 = PLANE('',#8489);
#8489 = AXIS2_PLACEMENT_3D('',#8490,#8491,#8492);
#8490 = CARTESIAN_POINT('',(152.4,-14.99882572126,9.753594243408));
#8491 = DIRECTION('',(0.,0.951570170089,-0.30743163695));
#8492 = DIRECTION('',(0.,-0.30743163695,-0.951570170089));
#8493 = MANIFOLD_SOLID_BREP('',#8494);
#8494 = CLOSED_SHELL('',(#8495,#8536,#8569,#8613,#8637,#8654));
#8495 = ADVANCED_FACE('',(#8496),#8531,.F.);
#8496 = FACE_BOUND('',#8497,.F.);
#8497 = EDGE_LOOP('',(#8498,#8508,#8516,#8524));
#8498 = ORIENTED_EDGE('',*,*,#8499,.F.);
#8499 = EDGE_CURVE('',#8500,#8502,#8504,.T.);
#8500 = VERTEX_POINT('',#8501);
#8501 = CARTESIAN_POINT('',(171.45,0.,0.));
#8502 = VERTEX_POINT('',#8503);
#8503 = CARTESIAN_POINT('',(174.1,-0.75,9.57065828457));
#8504 = LINE('',#8505,#8506);
#8505 = CARTESIAN_POINT('',(171.45,0.,0.));
#8506 = VECTOR('',#8507,1.);
#8507 = DIRECTION('',(0.266089874363,-7.530845500845E-02,0.9610019851));
#8508 = ORIENTED_EDGE('',*,*,#8509,.T.);
#8509 = EDGE_CURVE('',#8500,#8510,#8512,.T.);
#8510 = VERTEX_POINT('',#8511);
#8511 = CARTESIAN_POINT('',(189.6,0.,0.));
#8512 = LINE('',#8513,#8514);
#8513 = CARTESIAN_POINT('',(171.45,0.,0.));
#8514 = VECTOR('',#8515,1.);
#8515 = DIRECTION('',(1.,0.,0.));
#8516 = ORIENTED_EDGE('',*,*,#8517,.T.);
#8517 = EDGE_CURVE('',#8510,#8518,#8520,.T.);
#8518 = VERTEX_POINT('',#8519);
#8519 = CARTESIAN_POINT('',(186.95,-0.75,9.57065828457));
#8520 = LINE('',#8521,#8522);
#8521 = CARTESIAN_POINT('',(189.6,0.,0.));
#8522 = VECTOR('',#8523,1.);
#8523 = DIRECTION('',(-0.266089874363,-7.530845500845E-02,0.9610019851)
  );
#8524 = ORIENTED_EDGE('',*,*,#8525,.T.);
#8525 = EDGE_CURVE('',#8518,#8502,#8526,.T.);
#8526 = CIRCLE('',#8527,26.200390625);
#8527 = AXIS2_PLACEMENT_3D('',#8528,#8529,#8530);
#8528 = CARTESIAN_POINT('',(180.525,-2.734405517578,34.893414426909));
#8529 = DIRECTION('',(0.,0.996943571309,7.8125E-02));
#8530 = DIRECTION('',(-1.,0.,0.));
#8531 = PLANE('',#8532);
#8532 = AXIS2_PLACEMENT_3D('',#8533,#8534,#8535);
#8533 = CARTESIAN_POINT('',(171.45,0.,0.));
#8534 = DIRECTION('',(0.,-0.996943571309,-7.8125E-02));
#8535 = DIRECTION('',(0.,-7.8125E-02,0.996943571309));
#8536 = ADVANCED_FACE('',(#8537),#8564,.T.);
#8537 = FACE_BOUND('',#8538,.T.);
#8538 = EDGE_LOOP('',(#8539,#8547,#8555,#8563));
#8539 = ORIENTED_EDGE('',*,*,#8540,.F.);
#8540 = EDGE_CURVE('',#8541,#8500,#8543,.T.);
#8541 = VERTEX_POINT('',#8542);
#8542 = CARTESIAN_POINT('',(171.45,-18.15,6.013673631235E-13));
#8543 = LINE('',#8544,#8545);
#8544 = CARTESIAN_POINT('',(171.45,-18.15,0.));
#8545 = VECTOR('',#8546,1.);
#8546 = DIRECTION('',(0.,1.,0.));
#8547 = ORIENTED_EDGE('',*,*,#8548,.T.);
#8548 = EDGE_CURVE('',#8541,#8549,#8551,.T.);
#8549 = VERTEX_POINT('',#8550);
#8550 = CARTESIAN_POINT('',(174.09999999999,-14.99882572126,
    9.753594243408));
#8551 = LINE('',#8552,#8553);
#8552 = CARTESIAN_POINT('',(171.45,-18.15,1.201705401854E-12));
#8553 = VECTOR('',#8554,1.);
#8554 = DIRECTION('',(0.250306499006,0.297645057158,0.921278501054));
#8555 = ORIENTED_EDGE('',*,*,#8556,.T.);
#8556 = EDGE_CURVE('',#8549,#8502,#8557,.T.);
#8557 = B_SPLINE_CURVE_WITH_KNOTS('',4,(#8558,#8559,#8560,#8561,#8562),
  .UNSPECIFIED.,.F.,.F.,(5,5),(0.,1.),.PIECEWISE_BEZIER_KNOTS.);
#8558 = CARTESIAN_POINT('',(174.09999999999,-14.99882572126,
    9.753594243408));
#8559 = CARTESIAN_POINT('',(174.10017475966,-11.43666896759,
    9.70786089148));
#8560 = CARTESIAN_POINT('',(174.10023384506,-7.874479250389,
    9.662127116345));
#8561 = CARTESIAN_POINT('',(174.10017601158,-4.312256337335,
    9.616392915019));
#8562 = CARTESIAN_POINT('',(174.1,-0.75,9.57065828457));
#8563 = ORIENTED_EDGE('',*,*,#8499,.F.);
#8564 = B_SPLINE_SURFACE_WITH_KNOTS('',1,1,(
    (#8565,#8566)
    ,(#8567,#8568
    )),.UNSPECIFIED.,.F.,.F.,.F.,(2,2),(2,2),(0.,12.652780424426),(0.,1.
    ),.PIECEWISE_BEZIER_KNOTS.);
#8565 = CARTESIAN_POINT('',(171.45,-18.15,1.201705401854E-12));
#8566 = CARTESIAN_POINT('',(171.45,0.,0.));
#8567 = CARTESIAN_POINT('',(174.61707317072,-14.38396244736,
    11.656734583586));
#8568 = CARTESIAN_POINT('',(174.65208333333,-0.90625,11.564545427188));
#8569 = ADVANCED_FACE('',(#8570),#8605,.F.);
#8570 = FACE_BOUND('',#8571,.F.);
#8571 = EDGE_LOOP('',(#8572,#8582,#8603,#8604));
#8572 = ORIENTED_EDGE('',*,*,#8573,.F.);
#8573 = EDGE_CURVE('',#8574,#8518,#8576,.T.);
#8574 = VERTEX_POINT('',#8575);
#8575 = CARTESIAN_POINT('',(186.95,-14.99882572126,9.753594243408));
#8576 = B_SPLINE_CURVE_WITH_KNOTS('',4,(#8577,#8578,#8579,#8580,#8581),
  .UNSPECIFIED.,.F.,.F.,(5,5),(0.,1.),.PIECEWISE_BEZIER_KNOTS.);
#8577 = CARTESIAN_POINT('',(186.95,-14.99882572126,9.753594243408));
#8578 = CARTESIAN_POINT('',(186.94982524033,-11.43666896759,
    9.70786089148));
#8579 = CARTESIAN_POINT('',(186.94976615493,-7.874479250389,
    9.662127116345));
#8580 = CARTESIAN_POINT('',(186.94982398841,-4.312256337335,
    9.616392915019));
#8581 = CARTESIAN_POINT('',(186.95,-0.75,9.57065828457));
#8582 = ORIENTED_EDGE('',*,*,#8583,.F.);
#8583 = EDGE_CURVE('',#8549,#8574,#8584,.T.);
#8584 = B_SPLINE_CURVE_WITH_KNOTS('',5,(#8585,#8586,#8587,#8588,#8589,
    #8590,#8591,#8592,#8593,#8594,#8595,#8596,#8597,#8598,#8599,#8600,
    #8601,#8602),.UNSPECIFIED.,.F.,.F.,(6,4,4,4,6),(0.,0.25072093436,
    0.499505898416,0.746822723388,1.),.UNSPECIFIED.);
#8585 = CARTESIAN_POINT('',(174.1,-14.99882572126,9.753594243408));
#8586 = CARTESIAN_POINT('',(174.72806451052,-15.0497330679,
    9.596024537881));
#8587 = CARTESIAN_POINT('',(175.36215549237,-15.09451042204,
    9.45742854003));
#8588 = CARTESIAN_POINT('',(176.00134233052,-15.13303539195,
    9.338185079831));
#8589 = CARTESIAN_POINT('',(176.64464943058,-15.16521220884,
    9.23859058321));
#8590 = CARTESIAN_POINT('',(177.93246630875,-15.21654045253,
    9.079718106505));
#8591 = CARTESIAN_POINT('',(178.57693295271,-15.23579078923,
    9.020133977988));
#8592 = CARTESIAN_POINT('',(179.22345282935,-15.24866289826,
    8.980291900902));
#8593 = CARTESIAN_POINT('',(179.87100926133,-15.25512462061,
    8.960291414635));
#8594 = CARTESIAN_POINT('',(181.16230834718,-15.25522617689,
    8.959977075065));
#8595 = CARTESIAN_POINT('',(181.80605546262,-15.24894145361,
    8.97942970936));
#8596 = CARTESIAN_POINT('',(182.44879636021,-15.23632151918,
    9.018491249249));
#8597 = CARTESIAN_POINT('',(183.08953202414,-15.21739753668,
    9.07706523799));
#8598 = CARTESIAN_POINT('',(184.3801379421,-15.16646951472,
    9.234698938292));
#8599 = CARTESIAN_POINT('',(185.02986956132,-15.13416589668,
    9.334685913008));
#8600 = CARTESIAN_POINT('',(185.67541933459,-15.09538721657,
    9.454714663442));
#8601 = CARTESIAN_POINT('',(186.31578226916,-15.05023181304,
    9.594480809335));
#8602 = CARTESIAN_POINT('',(186.95,-14.99882572126,9.753594243408));
#8603 = ORIENTED_EDGE('',*,*,#8556,.T.);
#8604 = ORIENTED_EDGE('',*,*,#8525,.F.);
#8605 = SURFACE_OF_LINEAR_EXTRUSION('',#8606,#8611);
#8606 = CIRCLE('',#8607,26.200390625);
#8607 = AXIS2_PLACEMENT_3D('',#8608,#8609,#8610);
#8608 = CARTESIAN_POINT('',(180.525,-2.734405517578,34.893414426909));
#8609 = DIRECTION('',(0.,0.996943571309,7.8125E-02));
#8610 = DIRECTION('',(-1.,0.,0.));
#8611 = VECTOR('',#8612,1.);
#8612 = DIRECTION('',(0.,0.999917594475,-1.283761114653E-02));
#8613 = ADVANCED_FACE('',(#8614),#8632,.F.);
#8614 = FACE_BOUND('',#8615,.F.);
#8615 = EDGE_LOOP('',(#8616,#8624,#8630,#8631));
#8616 = ORIENTED_EDGE('',*,*,#8617,.F.);
#8617 = EDGE_CURVE('',#8618,#8510,#8620,.T.);
#8618 = VERTEX_POINT('',#8619);
#8619 = CARTESIAN_POINT('',(189.6,-18.15,6.008527009271E-13));
#8620 = LINE('',#8621,#8622);
#8621 = CARTESIAN_POINT('',(189.6,-18.15,0.));
#8622 = VECTOR('',#8623,1.);
#8623 = DIRECTION('',(0.,1.,0.));
#8624 = ORIENTED_EDGE('',*,*,#8625,.T.);
#8625 = EDGE_CURVE('',#8618,#8574,#8626,.T.);
#8626 = LINE('',#8627,#8628);
#8627 = CARTESIAN_POINT('',(189.6,-18.15,1.201705401854E-12));
#8628 = VECTOR('',#8629,1.);
#8629 = DIRECTION('',(-0.250306499006,0.297645057158,0.921278501054));
#8630 = ORIENTED_EDGE('',*,*,#8573,.T.);
#8631 = ORIENTED_EDGE('',*,*,#8517,.F.);
#8632 = B_SPLINE_SURFACE_WITH_KNOTS('',1,1,(
    (#8633,#8634)
    ,(#8635,#8636
    )),.UNSPECIFIED.,.F.,.F.,.F.,(2,2),(2,2),(0.,12.652780424426),(0.,1.
    ),.PIECEWISE_BEZIER_KNOTS.);
#8633 = CARTESIAN_POINT('',(189.6,-18.15,1.201705401854E-12));
#8634 = CARTESIAN_POINT('',(189.6,0.,0.));
#8635 = CARTESIAN_POINT('',(186.43292682927,-14.38396244736,
    11.656734583586));
#8636 = CARTESIAN_POINT('',(186.39791666666,-0.90625,11.564545427188));
#8637 = ADVANCED_FACE('',(#8638),#8649,.F.);
#8638 = FACE_BOUND('',#8639,.F.);
#8639 = EDGE_LOOP('',(#8640,#8646,#8647,#8648));
#8640 = ORIENTED_EDGE('',*,*,#8641,.T.);
#8641 = EDGE_CURVE('',#8541,#8618,#8642,.T.);
#8642 = LINE('',#8643,#8644);
#8643 = CARTESIAN_POINT('',(171.45,-18.15,0.));
#8644 = VECTOR('',#8645,1.);
#8645 = DIRECTION('',(1.,0.,0.));
#8646 = ORIENTED_EDGE('',*,*,#8617,.T.);
#8647 = ORIENTED_EDGE('',*,*,#8509,.F.);
#8648 = ORIENTED_EDGE('',*,*,#8540,.F.);
#8649 = PLANE('',#8650);
#8650 = AXIS2_PLACEMENT_3D('',#8651,#8652,#8653);
#8651 = CARTESIAN_POINT('',(171.45,-18.15,0.));
#8652 = DIRECTION('',(0.,0.,1.));
#8653 = DIRECTION('',(0.,1.,0.));
#8654 = ADVANCED_FACE('',(#8655),#8661,.F.);
#8655 = FACE_BOUND('',#8656,.F.);
#8656 = EDGE_LOOP('',(#8657,#8658,#8659,#8660));
#8657 = ORIENTED_EDGE('',*,*,#8641,.F.);
#8658 = ORIENTED_EDGE('',*,*,#8548,.T.);
#8659 = ORIENTED_EDGE('',*,*,#8583,.T.);
#8660 = ORIENTED_EDGE('',*,*,#8625,.F.);
#8661 = PLANE('',#8662);
#8662 = AXIS2_PLACEMENT_3D('',#8663,#8664,#8665);
#8663 = CARTESIAN_POINT('',(171.45,-14.99882572126,9.753594243408));
#8664 = DIRECTION('',(0.,0.951570170089,-0.30743163695));
#8665 = DIRECTION('',(0.,-0.30743163695,-0.951570170089));
#8666 = MANIFOLD_SOLID_BREP('',#8667);
#8667 = CLOSED_SHELL('',(#8668,#8709,#8742,#8786,#8810,#8827));
#8668 = ADVANCED_FACE('',(#8669),#8704,.F.);
#8669 = FACE_BOUND('',#8670,.F.);
#8670 = EDGE_LOOP('',(#8671,#8681,#8689,#8697));
#8671 = ORIENTED_EDGE('',*,*,#8672,.F.);
#8672 = EDGE_CURVE('',#8673,#8675,#8677,.T.);
#8673 = VERTEX_POINT('',#8674);
#8674 = CARTESIAN_POINT('',(190.5,0.,0.));
#8675 = VERTEX_POINT('',#8676);
#8676 = CARTESIAN_POINT('',(193.15,-0.75,9.57065828457));
#8677 = LINE('',#8678,#8679);
#8678 = CARTESIAN_POINT('',(190.5,0.,0.));
#8679 = VECTOR('',#8680,1.);
#8680 = DIRECTION('',(0.266089874363,-7.530845500845E-02,0.9610019851));
#8681 = ORIENTED_EDGE('',*,*,#8682,.T.);
#8682 = EDGE_CURVE('',#8673,#8683,#8685,.T.);
#8683 = VERTEX_POINT('',#8684);
#8684 = CARTESIAN_POINT('',(208.65,0.,0.));
#8685 = LINE('',#8686,#8687);
#8686 = CARTESIAN_POINT('',(190.5,0.,0.));
#8687 = VECTOR('',#8688,1.);
#8688 = DIRECTION('',(1.,0.,0.));
#8689 = ORIENTED_EDGE('',*,*,#8690,.T.);
#8690 = EDGE_CURVE('',#8683,#8691,#8693,.T.);
#8691 = VERTEX_POINT('',#8692);
#8692 = CARTESIAN_POINT('',(206.,-0.75,9.57065828457));
#8693 = LINE('',#8694,#8695);
#8694 = CARTESIAN_POINT('',(208.65,0.,0.));
#8695 = VECTOR('',#8696,1.);
#8696 = DIRECTION('',(-0.266089874363,-7.530845500845E-02,0.9610019851)
  );
#8697 = ORIENTED_EDGE('',*,*,#8698,.T.);
#8698 = EDGE_CURVE('',#8691,#8675,#8699,.T.);
#8699 = CIRCLE('',#8700,26.200390625);
#8700 = AXIS2_PLACEMENT_3D('',#8701,#8702,#8703);
#8701 = CARTESIAN_POINT('',(199.575,-2.734405517578,34.893414426909));
#8702 = DIRECTION('',(0.,0.996943571309,7.8125E-02));
#8703 = DIRECTION('',(-1.,0.,0.));
#8704 = PLANE('',#8705);
#8705 = AXIS2_PLACEMENT_3D('',#8706,#8707,#8708);
#8706 = CARTESIAN_POINT('',(190.5,0.,0.));
#8707 = DIRECTION('',(0.,-0.996943571309,-7.8125E-02));
#8708 = DIRECTION('',(0.,-7.8125E-02,0.996943571309));
#8709 = ADVANCED_FACE('',(#8710),#8737,.T.);
#8710 = FACE_BOUND('',#8711,.T.);
#8711 = EDGE_LOOP('',(#8712,#8720,#8728,#8736));
#8712 = ORIENTED_EDGE('',*,*,#8713,.F.);
#8713 = EDGE_CURVE('',#8714,#8673,#8716,.T.);
#8714 = VERTEX_POINT('',#8715);
#8715 = CARTESIAN_POINT('',(190.5,-18.15,6.013673631235E-13));
#8716 = LINE('',#8717,#8718);
#8717 = CARTESIAN_POINT('',(190.5,-18.15,0.));
#8718 = VECTOR('',#8719,1.);
#8719 = DIRECTION('',(0.,1.,0.));
#8720 = ORIENTED_EDGE('',*,*,#8721,.T.);
#8721 = EDGE_CURVE('',#8714,#8722,#8724,.T.);
#8722 = VERTEX_POINT('',#8723);
#8723 = CARTESIAN_POINT('',(193.14999999999,-14.99882572126,
    9.753594243408));
#8724 = LINE('',#8725,#8726);
#8725 = CARTESIAN_POINT('',(190.5,-18.15,1.201705401854E-12));
#8726 = VECTOR('',#8727,1.);
#8727 = DIRECTION('',(0.250306499006,0.297645057158,0.921278501054));
#8728 = ORIENTED_EDGE('',*,*,#8729,.T.);
#8729 = EDGE_CURVE('',#8722,#8675,#8730,.T.);
#8730 = B_SPLINE_CURVE_WITH_KNOTS('',4,(#8731,#8732,#8733,#8734,#8735),
  .UNSPECIFIED.,.F.,.F.,(5,5),(0.,1.),.PIECEWISE_BEZIER_KNOTS.);
#8731 = CARTESIAN_POINT('',(193.14999999999,-14.99882572126,
    9.753594243408));
#8732 = CARTESIAN_POINT('',(193.15017475966,-11.43666896759,
    9.70786089148));
#8733 = CARTESIAN_POINT('',(193.15023384506,-7.874479250389,
    9.662127116345));
#8734 = CARTESIAN_POINT('',(193.15017601158,-4.312256337335,
    9.616392915019));
#8735 = CARTESIAN_POINT('',(193.15,-0.75,9.57065828457));
#8736 = ORIENTED_EDGE('',*,*,#8672,.F.);
#8737 = B_SPLINE_SURFACE_WITH_KNOTS('',1,1,(
    (#8738,#8739)
    ,(#8740,#8741
    )),.UNSPECIFIED.,.F.,.F.,.F.,(2,2),(2,2),(0.,12.652780424426),(0.,1.
    ),.PIECEWISE_BEZIER_KNOTS.);
#8738 = CARTESIAN_POINT('',(190.5,-18.15,1.201705401854E-12));
#8739 = CARTESIAN_POINT('',(190.5,0.,0.));
#8740 = CARTESIAN_POINT('',(193.66707317072,-14.38396244736,
    11.656734583586));
#8741 = CARTESIAN_POINT('',(193.70208333333,-0.90625,11.564545427188));
#8742 = ADVANCED_FACE('',(#8743),#8778,.F.);
#8743 = FACE_BOUND('',#8744,.F.);
#8744 = EDGE_LOOP('',(#8745,#8755,#8776,#8777));
#8745 = ORIENTED_EDGE('',*,*,#8746,.F.);
#8746 = EDGE_CURVE('',#8747,#8691,#8749,.T.);
#8747 = VERTEX_POINT('',#8748);
#8748 = CARTESIAN_POINT('',(206.,-14.99882572126,9.753594243408));
#8749 = B_SPLINE_CURVE_WITH_KNOTS('',4,(#8750,#8751,#8752,#8753,#8754),
  .UNSPECIFIED.,.F.,.F.,(5,5),(0.,1.),.PIECEWISE_BEZIER_KNOTS.);
#8750 = CARTESIAN_POINT('',(206.,-14.99882572126,9.753594243408));
#8751 = CARTESIAN_POINT('',(205.99982524033,-11.43666896759,
    9.70786089148));
#8752 = CARTESIAN_POINT('',(205.99976615493,-7.874479250389,
    9.662127116345));
#8753 = CARTESIAN_POINT('',(205.99982398841,-4.312256337335,
    9.616392915019));
#8754 = CARTESIAN_POINT('',(206.,-0.75,9.57065828457));
#8755 = ORIENTED_EDGE('',*,*,#8756,.F.);
#8756 = EDGE_CURVE('',#8722,#8747,#8757,.T.);
#8757 = B_SPLINE_CURVE_WITH_KNOTS('',5,(#8758,#8759,#8760,#8761,#8762,
    #8763,#8764,#8765,#8766,#8767,#8768,#8769,#8770,#8771,#8772,#8773,
    #8774,#8775),.UNSPECIFIED.,.F.,.F.,(6,4,4,4,6),(0.,0.25072093436,
    0.499505898416,0.746822723388,1.),.UNSPECIFIED.);
#8758 = CARTESIAN_POINT('',(193.15,-14.99882572126,9.753594243408));
#8759 = CARTESIAN_POINT('',(193.77806451052,-15.0497330679,
    9.596024537881));
#8760 = CARTESIAN_POINT('',(194.41215549237,-15.09451042204,
    9.45742854003));
#8761 = CARTESIAN_POINT('',(195.05134233052,-15.13303539195,
    9.338185079831));
#8762 = CARTESIAN_POINT('',(195.69464943058,-15.16521220884,
    9.23859058321));
#8763 = CARTESIAN_POINT('',(196.98246630875,-15.21654045253,
    9.079718106505));
#8764 = CARTESIAN_POINT('',(197.62693295271,-15.23579078923,
    9.020133977988));
#8765 = CARTESIAN_POINT('',(198.27345282935,-15.24866289826,
    8.980291900902));
#8766 = CARTESIAN_POINT('',(198.92100926133,-15.25512462061,
    8.960291414635));
#8767 = CARTESIAN_POINT('',(200.21230834718,-15.25522617689,
    8.959977075065));
#8768 = CARTESIAN_POINT('',(200.85605546262,-15.24894145361,
    8.97942970936));
#8769 = CARTESIAN_POINT('',(201.49879636021,-15.23632151918,
    9.018491249249));
#8770 = CARTESIAN_POINT('',(202.13953202414,-15.21739753668,
    9.07706523799));
#8771 = CARTESIAN_POINT('',(203.4301379421,-15.16646951472,
    9.234698938292));
#8772 = CARTESIAN_POINT('',(204.07986956132,-15.13416589668,
    9.334685913008));
#8773 = CARTESIAN_POINT('',(204.72541933459,-15.09538721657,
    9.454714663442));
#8774 = CARTESIAN_POINT('',(205.36578226916,-15.05023181304,
    9.594480809335));
#8775 = CARTESIAN_POINT('',(206.,-14.99882572126,9.753594243408));
#8776 = ORIENTED_EDGE('',*,*,#8729,.T.);
#8777 = ORIENTED_EDGE('',*,*,#8698,.F.);
#8778 = SURFACE_OF_LINEAR_EXTRUSION('',#8779,#8784);
#8779 = CIRCLE('',#8780,26.200390625);
#8780 = AXIS2_PLACEMENT_3D('',#8781,#8782,#8783);
#8781 = CARTESIAN_POINT('',(199.575,-2.734405517578,34.893414426909));
#8782 = DIRECTION('',(0.,0.996943571309,7.8125E-02));
#8783 = DIRECTION('',(-1.,0.,0.));
#8784 = VECTOR('',#8785,1.);
#8785 = DIRECTION('',(0.,0.999917594475,-1.283761114653E-02));
#8786 = ADVANCED_FACE('',(#8787),#8805,.F.);
#8787 = FACE_BOUND('',#8788,.F.);
#8788 = EDGE_LOOP('',(#8789,#8797,#8803,#8804));
#8789 = ORIENTED_EDGE('',*,*,#8790,.F.);
#8790 = EDGE_CURVE('',#8791,#8683,#8793,.T.);
#8791 = VERTEX_POINT('',#8792);
#8792 = CARTESIAN_POINT('',(208.65,-18.15,6.008527009271E-13));
#8793 = LINE('',#8794,#8795);
#8794 = CARTESIAN_POINT('',(208.65,-18.15,0.));
#8795 = VECTOR('',#8796,1.);
#8796 = DIRECTION('',(0.,1.,0.));
#8797 = ORIENTED_EDGE('',*,*,#8798,.T.);
#8798 = EDGE_CURVE('',#8791,#8747,#8799,.T.);
#8799 = LINE('',#8800,#8801);
#8800 = CARTESIAN_POINT('',(208.65,-18.15,1.201705401854E-12));
#8801 = VECTOR('',#8802,1.);
#8802 = DIRECTION('',(-0.250306499006,0.297645057158,0.921278501054));
#8803 = ORIENTED_EDGE('',*,*,#8746,.T.);
#8804 = ORIENTED_EDGE('',*,*,#8690,.F.);
#8805 = B_SPLINE_SURFACE_WITH_KNOTS('',1,1,(
    (#8806,#8807)
    ,(#8808,#8809
    )),.UNSPECIFIED.,.F.,.F.,.F.,(2,2),(2,2),(0.,12.652780424426),(0.,1.
    ),.PIECEWISE_BEZIER_KNOTS.);
#8806 = CARTESIAN_POINT('',(208.65,-18.15,1.201705401854E-12));
#8807 = CARTESIAN_POINT('',(208.65,0.,0.));
#8808 = CARTESIAN_POINT('',(205.48292682927,-14.38396244736,
    11.656734583586));
#8809 = CARTESIAN_POINT('',(205.44791666666,-0.90625,11.564545427188));
#8810 = ADVANCED_FACE('',(#8811),#8822,.F.);
#8811 = FACE_BOUND('',#8812,.F.);
#8812 = EDGE_LOOP('',(#8813,#8819,#8820,#8821));
#8813 = ORIENTED_EDGE('',*,*,#8814,.T.);
#8814 = EDGE_CURVE('',#8714,#8791,#8815,.T.);
#8815 = LINE('',#8816,#8817);
#8816 = CARTESIAN_POINT('',(190.5,-18.15,0.));
#8817 = VECTOR('',#8818,1.);
#8818 = DIRECTION('',(1.,0.,0.));
#8819 = ORIENTED_EDGE('',*,*,#8790,.T.);
#8820 = ORIENTED_EDGE('',*,*,#8682,.F.);
#8821 = ORIENTED_EDGE('',*,*,#8713,.F.);
#8822 = PLANE('',#8823);
#8823 = AXIS2_PLACEMENT_3D('',#8824,#8825,#8826);
#8824 = CARTESIAN_POINT('',(190.5,-18.15,0.));
#8825 = DIRECTION('',(0.,0.,1.));
#8826 = DIRECTION('',(0.,1.,0.));
#8827 = ADVANCED_FACE('',(#8828),#8834,.F.);
#8828 = FACE_BOUND('',#8829,.F.);
#8829 = EDGE_LOOP('',(#8830,#8831,#8832,#8833));
#8830 = ORIENTED_EDGE('',*,*,#8814,.F.);
#8831 = ORIENTED_EDGE('',*,*,#8721,.T.);
#8832 = ORIENTED_EDGE('',*,*,#8756,.T.);
#8833 = ORIENTED_EDGE('',*,*,#8798,.F.);
#8834 = PLANE('',#8835);
#8835 = AXIS2_PLACEMENT_3D('',#8836,#8837,#8838);
#8836 = CARTESIAN_POINT('',(190.5,-14.99882572126,9.753594243408));
#8837 = DIRECTION('',(0.,0.951570170089,-0.30743163695));
#8838 = DIRECTION('',(0.,-0.30743163695,-0.951570170089));
#8839 = MANIFOLD_SOLID_BREP('',#8840);
#8840 = CLOSED_SHELL('',(#8841,#8882,#8915,#8959,#8983,#9000));
#8841 = ADVANCED_FACE('',(#8842),#8877,.F.);
#8842 = FACE_BOUND('',#8843,.F.);
#8843 = EDGE_LOOP('',(#8844,#8854,#8862,#8870));
#8844 = ORIENTED_EDGE('',*,*,#8845,.F.);
#8845 = EDGE_CURVE('',#8846,#8848,#8850,.T.);
#8846 = VERTEX_POINT('',#8847);
#8847 = CARTESIAN_POINT('',(209.55,0.,0.));
#8848 = VERTEX_POINT('',#8849);
#8849 = CARTESIAN_POINT('',(212.2,-0.75,9.57065828457));
#8850 = LINE('',#8851,#8852);
#8851 = CARTESIAN_POINT('',(209.55,0.,0.));
#8852 = VECTOR('',#8853,1.);
#8853 = DIRECTION('',(0.266089874363,-7.530845500845E-02,0.9610019851));
#8854 = ORIENTED_EDGE('',*,*,#8855,.T.);
#8855 = EDGE_CURVE('',#8846,#8856,#8858,.T.);
#8856 = VERTEX_POINT('',#8857);
#8857 = CARTESIAN_POINT('',(227.7,0.,0.));
#8858 = LINE('',#8859,#8860);
#8859 = CARTESIAN_POINT('',(209.55,0.,0.));
#8860 = VECTOR('',#8861,1.);
#8861 = DIRECTION('',(1.,0.,0.));
#8862 = ORIENTED_EDGE('',*,*,#8863,.T.);
#8863 = EDGE_CURVE('',#8856,#8864,#8866,.T.);
#8864 = VERTEX_POINT('',#8865);
#8865 = CARTESIAN_POINT('',(225.05,-0.75,9.57065828457));
#8866 = LINE('',#8867,#8868);
#8867 = CARTESIAN_POINT('',(227.7,0.,0.));
#8868 = VECTOR('',#8869,1.);
#8869 = DIRECTION('',(-0.266089874363,-7.530845500845E-02,0.9610019851)
  );
#8870 = ORIENTED_EDGE('',*,*,#8871,.T.);
#8871 = EDGE_CURVE('',#8864,#8848,#8872,.T.);
#8872 = CIRCLE('',#8873,26.200390625);
#8873 = AXIS2_PLACEMENT_3D('',#8874,#8875,#8876);
#8874 = CARTESIAN_POINT('',(218.625,-2.734405517578,34.893414426909));
#8875 = DIRECTION('',(0.,0.996943571309,7.8125E-02));
#8876 = DIRECTION('',(-1.,0.,0.));
#8877 = PLANE('',#8878);
#8878 = AXIS2_PLACEMENT_3D('',#8879,#8880,#8881);
#8879 = CARTESIAN_POINT('',(209.55,0.,0.));
#8880 = DIRECTION('',(0.,-0.996943571309,-7.8125E-02));
#8881 = DIRECTION('',(0.,-7.8125E-02,0.996943571309));
#8882 = ADVANCED_FACE('',(#8883),#8910,.T.);
#8883 = FACE_BOUND('',#8884,.T.);
#8884 = EDGE_LOOP('',(#8885,#8893,#8901,#8909));
#8885 = ORIENTED_EDGE('',*,*,#8886,.F.);
#8886 = EDGE_CURVE('',#8887,#8846,#8889,.T.);
#8887 = VERTEX_POINT('',#8888);
#8888 = CARTESIAN_POINT('',(209.55,-18.15,6.013673631235E-13));
#8889 = LINE('',#8890,#8891);
#8890 = CARTESIAN_POINT('',(209.55,-18.15,0.));
#8891 = VECTOR('',#8892,1.);
#8892 = DIRECTION('',(0.,1.,0.));
#8893 = ORIENTED_EDGE('',*,*,#8894,.T.);
#8894 = EDGE_CURVE('',#8887,#8895,#8897,.T.);
#8895 = VERTEX_POINT('',#8896);
#8896 = CARTESIAN_POINT('',(212.19999999999,-14.99882572126,
    9.753594243408));
#8897 = LINE('',#8898,#8899);
#8898 = CARTESIAN_POINT('',(209.55,-18.15,1.201705401854E-12));
#8899 = VECTOR('',#8900,1.);
#8900 = DIRECTION('',(0.250306499006,0.297645057158,0.921278501054));
#8901 = ORIENTED_EDGE('',*,*,#8902,.T.);
#8902 = EDGE_CURVE('',#8895,#8848,#8903,.T.);
#8903 = B_SPLINE_CURVE_WITH_KNOTS('',4,(#8904,#8905,#8906,#8907,#8908),
  .UNSPECIFIED.,.F.,.F.,(5,5),(0.,1.),.PIECEWISE_BEZIER_KNOTS.);
#8904 = CARTESIAN_POINT('',(212.19999999999,-14.99882572126,
    9.753594243408));
#8905 = CARTESIAN_POINT('',(212.20017475966,-11.43666896759,
    9.70786089148));
#8906 = CARTESIAN_POINT('',(212.20023384506,-7.874479250389,
    9.662127116345));
#8907 = CARTESIAN_POINT('',(212.20017601158,-4.312256337335,
    9.616392915019));
#8908 = CARTESIAN_POINT('',(212.2,-0.75,9.57065828457));
#8909 = ORIENTED_EDGE('',*,*,#8845,.F.);
#8910 = B_SPLINE_SURFACE_WITH_KNOTS('',1,1,(
    (#8911,#8912)
    ,(#8913,#8914
    )),.UNSPECIFIED.,.F.,.F.,.F.,(2,2),(2,2),(0.,12.652780424426),(0.,1.
    ),.PIECEWISE_BEZIER_KNOTS.);
#8911 = CARTESIAN_POINT('',(209.55,-18.15,1.201705401854E-12));
#8912 = CARTESIAN_POINT('',(209.55,0.,0.));
#8913 = CARTESIAN_POINT('',(212.71707317072,-14.38396244736,
    11.656734583586));
#8914 = CARTESIAN_POINT('',(212.75208333333,-0.90625,11.564545427188));
#8915 = ADVANCED_FACE('',(#8916),#8951,.F.);
#8916 = FACE_BOUND('',#8917,.F.);
#8917 = EDGE_LOOP('',(#8918,#8928,#8949,#8950));
#8918 = ORIENTED_EDGE('',*,*,#8919,.F.);
#8919 = EDGE_CURVE('',#8920,#8864,#8922,.T.);
#8920 = VERTEX_POINT('',#8921);
#8921 = CARTESIAN_POINT('',(225.05,-14.99882572126,9.753594243408));
#8922 = B_SPLINE_CURVE_WITH_KNOTS('',4,(#8923,#8924,#8925,#8926,#8927),
  .UNSPECIFIED.,.F.,.F.,(5,5),(0.,1.),.PIECEWISE_BEZIER_KNOTS.);
#8923 = CARTESIAN_POINT('',(225.05,-14.99882572126,9.753594243408));
#8924 = CARTESIAN_POINT('',(225.04982524033,-11.43666896759,
    9.70786089148));
#8925 = CARTESIAN_POINT('',(225.04976615493,-7.874479250389,
    9.662127116345));
#8926 = CARTESIAN_POINT('',(225.04982398841,-4.312256337335,
    9.616392915019));
#8927 = CARTESIAN_POINT('',(225.05,-0.75,9.57065828457));
#8928 = ORIENTED_EDGE('',*,*,#8929,.F.);
#8929 = EDGE_CURVE('',#8895,#8920,#8930,.T.);
#8930 = B_SPLINE_CURVE_WITH_KNOTS('',5,(#8931,#8932,#8933,#8934,#8935,
    #8936,#8937,#8938,#8939,#8940,#8941,#8942,#8943,#8944,#8945,#8946,
    #8947,#8948),.UNSPECIFIED.,.F.,.F.,(6,4,4,4,6),(0.,0.25072093436,
    0.499505898416,0.746822723388,1.),.UNSPECIFIED.);
#8931 = CARTESIAN_POINT('',(212.2,-14.99882572126,9.753594243408));
#8932 = CARTESIAN_POINT('',(212.82806451052,-15.0497330679,
    9.596024537881));
#8933 = CARTESIAN_POINT('',(213.46215549237,-15.09451042204,
    9.45742854003));
#8934 = CARTESIAN_POINT('',(214.10134233052,-15.13303539195,
    9.338185079831));
#8935 = CARTESIAN_POINT('',(214.74464943058,-15.16521220884,
    9.23859058321));
#8936 = CARTESIAN_POINT('',(216.03246630875,-15.21654045253,
    9.079718106505));
#8937 = CARTESIAN_POINT('',(216.67693295271,-15.23579078923,
    9.020133977988));
#8938 = CARTESIAN_POINT('',(217.32345282935,-15.24866289826,
    8.980291900902));
#8939 = CARTESIAN_POINT('',(217.97100926133,-15.25512462061,
    8.960291414635));
#8940 = CARTESIAN_POINT('',(219.26230834718,-15.25522617689,
    8.959977075065));
#8941 = CARTESIAN_POINT('',(219.90605546262,-15.24894145361,
    8.97942970936));
#8942 = CARTESIAN_POINT('',(220.54879636021,-15.23632151918,
    9.018491249249));
#8943 = CARTESIAN_POINT('',(221.18953202414,-15.21739753668,
    9.07706523799));
#8944 = CARTESIAN_POINT('',(222.4801379421,-15.16646951472,
    9.234698938292));
#8945 = CARTESIAN_POINT('',(223.12986956132,-15.13416589668,
    9.334685913008));
#8946 = CARTESIAN_POINT('',(223.77541933459,-15.09538721657,
    9.454714663442));
#8947 = CARTESIAN_POINT('',(224.41578226916,-15.05023181304,
    9.594480809335));
#8948 = CARTESIAN_POINT('',(225.05,-14.99882572126,9.753594243408));
#8949 = ORIENTED_EDGE('',*,*,#8902,.T.);
#8950 = ORIENTED_EDGE('',*,*,#8871,.F.);
#8951 = SURFACE_OF_LINEAR_EXTRUSION('',#8952,#8957);
#8952 = CIRCLE('',#8953,26.200390625);
#8953 = AXIS2_PLACEMENT_3D('',#8954,#8955,#8956);
#8954 = CARTESIAN_POINT('',(218.625,-2.734405517578,34.893414426909));
#8955 = DIRECTION('',(0.,0.996943571309,7.8125E-02));
#8956 = DIRECTION('',(-1.,0.,0.));
#8957 = VECTOR('',#8958,1.);
#8958 = DIRECTION('',(0.,0.999917594475,-1.283761114653E-02));
#8959 = ADVANCED_FACE('',(#8960),#8978,.F.);
#8960 = FACE_BOUND('',#8961,.F.);
#8961 = EDGE_LOOP('',(#8962,#8970,#8976,#8977));
#8962 = ORIENTED_EDGE('',*,*,#8963,.F.);
#8963 = EDGE_CURVE('',#8964,#8856,#8966,.T.);
#8964 = VERTEX_POINT('',#8965);
#8965 = CARTESIAN_POINT('',(227.7,-18.15,6.008527009271E-13));
#8966 = LINE('',#8967,#8968);
#8967 = CARTESIAN_POINT('',(227.7,-18.15,0.));
#8968 = VECTOR('',#8969,1.);
#8969 = DIRECTION('',(0.,1.,0.));
#8970 = ORIENTED_EDGE('',*,*,#8971,.T.);
#8971 = EDGE_CURVE('',#8964,#8920,#8972,.T.);
#8972 = LINE('',#8973,#8974);
#8973 = CARTESIAN_POINT('',(227.7,-18.15,1.201705401854E-12));
#8974 = VECTOR('',#8975,1.);
#8975 = DIRECTION('',(-0.250306499006,0.297645057158,0.921278501054));
#8976 = ORIENTED_EDGE('',*,*,#8919,.T.);
#8977 = ORIENTED_EDGE('',*,*,#8863,.F.);
#8978 = B_SPLINE_SURFACE_WITH_KNOTS('',1,1,(
    (#8979,#8980)
    ,(#8981,#8982
    )),.UNSPECIFIED.,.F.,.F.,.F.,(2,2),(2,2),(0.,12.652780424426),(0.,1.
    ),.PIECEWISE_BEZIER_KNOTS.);
#8979 = CARTESIAN_POINT('',(227.7,-18.15,1.201705401854E-12));
#8980 = CARTESIAN_POINT('',(227.7,0.,0.));
#8981 = CARTESIAN_POINT('',(224.53292682927,-14.38396244736,
    11.656734583586));
#8982 = CARTESIAN_POINT('',(224.49791666666,-0.90625,11.564545427188));
#8983 = ADVANCED_FACE('',(#8984),#8995,.F.);
#8984 = FACE_BOUND('',#8985,.F.);
#8985 = EDGE_LOOP('',(#8986,#8992,#8993,#8994));
#8986 = ORIENTED_EDGE('',*,*,#8987,.T.);
#8987 = EDGE_CURVE('',#8887,#8964,#8988,.T.);
#8988 = LINE('',#8989,#8990);
#8989 = CARTESIAN_POINT('',(209.55,-18.15,0.));
#8990 = VECTOR('',#8991,1.);
#8991 = DIRECTION('',(1.,0.,0.));
#8992 = ORIENTED_EDGE('',*,*,#8963,.T.);
#8993 = ORIENTED_EDGE('',*,*,#8855,.F.);
#8994 = ORIENTED_EDGE('',*,*,#8886,.F.);
#8995 = PLANE('',#8996);
#8996 = AXIS2_PLACEMENT_3D('',#8997,#8998,#8999);
#8997 = CARTESIAN_POINT('',(209.55,-18.15,0.));
#8998 = DIRECTION('',(0.,0.,1.));
#8999 = DIRECTION('',(0.,1.,0.));
#9000 = ADVANCED_FACE('',(#9001),#9007,.F.);
#9001 = FACE_BOUND('',#9002,.F.);
#9002 = EDGE_LOOP('',(#9003,#9004,#9005,#9006));
#9003 = ORIENTED_EDGE('',*,*,#8987,.F.);
#9004 = ORIENTED_EDGE('',*,*,#8894,.T.);
#9005 = ORIENTED_EDGE('',*,*,#8929,.T.);
#9006 = ORIENTED_EDGE('',*,*,#8971,.F.);
#9007 = PLANE('',#9008);
#9008 = AXIS2_PLACEMENT_3D('',#9009,#9010,#9011);
#9009 = CARTESIAN_POINT('',(209.55,-14.99882572126,9.753594243408));
#9010 = DIRECTION('',(0.,0.951570170089,-0.30743163695));
#9011 = DIRECTION('',(0.,-0.30743163695,-0.951570170089));
#9012 = ( GEOMETRIC_REPRESENTATION_CONTEXT(3) 
GLOBAL_UNCERTAINTY_ASSIGNED_CONTEXT((#9016)) 
GLOBAL_UNIT_ASSIGNED_CONTEXT((#9013,#9014,#9015)) REPRESENTATION_CONTEXT
('Context #1','3D Context with UNIT and UNCERTAINTY') );
#9013 = ( LENGTH_UNIT() NAMED_UNIT(*) SI_UNIT(.MILLI.,.METRE.) );
#9014 = ( NAMED_UNIT(*) PLANE_ANGLE_UNIT() SI_UNIT($,.RADIAN.) );
#9015 = ( NAMED_UNIT(*) SI_UNIT($,.STERADIAN.) SOLID_ANGLE_UNIT() );
#9016 = UNCERTAINTY_MEASURE_WITH_UNIT(LENGTH_MEASURE(5.E-05),#9013,
  'distance_accuracy_value','confusion accuracy');
#9017 = CONTEXT_DEPENDENT_SHAPE_REPRESENTATION(#9018,#9020);
#9018 = ( REPRESENTATION_RELATIONSHIP('','',#6935,#10) 
REPRESENTATION_RELATIONSHIP_WITH_TRANSFORMATION(#9019) 
SHAPE_REPRESENTATION_RELATIONSHIP() );
#9019 = ITEM_DEFINED_TRANSFORMATION('','',#11,#51);
#9020 = PRODUCT_DEFINITION_SHAPE('Placement','Placement of an item',
  #9021);
#9021 = NEXT_ASSEMBLY_USAGE_OCCURRENCE('10','1UR3','',#5,#6930,$);
#9022 = PRODUCT_RELATED_PRODUCT_CATEGORY('part',$,(#6932));
#9023 = SHAPE_DEFINITION_REPRESENTATION(#9024,#9030);
#9024 = PRODUCT_DEFINITION_SHAPE('','',#9025);
#9025 = PRODUCT_DEFINITION('design','',#9026,#9029);
#9026 = PRODUCT_DEFINITION_FORMATION('','',#9027);
#9027 = PRODUCT('OEM019','OEM019','',(#9028));
#9028 = PRODUCT_CONTEXT('',#2,'mechanical');
#9029 = PRODUCT_DEFINITION_CONTEXT('part definition',#2,'design');
#9030 = ADVANCED_BREP_SHAPE_REPRESENTATION('',(#11,#9031),#9200);
#9031 = MANIFOLD_SOLID_BREP('',#9032);
#9032 = CLOSED_SHELL('',(#9033,#9074,#9107,#9147,#9171,#9188));
#9033 = ADVANCED_FACE('',(#9034),#9069,.F.);
#9034 = FACE_BOUND('',#9035,.F.);
#9035 = EDGE_LOOP('',(#9036,#9046,#9054,#9062));
#9036 = ORIENTED_EDGE('',*,*,#9037,.F.);
#9037 = EDGE_CURVE('',#9038,#9040,#9042,.T.);
#9038 = VERTEX_POINT('',#9039);
#9039 = CARTESIAN_POINT('',(0.,0.,0.));
#9040 = VERTEX_POINT('',#9041);
#9041 = CARTESIAN_POINT('',(2.65,-0.75,9.57065828457));
#9042 = LINE('',#9043,#9044);
#9043 = CARTESIAN_POINT('',(0.,0.,0.));
#9044 = VECTOR('',#9045,1.);
#9045 = DIRECTION('',(0.266089874363,-7.530845500845E-02,0.9610019851));
#9046 = ORIENTED_EDGE('',*,*,#9047,.T.);
#9047 = EDGE_CURVE('',#9038,#9048,#9050,.T.);
#9048 = VERTEX_POINT('',#9049);
#9049 = CARTESIAN_POINT('',(27.675,0.,0.));
#9050 = LINE('',#9051,#9052);
#9051 = CARTESIAN_POINT('',(0.,0.,0.));
#9052 = VECTOR('',#9053,1.);
#9053 = DIRECTION('',(1.,0.,0.));
#9054 = ORIENTED_EDGE('',*,*,#9055,.T.);
#9055 = EDGE_CURVE('',#9048,#9056,#9058,.T.);
#9056 = VERTEX_POINT('',#9057);
#9057 = CARTESIAN_POINT('',(25.025,-0.75,9.57065828457));
#9058 = LINE('',#9059,#9060);
#9059 = CARTESIAN_POINT('',(27.675,0.,0.));
#9060 = VECTOR('',#9061,1.);
#9061 = DIRECTION('',(-0.266089874363,-7.530845500845E-02,0.9610019851)
  );
#9062 = ORIENTED_EDGE('',*,*,#9063,.T.);
#9063 = EDGE_CURVE('',#9056,#9040,#9064,.T.);
#9064 = CIRCLE('',#9065,78.625097656249);
#9065 = AXIS2_PLACEMENT_3D('',#9066,#9067,#9068);
#9066 = CARTESIAN_POINT('',(13.8375,-6.830085754394,87.157889079488));
#9067 = DIRECTION('',(0.,0.996943571309,7.8125E-02));
#9068 = DIRECTION('',(-1.,0.,0.));
#9069 = PLANE('',#9070);
#9070 = AXIS2_PLACEMENT_3D('',#9071,#9072,#9073);
#9071 = CARTESIAN_POINT('',(0.,0.,0.));
#9072 = DIRECTION('',(0.,-0.996943571309,-7.8125E-02));
#9073 = DIRECTION('',(0.,-7.8125E-02,0.996943571309));
#9074 = ADVANCED_FACE('',(#9075),#9102,.T.);
#9075 = FACE_BOUND('',#9076,.T.);
#9076 = EDGE_LOOP('',(#9077,#9085,#9093,#9101));
#9077 = ORIENTED_EDGE('',*,*,#9078,.F.);
#9078 = EDGE_CURVE('',#9079,#9038,#9081,.T.);
#9079 = VERTEX_POINT('',#9080);
#9080 = CARTESIAN_POINT('',(0.,-18.15,6.008527009271E-13));
#9081 = LINE('',#9082,#9083);
#9082 = CARTESIAN_POINT('',(0.,-18.15,0.));
#9083 = VECTOR('',#9084,1.);
#9084 = DIRECTION('',(0.,1.,0.));
#9085 = ORIENTED_EDGE('',*,*,#9086,.T.);
#9086 = EDGE_CURVE('',#9079,#9087,#9089,.T.);
#9087 = VERTEX_POINT('',#9088);
#9088 = CARTESIAN_POINT('',(2.65,-14.99882572126,9.753594243408));
#9089 = LINE('',#9090,#9091);
#9090 = CARTESIAN_POINT('',(0.,-18.15,1.201705401854E-12));
#9091 = VECTOR('',#9092,1.);
#9092 = DIRECTION('',(0.250306499006,0.297645057158,0.921278501054));
#9093 = ORIENTED_EDGE('',*,*,#9094,.T.);
#9094 = EDGE_CURVE('',#9087,#9040,#9095,.T.);
#9095 = B_SPLINE_CURVE_WITH_KNOTS('',4,(#9096,#9097,#9098,#9099,#9100),
  .UNSPECIFIED.,.F.,.F.,(5,5),(0.,1.),.PIECEWISE_BEZIER_KNOTS.);
#9096 = CARTESIAN_POINT('',(2.65,-14.99882572126,9.753594243408));
#9097 = CARTESIAN_POINT('',(2.650174759667,-11.43666896759,9.70786089148
    ));
#9098 = CARTESIAN_POINT('',(2.650233845071,-7.874479250389,
    9.662127116345));
#9099 = CARTESIAN_POINT('',(2.650176011589,-4.312256337335,
    9.616392915019));
#9100 = CARTESIAN_POINT('',(2.65,-0.75,9.57065828457));
#9101 = ORIENTED_EDGE('',*,*,#9037,.F.);
#9102 = B_SPLINE_SURFACE_WITH_KNOTS('',1,1,(
    (#9103,#9104)
    ,(#9105,#9106
    )),.UNSPECIFIED.,.F.,.F.,.F.,(2,2),(2,2),(0.,12.652780424427),(0.,1.
    ),.PIECEWISE_BEZIER_KNOTS.);
#9103 = CARTESIAN_POINT('',(0.,-18.15,1.201705401854E-12));
#9104 = CARTESIAN_POINT('',(0.,0.,0.));
#9105 = CARTESIAN_POINT('',(3.167073170732,-14.38396244736,
    11.656734583586));
#9106 = CARTESIAN_POINT('',(3.202083333333,-0.90625,11.564545427188));
#9107 = ADVANCED_FACE('',(#9108),#9139,.F.);
#9108 = FACE_BOUND('',#9109,.F.);
#9109 = EDGE_LOOP('',(#9110,#9111,#9121,#9138));
#9110 = ORIENTED_EDGE('',*,*,#9063,.F.);
#9111 = ORIENTED_EDGE('',*,*,#9112,.F.);
#9112 = EDGE_CURVE('',#9113,#9056,#9115,.T.);
#9113 = VERTEX_POINT('',#9114);
#9114 = CARTESIAN_POINT('',(25.025,-14.99882572126,9.753594243408));
#9115 = B_SPLINE_CURVE_WITH_KNOTS('',4,(#9116,#9117,#9118,#9119,#9120),
  .UNSPECIFIED.,.F.,.F.,(5,5),(0.,1.),.PIECEWISE_BEZIER_KNOTS.);
#9116 = CARTESIAN_POINT('',(25.025,-14.99882572126,9.753594243408));
#9117 = CARTESIAN_POINT('',(25.024825240333,-11.43666896759,
    9.70786089148));
#9118 = CARTESIAN_POINT('',(25.024766154929,-7.874479250389,
    9.662127116345));
#9119 = CARTESIAN_POINT('',(25.024823988411,-4.312256337335,
    9.616392915019));
#9120 = CARTESIAN_POINT('',(25.025,-0.75,9.57065828457));
#9121 = ORIENTED_EDGE('',*,*,#9122,.F.);
#9122 = EDGE_CURVE('',#9087,#9113,#9123,.T.);
#9123 = B_SPLINE_CURVE_WITH_KNOTS('',4,(#9124,#9125,#9126,#9127,#9128,
    #9129,#9130,#9131,#9132,#9133,#9134,#9135,#9136,#9137),
  .UNSPECIFIED.,.F.,.F.,(5,3,3,3,5),(0.,0.251468978164,0.501267468922,
    0.751026899751,1.),.UNSPECIFIED.);
#9124 = CARTESIAN_POINT('',(2.65,-14.99882572126,9.753594243408));
#9125 = CARTESIAN_POINT('',(4.044783569533,-15.06307432118,
    9.554730353653));
#9126 = CARTESIAN_POINT('',(5.445504662465,-15.11669564149,
    9.388760288285));
#9127 = CARTESIAN_POINT('',(6.85070893573,-15.15958215121,9.25601687984)
  );
#9128 = CARTESIAN_POINT('',(9.65772643018,-15.22356284287,9.057982226508
    ));
#9129 = CARTESIAN_POINT('',(11.059501681067,-15.24479998531,
    8.992248486677));
#9130 = CARTESIAN_POINT('',(12.46274865813,-15.25533702182,
    8.959633985047));
#9131 = CARTESIAN_POINT('',(15.268991522238,-15.25501130178,
    8.96064216193));
#9132 = CARTESIAN_POINT('',(16.671988963194,-15.24415189073,
    8.994254485391));
#9133 = CARTESIAN_POINT('',(18.073485258866,-15.22259626958,
    9.060973988592));
#9134 = CARTESIAN_POINT('',(20.866130507299,-15.15830200938,
    9.25997920718));
#9135 = CARTESIAN_POINT('',(22.257299625993,-15.11563018882,
    9.39205810429));
#9136 = CARTESIAN_POINT('',(23.644059924517,-15.06243664152,
    9.556704115844));
#9137 = CARTESIAN_POINT('',(25.025,-14.99882572126,9.753594243408));
#9138 = ORIENTED_EDGE('',*,*,#9094,.T.);
#9139 = SURFACE_OF_LINEAR_EXTRUSION('',#9140,#9145);
#9140 = CIRCLE('',#9141,78.625097656249);
#9141 = AXIS2_PLACEMENT_3D('',#9142,#9143,#9144);
#9142 = CARTESIAN_POINT('',(13.8375,-6.830085754394,87.157889079488));
#9143 = DIRECTION('',(0.,0.996943571309,7.8125E-02));
#9144 = DIRECTION('',(-1.,0.,0.));
#9145 = VECTOR('',#9146,1.);
#9146 = DIRECTION('',(0.,0.999917594475,-1.283761114653E-02));
#9147 = ADVANCED_FACE('',(#9148),#9166,.F.);
#9148 = FACE_BOUND('',#9149,.F.);
#9149 = EDGE_LOOP('',(#9150,#9158,#9164,#9165));
#9150 = ORIENTED_EDGE('',*,*,#9151,.F.);
#9151 = EDGE_CURVE('',#9152,#9048,#9154,.T.);
#9152 = VERTEX_POINT('',#9153);
#9153 = CARTESIAN_POINT('',(27.675,-18.15,6.008527009271E-13));
#9154 = LINE('',#9155,#9156);
#9155 = CARTESIAN_POINT('',(27.675,-18.15,0.));
#9156 = VECTOR('',#9157,1.);
#9157 = DIRECTION('',(0.,1.,0.));
#9158 = ORIENTED_EDGE('',*,*,#9159,.T.);
#9159 = EDGE_CURVE('',#9152,#9113,#9160,.T.);
#9160 = LINE('',#9161,#9162);
#9161 = CARTESIAN_POINT('',(27.675,-18.15,1.201705401854E-12));
#9162 = VECTOR('',#9163,1.);
#9163 = DIRECTION('',(-0.250306499006,0.297645057158,0.921278501054));
#9164 = ORIENTED_EDGE('',*,*,#9112,.T.);
#9165 = ORIENTED_EDGE('',*,*,#9055,.F.);
#9166 = B_SPLINE_SURFACE_WITH_KNOTS('',1,1,(
    (#9167,#9168)
    ,(#9169,#9170
    )),.UNSPECIFIED.,.F.,.F.,.F.,(2,2),(2,2),(0.,12.652780424427),(0.,1.
    ),.PIECEWISE_BEZIER_KNOTS.);
#9167 = CARTESIAN_POINT('',(27.675,-18.15,1.201705401854E-12));
#9168 = CARTESIAN_POINT('',(27.675,0.,0.));
#9169 = CARTESIAN_POINT('',(24.507926829268,-14.38396244736,
    11.656734583586));
#9170 = CARTESIAN_POINT('',(24.472916666667,-0.90625,11.564545427188));
#9171 = ADVANCED_FACE('',(#9172),#9183,.F.);
#9172 = FACE_BOUND('',#9173,.F.);
#9173 = EDGE_LOOP('',(#9174,#9180,#9181,#9182));
#9174 = ORIENTED_EDGE('',*,*,#9175,.T.);
#9175 = EDGE_CURVE('',#9079,#9152,#9176,.T.);
#9176 = LINE('',#9177,#9178);
#9177 = CARTESIAN_POINT('',(0.,-18.15,0.));
#9178 = VECTOR('',#9179,1.);
#9179 = DIRECTION('',(1.,0.,0.));
#9180 = ORIENTED_EDGE('',*,*,#9151,.T.);
#9181 = ORIENTED_EDGE('',*,*,#9047,.F.);
#9182 = ORIENTED_EDGE('',*,*,#9078,.F.);
#9183 = PLANE('',#9184);
#9184 = AXIS2_PLACEMENT_3D('',#9185,#9186,#9187);
#9185 = CARTESIAN_POINT('',(0.,-18.15,0.));
#9186 = DIRECTION('',(0.,0.,1.));
#9187 = DIRECTION('',(0.,1.,0.));
#9188 = ADVANCED_FACE('',(#9189),#9195,.F.);
#9189 = FACE_BOUND('',#9190,.F.);
#9190 = EDGE_LOOP('',(#9191,#9192,#9193,#9194));
#9191 = ORIENTED_EDGE('',*,*,#9175,.F.);
#9192 = ORIENTED_EDGE('',*,*,#9086,.T.);
#9193 = ORIENTED_EDGE('',*,*,#9122,.T.);
#9194 = ORIENTED_EDGE('',*,*,#9159,.F.);
#9195 = PLANE('',#9196);
#9196 = AXIS2_PLACEMENT_3D('',#9197,#9198,#9199);
#9197 = CARTESIAN_POINT('',(0.,-14.99882572126,9.753594243408));
#9198 = DIRECTION('',(0.,0.951570170089,-0.30743163695));
#9199 = DIRECTION('',(0.,-0.30743163695,-0.951570170089));
#9200 = ( GEOMETRIC_REPRESENTATION_CONTEXT(3) 
GLOBAL_UNCERTAINTY_ASSIGNED_CONTEXT((#9204)) 
GLOBAL_UNIT_ASSIGNED_CONTEXT((#9201,#9202,#9203)) REPRESENTATION_CONTEXT
('Context #1','3D Context with UNIT and UNCERTAINTY') );
#9201 = ( LENGTH_UNIT() NAMED_UNIT(*) SI_UNIT(.MILLI.,.METRE.) );
#9202 = ( NAMED_UNIT(*) PLANE_ANGLE_UNIT() SI_UNIT($,.RADIAN.) );
#9203 = ( NAMED_UNIT(*) SI_UNIT($,.STERADIAN.) SOLID_ANGLE_UNIT() );
#9204 = UNCERTAINTY_MEASURE_WITH_UNIT(LENGTH_MEASURE(1.E-05),#9201,
  'distance_accuracy_value','confusion accuracy');
#9205 = CONTEXT_DEPENDENT_SHAPE_REPRESENTATION(#9206,#9208);
#9206 = ( REPRESENTATION_RELATIONSHIP('','',#9030,#10) 
REPRESENTATION_RELATIONSHIP_WITH_TRANSFORMATION(#9207) 
SHAPE_REPRESENTATION_RELATIONSHIP() );
#9207 = ITEM_DEFINED_TRANSFORMATION('','',#11,#55);
#9208 = PRODUCT_DEFINITION_SHAPE('Placement','Placement of an item',
  #9209);
#9209 = NEXT_ASSEMBLY_USAGE_OCCURRENCE('11','Tab','',#5,#9025,$);
#9210 = PRODUCT_RELATED_PRODUCT_CATEGORY('part',$,(#9027));
#9211 = SHAPE_DEFINITION_REPRESENTATION(#9212,#9218);
#9212 = PRODUCT_DEFINITION_SHAPE('','',#9213);
#9213 = PRODUCT_DEFINITION('design','',#9214,#9217);
#9214 = PRODUCT_DEFINITION_FORMATION('','',#9215);
#9215 = PRODUCT('OEM021','OEM021','',(#9216));
#9216 = PRODUCT_CONTEXT('',#2,'mechanical');
#9217 = PRODUCT_DEFINITION_CONTEXT('part definition',#2,'design');
#9218 = ADVANCED_BREP_SHAPE_REPRESENTATION('',(#11,#9219),#9388);
#9219 = MANIFOLD_SOLID_BREP('',#9220);
#9220 = CLOSED_SHELL('',(#9221,#9262,#9295,#9335,#9359,#9376));
#9221 = ADVANCED_FACE('',(#9222),#9257,.F.);
#9222 = FACE_BOUND('',#9223,.F.);
#9223 = EDGE_LOOP('',(#9224,#9234,#9242,#9250));
#9224 = ORIENTED_EDGE('',*,*,#9225,.F.);
#9225 = EDGE_CURVE('',#9226,#9228,#9230,.T.);
#9226 = VERTEX_POINT('',#9227);
#9227 = CARTESIAN_POINT('',(0.,0.,0.));
#9228 = VERTEX_POINT('',#9229);
#9229 = CARTESIAN_POINT('',(2.65,-0.75,9.57065828457));
#9230 = LINE('',#9231,#9232);
#9231 = CARTESIAN_POINT('',(0.,0.,0.));
#9232 = VECTOR('',#9233,1.);
#9233 = DIRECTION('',(0.266089874363,-7.530845500845E-02,0.9610019851));
#9234 = ORIENTED_EDGE('',*,*,#9235,.T.);
#9235 = EDGE_CURVE('',#9226,#9236,#9238,.T.);
#9236 = VERTEX_POINT('',#9237);
#9237 = CARTESIAN_POINT('',(27.675,0.,0.));
#9238 = LINE('',#9239,#9240);
#9239 = CARTESIAN_POINT('',(0.,0.,0.));
#9240 = VECTOR('',#9241,1.);
#9241 = DIRECTION('',(1.,0.,0.));
#9242 = ORIENTED_EDGE('',*,*,#9243,.T.);
#9243 = EDGE_CURVE('',#9236,#9244,#9246,.T.);
#9244 = VERTEX_POINT('',#9245);
#9245 = CARTESIAN_POINT('',(25.025,-0.75,9.57065828457));
#9246 = LINE('',#9247,#9248);
#9247 = CARTESIAN_POINT('',(27.675,0.,0.));
#9248 = VECTOR('',#9249,1.);
#9249 = DIRECTION('',(-0.266089874363,-7.530845500845E-02,0.9610019851)
  );
#9250 = ORIENTED_EDGE('',*,*,#9251,.T.);
#9251 = EDGE_CURVE('',#9244,#9228,#9252,.T.);
#9252 = CIRCLE('',#9253,78.62509765625);
#9253 = AXIS2_PLACEMENT_3D('',#9254,#9255,#9256);
#9254 = CARTESIAN_POINT('',(13.8375,-6.830085754395,87.157889079489));
#9255 = DIRECTION('',(0.,0.996943571309,7.8125E-02));
#9256 = DIRECTION('',(-1.,0.,0.));
#9257 = PLANE('',#9258);
#9258 = AXIS2_PLACEMENT_3D('',#9259,#9260,#9261);
#9259 = CARTESIAN_POINT('',(0.,0.,0.));
#9260 = DIRECTION('',(0.,-0.996943571309,-7.8125E-02));
#9261 = DIRECTION('',(0.,-7.8125E-02,0.996943571309));
#9262 = ADVANCED_FACE('',(#9263),#9290,.T.);
#9263 = FACE_BOUND('',#9264,.T.);
#9264 = EDGE_LOOP('',(#9265,#9273,#9281,#9289));
#9265 = ORIENTED_EDGE('',*,*,#9266,.F.);
#9266 = EDGE_CURVE('',#9267,#9226,#9269,.T.);
#9267 = VERTEX_POINT('',#9268);
#9268 = CARTESIAN_POINT('',(-6.203854594148E-25,-18.15,
    6.008527009271E-13));
#9269 = LINE('',#9270,#9271);
#9270 = CARTESIAN_POINT('',(0.,-18.15,0.));
#9271 = VECTOR('',#9272,1.);
#9272 = DIRECTION('',(0.,1.,0.));
#9273 = ORIENTED_EDGE('',*,*,#9274,.T.);
#9274 = EDGE_CURVE('',#9267,#9275,#9277,.T.);
#9275 = VERTEX_POINT('',#9276);
#9276 = CARTESIAN_POINT('',(2.65,-14.99882572126,9.753594243408));
#9277 = LINE('',#9278,#9279);
#9278 = CARTESIAN_POINT('',(-1.24077091883E-24,-18.15,1.201705401854E-12
    ));
#9279 = VECTOR('',#9280,1.);
#9280 = DIRECTION('',(0.250306499006,0.297645057158,0.921278501054));
#9281 = ORIENTED_EDGE('',*,*,#9282,.T.);
#9282 = EDGE_CURVE('',#9275,#9228,#9283,.T.);
#9283 = B_SPLINE_CURVE_WITH_KNOTS('',4,(#9284,#9285,#9286,#9287,#9288),
  .UNSPECIFIED.,.F.,.F.,(5,5),(0.,1.),.PIECEWISE_BEZIER_KNOTS.);
#9284 = CARTESIAN_POINT('',(2.65,-14.99882572126,9.753594243408));
#9285 = CARTESIAN_POINT('',(2.650174759667,-11.43666896759,9.70786089148
    ));
#9286 = CARTESIAN_POINT('',(2.650233845071,-7.874479250389,
    9.662127116345));
#9287 = CARTESIAN_POINT('',(2.650176011589,-4.312256337335,
    9.616392915019));
#9288 = CARTESIAN_POINT('',(2.65,-0.75,9.57065828457));
#9289 = ORIENTED_EDGE('',*,*,#9225,.F.);
#9290 = B_SPLINE_SURFACE_WITH_KNOTS('',1,1,(
    (#9291,#9292)
    ,(#9293,#9294
    )),.UNSPECIFIED.,.F.,.F.,.F.,(2,2),(2,2),(0.,12.652780424427),(0.,1.
    ),.PIECEWISE_BEZIER_KNOTS.);
#9291 = CARTESIAN_POINT('',(-1.24077091883E-24,-18.15,1.201705401854E-12
    ));
#9292 = CARTESIAN_POINT('',(0.,0.,0.));
#9293 = CARTESIAN_POINT('',(3.167073170732,-14.38396244736,
    11.656734583586));
#9294 = CARTESIAN_POINT('',(3.202083333333,-0.90625,11.564545427188));
#9295 = ADVANCED_FACE('',(#9296),#9327,.F.);
#9296 = FACE_BOUND('',#9297,.F.);
#9297 = EDGE_LOOP('',(#9298,#9299,#9309,#9326));
#9298 = ORIENTED_EDGE('',*,*,#9251,.F.);
#9299 = ORIENTED_EDGE('',*,*,#9300,.F.);
#9300 = EDGE_CURVE('',#9301,#9244,#9303,.T.);
#9301 = VERTEX_POINT('',#9302);
#9302 = CARTESIAN_POINT('',(25.025,-14.99882572126,9.753594243408));
#9303 = B_SPLINE_CURVE_WITH_KNOTS('',4,(#9304,#9305,#9306,#9307,#9308),
  .UNSPECIFIED.,.F.,.F.,(5,5),(0.,1.),.PIECEWISE_BEZIER_KNOTS.);
#9304 = CARTESIAN_POINT('',(25.025,-14.99882572126,9.753594243408));
#9305 = CARTESIAN_POINT('',(25.024825240333,-11.43666896759,
    9.70786089148));
#9306 = CARTESIAN_POINT('',(25.024766154929,-7.874479250389,
    9.662127116345));
#9307 = CARTESIAN_POINT('',(25.024823988411,-4.312256337335,
    9.616392915019));
#9308 = CARTESIAN_POINT('',(25.025,-0.75,9.57065828457));
#9309 = ORIENTED_EDGE('',*,*,#9310,.F.);
#9310 = EDGE_CURVE('',#9275,#9301,#9311,.T.);
#9311 = B_SPLINE_CURVE_WITH_KNOTS('',4,(#9312,#9313,#9314,#9315,#9316,
    #9317,#9318,#9319,#9320,#9321,#9322,#9323,#9324,#9325),
  .UNSPECIFIED.,.F.,.F.,(5,3,3,3,5),(0.,0.251468978164,0.501267468922,
    0.751026899753,1.),.UNSPECIFIED.);
#9312 = CARTESIAN_POINT('',(2.65,-14.99882572126,9.753594243408));
#9313 = CARTESIAN_POINT('',(4.044783569533,-15.06307432118,
    9.554730353653));
#9314 = CARTESIAN_POINT('',(5.445504662464,-15.11669564149,
    9.388760288285));
#9315 = CARTESIAN_POINT('',(6.85070893573,-15.15958215121,9.25601687984)
  );
#9316 = CARTESIAN_POINT('',(9.65772643018,-15.22356284287,9.057982226508
    ));
#9317 = CARTESIAN_POINT('',(11.059501681067,-15.24479998531,
    8.992248486677));
#9318 = CARTESIAN_POINT('',(12.46274865813,-15.25533702182,
    8.959633985047));
#9319 = CARTESIAN_POINT('',(15.268991522253,-15.25501130178,
    8.96064216193));
#9320 = CARTESIAN_POINT('',(16.671988963222,-15.24415189073,
    8.994254485392));
#9321 = CARTESIAN_POINT('',(18.073485258909,-15.22259626958,
    9.060973988594));
#9322 = CARTESIAN_POINT('',(20.866130507341,-15.15830200938,
    9.259979207184));
#9323 = CARTESIAN_POINT('',(22.257299626021,-15.11563018882,
    9.392058104293));
#9324 = CARTESIAN_POINT('',(23.644059924532,-15.06243664152,
    9.556704115846));
#9325 = CARTESIAN_POINT('',(25.025,-14.99882572126,9.753594243408));
#9326 = ORIENTED_EDGE('',*,*,#9282,.T.);
#9327 = SURFACE_OF_LINEAR_EXTRUSION('',#9328,#9333);
#9328 = CIRCLE('',#9329,78.62509765625);
#9329 = AXIS2_PLACEMENT_3D('',#9330,#9331,#9332);
#9330 = CARTESIAN_POINT('',(13.8375,-6.830085754395,87.157889079489));
#9331 = DIRECTION('',(0.,0.996943571309,7.8125E-02));
#9332 = DIRECTION('',(-1.,0.,0.));
#9333 = VECTOR('',#9334,1.);
#9334 = DIRECTION('',(0.,0.999917594475,-1.283761114653E-02));
#9335 = ADVANCED_FACE('',(#9336),#9354,.F.);
#9336 = FACE_BOUND('',#9337,.F.);
#9337 = EDGE_LOOP('',(#9338,#9346,#9352,#9353));
#9338 = ORIENTED_EDGE('',*,*,#9339,.F.);
#9339 = EDGE_CURVE('',#9340,#9236,#9342,.T.);
#9340 = VERTEX_POINT('',#9341);
#9341 = CARTESIAN_POINT('',(27.675,-18.15,6.008527009271E-13));
#9342 = LINE('',#9343,#9344);
#9343 = CARTESIAN_POINT('',(27.675,-18.15,0.));
#9344 = VECTOR('',#9345,1.);
#9345 = DIRECTION('',(0.,1.,0.));
#9346 = ORIENTED_EDGE('',*,*,#9347,.T.);
#9347 = EDGE_CURVE('',#9340,#9301,#9348,.T.);
#9348 = LINE('',#9349,#9350);
#9349 = CARTESIAN_POINT('',(27.675,-18.15,1.201705401854E-12));
#9350 = VECTOR('',#9351,1.);
#9351 = DIRECTION('',(-0.250306499006,0.297645057158,0.921278501054));
#9352 = ORIENTED_EDGE('',*,*,#9300,.T.);
#9353 = ORIENTED_EDGE('',*,*,#9243,.F.);
#9354 = B_SPLINE_SURFACE_WITH_KNOTS('',1,1,(
    (#9355,#9356)
    ,(#9357,#9358
    )),.UNSPECIFIED.,.F.,.F.,.F.,(2,2),(2,2),(0.,12.652780424427),(0.,1.
    ),.PIECEWISE_BEZIER_KNOTS.);
#9355 = CARTESIAN_POINT('',(27.675,-18.15,1.201705401854E-12));
#9356 = CARTESIAN_POINT('',(27.675,0.,0.));
#9357 = CARTESIAN_POINT('',(24.507926829268,-14.38396244736,
    11.656734583586));
#9358 = CARTESIAN_POINT('',(24.472916666667,-0.90625,11.564545427188));
#9359 = ADVANCED_FACE('',(#9360),#9371,.F.);
#9360 = FACE_BOUND('',#9361,.F.);
#9361 = EDGE_LOOP('',(#9362,#9368,#9369,#9370));
#9362 = ORIENTED_EDGE('',*,*,#9363,.T.);
#9363 = EDGE_CURVE('',#9267,#9340,#9364,.T.);
#9364 = LINE('',#9365,#9366);
#9365 = CARTESIAN_POINT('',(0.,-18.15,0.));
#9366 = VECTOR('',#9367,1.);
#9367 = DIRECTION('',(1.,0.,0.));
#9368 = ORIENTED_EDGE('',*,*,#9339,.T.);
#9369 = ORIENTED_EDGE('',*,*,#9235,.F.);
#9370 = ORIENTED_EDGE('',*,*,#9266,.F.);
#9371 = PLANE('',#9372);
#9372 = AXIS2_PLACEMENT_3D('',#9373,#9374,#9375);
#9373 = CARTESIAN_POINT('',(0.,-18.15,0.));
#9374 = DIRECTION('',(0.,0.,1.));
#9375 = DIRECTION('',(0.,1.,0.));
#9376 = ADVANCED_FACE('',(#9377),#9383,.F.);
#9377 = FACE_BOUND('',#9378,.F.);
#9378 = EDGE_LOOP('',(#9379,#9380,#9381,#9382));
#9379 = ORIENTED_EDGE('',*,*,#9363,.F.);
#9380 = ORIENTED_EDGE('',*,*,#9274,.T.);
#9381 = ORIENTED_EDGE('',*,*,#9310,.T.);
#9382 = ORIENTED_EDGE('',*,*,#9347,.F.);
#9383 = PLANE('',#9384);
#9384 = AXIS2_PLACEMENT_3D('',#9385,#9386,#9387);
#9385 = CARTESIAN_POINT('',(0.,-14.99882572126,9.753594243408));
#9386 = DIRECTION('',(0.,0.951570170089,-0.30743163695));
#9387 = DIRECTION('',(0.,-0.30743163695,-0.951570170089));
#9388 = ( GEOMETRIC_REPRESENTATION_CONTEXT(3) 
GLOBAL_UNCERTAINTY_ASSIGNED_CONTEXT((#9392)) 
GLOBAL_UNIT_ASSIGNED_CONTEXT((#9389,#9390,#9391)) REPRESENTATION_CONTEXT
('Context #1','3D Context with UNIT and UNCERTAINTY') );
#9389 = ( LENGTH_UNIT() NAMED_UNIT(*) SI_UNIT(.MILLI.,.METRE.) );
#9390 = ( NAMED_UNIT(*) PLANE_ANGLE_UNIT() SI_UNIT($,.RADIAN.) );
#9391 = ( NAMED_UNIT(*) SI_UNIT($,.STERADIAN.) SOLID_ANGLE_UNIT() );
#9392 = UNCERTAINTY_MEASURE_WITH_UNIT(LENGTH_MEASURE(1.E-05),#9389,
  'distance_accuracy_value','confusion accuracy');
#9393 = CONTEXT_DEPENDENT_SHAPE_REPRESENTATION(#9394,#9396);
#9394 = ( REPRESENTATION_RELATIONSHIP('','',#9218,#10) 
REPRESENTATION_RELATIONSHIP_WITH_TRANSFORMATION(#9395) 
SHAPE_REPRESENTATION_RELATIONSHIP() );
#9395 = ITEM_DEFINED_TRANSFORMATION('','',#11,#59);
#9396 = PRODUCT_DEFINITION_SHAPE('Placement','Placement of an item',
  #9397);
#9397 = NEXT_ASSEMBLY_USAGE_OCCURRENCE('12','Backslash','',#5,#9213,$);
#9398 = PRODUCT_RELATED_PRODUCT_CATEGORY('part',$,(#9215));
#9399 = SHAPE_DEFINITION_REPRESENTATION(#9400,#9406);
#9400 = PRODUCT_DEFINITION_SHAPE('','',#9401);
#9401 = PRODUCT_DEFINITION('design','',#9402,#9405);
#9402 = PRODUCT_DEFINITION_FORMATION('','',#9403);
#9403 = PRODUCT('OEM023','OEM023','',(#9404));
#9404 = PRODUCT_CONTEXT('',#2,'mechanical');
#9405 = PRODUCT_DEFINITION_CONTEXT('part definition',#2,'design');
#9406 = SHAPE_REPRESENTATION('',(#11,#9407,#9580,#9753,#9926,#10099,
    #10272,#10445,#10618,#10791,#10964,#11137,#11310,#11483),#11656);
#9407 = MANIFOLD_SOLID_BREP('',#9408);
#9408 = CLOSED_SHELL('',(#9409,#9450,#9483,#9527,#9551,#9568));
#9409 = ADVANCED_FACE('',(#9410),#9445,.F.);
#9410 = FACE_BOUND('',#9411,.F.);
#9411 = EDGE_LOOP('',(#9412,#9422,#9430,#9438));
#9412 = ORIENTED_EDGE('',*,*,#9413,.F.);
#9413 = EDGE_CURVE('',#9414,#9416,#9418,.T.);
#9414 = VERTEX_POINT('',#9415);
#9415 = CARTESIAN_POINT('',(0.,0.,0.));
#9416 = VERTEX_POINT('',#9417);
#9417 = CARTESIAN_POINT('',(2.65,-0.75,12.227019260637));
#9418 = LINE('',#9419,#9420);
#9419 = CARTESIAN_POINT('',(0.,0.,0.));
#9420 = VECTOR('',#9421,1.);
#9421 = DIRECTION('',(0.211435796324,-5.984031971433E-02,0.97555832228)
  );
#9422 = ORIENTED_EDGE('',*,*,#9423,.T.);
#9423 = EDGE_CURVE('',#9414,#9424,#9426,.T.);
#9424 = VERTEX_POINT('',#9425);
#9425 = CARTESIAN_POINT('',(18.15,0.,0.));
#9426 = LINE('',#9427,#9428);
#9427 = CARTESIAN_POINT('',(0.,0.,0.));
#9428 = VECTOR('',#9429,1.);
#9429 = DIRECTION('',(1.,0.,0.));
#9430 = ORIENTED_EDGE('',*,*,#9431,.T.);
#9431 = EDGE_CURVE('',#9424,#9432,#9434,.T.);
#9432 = VERTEX_POINT('',#9433);
#9433 = CARTESIAN_POINT('',(15.5,-0.75,12.227019260637));
#9434 = LINE('',#9435,#9436);
#9435 = CARTESIAN_POINT('',(18.15,0.,0.));
#9436 = VECTOR('',#9437,1.);
#9437 = DIRECTION('',(-0.211435796324,-5.984031971433E-02,0.97555832228)
  );
#9438 = ORIENTED_EDGE('',*,*,#9439,.T.);
#9439 = EDGE_CURVE('',#9432,#9416,#9440,.T.);
#9440 = CIRCLE('',#9441,26.200390625);
#9441 = AXIS2_PLACEMENT_3D('',#9442,#9443,#9444);
#9442 = CARTESIAN_POINT('',(9.075,-2.305125956633,37.579759293257));
#9443 = DIRECTION('',(0.,0.998124021277,6.122448979592E-02));
#9444 = DIRECTION('',(-1.,0.,0.));
#9445 = PLANE('',#9446);
#9446 = AXIS2_PLACEMENT_3D('',#9447,#9448,#9449);
#9447 = CARTESIAN_POINT('',(0.,0.,0.));
#9448 = DIRECTION('',(0.,-0.998124021277,-6.122448979592E-02));
#9449 = DIRECTION('',(0.,-6.122448979592E-02,0.998124021277));
#9450 = ADVANCED_FACE('',(#9451),#9478,.T.);
#9451 = FACE_BOUND('',#9452,.T.);
#9452 = EDGE_LOOP('',(#9453,#9461,#9469,#9477));
#9453 = ORIENTED_EDGE('',*,*,#9454,.F.);
#9454 = EDGE_CURVE('',#9455,#9414,#9457,.T.);
#9455 = VERTEX_POINT('',#9456);
#9456 = CARTESIAN_POINT('',(0.,-18.15,-4.373390538603E-12));
#9457 = LINE('',#9458,#9459);
#9458 = CARTESIAN_POINT('',(0.,-18.15,0.));
#9459 = VECTOR('',#9460,1.);
#9460 = DIRECTION('',(0.,1.,0.));
#9461 = ORIENTED_EDGE('',*,*,#9462,.T.);
#9462 = EDGE_CURVE('',#9455,#9463,#9465,.T.);
#9463 = VERTEX_POINT('',#9464);
#9464 = CARTESIAN_POINT('',(2.649999999999,-14.97987643419,
    11.469974567432));
#9465 = LINE('',#9466,#9467);
#9466 = CARTESIAN_POINT('',(0.,-18.15,-8.746781077207E-12));
#9467 = VECTOR('',#9468,1.);
#9468 = DIRECTION('',(0.217364683225,0.260027511195,0.940817882434));
#9469 = ORIENTED_EDGE('',*,*,#9470,.T.);
#9470 = EDGE_CURVE('',#9463,#9416,#9471,.T.);
#9471 = B_SPLINE_CURVE_WITH_KNOTS('',4,(#9472,#9473,#9474,#9475,#9476),
  .UNSPECIFIED.,.F.,.F.,(5,5),(0.,1.),.PIECEWISE_BEZIER_KNOTS.);
#9472 = CARTESIAN_POINT('',(2.649999999999,-14.97987643419,
    11.469974567432));
#9473 = CARTESIAN_POINT('',(2.650232422118,-11.42239004616,
    11.659236660021));
#9474 = CARTESIAN_POINT('',(2.650297783541,-7.864915922809,
    11.848498100115));
#9475 = CARTESIAN_POINT('',(2.65021551044,-4.307452887972,
    12.037758950288));
#9476 = CARTESIAN_POINT('',(2.65,-0.75,12.227019260637));
#9477 = ORIENTED_EDGE('',*,*,#9413,.F.);
#9478 = B_SPLINE_SURFACE_WITH_KNOTS('',1,1,(
    (#9479,#9480)
    ,(#9481,#9482
    )),.UNSPECIFIED.,.F.,.F.,.F.,(2,2),(2,2),(0.,14.579617618301),(0.,1.
    ),.PIECEWISE_BEZIER_KNOTS.);
#9479 = CARTESIAN_POINT('',(0.,-18.15,-8.746781077207E-12));
#9480 = CARTESIAN_POINT('',(0.,0.,0.));
#9481 = CARTESIAN_POINT('',(3.095378151257,-14.44708255759,
    13.397701385479));
#9482 = CARTESIAN_POINT('',(3.082653061224,-0.872448979592,
    14.223267303191));
#9483 = ADVANCED_FACE('',(#9484),#9519,.F.);
#9484 = FACE_BOUND('',#9485,.F.);
#9485 = EDGE_LOOP('',(#9486,#9496,#9517,#9518));
#9486 = ORIENTED_EDGE('',*,*,#9487,.F.);
#9487 = EDGE_CURVE('',#9488,#9432,#9490,.T.);
#9488 = VERTEX_POINT('',#9489);
#9489 = CARTESIAN_POINT('',(15.500000000001,-14.97987643419,
    11.469974567432));
#9490 = B_SPLINE_CURVE_WITH_KNOTS('',4,(#9491,#9492,#9493,#9494,#9495),
  .UNSPECIFIED.,.F.,.F.,(5,5),(0.,1.),.PIECEWISE_BEZIER_KNOTS.);
#9491 = CARTESIAN_POINT('',(15.500000000001,-14.97987643419,
    11.469974567432));
#9492 = CARTESIAN_POINT('',(15.499767577882,-11.42239004616,
    11.659236660021));
#9493 = CARTESIAN_POINT('',(15.499702216459,-7.864915922808,
    11.848498100115));
#9494 = CARTESIAN_POINT('',(15.49978448956,-4.307452887972,
    12.037758950288));
#9495 = CARTESIAN_POINT('',(15.5,-0.75,12.227019260637));
#9496 = ORIENTED_EDGE('',*,*,#9497,.F.);
#9497 = EDGE_CURVE('',#9463,#9488,#9498,.T.);
#9498 = B_SPLINE_CURVE_WITH_KNOTS('',5,(#9499,#9500,#9501,#9502,#9503,
    #9504,#9505,#9506,#9507,#9508,#9509,#9510,#9511,#9512,#9513,#9514,
    #9515,#9516),.UNSPECIFIED.,.F.,.F.,(6,4,4,4,6),(0.,0.250671141902,
    0.499441859262,0.748277535936,1.),.UNSPECIFIED.);
#9499 = CARTESIAN_POINT('',(2.65,-14.97987643419,11.469974567432));
#9500 = CARTESIAN_POINT('',(3.27813754429,-15.02450715808,
    11.308494026611));
#9501 = CARTESIAN_POINT('',(3.912230778749,-15.06375793385,
    11.166478931437));
#9502 = CARTESIAN_POINT('',(4.551356523253,-15.09752465079,
    11.044305969889));
#9503 = CARTESIAN_POINT('',(5.194549241267,-15.1257260264,
    10.942269234021));
#9504 = CARTESIAN_POINT('',(6.482148535799,-15.17071651939,
    10.779486995499));
#9505 = CARTESIAN_POINT('',(7.126513182414,-15.18759074155,
    10.718433571254));
#9506 = CARTESIAN_POINT('',(7.772904265215,-15.19887532751,
    10.677604275059));
#9507 = CARTESIAN_POINT('',(8.420318428545,-15.20454299954,
    10.657097801841));
#9508 = CARTESIAN_POINT('',(9.715325114495,-15.20464383474,
    10.65673296523));
#9509 = CARTESIAN_POINT('',(10.362921965203,-15.1990740647,
    10.676885214594));
#9510 = CARTESIAN_POINT('',(11.009508562178,-15.1878841991,
    10.717371798565));
#9511 = CARTESIAN_POINT('',(11.654080631816,-15.17110130263,
    10.778094792991));
#9512 = CARTESIAN_POINT('',(12.944660038423,-15.12619854927,
    10.940559576576));
#9513 = CARTESIAN_POINT('',(13.590601644652,-15.09794921869,
    11.042769820618));
#9514 = CARTESIAN_POINT('',(14.232450278731,-15.06408707873,
    11.165288036713));
#9515 = CARTESIAN_POINT('',(14.869228029124,-15.02469434059,
    11.307816772666));
#9516 = CARTESIAN_POINT('',(15.5,-14.97987643419,11.469974567432));
#9517 = ORIENTED_EDGE('',*,*,#9470,.T.);
#9518 = ORIENTED_EDGE('',*,*,#9439,.F.);
#9519 = SURFACE_OF_LINEAR_EXTRUSION('',#9520,#9525);
#9520 = CIRCLE('',#9521,26.200390625);
#9521 = AXIS2_PLACEMENT_3D('',#9522,#9523,#9524);
#9522 = CARTESIAN_POINT('',(9.075,-2.305125956633,37.579759293257));
#9523 = DIRECTION('',(0.,0.998124021277,6.122448979592E-02));
#9524 = DIRECTION('',(-1.,0.,0.));
#9525 = VECTOR('',#9526,1.);
#9526 = DIRECTION('',(0.,0.998587819944,5.312594338285E-02));
#9527 = ADVANCED_FACE('',(#9528),#9546,.F.);
#9528 = FACE_BOUND('',#9529,.F.);
#9529 = EDGE_LOOP('',(#9530,#9538,#9544,#9545));
#9530 = ORIENTED_EDGE('',*,*,#9531,.F.);
#9531 = EDGE_CURVE('',#9532,#9424,#9534,.T.);
#9532 = VERTEX_POINT('',#9533);
#9533 = CARTESIAN_POINT('',(18.15,-18.15,-4.373390538603E-12));
#9534 = LINE('',#9535,#9536);
#9535 = CARTESIAN_POINT('',(18.15,-18.15,0.));
#9536 = VECTOR('',#9537,1.);
#9537 = DIRECTION('',(0.,1.,0.));
#9538 = ORIENTED_EDGE('',*,*,#9539,.T.);
#9539 = EDGE_CURVE('',#9532,#9488,#9540,.T.);
#9540 = LINE('',#9541,#9542);
#9541 = CARTESIAN_POINT('',(18.15,-18.15,-8.746781077207E-12));
#9542 = VECTOR('',#9543,1.);
#9543 = DIRECTION('',(-0.217364683225,0.260027511195,0.940817882434));
#9544 = ORIENTED_EDGE('',*,*,#9487,.T.);
#9545 = ORIENTED_EDGE('',*,*,#9431,.F.);
#9546 = B_SPLINE_SURFACE_WITH_KNOTS('',1,1,(
    (#9547,#9548)
    ,(#9549,#9550
    )),.UNSPECIFIED.,.F.,.F.,.F.,(2,2),(2,2),(0.,14.579617618301),(0.,1.
    ),.PIECEWISE_BEZIER_KNOTS.);
#9547 = CARTESIAN_POINT('',(18.15,-18.15,-8.746781077207E-12));
#9548 = CARTESIAN_POINT('',(18.15,0.,0.));
#9549 = CARTESIAN_POINT('',(15.054621848743,-14.44708255759,
    13.397701385479));
#9550 = CARTESIAN_POINT('',(15.067346938776,-0.872448979592,
    14.223267303191));
#9551 = ADVANCED_FACE('',(#9552),#9563,.F.);
#9552 = FACE_BOUND('',#9553,.F.);
#9553 = EDGE_LOOP('',(#9554,#9560,#9561,#9562));
#9554 = ORIENTED_EDGE('',*,*,#9555,.T.);
#9555 = EDGE_CURVE('',#9455,#9532,#9556,.T.);
#9556 = LINE('',#9557,#9558);
#9557 = CARTESIAN_POINT('',(0.,-18.15,0.));
#9558 = VECTOR('',#9559,1.);
#9559 = DIRECTION('',(1.,0.,0.));
#9560 = ORIENTED_EDGE('',*,*,#9531,.T.);
#9561 = ORIENTED_EDGE('',*,*,#9423,.F.);
#9562 = ORIENTED_EDGE('',*,*,#9454,.F.);
#9563 = PLANE('',#9564);
#9564 = AXIS2_PLACEMENT_3D('',#9565,#9566,#9567);
#9565 = CARTESIAN_POINT('',(0.,-18.15,0.));
#9566 = DIRECTION('',(0.,0.,1.));
#9567 = DIRECTION('',(0.,1.,0.));
#9568 = ADVANCED_FACE('',(#9569),#9575,.F.);
#9569 = FACE_BOUND('',#9570,.F.);
#9570 = EDGE_LOOP('',(#9571,#9572,#9573,#9574));
#9571 = ORIENTED_EDGE('',*,*,#9555,.F.);
#9572 = ORIENTED_EDGE('',*,*,#9462,.T.);
#9573 = ORIENTED_EDGE('',*,*,#9497,.T.);
#9574 = ORIENTED_EDGE('',*,*,#9539,.F.);
#9575 = PLANE('',#9576);
#9576 = AXIS2_PLACEMENT_3D('',#9577,#9578,#9579);
#9577 = CARTESIAN_POINT('',(0.,-14.97987643419,11.469974567432));
#9578 = DIRECTION('',(0.,0.963863409028,-0.266396938303));
#9579 = DIRECTION('',(0.,-0.266396938303,-0.963863409028));
#9580 = MANIFOLD_SOLID_BREP('',#9581);
#9581 = CLOSED_SHELL('',(#9582,#9623,#9656,#9700,#9724,#9741));
#9582 = ADVANCED_FACE('',(#9583),#9618,.F.);
#9583 = FACE_BOUND('',#9584,.F.);
#9584 = EDGE_LOOP('',(#9585,#9595,#9603,#9611));
#9585 = ORIENTED_EDGE('',*,*,#9586,.F.);
#9586 = EDGE_CURVE('',#9587,#9589,#9591,.T.);
#9587 = VERTEX_POINT('',#9588);
#9588 = CARTESIAN_POINT('',(19.05,0.,0.));
#9589 = VERTEX_POINT('',#9590);
#9590 = CARTESIAN_POINT('',(21.7,-0.75,12.227019260637));
#9591 = LINE('',#9592,#9593);
#9592 = CARTESIAN_POINT('',(19.05,0.,0.));
#9593 = VECTOR('',#9594,1.);
#9594 = DIRECTION('',(0.211435796324,-5.984031971433E-02,0.97555832228)
  );
#9595 = ORIENTED_EDGE('',*,*,#9596,.T.);
#9596 = EDGE_CURVE('',#9587,#9597,#9599,.T.);
#9597 = VERTEX_POINT('',#9598);
#9598 = CARTESIAN_POINT('',(37.2,0.,0.));
#9599 = LINE('',#9600,#9601);
#9600 = CARTESIAN_POINT('',(19.05,0.,0.));
#9601 = VECTOR('',#9602,1.);
#9602 = DIRECTION('',(1.,0.,0.));
#9603 = ORIENTED_EDGE('',*,*,#9604,.T.);
#9604 = EDGE_CURVE('',#9597,#9605,#9607,.T.);
#9605 = VERTEX_POINT('',#9606);
#9606 = CARTESIAN_POINT('',(34.55,-0.75,12.227019260637));
#9607 = LINE('',#9608,#9609);
#9608 = CARTESIAN_POINT('',(37.2,0.,0.));
#9609 = VECTOR('',#9610,1.);
#9610 = DIRECTION('',(-0.211435796324,-5.984031971433E-02,0.97555832228)
  );
#9611 = ORIENTED_EDGE('',*,*,#9612,.T.);
#9612 = EDGE_CURVE('',#9605,#9589,#9613,.T.);
#9613 = CIRCLE('',#9614,26.200390625);
#9614 = AXIS2_PLACEMENT_3D('',#9615,#9616,#9617);
#9615 = CARTESIAN_POINT('',(28.125,-2.305125956633,37.579759293257));
#9616 = DIRECTION('',(0.,0.998124021277,6.122448979592E-02));
#9617 = DIRECTION('',(-1.,0.,0.));
#9618 = PLANE('',#9619);
#9619 = AXIS2_PLACEMENT_3D('',#9620,#9621,#9622);
#9620 = CARTESIAN_POINT('',(19.05,0.,0.));
#9621 = DIRECTION('',(0.,-0.998124021277,-6.122448979592E-02));
#9622 = DIRECTION('',(0.,-6.122448979592E-02,0.998124021277));
#9623 = ADVANCED_FACE('',(#9624),#9651,.T.);
#9624 = FACE_BOUND('',#9625,.T.);
#9625 = EDGE_LOOP('',(#9626,#9634,#9642,#9650));
#9626 = ORIENTED_EDGE('',*,*,#9627,.F.);
#9627 = EDGE_CURVE('',#9628,#9587,#9630,.T.);
#9628 = VERTEX_POINT('',#9629);
#9629 = CARTESIAN_POINT('',(19.05,-18.15,-4.373390538603E-12));
#9630 = LINE('',#9631,#9632);
#9631 = CARTESIAN_POINT('',(19.05,-18.15,0.));
#9632 = VECTOR('',#9633,1.);
#9633 = DIRECTION('',(0.,1.,0.));
#9634 = ORIENTED_EDGE('',*,*,#9635,.T.);
#9635 = EDGE_CURVE('',#9628,#9636,#9638,.T.);
#9636 = VERTEX_POINT('',#9637);
#9637 = CARTESIAN_POINT('',(21.699999999999,-14.97987643419,
    11.469974567432));
#9638 = LINE('',#9639,#9640);
#9639 = CARTESIAN_POINT('',(19.05,-18.15,-8.746781077207E-12));
#9640 = VECTOR('',#9641,1.);
#9641 = DIRECTION('',(0.217364683225,0.260027511195,0.940817882434));
#9642 = ORIENTED_EDGE('',*,*,#9643,.T.);
#9643 = EDGE_CURVE('',#9636,#9589,#9644,.T.);
#9644 = B_SPLINE_CURVE_WITH_KNOTS('',4,(#9645,#9646,#9647,#9648,#9649),
  .UNSPECIFIED.,.F.,.F.,(5,5),(0.,1.),.PIECEWISE_BEZIER_KNOTS.);
#9645 = CARTESIAN_POINT('',(21.699999999999,-14.97987643419,
    11.469974567432));
#9646 = CARTESIAN_POINT('',(21.700232422118,-11.42239004616,
    11.659236660021));
#9647 = CARTESIAN_POINT('',(21.700297783541,-7.864915922809,
    11.848498100115));
#9648 = CARTESIAN_POINT('',(21.70021551044,-4.307452887972,
    12.037758950288));
#9649 = CARTESIAN_POINT('',(21.7,-0.75,12.227019260637));
#9650 = ORIENTED_EDGE('',*,*,#9586,.F.);
#9651 = B_SPLINE_SURFACE_WITH_KNOTS('',1,1,(
    (#9652,#9653)
    ,(#9654,#9655
    )),.UNSPECIFIED.,.F.,.F.,.F.,(2,2),(2,2),(0.,14.579617618301),(0.,1.
    ),.PIECEWISE_BEZIER_KNOTS.);
#9652 = CARTESIAN_POINT('',(19.05,-18.15,-8.746781077207E-12));
#9653 = CARTESIAN_POINT('',(19.05,0.,0.));
#9654 = CARTESIAN_POINT('',(22.145378151257,-14.44708255759,
    13.397701385479));
#9655 = CARTESIAN_POINT('',(22.132653061224,-0.872448979592,
    14.223267303191));
#9656 = ADVANCED_FACE('',(#9657),#9692,.F.);
#9657 = FACE_BOUND('',#9658,.F.);
#9658 = EDGE_LOOP('',(#9659,#9669,#9690,#9691));
#9659 = ORIENTED_EDGE('',*,*,#9660,.F.);
#9660 = EDGE_CURVE('',#9661,#9605,#9663,.T.);
#9661 = VERTEX_POINT('',#9662);
#9662 = CARTESIAN_POINT('',(34.550000000001,-14.97987643419,
    11.469974567432));
#9663 = B_SPLINE_CURVE_WITH_KNOTS('',4,(#9664,#9665,#9666,#9667,#9668),
  .UNSPECIFIED.,.F.,.F.,(5,5),(0.,1.),.PIECEWISE_BEZIER_KNOTS.);
#9664 = CARTESIAN_POINT('',(34.550000000001,-14.97987643419,
    11.469974567432));
#9665 = CARTESIAN_POINT('',(34.549767577882,-11.42239004616,
    11.659236660021));
#9666 = CARTESIAN_POINT('',(34.549702216459,-7.864915922808,
    11.848498100115));
#9667 = CARTESIAN_POINT('',(34.54978448956,-4.307452887972,
    12.037758950288));
#9668 = CARTESIAN_POINT('',(34.55,-0.75,12.227019260637));
#9669 = ORIENTED_EDGE('',*,*,#9670,.F.);
#9670 = EDGE_CURVE('',#9636,#9661,#9671,.T.);
#9671 = B_SPLINE_CURVE_WITH_KNOTS('',5,(#9672,#9673,#9674,#9675,#9676,
    #9677,#9678,#9679,#9680,#9681,#9682,#9683,#9684,#9685,#9686,#9687,
    #9688,#9689),.UNSPECIFIED.,.F.,.F.,(6,4,4,4,6),(0.,0.250671141902,
    0.499441859262,0.748277535936,1.),.UNSPECIFIED.);
#9672 = CARTESIAN_POINT('',(21.7,-14.97987643419,11.469974567432));
#9673 = CARTESIAN_POINT('',(22.32813754429,-15.02450715808,
    11.308494026611));
#9674 = CARTESIAN_POINT('',(22.962230778749,-15.06375793385,
    11.166478931437));
#9675 = CARTESIAN_POINT('',(23.601356523253,-15.09752465079,
    11.044305969889));
#9676 = CARTESIAN_POINT('',(24.244549241267,-15.1257260264,
    10.942269234021));
#9677 = CARTESIAN_POINT('',(25.532148535799,-15.17071651939,
    10.779486995499));
#9678 = CARTESIAN_POINT('',(26.176513182414,-15.18759074155,
    10.718433571254));
#9679 = CARTESIAN_POINT('',(26.822904265215,-15.19887532751,
    10.677604275059));
#9680 = CARTESIAN_POINT('',(27.470318428545,-15.20454299954,
    10.657097801841));
#9681 = CARTESIAN_POINT('',(28.765325114495,-15.20464383474,
    10.65673296523));
#9682 = CARTESIAN_POINT('',(29.412921965203,-15.1990740647,
    10.676885214594));
#9683 = CARTESIAN_POINT('',(30.059508562178,-15.1878841991,
    10.717371798565));
#9684 = CARTESIAN_POINT('',(30.704080631816,-15.17110130263,
    10.778094792991));
#9685 = CARTESIAN_POINT('',(31.994660038423,-15.12619854927,
    10.940559576576));
#9686 = CARTESIAN_POINT('',(32.640601644652,-15.09794921869,
    11.042769820618));
#9687 = CARTESIAN_POINT('',(33.282450278731,-15.06408707873,
    11.165288036713));
#9688 = CARTESIAN_POINT('',(33.919228029124,-15.02469434059,
    11.307816772666));
#9689 = CARTESIAN_POINT('',(34.55,-14.97987643419,11.469974567432));
#9690 = ORIENTED_EDGE('',*,*,#9643,.T.);
#9691 = ORIENTED_EDGE('',*,*,#9612,.F.);
#9692 = SURFACE_OF_LINEAR_EXTRUSION('',#9693,#9698);
#9693 = CIRCLE('',#9694,26.200390625);
#9694 = AXIS2_PLACEMENT_3D('',#9695,#9696,#9697);
#9695 = CARTESIAN_POINT('',(28.125,-2.305125956633,37.579759293257));
#9696 = DIRECTION('',(0.,0.998124021277,6.122448979592E-02));
#9697 = DIRECTION('',(-1.,0.,0.));
#9698 = VECTOR('',#9699,1.);
#9699 = DIRECTION('',(0.,0.998587819944,5.312594338285E-02));
#9700 = ADVANCED_FACE('',(#9701),#9719,.F.);
#9701 = FACE_BOUND('',#9702,.F.);
#9702 = EDGE_LOOP('',(#9703,#9711,#9717,#9718));
#9703 = ORIENTED_EDGE('',*,*,#9704,.F.);
#9704 = EDGE_CURVE('',#9705,#9597,#9707,.T.);
#9705 = VERTEX_POINT('',#9706);
#9706 = CARTESIAN_POINT('',(37.2,-18.15,-4.373390538603E-12));
#9707 = LINE('',#9708,#9709);
#9708 = CARTESIAN_POINT('',(37.2,-18.15,0.));
#9709 = VECTOR('',#9710,1.);
#9710 = DIRECTION('',(0.,1.,0.));
#9711 = ORIENTED_EDGE('',*,*,#9712,.T.);
#9712 = EDGE_CURVE('',#9705,#9661,#9713,.T.);
#9713 = LINE('',#9714,#9715);
#9714 = CARTESIAN_POINT('',(37.2,-18.15,-8.746781077207E-12));
#9715 = VECTOR('',#9716,1.);
#9716 = DIRECTION('',(-0.217364683225,0.260027511195,0.940817882434));
#9717 = ORIENTED_EDGE('',*,*,#9660,.T.);
#9718 = ORIENTED_EDGE('',*,*,#9604,.F.);
#9719 = B_SPLINE_SURFACE_WITH_KNOTS('',1,1,(
    (#9720,#9721)
    ,(#9722,#9723
    )),.UNSPECIFIED.,.F.,.F.,.F.,(2,2),(2,2),(0.,14.579617618301),(0.,1.
    ),.PIECEWISE_BEZIER_KNOTS.);
#9720 = CARTESIAN_POINT('',(37.2,-18.15,-8.746781077207E-12));
#9721 = CARTESIAN_POINT('',(37.2,0.,0.));
#9722 = CARTESIAN_POINT('',(34.104621848743,-14.44708255759,
    13.397701385479));
#9723 = CARTESIAN_POINT('',(34.117346938776,-0.872448979592,
    14.223267303191));
#9724 = ADVANCED_FACE('',(#9725),#9736,.F.);
#9725 = FACE_BOUND('',#9726,.F.);
#9726 = EDGE_LOOP('',(#9727,#9733,#9734,#9735));
#9727 = ORIENTED_EDGE('',*,*,#9728,.T.);
#9728 = EDGE_CURVE('',#9628,#9705,#9729,.T.);
#9729 = LINE('',#9730,#9731);
#9730 = CARTESIAN_POINT('',(19.05,-18.15,0.));
#9731 = VECTOR('',#9732,1.);
#9732 = DIRECTION('',(1.,0.,0.));
#9733 = ORIENTED_EDGE('',*,*,#9704,.T.);
#9734 = ORIENTED_EDGE('',*,*,#9596,.F.);
#9735 = ORIENTED_EDGE('',*,*,#9627,.F.);
#9736 = PLANE('',#9737);
#9737 = AXIS2_PLACEMENT_3D('',#9738,#9739,#9740);
#9738 = CARTESIAN_POINT('',(19.05,-18.15,0.));
#9739 = DIRECTION('',(0.,0.,1.));
#9740 = DIRECTION('',(0.,1.,0.));
#9741 = ADVANCED_FACE('',(#9742),#9748,.F.);
#9742 = FACE_BOUND('',#9743,.F.);
#9743 = EDGE_LOOP('',(#9744,#9745,#9746,#9747));
#9744 = ORIENTED_EDGE('',*,*,#9728,.F.);
#9745 = ORIENTED_EDGE('',*,*,#9635,.T.);
#9746 = ORIENTED_EDGE('',*,*,#9670,.T.);
#9747 = ORIENTED_EDGE('',*,*,#9712,.F.);
#9748 = PLANE('',#9749);
#9749 = AXIS2_PLACEMENT_3D('',#9750,#9751,#9752);
#9750 = CARTESIAN_POINT('',(19.05,-14.97987643419,11.469974567432));
#9751 = DIRECTION('',(0.,0.963863409028,-0.266396938303));
#9752 = DIRECTION('',(0.,-0.266396938303,-0.963863409028));
#9753 = MANIFOLD_SOLID_BREP('',#9754);
#9754 = CLOSED_SHELL('',(#9755,#9796,#9829,#9873,#9897,#9914));
#9755 = ADVANCED_FACE('',(#9756),#9791,.F.);
#9756 = FACE_BOUND('',#9757,.F.);
#9757 = EDGE_LOOP('',(#9758,#9768,#9776,#9784));
#9758 = ORIENTED_EDGE('',*,*,#9759,.F.);
#9759 = EDGE_CURVE('',#9760,#9762,#9764,.T.);
#9760 = VERTEX_POINT('',#9761);
#9761 = CARTESIAN_POINT('',(38.1,0.,0.));
#9762 = VERTEX_POINT('',#9763);
#9763 = CARTESIAN_POINT('',(40.75,-0.75,12.227019260637));
#9764 = LINE('',#9765,#9766);
#9765 = CARTESIAN_POINT('',(38.1,0.,0.));
#9766 = VECTOR('',#9767,1.);
#9767 = DIRECTION('',(0.211435796324,-5.984031971433E-02,0.97555832228)
  );
#9768 = ORIENTED_EDGE('',*,*,#9769,.T.);
#9769 = EDGE_CURVE('',#9760,#9770,#9772,.T.);
#9770 = VERTEX_POINT('',#9771);
#9771 = CARTESIAN_POINT('',(56.25,0.,0.));
#9772 = LINE('',#9773,#9774);
#9773 = CARTESIAN_POINT('',(38.1,0.,0.));
#9774 = VECTOR('',#9775,1.);
#9775 = DIRECTION('',(1.,0.,0.));
#9776 = ORIENTED_EDGE('',*,*,#9777,.T.);
#9777 = EDGE_CURVE('',#9770,#9778,#9780,.T.);
#9778 = VERTEX_POINT('',#9779);
#9779 = CARTESIAN_POINT('',(53.6,-0.75,12.227019260637));
#9780 = LINE('',#9781,#9782);
#9781 = CARTESIAN_POINT('',(56.25,0.,0.));
#9782 = VECTOR('',#9783,1.);
#9783 = DIRECTION('',(-0.211435796324,-5.984031971433E-02,0.97555832228)
  );
#9784 = ORIENTED_EDGE('',*,*,#9785,.T.);
#9785 = EDGE_CURVE('',#9778,#9762,#9786,.T.);
#9786 = CIRCLE('',#9787,26.200390625);
#9787 = AXIS2_PLACEMENT_3D('',#9788,#9789,#9790);
#9788 = CARTESIAN_POINT('',(47.175,-2.305125956633,37.579759293257));
#9789 = DIRECTION('',(0.,0.998124021277,6.122448979592E-02));
#9790 = DIRECTION('',(-1.,0.,0.));
#9791 = PLANE('',#9792);
#9792 = AXIS2_PLACEMENT_3D('',#9793,#9794,#9795);
#9793 = CARTESIAN_POINT('',(38.1,0.,0.));
#9794 = DIRECTION('',(0.,-0.998124021277,-6.122448979592E-02));
#9795 = DIRECTION('',(0.,-6.122448979592E-02,0.998124021277));
#9796 = ADVANCED_FACE('',(#9797),#9824,.T.);
#9797 = FACE_BOUND('',#9798,.T.);
#9798 = EDGE_LOOP('',(#9799,#9807,#9815,#9823));
#9799 = ORIENTED_EDGE('',*,*,#9800,.F.);
#9800 = EDGE_CURVE('',#9801,#9760,#9803,.T.);
#9801 = VERTEX_POINT('',#9802);
#9802 = CARTESIAN_POINT('',(38.1,-18.15,-4.373390538603E-12));
#9803 = LINE('',#9804,#9805);
#9804 = CARTESIAN_POINT('',(38.1,-18.15,0.));
#9805 = VECTOR('',#9806,1.);
#9806 = DIRECTION('',(0.,1.,0.));
#9807 = ORIENTED_EDGE('',*,*,#9808,.T.);
#9808 = EDGE_CURVE('',#9801,#9809,#9811,.T.);
#9809 = VERTEX_POINT('',#9810);
#9810 = CARTESIAN_POINT('',(40.749999999999,-14.97987643419,
    11.469974567432));
#9811 = LINE('',#9812,#9813);
#9812 = CARTESIAN_POINT('',(38.1,-18.15,-8.746781077207E-12));
#9813 = VECTOR('',#9814,1.);
#9814 = DIRECTION('',(0.217364683225,0.260027511195,0.940817882434));
#9815 = ORIENTED_EDGE('',*,*,#9816,.T.);
#9816 = EDGE_CURVE('',#9809,#9762,#9817,.T.);
#9817 = B_SPLINE_CURVE_WITH_KNOTS('',4,(#9818,#9819,#9820,#9821,#9822),
  .UNSPECIFIED.,.F.,.F.,(5,5),(0.,1.),.PIECEWISE_BEZIER_KNOTS.);
#9818 = CARTESIAN_POINT('',(40.749999999999,-14.97987643419,
    11.469974567432));
#9819 = CARTESIAN_POINT('',(40.750232422118,-11.42239004616,
    11.659236660021));
#9820 = CARTESIAN_POINT('',(40.750297783541,-7.864915922809,
    11.848498100115));
#9821 = CARTESIAN_POINT('',(40.75021551044,-4.307452887972,
    12.037758950288));
#9822 = CARTESIAN_POINT('',(40.75,-0.75,12.227019260637));
#9823 = ORIENTED_EDGE('',*,*,#9759,.F.);
#9824 = B_SPLINE_SURFACE_WITH_KNOTS('',1,1,(
    (#9825,#9826)
    ,(#9827,#9828
    )),.UNSPECIFIED.,.F.,.F.,.F.,(2,2),(2,2),(0.,14.579617618301),(0.,1.
    ),.PIECEWISE_BEZIER_KNOTS.);
#9825 = CARTESIAN_POINT('',(38.1,-18.15,-8.746781077207E-12));
#9826 = CARTESIAN_POINT('',(38.1,0.,0.));
#9827 = CARTESIAN_POINT('',(41.195378151257,-14.44708255759,
    13.397701385479));
#9828 = CARTESIAN_POINT('',(41.182653061224,-0.872448979592,
    14.223267303191));
#9829 = ADVANCED_FACE('',(#9830),#9865,.F.);
#9830 = FACE_BOUND('',#9831,.F.);
#9831 = EDGE_LOOP('',(#9832,#9842,#9863,#9864));
#9832 = ORIENTED_EDGE('',*,*,#9833,.F.);
#9833 = EDGE_CURVE('',#9834,#9778,#9836,.T.);
#9834 = VERTEX_POINT('',#9835);
#9835 = CARTESIAN_POINT('',(53.600000000001,-14.97987643419,
    11.469974567432));
#9836 = B_SPLINE_CURVE_WITH_KNOTS('',4,(#9837,#9838,#9839,#9840,#9841),
  .UNSPECIFIED.,.F.,.F.,(5,5),(0.,1.),.PIECEWISE_BEZIER_KNOTS.);
#9837 = CARTESIAN_POINT('',(53.600000000001,-14.97987643419,
    11.469974567432));
#9838 = CARTESIAN_POINT('',(53.599767577882,-11.42239004616,
    11.659236660021));
#9839 = CARTESIAN_POINT('',(53.599702216459,-7.864915922808,
    11.848498100115));
#9840 = CARTESIAN_POINT('',(53.59978448956,-4.307452887972,
    12.037758950288));
#9841 = CARTESIAN_POINT('',(53.6,-0.75,12.227019260637));
#9842 = ORIENTED_EDGE('',*,*,#9843,.F.);
#9843 = EDGE_CURVE('',#9809,#9834,#9844,.T.);
#9844 = B_SPLINE_CURVE_WITH_KNOTS('',5,(#9845,#9846,#9847,#9848,#9849,
    #9850,#9851,#9852,#9853,#9854,#9855,#9856,#9857,#9858,#9859,#9860,
    #9861,#9862),.UNSPECIFIED.,.F.,.F.,(6,4,4,4,6),(0.,0.250671141902,
    0.499441859262,0.748277535936,1.),.UNSPECIFIED.);
#9845 = CARTESIAN_POINT('',(40.75,-14.97987643419,11.469974567432));
#9846 = CARTESIAN_POINT('',(41.37813754429,-15.02450715808,
    11.308494026611));
#9847 = CARTESIAN_POINT('',(42.012230778749,-15.06375793385,
    11.166478931437));
#9848 = CARTESIAN_POINT('',(42.651356523253,-15.09752465079,
    11.044305969889));
#9849 = CARTESIAN_POINT('',(43.294549241267,-15.1257260264,
    10.942269234021));
#9850 = CARTESIAN_POINT('',(44.582148535799,-15.17071651939,
    10.779486995499));
#9851 = CARTESIAN_POINT('',(45.226513182414,-15.18759074155,
    10.718433571254));
#9852 = CARTESIAN_POINT('',(45.872904265215,-15.19887532751,
    10.677604275059));
#9853 = CARTESIAN_POINT('',(46.520318428545,-15.20454299954,
    10.657097801841));
#9854 = CARTESIAN_POINT('',(47.815325114495,-15.20464383474,
    10.65673296523));
#9855 = CARTESIAN_POINT('',(48.462921965203,-15.1990740647,
    10.676885214594));
#9856 = CARTESIAN_POINT('',(49.109508562178,-15.1878841991,
    10.717371798565));
#9857 = CARTESIAN_POINT('',(49.754080631816,-15.17110130263,
    10.778094792991));
#9858 = CARTESIAN_POINT('',(51.044660038423,-15.12619854927,
    10.940559576576));
#9859 = CARTESIAN_POINT('',(51.690601644652,-15.09794921869,
    11.042769820618));
#9860 = CARTESIAN_POINT('',(52.332450278731,-15.06408707873,
    11.165288036713));
#9861 = CARTESIAN_POINT('',(52.969228029124,-15.02469434059,
    11.307816772666));
#9862 = CARTESIAN_POINT('',(53.6,-14.97987643419,11.469974567432));
#9863 = ORIENTED_EDGE('',*,*,#9816,.T.);
#9864 = ORIENTED_EDGE('',*,*,#9785,.F.);
#9865 = SURFACE_OF_LINEAR_EXTRUSION('',#9866,#9871);
#9866 = CIRCLE('',#9867,26.200390625);
#9867 = AXIS2_PLACEMENT_3D('',#9868,#9869,#9870);
#9868 = CARTESIAN_POINT('',(47.175,-2.305125956633,37.579759293257));
#9869 = DIRECTION('',(0.,0.998124021277,6.122448979592E-02));
#9870 = DIRECTION('',(-1.,0.,0.));
#9871 = VECTOR('',#9872,1.);
#9872 = DIRECTION('',(0.,0.998587819944,5.312594338285E-02));
#9873 = ADVANCED_FACE('',(#9874),#9892,.F.);
#9874 = FACE_BOUND('',#9875,.F.);
#9875 = EDGE_LOOP('',(#9876,#9884,#9890,#9891));
#9876 = ORIENTED_EDGE('',*,*,#9877,.F.);
#9877 = EDGE_CURVE('',#9878,#9770,#9880,.T.);
#9878 = VERTEX_POINT('',#9879);
#9879 = CARTESIAN_POINT('',(56.25,-18.15,-4.373390538603E-12));
#9880 = LINE('',#9881,#9882);
#9881 = CARTESIAN_POINT('',(56.25,-18.15,0.));
#9882 = VECTOR('',#9883,1.);
#9883 = DIRECTION('',(0.,1.,0.));
#9884 = ORIENTED_EDGE('',*,*,#9885,.T.);
#9885 = EDGE_CURVE('',#9878,#9834,#9886,.T.);
#9886 = LINE('',#9887,#9888);
#9887 = CARTESIAN_POINT('',(56.25,-18.15,-8.746781077207E-12));
#9888 = VECTOR('',#9889,1.);
#9889 = DIRECTION('',(-0.217364683225,0.260027511195,0.940817882434));
#9890 = ORIENTED_EDGE('',*,*,#9833,.T.);
#9891 = ORIENTED_EDGE('',*,*,#9777,.F.);
#9892 = B_SPLINE_SURFACE_WITH_KNOTS('',1,1,(
    (#9893,#9894)
    ,(#9895,#9896
    )),.UNSPECIFIED.,.F.,.F.,.F.,(2,2),(2,2),(0.,14.579617618301),(0.,1.
    ),.PIECEWISE_BEZIER_KNOTS.);
#9893 = CARTESIAN_POINT('',(56.25,-18.15,-8.746781077207E-12));
#9894 = CARTESIAN_POINT('',(56.25,0.,0.));
#9895 = CARTESIAN_POINT('',(53.154621848743,-14.44708255759,
    13.397701385479));
#9896 = CARTESIAN_POINT('',(53.167346938776,-0.872448979592,
    14.223267303191));
#9897 = ADVANCED_FACE('',(#9898),#9909,.F.);
#9898 = FACE_BOUND('',#9899,.F.);
#9899 = EDGE_LOOP('',(#9900,#9906,#9907,#9908));
#9900 = ORIENTED_EDGE('',*,*,#9901,.T.);
#9901 = EDGE_CURVE('',#9801,#9878,#9902,.T.);
#9902 = LINE('',#9903,#9904);
#9903 = CARTESIAN_POINT('',(38.1,-18.15,0.));
#9904 = VECTOR('',#9905,1.);
#9905 = DIRECTION('',(1.,0.,0.));
#9906 = ORIENTED_EDGE('',*,*,#9877,.T.);
#9907 = ORIENTED_EDGE('',*,*,#9769,.F.);
#9908 = ORIENTED_EDGE('',*,*,#9800,.F.);
#9909 = PLANE('',#9910);
#9910 = AXIS2_PLACEMENT_3D('',#9911,#9912,#9913);
#9911 = CARTESIAN_POINT('',(38.1,-18.15,0.));
#9912 = DIRECTION('',(0.,0.,1.));
#9913 = DIRECTION('',(0.,1.,0.));
#9914 = ADVANCED_FACE('',(#9915),#9921,.F.);
#9915 = FACE_BOUND('',#9916,.F.);
#9916 = EDGE_LOOP('',(#9917,#9918,#9919,#9920));
#9917 = ORIENTED_EDGE('',*,*,#9901,.F.);
#9918 = ORIENTED_EDGE('',*,*,#9808,.T.);
#9919 = ORIENTED_EDGE('',*,*,#9843,.T.);
#9920 = ORIENTED_EDGE('',*,*,#9885,.F.);
#9921 = PLANE('',#9922);
#9922 = AXIS2_PLACEMENT_3D('',#9923,#9924,#9925);
#9923 = CARTESIAN_POINT('',(38.1,-14.97987643419,11.469974567432));
#9924 = DIRECTION('',(0.,0.963863409028,-0.266396938303));
#9925 = DIRECTION('',(0.,-0.266396938303,-0.963863409028));
#9926 = MANIFOLD_SOLID_BREP('',#9927);
#9927 = CLOSED_SHELL('',(#9928,#9969,#10002,#10046,#10070,#10087));
#9928 = ADVANCED_FACE('',(#9929),#9964,.F.);
#9929 = FACE_BOUND('',#9930,.F.);
#9930 = EDGE_LOOP('',(#9931,#9941,#9949,#9957));
#9931 = ORIENTED_EDGE('',*,*,#9932,.F.);
#9932 = EDGE_CURVE('',#9933,#9935,#9937,.T.);
#9933 = VERTEX_POINT('',#9934);
#9934 = CARTESIAN_POINT('',(57.15,0.,0.));
#9935 = VERTEX_POINT('',#9936);
#9936 = CARTESIAN_POINT('',(59.8,-0.75,12.227019260637));
#9937 = LINE('',#9938,#9939);
#9938 = CARTESIAN_POINT('',(57.15,0.,0.));
#9939 = VECTOR('',#9940,1.);
#9940 = DIRECTION('',(0.211435796324,-5.984031971433E-02,0.97555832228)
  );
#9941 = ORIENTED_EDGE('',*,*,#9942,.T.);
#9942 = EDGE_CURVE('',#9933,#9943,#9945,.T.);
#9943 = VERTEX_POINT('',#9944);
#9944 = CARTESIAN_POINT('',(75.3,0.,0.));
#9945 = LINE('',#9946,#9947);
#9946 = CARTESIAN_POINT('',(57.15,0.,0.));
#9947 = VECTOR('',#9948,1.);
#9948 = DIRECTION('',(1.,0.,0.));
#9949 = ORIENTED_EDGE('',*,*,#9950,.T.);
#9950 = EDGE_CURVE('',#9943,#9951,#9953,.T.);
#9951 = VERTEX_POINT('',#9952);
#9952 = CARTESIAN_POINT('',(72.65,-0.75,12.227019260637));
#9953 = LINE('',#9954,#9955);
#9954 = CARTESIAN_POINT('',(75.3,0.,0.));
#9955 = VECTOR('',#9956,1.);
#9956 = DIRECTION('',(-0.211435796324,-5.984031971433E-02,0.97555832228)
  );
#9957 = ORIENTED_EDGE('',*,*,#9958,.T.);
#9958 = EDGE_CURVE('',#9951,#9935,#9959,.T.);
#9959 = CIRCLE('',#9960,26.200390625);
#9960 = AXIS2_PLACEMENT_3D('',#9961,#9962,#9963);
#9961 = CARTESIAN_POINT('',(66.225,-2.305125956633,37.579759293257));
#9962 = DIRECTION('',(0.,0.998124021277,6.122448979592E-02));
#9963 = DIRECTION('',(-1.,0.,0.));
#9964 = PLANE('',#9965);
#9965 = AXIS2_PLACEMENT_3D('',#9966,#9967,#9968);
#9966 = CARTESIAN_POINT('',(57.15,0.,0.));
#9967 = DIRECTION('',(0.,-0.998124021277,-6.122448979592E-02));
#9968 = DIRECTION('',(0.,-6.122448979592E-02,0.998124021277));
#9969 = ADVANCED_FACE('',(#9970),#9997,.T.);
#9970 = FACE_BOUND('',#9971,.T.);
#9971 = EDGE_LOOP('',(#9972,#9980,#9988,#9996));
#9972 = ORIENTED_EDGE('',*,*,#9973,.F.);
#9973 = EDGE_CURVE('',#9974,#9933,#9976,.T.);
#9974 = VERTEX_POINT('',#9975);
#9975 = CARTESIAN_POINT('',(57.15,-18.15,-4.373390538603E-12));
#9976 = LINE('',#9977,#9978);
#9977 = CARTESIAN_POINT('',(57.15,-18.15,0.));
#9978 = VECTOR('',#9979,1.);
#9979 = DIRECTION('',(0.,1.,0.));
#9980 = ORIENTED_EDGE('',*,*,#9981,.T.);
#9981 = EDGE_CURVE('',#9974,#9982,#9984,.T.);
#9982 = VERTEX_POINT('',#9983);
#9983 = CARTESIAN_POINT('',(59.799999999999,-14.97987643419,
    11.469974567432));
#9984 = LINE('',#9985,#9986);
#9985 = CARTESIAN_POINT('',(57.15,-18.15,-8.746781077207E-12));
#9986 = VECTOR('',#9987,1.);
#9987 = DIRECTION('',(0.217364683225,0.260027511195,0.940817882434));
#9988 = ORIENTED_EDGE('',*,*,#9989,.T.);
#9989 = EDGE_CURVE('',#9982,#9935,#9990,.T.);
#9990 = B_SPLINE_CURVE_WITH_KNOTS('',4,(#9991,#9992,#9993,#9994,#9995),
  .UNSPECIFIED.,.F.,.F.,(5,5),(0.,1.),.PIECEWISE_BEZIER_KNOTS.);
#9991 = CARTESIAN_POINT('',(59.799999999999,-14.97987643419,
    11.469974567432));
#9992 = CARTESIAN_POINT('',(59.800232422118,-11.42239004616,
    11.659236660021));
#9993 = CARTESIAN_POINT('',(59.800297783541,-7.864915922809,
    11.848498100115));
#9994 = CARTESIAN_POINT('',(59.80021551044,-4.307452887972,
    12.037758950288));
#9995 = CARTESIAN_POINT('',(59.8,-0.75,12.227019260637));
#9996 = ORIENTED_EDGE('',*,*,#9932,.F.);
#9997 = B_SPLINE_SURFACE_WITH_KNOTS('',1,1,(
    (#9998,#9999)
    ,(#10000,#10001
    )),.UNSPECIFIED.,.F.,.F.,.F.,(2,2),(2,2),(0.,14.579617618301),(0.,1.
    ),.PIECEWISE_BEZIER_KNOTS.);
#9998 = CARTESIAN_POINT('',(57.15,-18.15,-8.746781077207E-12));
#9999 = CARTESIAN_POINT('',(57.15,0.,0.));
#10000 = CARTESIAN_POINT('',(60.245378151257,-14.44708255759,
    13.397701385479));
#10001 = CARTESIAN_POINT('',(60.232653061224,-0.872448979592,
    14.223267303191));
#10002 = ADVANCED_FACE('',(#10003),#10038,.F.);
#10003 = FACE_BOUND('',#10004,.F.);
#10004 = EDGE_LOOP('',(#10005,#10015,#10036,#10037));
#10005 = ORIENTED_EDGE('',*,*,#10006,.F.);
#10006 = EDGE_CURVE('',#10007,#9951,#10009,.T.);
#10007 = VERTEX_POINT('',#10008);
#10008 = CARTESIAN_POINT('',(72.650000000001,-14.97987643419,
    11.469974567432));
#10009 = B_SPLINE_CURVE_WITH_KNOTS('',4,(#10010,#10011,#10012,#10013,
    #10014),.UNSPECIFIED.,.F.,.F.,(5,5),(0.,1.),
  .PIECEWISE_BEZIER_KNOTS.);
#10010 = CARTESIAN_POINT('',(72.650000000001,-14.97987643419,
    11.469974567432));
#10011 = CARTESIAN_POINT('',(72.649767577882,-11.42239004616,
    11.659236660021));
#10012 = CARTESIAN_POINT('',(72.649702216459,-7.864915922808,
    11.848498100115));
#10013 = CARTESIAN_POINT('',(72.64978448956,-4.307452887972,
    12.037758950288));
#10014 = CARTESIAN_POINT('',(72.65,-0.75,12.227019260637));
#10015 = ORIENTED_EDGE('',*,*,#10016,.F.);
#10016 = EDGE_CURVE('',#9982,#10007,#10017,.T.);
#10017 = B_SPLINE_CURVE_WITH_KNOTS('',5,(#10018,#10019,#10020,#10021,
    #10022,#10023,#10024,#10025,#10026,#10027,#10028,#10029,#10030,
    #10031,#10032,#10033,#10034,#10035),.UNSPECIFIED.,.F.,.F.,(6,4,4,4,6
    ),(0.,0.250671141902,0.499441859262,0.748277535936,1.),
  .UNSPECIFIED.);
#10018 = CARTESIAN_POINT('',(59.8,-14.97987643419,11.469974567432));
#10019 = CARTESIAN_POINT('',(60.42813754429,-15.02450715808,
    11.308494026611));
#10020 = CARTESIAN_POINT('',(61.062230778749,-15.06375793385,
    11.166478931437));
#10021 = CARTESIAN_POINT('',(61.701356523253,-15.09752465079,
    11.044305969889));
#10022 = CARTESIAN_POINT('',(62.344549241267,-15.1257260264,
    10.942269234021));
#10023 = CARTESIAN_POINT('',(63.632148535799,-15.17071651939,
    10.779486995499));
#10024 = CARTESIAN_POINT('',(64.276513182414,-15.18759074155,
    10.718433571254));
#10025 = CARTESIAN_POINT('',(64.922904265215,-15.19887532751,
    10.677604275059));
#10026 = CARTESIAN_POINT('',(65.570318428545,-15.20454299954,
    10.657097801841));
#10027 = CARTESIAN_POINT('',(66.865325114496,-15.20464383474,
    10.65673296523));
#10028 = CARTESIAN_POINT('',(67.512921965203,-15.1990740647,
    10.676885214594));
#10029 = CARTESIAN_POINT('',(68.159508562178,-15.1878841991,
    10.717371798565));
#10030 = CARTESIAN_POINT('',(68.804080631816,-15.17110130263,
    10.778094792991));
#10031 = CARTESIAN_POINT('',(70.094660038423,-15.12619854927,
    10.940559576576));
#10032 = CARTESIAN_POINT('',(70.740601644652,-15.09794921869,
    11.042769820618));
#10033 = CARTESIAN_POINT('',(71.382450278731,-15.06408707873,
    11.165288036713));
#10034 = CARTESIAN_POINT('',(72.019228029124,-15.02469434059,
    11.307816772666));
#10035 = CARTESIAN_POINT('',(72.65,-14.97987643419,11.469974567432));
#10036 = ORIENTED_EDGE('',*,*,#9989,.T.);
#10037 = ORIENTED_EDGE('',*,*,#9958,.F.);
#10038 = SURFACE_OF_LINEAR_EXTRUSION('',#10039,#10044);
#10039 = CIRCLE('',#10040,26.200390625);
#10040 = AXIS2_PLACEMENT_3D('',#10041,#10042,#10043);
#10041 = CARTESIAN_POINT('',(66.225,-2.305125956633,37.579759293257));
#10042 = DIRECTION('',(0.,0.998124021277,6.122448979592E-02));
#10043 = DIRECTION('',(-1.,0.,0.));
#10044 = VECTOR('',#10045,1.);
#10045 = DIRECTION('',(0.,0.998587819944,5.312594338285E-02));
#10046 = ADVANCED_FACE('',(#10047),#10065,.F.);
#10047 = FACE_BOUND('',#10048,.F.);
#10048 = EDGE_LOOP('',(#10049,#10057,#10063,#10064));
#10049 = ORIENTED_EDGE('',*,*,#10050,.F.);
#10050 = EDGE_CURVE('',#10051,#9943,#10053,.T.);
#10051 = VERTEX_POINT('',#10052);
#10052 = CARTESIAN_POINT('',(75.3,-18.15,-4.373390538603E-12));
#10053 = LINE('',#10054,#10055);
#10054 = CARTESIAN_POINT('',(75.3,-18.15,0.));
#10055 = VECTOR('',#10056,1.);
#10056 = DIRECTION('',(0.,1.,0.));
#10057 = ORIENTED_EDGE('',*,*,#10058,.T.);
#10058 = EDGE_CURVE('',#10051,#10007,#10059,.T.);
#10059 = LINE('',#10060,#10061);
#10060 = CARTESIAN_POINT('',(75.3,-18.15,-8.746781077207E-12));
#10061 = VECTOR('',#10062,1.);
#10062 = DIRECTION('',(-0.217364683225,0.260027511195,0.940817882434));
#10063 = ORIENTED_EDGE('',*,*,#10006,.T.);
#10064 = ORIENTED_EDGE('',*,*,#9950,.F.);
#10065 = B_SPLINE_SURFACE_WITH_KNOTS('',1,1,(
    (#10066,#10067)
    ,(#10068,#10069
    )),.UNSPECIFIED.,.F.,.F.,.F.,(2,2),(2,2),(0.,14.579617618301),(0.,1.
    ),.PIECEWISE_BEZIER_KNOTS.);
#10066 = CARTESIAN_POINT('',(75.3,-18.15,-8.746781077207E-12));
#10067 = CARTESIAN_POINT('',(75.3,0.,0.));
#10068 = CARTESIAN_POINT('',(72.204621848743,-14.44708255759,
    13.397701385479));
#10069 = CARTESIAN_POINT('',(72.217346938776,-0.872448979592,
    14.223267303191));
#10070 = ADVANCED_FACE('',(#10071),#10082,.F.);
#10071 = FACE_BOUND('',#10072,.F.);
#10072 = EDGE_LOOP('',(#10073,#10079,#10080,#10081));
#10073 = ORIENTED_EDGE('',*,*,#10074,.T.);
#10074 = EDGE_CURVE('',#9974,#10051,#10075,.T.);
#10075 = LINE('',#10076,#10077);
#10076 = CARTESIAN_POINT('',(57.15,-18.15,0.));
#10077 = VECTOR('',#10078,1.);
#10078 = DIRECTION('',(1.,0.,0.));
#10079 = ORIENTED_EDGE('',*,*,#10050,.T.);
#10080 = ORIENTED_EDGE('',*,*,#9942,.F.);
#10081 = ORIENTED_EDGE('',*,*,#9973,.F.);
#10082 = PLANE('',#10083);
#10083 = AXIS2_PLACEMENT_3D('',#10084,#10085,#10086);
#10084 = CARTESIAN_POINT('',(57.15,-18.15,0.));
#10085 = DIRECTION('',(0.,0.,1.));
#10086 = DIRECTION('',(0.,1.,0.));
#10087 = ADVANCED_FACE('',(#10088),#10094,.F.);
#10088 = FACE_BOUND('',#10089,.F.);
#10089 = EDGE_LOOP('',(#10090,#10091,#10092,#10093));
#10090 = ORIENTED_EDGE('',*,*,#10074,.F.);
#10091 = ORIENTED_EDGE('',*,*,#9981,.T.);
#10092 = ORIENTED_EDGE('',*,*,#10016,.T.);
#10093 = ORIENTED_EDGE('',*,*,#10058,.F.);
#10094 = PLANE('',#10095);
#10095 = AXIS2_PLACEMENT_3D('',#10096,#10097,#10098);
#10096 = CARTESIAN_POINT('',(57.15,-14.97987643419,11.469974567432));
#10097 = DIRECTION('',(0.,0.963863409028,-0.266396938303));
#10098 = DIRECTION('',(0.,-0.266396938303,-0.963863409028));
#10099 = MANIFOLD_SOLID_BREP('',#10100);
#10100 = CLOSED_SHELL('',(#10101,#10142,#10175,#10219,#10243,#10260));
#10101 = ADVANCED_FACE('',(#10102),#10137,.F.);
#10102 = FACE_BOUND('',#10103,.F.);
#10103 = EDGE_LOOP('',(#10104,#10114,#10122,#10130));
#10104 = ORIENTED_EDGE('',*,*,#10105,.F.);
#10105 = EDGE_CURVE('',#10106,#10108,#10110,.T.);
#10106 = VERTEX_POINT('',#10107);
#10107 = CARTESIAN_POINT('',(76.2,0.,0.));
#10108 = VERTEX_POINT('',#10109);
#10109 = CARTESIAN_POINT('',(78.85,-0.75,12.227019260637));
#10110 = LINE('',#10111,#10112);
#10111 = CARTESIAN_POINT('',(76.2,0.,0.));
#10112 = VECTOR('',#10113,1.);
#10113 = DIRECTION('',(0.211435796324,-5.984031971433E-02,0.97555832228)
  );
#10114 = ORIENTED_EDGE('',*,*,#10115,.T.);
#10115 = EDGE_CURVE('',#10106,#10116,#10118,.T.);
#10116 = VERTEX_POINT('',#10117);
#10117 = CARTESIAN_POINT('',(94.35,0.,0.));
#10118 = LINE('',#10119,#10120);
#10119 = CARTESIAN_POINT('',(76.2,0.,0.));
#10120 = VECTOR('',#10121,1.);
#10121 = DIRECTION('',(1.,0.,0.));
#10122 = ORIENTED_EDGE('',*,*,#10123,.T.);
#10123 = EDGE_CURVE('',#10116,#10124,#10126,.T.);
#10124 = VERTEX_POINT('',#10125);
#10125 = CARTESIAN_POINT('',(91.7,-0.75,12.227019260637));
#10126 = LINE('',#10127,#10128);
#10127 = CARTESIAN_POINT('',(94.35,0.,0.));
#10128 = VECTOR('',#10129,1.);
#10129 = DIRECTION('',(-0.211435796324,-5.984031971433E-02,0.97555832228
    ));
#10130 = ORIENTED_EDGE('',*,*,#10131,.T.);
#10131 = EDGE_CURVE('',#10124,#10108,#10132,.T.);
#10132 = CIRCLE('',#10133,26.200390625);
#10133 = AXIS2_PLACEMENT_3D('',#10134,#10135,#10136);
#10134 = CARTESIAN_POINT('',(85.275,-2.305125956633,37.579759293257));
#10135 = DIRECTION('',(0.,0.998124021277,6.122448979592E-02));
#10136 = DIRECTION('',(-1.,0.,0.));
#10137 = PLANE('',#10138);
#10138 = AXIS2_PLACEMENT_3D('',#10139,#10140,#10141);
#10139 = CARTESIAN_POINT('',(76.2,0.,0.));
#10140 = DIRECTION('',(0.,-0.998124021277,-6.122448979592E-02));
#10141 = DIRECTION('',(0.,-6.122448979592E-02,0.998124021277));
#10142 = ADVANCED_FACE('',(#10143),#10170,.T.);
#10143 = FACE_BOUND('',#10144,.T.);
#10144 = EDGE_LOOP('',(#10145,#10153,#10161,#10169));
#10145 = ORIENTED_EDGE('',*,*,#10146,.F.);
#10146 = EDGE_CURVE('',#10147,#10106,#10149,.T.);
#10147 = VERTEX_POINT('',#10148);
#10148 = CARTESIAN_POINT('',(76.2,-18.15,-4.373390538603E-12));
#10149 = LINE('',#10150,#10151);
#10150 = CARTESIAN_POINT('',(76.2,-18.15,0.));
#10151 = VECTOR('',#10152,1.);
#10152 = DIRECTION('',(0.,1.,0.));
#10153 = ORIENTED_EDGE('',*,*,#10154,.T.);
#10154 = EDGE_CURVE('',#10147,#10155,#10157,.T.);
#10155 = VERTEX_POINT('',#10156);
#10156 = CARTESIAN_POINT('',(78.849999999999,-14.97987643419,
    11.469974567432));
#10157 = LINE('',#10158,#10159);
#10158 = CARTESIAN_POINT('',(76.2,-18.15,-8.746781077207E-12));
#10159 = VECTOR('',#10160,1.);
#10160 = DIRECTION('',(0.217364683225,0.260027511195,0.940817882434));
#10161 = ORIENTED_EDGE('',*,*,#10162,.T.);
#10162 = EDGE_CURVE('',#10155,#10108,#10163,.T.);
#10163 = B_SPLINE_CURVE_WITH_KNOTS('',4,(#10164,#10165,#10166,#10167,
    #10168),.UNSPECIFIED.,.F.,.F.,(5,5),(0.,1.),
  .PIECEWISE_BEZIER_KNOTS.);
#10164 = CARTESIAN_POINT('',(78.849999999999,-14.97987643419,
    11.469974567432));
#10165 = CARTESIAN_POINT('',(78.850232422118,-11.42239004616,
    11.659236660021));
#10166 = CARTESIAN_POINT('',(78.850297783541,-7.864915922809,
    11.848498100115));
#10167 = CARTESIAN_POINT('',(78.85021551044,-4.307452887972,
    12.037758950288));
#10168 = CARTESIAN_POINT('',(78.85,-0.75,12.227019260637));
#10169 = ORIENTED_EDGE('',*,*,#10105,.F.);
#10170 = B_SPLINE_SURFACE_WITH_KNOTS('',1,1,(
    (#10171,#10172)
    ,(#10173,#10174
    )),.UNSPECIFIED.,.F.,.F.,.F.,(2,2),(2,2),(0.,14.579617618301),(0.,1.
    ),.PIECEWISE_BEZIER_KNOTS.);
#10171 = CARTESIAN_POINT('',(76.2,-18.15,-8.746781077207E-12));
#10172 = CARTESIAN_POINT('',(76.2,0.,0.));
#10173 = CARTESIAN_POINT('',(79.295378151257,-14.44708255759,
    13.397701385479));
#10174 = CARTESIAN_POINT('',(79.282653061224,-0.872448979592,
    14.223267303191));
#10175 = ADVANCED_FACE('',(#10176),#10211,.F.);
#10176 = FACE_BOUND('',#10177,.F.);
#10177 = EDGE_LOOP('',(#10178,#10188,#10209,#10210));
#10178 = ORIENTED_EDGE('',*,*,#10179,.F.);
#10179 = EDGE_CURVE('',#10180,#10124,#10182,.T.);
#10180 = VERTEX_POINT('',#10181);
#10181 = CARTESIAN_POINT('',(91.700000000001,-14.97987643419,
    11.469974567432));
#10182 = B_SPLINE_CURVE_WITH_KNOTS('',4,(#10183,#10184,#10185,#10186,
    #10187),.UNSPECIFIED.,.F.,.F.,(5,5),(0.,1.),
  .PIECEWISE_BEZIER_KNOTS.);
#10183 = CARTESIAN_POINT('',(91.700000000001,-14.97987643419,
    11.469974567432));
#10184 = CARTESIAN_POINT('',(91.699767577882,-11.42239004616,
    11.659236660021));
#10185 = CARTESIAN_POINT('',(91.699702216459,-7.864915922808,
    11.848498100115));
#10186 = CARTESIAN_POINT('',(91.69978448956,-4.307452887972,
    12.037758950288));
#10187 = CARTESIAN_POINT('',(91.7,-0.75,12.227019260637));
#10188 = ORIENTED_EDGE('',*,*,#10189,.F.);
#10189 = EDGE_CURVE('',#10155,#10180,#10190,.T.);
#10190 = B_SPLINE_CURVE_WITH_KNOTS('',5,(#10191,#10192,#10193,#10194,
    #10195,#10196,#10197,#10198,#10199,#10200,#10201,#10202,#10203,
    #10204,#10205,#10206,#10207,#10208),.UNSPECIFIED.,.F.,.F.,(6,4,4,4,6
    ),(0.,0.250671141902,0.499441859262,0.748277535936,1.),
  .UNSPECIFIED.);
#10191 = CARTESIAN_POINT('',(78.85,-14.97987643419,11.469974567432));
#10192 = CARTESIAN_POINT('',(79.47813754429,-15.02450715808,
    11.308494026611));
#10193 = CARTESIAN_POINT('',(80.112230778749,-15.06375793385,
    11.166478931437));
#10194 = CARTESIAN_POINT('',(80.751356523253,-15.09752465079,
    11.044305969889));
#10195 = CARTESIAN_POINT('',(81.394549241267,-15.1257260264,
    10.942269234021));
#10196 = CARTESIAN_POINT('',(82.682148535799,-15.17071651939,
    10.779486995499));
#10197 = CARTESIAN_POINT('',(83.326513182414,-15.18759074155,
    10.718433571254));
#10198 = CARTESIAN_POINT('',(83.972904265215,-15.19887532751,
    10.677604275059));
#10199 = CARTESIAN_POINT('',(84.620318428545,-15.20454299954,
    10.657097801841));
#10200 = CARTESIAN_POINT('',(85.915325114496,-15.20464383474,
    10.65673296523));
#10201 = CARTESIAN_POINT('',(86.562921965203,-15.1990740647,
    10.676885214594));
#10202 = CARTESIAN_POINT('',(87.209508562178,-15.1878841991,
    10.717371798565));
#10203 = CARTESIAN_POINT('',(87.854080631816,-15.17110130263,
    10.778094792991));
#10204 = CARTESIAN_POINT('',(89.144660038423,-15.12619854927,
    10.940559576576));
#10205 = CARTESIAN_POINT('',(89.790601644652,-15.09794921869,
    11.042769820618));
#10206 = CARTESIAN_POINT('',(90.432450278731,-15.06408707873,
    11.165288036713));
#10207 = CARTESIAN_POINT('',(91.069228029124,-15.02469434059,
    11.307816772666));
#10208 = CARTESIAN_POINT('',(91.7,-14.97987643419,11.469974567432));
#10209 = ORIENTED_EDGE('',*,*,#10162,.T.);
#10210 = ORIENTED_EDGE('',*,*,#10131,.F.);
#10211 = SURFACE_OF_LINEAR_EXTRUSION('',#10212,#10217);
#10212 = CIRCLE('',#10213,26.200390625);
#10213 = AXIS2_PLACEMENT_3D('',#10214,#10215,#10216);
#10214 = CARTESIAN_POINT('',(85.275,-2.305125956633,37.579759293257));
#10215 = DIRECTION('',(0.,0.998124021277,6.122448979592E-02));
#10216 = DIRECTION('',(-1.,0.,0.));
#10217 = VECTOR('',#10218,1.);
#10218 = DIRECTION('',(0.,0.998587819944,5.312594338285E-02));
#10219 = ADVANCED_FACE('',(#10220),#10238,.F.);
#10220 = FACE_BOUND('',#10221,.F.);
#10221 = EDGE_LOOP('',(#10222,#10230,#10236,#10237));
#10222 = ORIENTED_EDGE('',*,*,#10223,.F.);
#10223 = EDGE_CURVE('',#10224,#10116,#10226,.T.);
#10224 = VERTEX_POINT('',#10225);
#10225 = CARTESIAN_POINT('',(94.35,-18.15,-4.373390538603E-12));
#10226 = LINE('',#10227,#10228);
#10227 = CARTESIAN_POINT('',(94.35,-18.15,0.));
#10228 = VECTOR('',#10229,1.);
#10229 = DIRECTION('',(0.,1.,0.));
#10230 = ORIENTED_EDGE('',*,*,#10231,.T.);
#10231 = EDGE_CURVE('',#10224,#10180,#10232,.T.);
#10232 = LINE('',#10233,#10234);
#10233 = CARTESIAN_POINT('',(94.35,-18.15,-8.746781077207E-12));
#10234 = VECTOR('',#10235,1.);
#10235 = DIRECTION('',(-0.217364683225,0.260027511195,0.940817882434));
#10236 = ORIENTED_EDGE('',*,*,#10179,.T.);
#10237 = ORIENTED_EDGE('',*,*,#10123,.F.);
#10238 = B_SPLINE_SURFACE_WITH_KNOTS('',1,1,(
    (#10239,#10240)
    ,(#10241,#10242
    )),.UNSPECIFIED.,.F.,.F.,.F.,(2,2),(2,2),(0.,14.579617618301),(0.,1.
    ),.PIECEWISE_BEZIER_KNOTS.);
#10239 = CARTESIAN_POINT('',(94.35,-18.15,-8.746781077207E-12));
#10240 = CARTESIAN_POINT('',(94.35,0.,0.));
#10241 = CARTESIAN_POINT('',(91.254621848743,-14.44708255759,
    13.397701385479));
#10242 = CARTESIAN_POINT('',(91.267346938776,-0.872448979592,
    14.223267303191));
#10243 = ADVANCED_FACE('',(#10244),#10255,.F.);
#10244 = FACE_BOUND('',#10245,.F.);
#10245 = EDGE_LOOP('',(#10246,#10252,#10253,#10254));
#10246 = ORIENTED_EDGE('',*,*,#10247,.T.);
#10247 = EDGE_CURVE('',#10147,#10224,#10248,.T.);
#10248 = LINE('',#10249,#10250);
#10249 = CARTESIAN_POINT('',(76.2,-18.15,0.));
#10250 = VECTOR('',#10251,1.);
#10251 = DIRECTION('',(1.,0.,0.));
#10252 = ORIENTED_EDGE('',*,*,#10223,.T.);
#10253 = ORIENTED_EDGE('',*,*,#10115,.F.);
#10254 = ORIENTED_EDGE('',*,*,#10146,.F.);
#10255 = PLANE('',#10256);
#10256 = AXIS2_PLACEMENT_3D('',#10257,#10258,#10259);
#10257 = CARTESIAN_POINT('',(76.2,-18.15,0.));
#10258 = DIRECTION('',(0.,0.,1.));
#10259 = DIRECTION('',(0.,1.,0.));
#10260 = ADVANCED_FACE('',(#10261),#10267,.F.);
#10261 = FACE_BOUND('',#10262,.F.);
#10262 = EDGE_LOOP('',(#10263,#10264,#10265,#10266));
#10263 = ORIENTED_EDGE('',*,*,#10247,.F.);
#10264 = ORIENTED_EDGE('',*,*,#10154,.T.);
#10265 = ORIENTED_EDGE('',*,*,#10189,.T.);
#10266 = ORIENTED_EDGE('',*,*,#10231,.F.);
#10267 = PLANE('',#10268);
#10268 = AXIS2_PLACEMENT_3D('',#10269,#10270,#10271);
#10269 = CARTESIAN_POINT('',(76.2,-14.97987643419,11.469974567432));
#10270 = DIRECTION('',(0.,0.963863409028,-0.266396938303));
#10271 = DIRECTION('',(0.,-0.266396938303,-0.963863409028));
#10272 = MANIFOLD_SOLID_BREP('',#10273);
#10273 = CLOSED_SHELL('',(#10274,#10315,#10348,#10392,#10416,#10433));
#10274 = ADVANCED_FACE('',(#10275),#10310,.F.);
#10275 = FACE_BOUND('',#10276,.F.);
#10276 = EDGE_LOOP('',(#10277,#10287,#10295,#10303));
#10277 = ORIENTED_EDGE('',*,*,#10278,.F.);
#10278 = EDGE_CURVE('',#10279,#10281,#10283,.T.);
#10279 = VERTEX_POINT('',#10280);
#10280 = CARTESIAN_POINT('',(95.25,0.,0.));
#10281 = VERTEX_POINT('',#10282);
#10282 = CARTESIAN_POINT('',(97.9,-0.75,12.227019260637));
#10283 = LINE('',#10284,#10285);
#10284 = CARTESIAN_POINT('',(95.25,0.,0.));
#10285 = VECTOR('',#10286,1.);
#10286 = DIRECTION('',(0.211435796324,-5.984031971433E-02,0.97555832228)
  );
#10287 = ORIENTED_EDGE('',*,*,#10288,.T.);
#10288 = EDGE_CURVE('',#10279,#10289,#10291,.T.);
#10289 = VERTEX_POINT('',#10290);
#10290 = CARTESIAN_POINT('',(113.4,0.,0.));
#10291 = LINE('',#10292,#10293);
#10292 = CARTESIAN_POINT('',(95.25,0.,0.));
#10293 = VECTOR('',#10294,1.);
#10294 = DIRECTION('',(1.,0.,0.));
#10295 = ORIENTED_EDGE('',*,*,#10296,.T.);
#10296 = EDGE_CURVE('',#10289,#10297,#10299,.T.);
#10297 = VERTEX_POINT('',#10298);
#10298 = CARTESIAN_POINT('',(110.75,-0.75,12.227019260637));
#10299 = LINE('',#10300,#10301);
#10300 = CARTESIAN_POINT('',(113.4,0.,0.));
#10301 = VECTOR('',#10302,1.);
#10302 = DIRECTION('',(-0.211435796324,-5.984031971433E-02,0.97555832228
    ));
#10303 = ORIENTED_EDGE('',*,*,#10304,.T.);
#10304 = EDGE_CURVE('',#10297,#10281,#10305,.T.);
#10305 = CIRCLE('',#10306,26.200390625);
#10306 = AXIS2_PLACEMENT_3D('',#10307,#10308,#10309);
#10307 = CARTESIAN_POINT('',(104.325,-2.305125956633,37.579759293257));
#10308 = DIRECTION('',(0.,0.998124021277,6.122448979592E-02));
#10309 = DIRECTION('',(-1.,0.,0.));
#10310 = PLANE('',#10311);
#10311 = AXIS2_PLACEMENT_3D('',#10312,#10313,#10314);
#10312 = CARTESIAN_POINT('',(95.25,0.,0.));
#10313 = DIRECTION('',(0.,-0.998124021277,-6.122448979592E-02));
#10314 = DIRECTION('',(0.,-6.122448979592E-02,0.998124021277));
#10315 = ADVANCED_FACE('',(#10316),#10343,.T.);
#10316 = FACE_BOUND('',#10317,.T.);
#10317 = EDGE_LOOP('',(#10318,#10326,#10334,#10342));
#10318 = ORIENTED_EDGE('',*,*,#10319,.F.);
#10319 = EDGE_CURVE('',#10320,#10279,#10322,.T.);
#10320 = VERTEX_POINT('',#10321);
#10321 = CARTESIAN_POINT('',(95.25,-18.15,-4.373390538603E-12));
#10322 = LINE('',#10323,#10324);
#10323 = CARTESIAN_POINT('',(95.25,-18.15,0.));
#10324 = VECTOR('',#10325,1.);
#10325 = DIRECTION('',(0.,1.,0.));
#10326 = ORIENTED_EDGE('',*,*,#10327,.T.);
#10327 = EDGE_CURVE('',#10320,#10328,#10330,.T.);
#10328 = VERTEX_POINT('',#10329);
#10329 = CARTESIAN_POINT('',(97.899999999999,-14.97987643419,
    11.469974567432));
#10330 = LINE('',#10331,#10332);
#10331 = CARTESIAN_POINT('',(95.25,-18.15,-8.746781077207E-12));
#10332 = VECTOR('',#10333,1.);
#10333 = DIRECTION('',(0.217364683225,0.260027511195,0.940817882434));
#10334 = ORIENTED_EDGE('',*,*,#10335,.T.);
#10335 = EDGE_CURVE('',#10328,#10281,#10336,.T.);
#10336 = B_SPLINE_CURVE_WITH_KNOTS('',4,(#10337,#10338,#10339,#10340,
    #10341),.UNSPECIFIED.,.F.,.F.,(5,5),(0.,1.),
  .PIECEWISE_BEZIER_KNOTS.);
#10337 = CARTESIAN_POINT('',(97.899999999999,-14.97987643419,
    11.469974567432));
#10338 = CARTESIAN_POINT('',(97.900232422118,-11.42239004616,
    11.659236660021));
#10339 = CARTESIAN_POINT('',(97.900297783541,-7.864915922809,
    11.848498100115));
#10340 = CARTESIAN_POINT('',(97.90021551044,-4.307452887972,
    12.037758950288));
#10341 = CARTESIAN_POINT('',(97.9,-0.75,12.227019260637));
#10342 = ORIENTED_EDGE('',*,*,#10278,.F.);
#10343 = B_SPLINE_SURFACE_WITH_KNOTS('',1,1,(
    (#10344,#10345)
    ,(#10346,#10347
    )),.UNSPECIFIED.,.F.,.F.,.F.,(2,2),(2,2),(0.,14.579617618301),(0.,1.
    ),.PIECEWISE_BEZIER_KNOTS.);
#10344 = CARTESIAN_POINT('',(95.25,-18.15,-8.746781077207E-12));
#10345 = CARTESIAN_POINT('',(95.25,0.,0.));
#10346 = CARTESIAN_POINT('',(98.345378151257,-14.44708255759,
    13.397701385479));
#10347 = CARTESIAN_POINT('',(98.332653061224,-0.872448979592,
    14.223267303191));
#10348 = ADVANCED_FACE('',(#10349),#10384,.F.);
#10349 = FACE_BOUND('',#10350,.F.);
#10350 = EDGE_LOOP('',(#10351,#10361,#10382,#10383));
#10351 = ORIENTED_EDGE('',*,*,#10352,.F.);
#10352 = EDGE_CURVE('',#10353,#10297,#10355,.T.);
#10353 = VERTEX_POINT('',#10354);
#10354 = CARTESIAN_POINT('',(110.75,-14.97987643419,11.469974567432));
#10355 = B_SPLINE_CURVE_WITH_KNOTS('',4,(#10356,#10357,#10358,#10359,
    #10360),.UNSPECIFIED.,.F.,.F.,(5,5),(0.,1.),
  .PIECEWISE_BEZIER_KNOTS.);
#10356 = CARTESIAN_POINT('',(110.75,-14.97987643419,11.469974567432));
#10357 = CARTESIAN_POINT('',(110.74976757788,-11.42239004616,
    11.659236660021));
#10358 = CARTESIAN_POINT('',(110.74970221645,-7.864915922808,
    11.848498100115));
#10359 = CARTESIAN_POINT('',(110.74978448956,-4.307452887972,
    12.037758950288));
#10360 = CARTESIAN_POINT('',(110.75,-0.75,12.227019260637));
#10361 = ORIENTED_EDGE('',*,*,#10362,.F.);
#10362 = EDGE_CURVE('',#10328,#10353,#10363,.T.);
#10363 = B_SPLINE_CURVE_WITH_KNOTS('',5,(#10364,#10365,#10366,#10367,
    #10368,#10369,#10370,#10371,#10372,#10373,#10374,#10375,#10376,
    #10377,#10378,#10379,#10380,#10381),.UNSPECIFIED.,.F.,.F.,(6,4,4,4,6
    ),(0.,0.250671141902,0.499441859262,0.748277535936,1.),
  .UNSPECIFIED.);
#10364 = CARTESIAN_POINT('',(97.9,-14.97987643419,11.469974567432));
#10365 = CARTESIAN_POINT('',(98.52813754429,-15.02450715808,
    11.308494026611));
#10366 = CARTESIAN_POINT('',(99.162230778749,-15.06375793385,
    11.166478931437));
#10367 = CARTESIAN_POINT('',(99.801356523253,-15.09752465079,
    11.044305969889));
#10368 = CARTESIAN_POINT('',(100.44454924126,-15.1257260264,
    10.942269234021));
#10369 = CARTESIAN_POINT('',(101.73214853579,-15.17071651939,
    10.779486995499));
#10370 = CARTESIAN_POINT('',(102.37651318241,-15.18759074155,
    10.718433571254));
#10371 = CARTESIAN_POINT('',(103.02290426521,-15.19887532751,
    10.677604275059));
#10372 = CARTESIAN_POINT('',(103.67031842854,-15.20454299954,
    10.657097801841));
#10373 = CARTESIAN_POINT('',(104.96532511449,-15.20464383474,
    10.65673296523));
#10374 = CARTESIAN_POINT('',(105.6129219652,-15.1990740647,
    10.676885214594));
#10375 = CARTESIAN_POINT('',(106.25950856217,-15.1878841991,
    10.717371798565));
#10376 = CARTESIAN_POINT('',(106.90408063181,-15.17110130263,
    10.778094792991));
#10377 = CARTESIAN_POINT('',(108.19466003842,-15.12619854927,
    10.940559576576));
#10378 = CARTESIAN_POINT('',(108.84060164465,-15.09794921869,
    11.042769820618));
#10379 = CARTESIAN_POINT('',(109.48245027873,-15.06408707873,
    11.165288036713));
#10380 = CARTESIAN_POINT('',(110.11922802912,-15.02469434059,
    11.307816772666));
#10381 = CARTESIAN_POINT('',(110.75,-14.97987643419,11.469974567432));
#10382 = ORIENTED_EDGE('',*,*,#10335,.T.);
#10383 = ORIENTED_EDGE('',*,*,#10304,.F.);
#10384 = SURFACE_OF_LINEAR_EXTRUSION('',#10385,#10390);
#10385 = CIRCLE('',#10386,26.200390625);
#10386 = AXIS2_PLACEMENT_3D('',#10387,#10388,#10389);
#10387 = CARTESIAN_POINT('',(104.325,-2.305125956633,37.579759293257));
#10388 = DIRECTION('',(0.,0.998124021277,6.122448979592E-02));
#10389 = DIRECTION('',(-1.,0.,0.));
#10390 = VECTOR('',#10391,1.);
#10391 = DIRECTION('',(0.,0.998587819944,5.312594338285E-02));
#10392 = ADVANCED_FACE('',(#10393),#10411,.F.);
#10393 = FACE_BOUND('',#10394,.F.);
#10394 = EDGE_LOOP('',(#10395,#10403,#10409,#10410));
#10395 = ORIENTED_EDGE('',*,*,#10396,.F.);
#10396 = EDGE_CURVE('',#10397,#10289,#10399,.T.);
#10397 = VERTEX_POINT('',#10398);
#10398 = CARTESIAN_POINT('',(113.4,-18.15,-4.373390538603E-12));
#10399 = LINE('',#10400,#10401);
#10400 = CARTESIAN_POINT('',(113.4,-18.15,0.));
#10401 = VECTOR('',#10402,1.);
#10402 = DIRECTION('',(0.,1.,0.));
#10403 = ORIENTED_EDGE('',*,*,#10404,.T.);
#10404 = EDGE_CURVE('',#10397,#10353,#10405,.T.);
#10405 = LINE('',#10406,#10407);
#10406 = CARTESIAN_POINT('',(113.4,-18.15,-8.746781077207E-12));
#10407 = VECTOR('',#10408,1.);
#10408 = DIRECTION('',(-0.217364683225,0.260027511195,0.940817882434));
#10409 = ORIENTED_EDGE('',*,*,#10352,.T.);
#10410 = ORIENTED_EDGE('',*,*,#10296,.F.);
#10411 = B_SPLINE_SURFACE_WITH_KNOTS('',1,1,(
    (#10412,#10413)
    ,(#10414,#10415
    )),.UNSPECIFIED.,.F.,.F.,.F.,(2,2),(2,2),(0.,14.579617618301),(0.,1.
    ),.PIECEWISE_BEZIER_KNOTS.);
#10412 = CARTESIAN_POINT('',(113.4,-18.15,-8.746781077207E-12));
#10413 = CARTESIAN_POINT('',(113.4,0.,0.));
#10414 = CARTESIAN_POINT('',(110.30462184874,-14.44708255759,
    13.397701385479));
#10415 = CARTESIAN_POINT('',(110.31734693877,-0.872448979592,
    14.223267303191));
#10416 = ADVANCED_FACE('',(#10417),#10428,.F.);
#10417 = FACE_BOUND('',#10418,.F.);
#10418 = EDGE_LOOP('',(#10419,#10425,#10426,#10427));
#10419 = ORIENTED_EDGE('',*,*,#10420,.T.);
#10420 = EDGE_CURVE('',#10320,#10397,#10421,.T.);
#10421 = LINE('',#10422,#10423);
#10422 = CARTESIAN_POINT('',(95.25,-18.15,0.));
#10423 = VECTOR('',#10424,1.);
#10424 = DIRECTION('',(1.,0.,0.));
#10425 = ORIENTED_EDGE('',*,*,#10396,.T.);
#10426 = ORIENTED_EDGE('',*,*,#10288,.F.);
#10427 = ORIENTED_EDGE('',*,*,#10319,.F.);
#10428 = PLANE('',#10429);
#10429 = AXIS2_PLACEMENT_3D('',#10430,#10431,#10432);
#10430 = CARTESIAN_POINT('',(95.25,-18.15,0.));
#10431 = DIRECTION('',(0.,0.,1.));
#10432 = DIRECTION('',(0.,1.,0.));
#10433 = ADVANCED_FACE('',(#10434),#10440,.F.);
#10434 = FACE_BOUND('',#10435,.F.);
#10435 = EDGE_LOOP('',(#10436,#10437,#10438,#10439));
#10436 = ORIENTED_EDGE('',*,*,#10420,.F.);
#10437 = ORIENTED_EDGE('',*,*,#10327,.T.);
#10438 = ORIENTED_EDGE('',*,*,#10362,.T.);
#10439 = ORIENTED_EDGE('',*,*,#10404,.F.);
#10440 = PLANE('',#10441);
#10441 = AXIS2_PLACEMENT_3D('',#10442,#10443,#10444);
#10442 = CARTESIAN_POINT('',(95.25,-14.97987643419,11.469974567432));
#10443 = DIRECTION('',(0.,0.963863409028,-0.266396938303));
#10444 = DIRECTION('',(0.,-0.266396938303,-0.963863409028));
#10445 = MANIFOLD_SOLID_BREP('',#10446);
#10446 = CLOSED_SHELL('',(#10447,#10488,#10521,#10565,#10589,#10606));
#10447 = ADVANCED_FACE('',(#10448),#10483,.F.);
#10448 = FACE_BOUND('',#10449,.F.);
#10449 = EDGE_LOOP('',(#10450,#10460,#10468,#10476));
#10450 = ORIENTED_EDGE('',*,*,#10451,.F.);
#10451 = EDGE_CURVE('',#10452,#10454,#10456,.T.);
#10452 = VERTEX_POINT('',#10453);
#10453 = CARTESIAN_POINT('',(114.3,0.,0.));
#10454 = VERTEX_POINT('',#10455);
#10455 = CARTESIAN_POINT('',(116.95,-0.75,12.227019260637));
#10456 = LINE('',#10457,#10458);
#10457 = CARTESIAN_POINT('',(114.3,0.,0.));
#10458 = VECTOR('',#10459,1.);
#10459 = DIRECTION('',(0.211435796324,-5.984031971433E-02,0.97555832228)
  );
#10460 = ORIENTED_EDGE('',*,*,#10461,.T.);
#10461 = EDGE_CURVE('',#10452,#10462,#10464,.T.);
#10462 = VERTEX_POINT('',#10463);
#10463 = CARTESIAN_POINT('',(132.45,0.,0.));
#10464 = LINE('',#10465,#10466);
#10465 = CARTESIAN_POINT('',(114.3,0.,0.));
#10466 = VECTOR('',#10467,1.);
#10467 = DIRECTION('',(1.,0.,0.));
#10468 = ORIENTED_EDGE('',*,*,#10469,.T.);
#10469 = EDGE_CURVE('',#10462,#10470,#10472,.T.);
#10470 = VERTEX_POINT('',#10471);
#10471 = CARTESIAN_POINT('',(129.8,-0.75,12.227019260637));
#10472 = LINE('',#10473,#10474);
#10473 = CARTESIAN_POINT('',(132.45,0.,0.));
#10474 = VECTOR('',#10475,1.);
#10475 = DIRECTION('',(-0.211435796324,-5.984031971433E-02,0.97555832228
    ));
#10476 = ORIENTED_EDGE('',*,*,#10477,.T.);
#10477 = EDGE_CURVE('',#10470,#10454,#10478,.T.);
#10478 = CIRCLE('',#10479,26.200390625);
#10479 = AXIS2_PLACEMENT_3D('',#10480,#10481,#10482);
#10480 = CARTESIAN_POINT('',(123.375,-2.305125956633,37.579759293257));
#10481 = DIRECTION('',(0.,0.998124021277,6.122448979592E-02));
#10482 = DIRECTION('',(-1.,0.,0.));
#10483 = PLANE('',#10484);
#10484 = AXIS2_PLACEMENT_3D('',#10485,#10486,#10487);
#10485 = CARTESIAN_POINT('',(114.3,0.,0.));
#10486 = DIRECTION('',(0.,-0.998124021277,-6.122448979592E-02));
#10487 = DIRECTION('',(0.,-6.122448979592E-02,0.998124021277));
#10488 = ADVANCED_FACE('',(#10489),#10516,.T.);
#10489 = FACE_BOUND('',#10490,.T.);
#10490 = EDGE_LOOP('',(#10491,#10499,#10507,#10515));
#10491 = ORIENTED_EDGE('',*,*,#10492,.F.);
#10492 = EDGE_CURVE('',#10493,#10452,#10495,.T.);
#10493 = VERTEX_POINT('',#10494);
#10494 = CARTESIAN_POINT('',(114.3,-18.15,-4.373390538603E-12));
#10495 = LINE('',#10496,#10497);
#10496 = CARTESIAN_POINT('',(114.3,-18.15,0.));
#10497 = VECTOR('',#10498,1.);
#10498 = DIRECTION('',(0.,1.,0.));
#10499 = ORIENTED_EDGE('',*,*,#10500,.T.);
#10500 = EDGE_CURVE('',#10493,#10501,#10503,.T.);
#10501 = VERTEX_POINT('',#10502);
#10502 = CARTESIAN_POINT('',(116.94999999999,-14.97987643419,
    11.469974567432));
#10503 = LINE('',#10504,#10505);
#10504 = CARTESIAN_POINT('',(114.3,-18.15,-8.746781077207E-12));
#10505 = VECTOR('',#10506,1.);
#10506 = DIRECTION('',(0.217364683225,0.260027511195,0.940817882434));
#10507 = ORIENTED_EDGE('',*,*,#10508,.T.);
#10508 = EDGE_CURVE('',#10501,#10454,#10509,.T.);
#10509 = B_SPLINE_CURVE_WITH_KNOTS('',4,(#10510,#10511,#10512,#10513,
    #10514),.UNSPECIFIED.,.F.,.F.,(5,5),(0.,1.),
  .PIECEWISE_BEZIER_KNOTS.);
#10510 = CARTESIAN_POINT('',(116.94999999999,-14.97987643419,
    11.469974567432));
#10511 = CARTESIAN_POINT('',(116.95023242211,-11.42239004616,
    11.659236660021));
#10512 = CARTESIAN_POINT('',(116.95029778354,-7.864915922809,
    11.848498100115));
#10513 = CARTESIAN_POINT('',(116.95021551044,-4.307452887972,
    12.037758950288));
#10514 = CARTESIAN_POINT('',(116.95,-0.75,12.227019260637));
#10515 = ORIENTED_EDGE('',*,*,#10451,.F.);
#10516 = B_SPLINE_SURFACE_WITH_KNOTS('',1,1,(
    (#10517,#10518)
    ,(#10519,#10520
    )),.UNSPECIFIED.,.F.,.F.,.F.,(2,2),(2,2),(0.,14.579617618301),(0.,1.
    ),.PIECEWISE_BEZIER_KNOTS.);
#10517 = CARTESIAN_POINT('',(114.3,-18.15,-8.746781077207E-12));
#10518 = CARTESIAN_POINT('',(114.3,0.,0.));
#10519 = CARTESIAN_POINT('',(117.39537815125,-14.44708255759,
    13.397701385479));
#10520 = CARTESIAN_POINT('',(117.38265306122,-0.872448979592,
    14.223267303191));
#10521 = ADVANCED_FACE('',(#10522),#10557,.F.);
#10522 = FACE_BOUND('',#10523,.F.);
#10523 = EDGE_LOOP('',(#10524,#10534,#10555,#10556));
#10524 = ORIENTED_EDGE('',*,*,#10525,.F.);
#10525 = EDGE_CURVE('',#10526,#10470,#10528,.T.);
#10526 = VERTEX_POINT('',#10527);
#10527 = CARTESIAN_POINT('',(129.8,-14.97987643419,11.469974567432));
#10528 = B_SPLINE_CURVE_WITH_KNOTS('',4,(#10529,#10530,#10531,#10532,
    #10533),.UNSPECIFIED.,.F.,.F.,(5,5),(0.,1.),
  .PIECEWISE_BEZIER_KNOTS.);
#10529 = CARTESIAN_POINT('',(129.8,-14.97987643419,11.469974567432));
#10530 = CARTESIAN_POINT('',(129.79976757788,-11.42239004616,
    11.659236660021));
#10531 = CARTESIAN_POINT('',(129.79970221645,-7.864915922808,
    11.848498100115));
#10532 = CARTESIAN_POINT('',(129.79978448956,-4.307452887972,
    12.037758950288));
#10533 = CARTESIAN_POINT('',(129.8,-0.75,12.227019260637));
#10534 = ORIENTED_EDGE('',*,*,#10535,.F.);
#10535 = EDGE_CURVE('',#10501,#10526,#10536,.T.);
#10536 = B_SPLINE_CURVE_WITH_KNOTS('',5,(#10537,#10538,#10539,#10540,
    #10541,#10542,#10543,#10544,#10545,#10546,#10547,#10548,#10549,
    #10550,#10551,#10552,#10553,#10554),.UNSPECIFIED.,.F.,.F.,(6,4,4,4,6
    ),(0.,0.250671141902,0.499441859262,0.748277535936,1.),
  .UNSPECIFIED.);
#10537 = CARTESIAN_POINT('',(116.95,-14.97987643419,11.469974567432));
#10538 = CARTESIAN_POINT('',(117.57813754429,-15.02450715808,
    11.308494026611));
#10539 = CARTESIAN_POINT('',(118.21223077874,-15.06375793385,
    11.166478931437));
#10540 = CARTESIAN_POINT('',(118.85135652325,-15.09752465079,
    11.044305969889));
#10541 = CARTESIAN_POINT('',(119.49454924126,-15.1257260264,
    10.942269234021));
#10542 = CARTESIAN_POINT('',(120.78214853579,-15.17071651939,
    10.779486995499));
#10543 = CARTESIAN_POINT('',(121.42651318241,-15.18759074155,
    10.718433571254));
#10544 = CARTESIAN_POINT('',(122.07290426521,-15.19887532751,
    10.677604275059));
#10545 = CARTESIAN_POINT('',(122.72031842854,-15.20454299954,
    10.657097801841));
#10546 = CARTESIAN_POINT('',(124.01532511449,-15.20464383474,
    10.65673296523));
#10547 = CARTESIAN_POINT('',(124.6629219652,-15.1990740647,
    10.676885214594));
#10548 = CARTESIAN_POINT('',(125.30950856217,-15.1878841991,
    10.717371798565));
#10549 = CARTESIAN_POINT('',(125.95408063181,-15.17110130263,
    10.778094792991));
#10550 = CARTESIAN_POINT('',(127.24466003842,-15.12619854927,
    10.940559576576));
#10551 = CARTESIAN_POINT('',(127.89060164465,-15.09794921869,
    11.042769820618));
#10552 = CARTESIAN_POINT('',(128.53245027873,-15.06408707873,
    11.165288036713));
#10553 = CARTESIAN_POINT('',(129.16922802912,-15.02469434059,
    11.307816772666));
#10554 = CARTESIAN_POINT('',(129.8,-14.97987643419,11.469974567432));
#10555 = ORIENTED_EDGE('',*,*,#10508,.T.);
#10556 = ORIENTED_EDGE('',*,*,#10477,.F.);
#10557 = SURFACE_OF_LINEAR_EXTRUSION('',#10558,#10563);
#10558 = CIRCLE('',#10559,26.200390625);
#10559 = AXIS2_PLACEMENT_3D('',#10560,#10561,#10562);
#10560 = CARTESIAN_POINT('',(123.375,-2.305125956633,37.579759293257));
#10561 = DIRECTION('',(0.,0.998124021277,6.122448979592E-02));
#10562 = DIRECTION('',(-1.,0.,0.));
#10563 = VECTOR('',#10564,1.);
#10564 = DIRECTION('',(0.,0.998587819944,5.312594338285E-02));
#10565 = ADVANCED_FACE('',(#10566),#10584,.F.);
#10566 = FACE_BOUND('',#10567,.F.);
#10567 = EDGE_LOOP('',(#10568,#10576,#10582,#10583));
#10568 = ORIENTED_EDGE('',*,*,#10569,.F.);
#10569 = EDGE_CURVE('',#10570,#10462,#10572,.T.);
#10570 = VERTEX_POINT('',#10571);
#10571 = CARTESIAN_POINT('',(132.45,-18.15,-4.373390538603E-12));
#10572 = LINE('',#10573,#10574);
#10573 = CARTESIAN_POINT('',(132.45,-18.15,0.));
#10574 = VECTOR('',#10575,1.);
#10575 = DIRECTION('',(0.,1.,0.));
#10576 = ORIENTED_EDGE('',*,*,#10577,.T.);
#10577 = EDGE_CURVE('',#10570,#10526,#10578,.T.);
#10578 = LINE('',#10579,#10580);
#10579 = CARTESIAN_POINT('',(132.45,-18.15,-8.746781077207E-12));
#10580 = VECTOR('',#10581,1.);
#10581 = DIRECTION('',(-0.217364683225,0.260027511195,0.940817882434));
#10582 = ORIENTED_EDGE('',*,*,#10525,.T.);
#10583 = ORIENTED_EDGE('',*,*,#10469,.F.);
#10584 = B_SPLINE_SURFACE_WITH_KNOTS('',1,1,(
    (#10585,#10586)
    ,(#10587,#10588
    )),.UNSPECIFIED.,.F.,.F.,.F.,(2,2),(2,2),(0.,14.579617618301),(0.,1.
    ),.PIECEWISE_BEZIER_KNOTS.);
#10585 = CARTESIAN_POINT('',(132.45,-18.15,-8.746781077207E-12));
#10586 = CARTESIAN_POINT('',(132.45,0.,0.));
#10587 = CARTESIAN_POINT('',(129.35462184874,-14.44708255759,
    13.397701385479));
#10588 = CARTESIAN_POINT('',(129.36734693877,-0.872448979592,
    14.223267303191));
#10589 = ADVANCED_FACE('',(#10590),#10601,.F.);
#10590 = FACE_BOUND('',#10591,.F.);
#10591 = EDGE_LOOP('',(#10592,#10598,#10599,#10600));
#10592 = ORIENTED_EDGE('',*,*,#10593,.T.);
#10593 = EDGE_CURVE('',#10493,#10570,#10594,.T.);
#10594 = LINE('',#10595,#10596);
#10595 = CARTESIAN_POINT('',(114.3,-18.15,0.));
#10596 = VECTOR('',#10597,1.);
#10597 = DIRECTION('',(1.,0.,0.));
#10598 = ORIENTED_EDGE('',*,*,#10569,.T.);
#10599 = ORIENTED_EDGE('',*,*,#10461,.F.);
#10600 = ORIENTED_EDGE('',*,*,#10492,.F.);
#10601 = PLANE('',#10602);
#10602 = AXIS2_PLACEMENT_3D('',#10603,#10604,#10605);
#10603 = CARTESIAN_POINT('',(114.3,-18.15,0.));
#10604 = DIRECTION('',(0.,0.,1.));
#10605 = DIRECTION('',(0.,1.,0.));
#10606 = ADVANCED_FACE('',(#10607),#10613,.F.);
#10607 = FACE_BOUND('',#10608,.F.);
#10608 = EDGE_LOOP('',(#10609,#10610,#10611,#10612));
#10609 = ORIENTED_EDGE('',*,*,#10593,.F.);
#10610 = ORIENTED_EDGE('',*,*,#10500,.T.);
#10611 = ORIENTED_EDGE('',*,*,#10535,.T.);
#10612 = ORIENTED_EDGE('',*,*,#10577,.F.);
#10613 = PLANE('',#10614);
#10614 = AXIS2_PLACEMENT_3D('',#10615,#10616,#10617);
#10615 = CARTESIAN_POINT('',(114.3,-14.97987643419,11.469974567432));
#10616 = DIRECTION('',(0.,0.963863409028,-0.266396938303));
#10617 = DIRECTION('',(0.,-0.266396938303,-0.963863409028));
#10618 = MANIFOLD_SOLID_BREP('',#10619);
#10619 = CLOSED_SHELL('',(#10620,#10661,#10694,#10738,#10762,#10779));
#10620 = ADVANCED_FACE('',(#10621),#10656,.F.);
#10621 = FACE_BOUND('',#10622,.F.);
#10622 = EDGE_LOOP('',(#10623,#10633,#10641,#10649));
#10623 = ORIENTED_EDGE('',*,*,#10624,.F.);
#10624 = EDGE_CURVE('',#10625,#10627,#10629,.T.);
#10625 = VERTEX_POINT('',#10626);
#10626 = CARTESIAN_POINT('',(133.35,0.,0.));
#10627 = VERTEX_POINT('',#10628);
#10628 = CARTESIAN_POINT('',(136.,-0.75,12.227019260637));
#10629 = LINE('',#10630,#10631);
#10630 = CARTESIAN_POINT('',(133.35,0.,0.));
#10631 = VECTOR('',#10632,1.);
#10632 = DIRECTION('',(0.211435796324,-5.984031971433E-02,0.97555832228)
  );
#10633 = ORIENTED_EDGE('',*,*,#10634,.T.);
#10634 = EDGE_CURVE('',#10625,#10635,#10637,.T.);
#10635 = VERTEX_POINT('',#10636);
#10636 = CARTESIAN_POINT('',(151.5,0.,0.));
#10637 = LINE('',#10638,#10639);
#10638 = CARTESIAN_POINT('',(133.35,0.,0.));
#10639 = VECTOR('',#10640,1.);
#10640 = DIRECTION('',(1.,0.,0.));
#10641 = ORIENTED_EDGE('',*,*,#10642,.T.);
#10642 = EDGE_CURVE('',#10635,#10643,#10645,.T.);
#10643 = VERTEX_POINT('',#10644);
#10644 = CARTESIAN_POINT('',(148.85,-0.75,12.227019260637));
#10645 = LINE('',#10646,#10647);
#10646 = CARTESIAN_POINT('',(151.5,0.,0.));
#10647 = VECTOR('',#10648,1.);
#10648 = DIRECTION('',(-0.211435796324,-5.984031971433E-02,0.97555832228
    ));
#10649 = ORIENTED_EDGE('',*,*,#10650,.T.);
#10650 = EDGE_CURVE('',#10643,#10627,#10651,.T.);
#10651 = CIRCLE('',#10652,26.200390625);
#10652 = AXIS2_PLACEMENT_3D('',#10653,#10654,#10655);
#10653 = CARTESIAN_POINT('',(142.425,-2.305125956633,37.579759293257));
#10654 = DIRECTION('',(0.,0.998124021277,6.122448979592E-02));
#10655 = DIRECTION('',(-1.,0.,0.));
#10656 = PLANE('',#10657);
#10657 = AXIS2_PLACEMENT_3D('',#10658,#10659,#10660);
#10658 = CARTESIAN_POINT('',(133.35,0.,0.));
#10659 = DIRECTION('',(0.,-0.998124021277,-6.122448979592E-02));
#10660 = DIRECTION('',(0.,-6.122448979592E-02,0.998124021277));
#10661 = ADVANCED_FACE('',(#10662),#10689,.T.);
#10662 = FACE_BOUND('',#10663,.T.);
#10663 = EDGE_LOOP('',(#10664,#10672,#10680,#10688));
#10664 = ORIENTED_EDGE('',*,*,#10665,.F.);
#10665 = EDGE_CURVE('',#10666,#10625,#10668,.T.);
#10666 = VERTEX_POINT('',#10667);
#10667 = CARTESIAN_POINT('',(133.35,-18.15,-4.373390538603E-12));
#10668 = LINE('',#10669,#10670);
#10669 = CARTESIAN_POINT('',(133.35,-18.15,0.));
#10670 = VECTOR('',#10671,1.);
#10671 = DIRECTION('',(0.,1.,0.));
#10672 = ORIENTED_EDGE('',*,*,#10673,.T.);
#10673 = EDGE_CURVE('',#10666,#10674,#10676,.T.);
#10674 = VERTEX_POINT('',#10675);
#10675 = CARTESIAN_POINT('',(135.99999999999,-14.97987643419,
    11.469974567432));
#10676 = LINE('',#10677,#10678);
#10677 = CARTESIAN_POINT('',(133.35,-18.15,-8.746781077207E-12));
#10678 = VECTOR('',#10679,1.);
#10679 = DIRECTION('',(0.217364683225,0.260027511195,0.940817882434));
#10680 = ORIENTED_EDGE('',*,*,#10681,.T.);
#10681 = EDGE_CURVE('',#10674,#10627,#10682,.T.);
#10682 = B_SPLINE_CURVE_WITH_KNOTS('',4,(#10683,#10684,#10685,#10686,
    #10687),.UNSPECIFIED.,.F.,.F.,(5,5),(0.,1.),
  .PIECEWISE_BEZIER_KNOTS.);
#10683 = CARTESIAN_POINT('',(135.99999999999,-14.97987643419,
    11.469974567432));
#10684 = CARTESIAN_POINT('',(136.00023242211,-11.42239004616,
    11.659236660021));
#10685 = CARTESIAN_POINT('',(136.00029778354,-7.864915922809,
    11.848498100115));
#10686 = CARTESIAN_POINT('',(136.00021551044,-4.307452887972,
    12.037758950288));
#10687 = CARTESIAN_POINT('',(136.,-0.75,12.227019260637));
#10688 = ORIENTED_EDGE('',*,*,#10624,.F.);
#10689 = B_SPLINE_SURFACE_WITH_KNOTS('',1,1,(
    (#10690,#10691)
    ,(#10692,#10693
    )),.UNSPECIFIED.,.F.,.F.,.F.,(2,2),(2,2),(0.,14.579617618301),(0.,1.
    ),.PIECEWISE_BEZIER_KNOTS.);
#10690 = CARTESIAN_POINT('',(133.35,-18.15,-8.746781077207E-12));
#10691 = CARTESIAN_POINT('',(133.35,0.,0.));
#10692 = CARTESIAN_POINT('',(136.44537815125,-14.44708255759,
    13.397701385479));
#10693 = CARTESIAN_POINT('',(136.43265306122,-0.872448979592,
    14.223267303191));
#10694 = ADVANCED_FACE('',(#10695),#10730,.F.);
#10695 = FACE_BOUND('',#10696,.F.);
#10696 = EDGE_LOOP('',(#10697,#10707,#10728,#10729));
#10697 = ORIENTED_EDGE('',*,*,#10698,.F.);
#10698 = EDGE_CURVE('',#10699,#10643,#10701,.T.);
#10699 = VERTEX_POINT('',#10700);
#10700 = CARTESIAN_POINT('',(148.85,-14.97987643419,11.469974567432));
#10701 = B_SPLINE_CURVE_WITH_KNOTS('',4,(#10702,#10703,#10704,#10705,
    #10706),.UNSPECIFIED.,.F.,.F.,(5,5),(0.,1.),
  .PIECEWISE_BEZIER_KNOTS.);
#10702 = CARTESIAN_POINT('',(148.85,-14.97987643419,11.469974567432));
#10703 = CARTESIAN_POINT('',(148.84976757788,-11.42239004616,
    11.659236660021));
#10704 = CARTESIAN_POINT('',(148.84970221645,-7.864915922808,
    11.848498100115));
#10705 = CARTESIAN_POINT('',(148.84978448956,-4.307452887972,
    12.037758950288));
#10706 = CARTESIAN_POINT('',(148.85,-0.75,12.227019260637));
#10707 = ORIENTED_EDGE('',*,*,#10708,.F.);
#10708 = EDGE_CURVE('',#10674,#10699,#10709,.T.);
#10709 = B_SPLINE_CURVE_WITH_KNOTS('',5,(#10710,#10711,#10712,#10713,
    #10714,#10715,#10716,#10717,#10718,#10719,#10720,#10721,#10722,
    #10723,#10724,#10725,#10726,#10727),.UNSPECIFIED.,.F.,.F.,(6,4,4,4,6
    ),(0.,0.250671141902,0.499441859262,0.748277535936,1.),
  .UNSPECIFIED.);
#10710 = CARTESIAN_POINT('',(136.,-14.97987643419,11.469974567432));
#10711 = CARTESIAN_POINT('',(136.62813754429,-15.02450715808,
    11.308494026611));
#10712 = CARTESIAN_POINT('',(137.26223077874,-15.06375793385,
    11.166478931437));
#10713 = CARTESIAN_POINT('',(137.90135652325,-15.09752465079,
    11.044305969889));
#10714 = CARTESIAN_POINT('',(138.54454924126,-15.1257260264,
    10.942269234021));
#10715 = CARTESIAN_POINT('',(139.83214853579,-15.17071651939,
    10.779486995499));
#10716 = CARTESIAN_POINT('',(140.47651318241,-15.18759074155,
    10.718433571254));
#10717 = CARTESIAN_POINT('',(141.12290426521,-15.19887532751,
    10.677604275059));
#10718 = CARTESIAN_POINT('',(141.77031842854,-15.20454299954,
    10.657097801841));
#10719 = CARTESIAN_POINT('',(143.06532511449,-15.20464383474,
    10.65673296523));
#10720 = CARTESIAN_POINT('',(143.7129219652,-15.1990740647,
    10.676885214594));
#10721 = CARTESIAN_POINT('',(144.35950856217,-15.1878841991,
    10.717371798565));
#10722 = CARTESIAN_POINT('',(145.00408063181,-15.17110130263,
    10.778094792991));
#10723 = CARTESIAN_POINT('',(146.29466003842,-15.12619854927,
    10.940559576576));
#10724 = CARTESIAN_POINT('',(146.94060164465,-15.09794921869,
    11.042769820618));
#10725 = CARTESIAN_POINT('',(147.58245027873,-15.06408707873,
    11.165288036713));
#10726 = CARTESIAN_POINT('',(148.21922802912,-15.02469434059,
    11.307816772666));
#10727 = CARTESIAN_POINT('',(148.85,-14.97987643419,11.469974567432));
#10728 = ORIENTED_EDGE('',*,*,#10681,.T.);
#10729 = ORIENTED_EDGE('',*,*,#10650,.F.);
#10730 = SURFACE_OF_LINEAR_EXTRUSION('',#10731,#10736);
#10731 = CIRCLE('',#10732,26.200390625);
#10732 = AXIS2_PLACEMENT_3D('',#10733,#10734,#10735);
#10733 = CARTESIAN_POINT('',(142.425,-2.305125956633,37.579759293257));
#10734 = DIRECTION('',(0.,0.998124021277,6.122448979592E-02));
#10735 = DIRECTION('',(-1.,0.,0.));
#10736 = VECTOR('',#10737,1.);
#10737 = DIRECTION('',(0.,0.998587819944,5.312594338285E-02));
#10738 = ADVANCED_FACE('',(#10739),#10757,.F.);
#10739 = FACE_BOUND('',#10740,.F.);
#10740 = EDGE_LOOP('',(#10741,#10749,#10755,#10756));
#10741 = ORIENTED_EDGE('',*,*,#10742,.F.);
#10742 = EDGE_CURVE('',#10743,#10635,#10745,.T.);
#10743 = VERTEX_POINT('',#10744);
#10744 = CARTESIAN_POINT('',(151.5,-18.15,-4.373390538603E-12));
#10745 = LINE('',#10746,#10747);
#10746 = CARTESIAN_POINT('',(151.5,-18.15,0.));
#10747 = VECTOR('',#10748,1.);
#10748 = DIRECTION('',(0.,1.,0.));
#10749 = ORIENTED_EDGE('',*,*,#10750,.T.);
#10750 = EDGE_CURVE('',#10743,#10699,#10751,.T.);
#10751 = LINE('',#10752,#10753);
#10752 = CARTESIAN_POINT('',(151.5,-18.15,-8.746781077207E-12));
#10753 = VECTOR('',#10754,1.);
#10754 = DIRECTION('',(-0.217364683225,0.260027511195,0.940817882434));
#10755 = ORIENTED_EDGE('',*,*,#10698,.T.);
#10756 = ORIENTED_EDGE('',*,*,#10642,.F.);
#10757 = B_SPLINE_SURFACE_WITH_KNOTS('',1,1,(
    (#10758,#10759)
    ,(#10760,#10761
    )),.UNSPECIFIED.,.F.,.F.,.F.,(2,2),(2,2),(0.,14.579617618301),(0.,1.
    ),.PIECEWISE_BEZIER_KNOTS.);
#10758 = CARTESIAN_POINT('',(151.5,-18.15,-8.746781077207E-12));
#10759 = CARTESIAN_POINT('',(151.5,0.,0.));
#10760 = CARTESIAN_POINT('',(148.40462184874,-14.44708255759,
    13.397701385479));
#10761 = CARTESIAN_POINT('',(148.41734693877,-0.872448979592,
    14.223267303191));
#10762 = ADVANCED_FACE('',(#10763),#10774,.F.);
#10763 = FACE_BOUND('',#10764,.F.);
#10764 = EDGE_LOOP('',(#10765,#10771,#10772,#10773));
#10765 = ORIENTED_EDGE('',*,*,#10766,.T.);
#10766 = EDGE_CURVE('',#10666,#10743,#10767,.T.);
#10767 = LINE('',#10768,#10769);
#10768 = CARTESIAN_POINT('',(133.35,-18.15,0.));
#10769 = VECTOR('',#10770,1.);
#10770 = DIRECTION('',(1.,0.,0.));
#10771 = ORIENTED_EDGE('',*,*,#10742,.T.);
#10772 = ORIENTED_EDGE('',*,*,#10634,.F.);
#10773 = ORIENTED_EDGE('',*,*,#10665,.F.);
#10774 = PLANE('',#10775);
#10775 = AXIS2_PLACEMENT_3D('',#10776,#10777,#10778);
#10776 = CARTESIAN_POINT('',(133.35,-18.15,0.));
#10777 = DIRECTION('',(0.,0.,1.));
#10778 = DIRECTION('',(0.,1.,0.));
#10779 = ADVANCED_FACE('',(#10780),#10786,.F.);
#10780 = FACE_BOUND('',#10781,.F.);
#10781 = EDGE_LOOP('',(#10782,#10783,#10784,#10785));
#10782 = ORIENTED_EDGE('',*,*,#10766,.F.);
#10783 = ORIENTED_EDGE('',*,*,#10673,.T.);
#10784 = ORIENTED_EDGE('',*,*,#10708,.T.);
#10785 = ORIENTED_EDGE('',*,*,#10750,.F.);
#10786 = PLANE('',#10787);
#10787 = AXIS2_PLACEMENT_3D('',#10788,#10789,#10790);
#10788 = CARTESIAN_POINT('',(133.35,-14.97987643419,11.469974567432));
#10789 = DIRECTION('',(0.,0.963863409028,-0.266396938303));
#10790 = DIRECTION('',(0.,-0.266396938303,-0.963863409028));
#10791 = MANIFOLD_SOLID_BREP('',#10792);
#10792 = CLOSED_SHELL('',(#10793,#10834,#10867,#10911,#10935,#10952));
#10793 = ADVANCED_FACE('',(#10794),#10829,.F.);
#10794 = FACE_BOUND('',#10795,.F.);
#10795 = EDGE_LOOP('',(#10796,#10806,#10814,#10822));
#10796 = ORIENTED_EDGE('',*,*,#10797,.F.);
#10797 = EDGE_CURVE('',#10798,#10800,#10802,.T.);
#10798 = VERTEX_POINT('',#10799);
#10799 = CARTESIAN_POINT('',(152.4,0.,0.));
#10800 = VERTEX_POINT('',#10801);
#10801 = CARTESIAN_POINT('',(155.05,-0.75,12.227019260637));
#10802 = LINE('',#10803,#10804);
#10803 = CARTESIAN_POINT('',(152.4,0.,0.));
#10804 = VECTOR('',#10805,1.);
#10805 = DIRECTION('',(0.211435796324,-5.984031971433E-02,0.97555832228)
  );
#10806 = ORIENTED_EDGE('',*,*,#10807,.T.);
#10807 = EDGE_CURVE('',#10798,#10808,#10810,.T.);
#10808 = VERTEX_POINT('',#10809);
#10809 = CARTESIAN_POINT('',(170.55,0.,0.));
#10810 = LINE('',#10811,#10812);
#10811 = CARTESIAN_POINT('',(152.4,0.,0.));
#10812 = VECTOR('',#10813,1.);
#10813 = DIRECTION('',(1.,0.,0.));
#10814 = ORIENTED_EDGE('',*,*,#10815,.T.);
#10815 = EDGE_CURVE('',#10808,#10816,#10818,.T.);
#10816 = VERTEX_POINT('',#10817);
#10817 = CARTESIAN_POINT('',(167.9,-0.75,12.227019260637));
#10818 = LINE('',#10819,#10820);
#10819 = CARTESIAN_POINT('',(170.55,0.,0.));
#10820 = VECTOR('',#10821,1.);
#10821 = DIRECTION('',(-0.211435796324,-5.984031971433E-02,0.97555832228
    ));
#10822 = ORIENTED_EDGE('',*,*,#10823,.T.);
#10823 = EDGE_CURVE('',#10816,#10800,#10824,.T.);
#10824 = CIRCLE('',#10825,26.200390625);
#10825 = AXIS2_PLACEMENT_3D('',#10826,#10827,#10828);
#10826 = CARTESIAN_POINT('',(161.475,-2.305125956633,37.579759293257));
#10827 = DIRECTION('',(0.,0.998124021277,6.122448979592E-02));
#10828 = DIRECTION('',(-1.,0.,0.));
#10829 = PLANE('',#10830);
#10830 = AXIS2_PLACEMENT_3D('',#10831,#10832,#10833);
#10831 = CARTESIAN_POINT('',(152.4,0.,0.));
#10832 = DIRECTION('',(0.,-0.998124021277,-6.122448979592E-02));
#10833 = DIRECTION('',(0.,-6.122448979592E-02,0.998124021277));
#10834 = ADVANCED_FACE('',(#10835),#10862,.T.);
#10835 = FACE_BOUND('',#10836,.T.);
#10836 = EDGE_LOOP('',(#10837,#10845,#10853,#10861));
#10837 = ORIENTED_EDGE('',*,*,#10838,.F.);
#10838 = EDGE_CURVE('',#10839,#10798,#10841,.T.);
#10839 = VERTEX_POINT('',#10840);
#10840 = CARTESIAN_POINT('',(152.4,-18.15,-4.373390538603E-12));
#10841 = LINE('',#10842,#10843);
#10842 = CARTESIAN_POINT('',(152.4,-18.15,0.));
#10843 = VECTOR('',#10844,1.);
#10844 = DIRECTION('',(0.,1.,0.));
#10845 = ORIENTED_EDGE('',*,*,#10846,.T.);
#10846 = EDGE_CURVE('',#10839,#10847,#10849,.T.);
#10847 = VERTEX_POINT('',#10848);
#10848 = CARTESIAN_POINT('',(155.04999999999,-14.97987643419,
    11.469974567432));
#10849 = LINE('',#10850,#10851);
#10850 = CARTESIAN_POINT('',(152.4,-18.15,-8.746781077207E-12));
#10851 = VECTOR('',#10852,1.);
#10852 = DIRECTION('',(0.217364683225,0.260027511195,0.940817882434));
#10853 = ORIENTED_EDGE('',*,*,#10854,.T.);
#10854 = EDGE_CURVE('',#10847,#10800,#10855,.T.);
#10855 = B_SPLINE_CURVE_WITH_KNOTS('',4,(#10856,#10857,#10858,#10859,
    #10860),.UNSPECIFIED.,.F.,.F.,(5,5),(0.,1.),
  .PIECEWISE_BEZIER_KNOTS.);
#10856 = CARTESIAN_POINT('',(155.04999999999,-14.97987643419,
    11.469974567432));
#10857 = CARTESIAN_POINT('',(155.05023242211,-11.42239004616,
    11.659236660021));
#10858 = CARTESIAN_POINT('',(155.05029778354,-7.864915922809,
    11.848498100115));
#10859 = CARTESIAN_POINT('',(155.05021551044,-4.307452887972,
    12.037758950288));
#10860 = CARTESIAN_POINT('',(155.05,-0.75,12.227019260637));
#10861 = ORIENTED_EDGE('',*,*,#10797,.F.);
#10862 = B_SPLINE_SURFACE_WITH_KNOTS('',1,1,(
    (#10863,#10864)
    ,(#10865,#10866
    )),.UNSPECIFIED.,.F.,.F.,.F.,(2,2),(2,2),(0.,14.579617618301),(0.,1.
    ),.PIECEWISE_BEZIER_KNOTS.);
#10863 = CARTESIAN_POINT('',(152.4,-18.15,-8.746781077207E-12));
#10864 = CARTESIAN_POINT('',(152.4,0.,0.));
#10865 = CARTESIAN_POINT('',(155.49537815125,-14.44708255759,
    13.397701385479));
#10866 = CARTESIAN_POINT('',(155.48265306122,-0.872448979592,
    14.223267303191));
#10867 = ADVANCED_FACE('',(#10868),#10903,.F.);
#10868 = FACE_BOUND('',#10869,.F.);
#10869 = EDGE_LOOP('',(#10870,#10880,#10901,#10902));
#10870 = ORIENTED_EDGE('',*,*,#10871,.F.);
#10871 = EDGE_CURVE('',#10872,#10816,#10874,.T.);
#10872 = VERTEX_POINT('',#10873);
#10873 = CARTESIAN_POINT('',(167.9,-14.97987643419,11.469974567432));
#10874 = B_SPLINE_CURVE_WITH_KNOTS('',4,(#10875,#10876,#10877,#10878,
    #10879),.UNSPECIFIED.,.F.,.F.,(5,5),(0.,1.),
  .PIECEWISE_BEZIER_KNOTS.);
#10875 = CARTESIAN_POINT('',(167.9,-14.97987643419,11.469974567432));
#10876 = CARTESIAN_POINT('',(167.89976757788,-11.42239004616,
    11.659236660021));
#10877 = CARTESIAN_POINT('',(167.89970221645,-7.864915922808,
    11.848498100115));
#10878 = CARTESIAN_POINT('',(167.89978448956,-4.307452887972,
    12.037758950288));
#10879 = CARTESIAN_POINT('',(167.9,-0.75,12.227019260637));
#10880 = ORIENTED_EDGE('',*,*,#10881,.F.);
#10881 = EDGE_CURVE('',#10847,#10872,#10882,.T.);
#10882 = B_SPLINE_CURVE_WITH_KNOTS('',5,(#10883,#10884,#10885,#10886,
    #10887,#10888,#10889,#10890,#10891,#10892,#10893,#10894,#10895,
    #10896,#10897,#10898,#10899,#10900),.UNSPECIFIED.,.F.,.F.,(6,4,4,4,6
    ),(0.,0.250671141902,0.499441859262,0.748277535936,1.),
  .UNSPECIFIED.);
#10883 = CARTESIAN_POINT('',(155.05,-14.97987643419,11.469974567432));
#10884 = CARTESIAN_POINT('',(155.67813754429,-15.02450715808,
    11.308494026611));
#10885 = CARTESIAN_POINT('',(156.31223077874,-15.06375793385,
    11.166478931437));
#10886 = CARTESIAN_POINT('',(156.95135652325,-15.09752465079,
    11.044305969889));
#10887 = CARTESIAN_POINT('',(157.59454924126,-15.1257260264,
    10.942269234021));
#10888 = CARTESIAN_POINT('',(158.88214853579,-15.17071651939,
    10.779486995499));
#10889 = CARTESIAN_POINT('',(159.52651318241,-15.18759074155,
    10.718433571254));
#10890 = CARTESIAN_POINT('',(160.17290426521,-15.19887532751,
    10.677604275059));
#10891 = CARTESIAN_POINT('',(160.82031842854,-15.20454299954,
    10.657097801841));
#10892 = CARTESIAN_POINT('',(162.11532511449,-15.20464383474,
    10.65673296523));
#10893 = CARTESIAN_POINT('',(162.7629219652,-15.1990740647,
    10.676885214594));
#10894 = CARTESIAN_POINT('',(163.40950856217,-15.1878841991,
    10.717371798565));
#10895 = CARTESIAN_POINT('',(164.05408063181,-15.17110130263,
    10.778094792991));
#10896 = CARTESIAN_POINT('',(165.34466003842,-15.12619854927,
    10.940559576576));
#10897 = CARTESIAN_POINT('',(165.99060164465,-15.09794921869,
    11.042769820618));
#10898 = CARTESIAN_POINT('',(166.63245027873,-15.06408707873,
    11.165288036713));
#10899 = CARTESIAN_POINT('',(167.26922802912,-15.02469434059,
    11.307816772666));
#10900 = CARTESIAN_POINT('',(167.9,-14.97987643419,11.469974567432));
#10901 = ORIENTED_EDGE('',*,*,#10854,.T.);
#10902 = ORIENTED_EDGE('',*,*,#10823,.F.);
#10903 = SURFACE_OF_LINEAR_EXTRUSION('',#10904,#10909);
#10904 = CIRCLE('',#10905,26.200390625);
#10905 = AXIS2_PLACEMENT_3D('',#10906,#10907,#10908);
#10906 = CARTESIAN_POINT('',(161.475,-2.305125956633,37.579759293257));
#10907 = DIRECTION('',(0.,0.998124021277,6.122448979592E-02));
#10908 = DIRECTION('',(-1.,0.,0.));
#10909 = VECTOR('',#10910,1.);
#10910 = DIRECTION('',(0.,0.998587819944,5.312594338285E-02));
#10911 = ADVANCED_FACE('',(#10912),#10930,.F.);
#10912 = FACE_BOUND('',#10913,.F.);
#10913 = EDGE_LOOP('',(#10914,#10922,#10928,#10929));
#10914 = ORIENTED_EDGE('',*,*,#10915,.F.);
#10915 = EDGE_CURVE('',#10916,#10808,#10918,.T.);
#10916 = VERTEX_POINT('',#10917);
#10917 = CARTESIAN_POINT('',(170.55,-18.15,-4.373390538603E-12));
#10918 = LINE('',#10919,#10920);
#10919 = CARTESIAN_POINT('',(170.55,-18.15,0.));
#10920 = VECTOR('',#10921,1.);
#10921 = DIRECTION('',(0.,1.,0.));
#10922 = ORIENTED_EDGE('',*,*,#10923,.T.);
#10923 = EDGE_CURVE('',#10916,#10872,#10924,.T.);
#10924 = LINE('',#10925,#10926);
#10925 = CARTESIAN_POINT('',(170.55,-18.15,-8.746781077207E-12));
#10926 = VECTOR('',#10927,1.);
#10927 = DIRECTION('',(-0.217364683225,0.260027511195,0.940817882434));
#10928 = ORIENTED_EDGE('',*,*,#10871,.T.);
#10929 = ORIENTED_EDGE('',*,*,#10815,.F.);
#10930 = B_SPLINE_SURFACE_WITH_KNOTS('',1,1,(
    (#10931,#10932)
    ,(#10933,#10934
    )),.UNSPECIFIED.,.F.,.F.,.F.,(2,2),(2,2),(0.,14.579617618301),(0.,1.
    ),.PIECEWISE_BEZIER_KNOTS.);
#10931 = CARTESIAN_POINT('',(170.55,-18.15,-8.746781077207E-12));
#10932 = CARTESIAN_POINT('',(170.55,0.,0.));
#10933 = CARTESIAN_POINT('',(167.45462184874,-14.44708255759,
    13.397701385479));
#10934 = CARTESIAN_POINT('',(167.46734693877,-0.872448979592,
    14.223267303191));
#10935 = ADVANCED_FACE('',(#10936),#10947,.F.);
#10936 = FACE_BOUND('',#10937,.F.);
#10937 = EDGE_LOOP('',(#10938,#10944,#10945,#10946));
#10938 = ORIENTED_EDGE('',*,*,#10939,.T.);
#10939 = EDGE_CURVE('',#10839,#10916,#10940,.T.);
#10940 = LINE('',#10941,#10942);
#10941 = CARTESIAN_POINT('',(152.4,-18.15,0.));
#10942 = VECTOR('',#10943,1.);
#10943 = DIRECTION('',(1.,0.,0.));
#10944 = ORIENTED_EDGE('',*,*,#10915,.T.);
#10945 = ORIENTED_EDGE('',*,*,#10807,.F.);
#10946 = ORIENTED_EDGE('',*,*,#10838,.F.);
#10947 = PLANE('',#10948);
#10948 = AXIS2_PLACEMENT_3D('',#10949,#10950,#10951);
#10949 = CARTESIAN_POINT('',(152.4,-18.15,0.));
#10950 = DIRECTION('',(0.,0.,1.));
#10951 = DIRECTION('',(0.,1.,0.));
#10952 = ADVANCED_FACE('',(#10953),#10959,.F.);
#10953 = FACE_BOUND('',#10954,.F.);
#10954 = EDGE_LOOP('',(#10955,#10956,#10957,#10958));
#10955 = ORIENTED_EDGE('',*,*,#10939,.F.);
#10956 = ORIENTED_EDGE('',*,*,#10846,.T.);
#10957 = ORIENTED_EDGE('',*,*,#10881,.T.);
#10958 = ORIENTED_EDGE('',*,*,#10923,.F.);
#10959 = PLANE('',#10960);
#10960 = AXIS2_PLACEMENT_3D('',#10961,#10962,#10963);
#10961 = CARTESIAN_POINT('',(152.4,-14.97987643419,11.469974567432));
#10962 = DIRECTION('',(0.,0.963863409028,-0.266396938303));
#10963 = DIRECTION('',(0.,-0.266396938303,-0.963863409028));
#10964 = MANIFOLD_SOLID_BREP('',#10965);
#10965 = CLOSED_SHELL('',(#10966,#11007,#11040,#11084,#11108,#11125));
#10966 = ADVANCED_FACE('',(#10967),#11002,.F.);
#10967 = FACE_BOUND('',#10968,.F.);
#10968 = EDGE_LOOP('',(#10969,#10979,#10987,#10995));
#10969 = ORIENTED_EDGE('',*,*,#10970,.F.);
#10970 = EDGE_CURVE('',#10971,#10973,#10975,.T.);
#10971 = VERTEX_POINT('',#10972);
#10972 = CARTESIAN_POINT('',(171.45,0.,0.));
#10973 = VERTEX_POINT('',#10974);
#10974 = CARTESIAN_POINT('',(174.1,-0.75,12.227019260637));
#10975 = LINE('',#10976,#10977);
#10976 = CARTESIAN_POINT('',(171.45,0.,0.));
#10977 = VECTOR('',#10978,1.);
#10978 = DIRECTION('',(0.211435796324,-5.984031971433E-02,0.97555832228)
  );
#10979 = ORIENTED_EDGE('',*,*,#10980,.T.);
#10980 = EDGE_CURVE('',#10971,#10981,#10983,.T.);
#10981 = VERTEX_POINT('',#10982);
#10982 = CARTESIAN_POINT('',(189.6,0.,0.));
#10983 = LINE('',#10984,#10985);
#10984 = CARTESIAN_POINT('',(171.45,0.,0.));
#10985 = VECTOR('',#10986,1.);
#10986 = DIRECTION('',(1.,0.,0.));
#10987 = ORIENTED_EDGE('',*,*,#10988,.T.);
#10988 = EDGE_CURVE('',#10981,#10989,#10991,.T.);
#10989 = VERTEX_POINT('',#10990);
#10990 = CARTESIAN_POINT('',(186.95,-0.75,12.227019260637));
#10991 = LINE('',#10992,#10993);
#10992 = CARTESIAN_POINT('',(189.6,0.,0.));
#10993 = VECTOR('',#10994,1.);
#10994 = DIRECTION('',(-0.211435796324,-5.984031971433E-02,0.97555832228
    ));
#10995 = ORIENTED_EDGE('',*,*,#10996,.T.);
#10996 = EDGE_CURVE('',#10989,#10973,#10997,.T.);
#10997 = CIRCLE('',#10998,26.200390625);
#10998 = AXIS2_PLACEMENT_3D('',#10999,#11000,#11001);
#10999 = CARTESIAN_POINT('',(180.525,-2.305125956633,37.579759293257));
#11000 = DIRECTION('',(0.,0.998124021277,6.122448979592E-02));
#11001 = DIRECTION('',(-1.,0.,0.));
#11002 = PLANE('',#11003);
#11003 = AXIS2_PLACEMENT_3D('',#11004,#11005,#11006);
#11004 = CARTESIAN_POINT('',(171.45,0.,0.));
#11005 = DIRECTION('',(0.,-0.998124021277,-6.122448979592E-02));
#11006 = DIRECTION('',(0.,-6.122448979592E-02,0.998124021277));
#11007 = ADVANCED_FACE('',(#11008),#11035,.T.);
#11008 = FACE_BOUND('',#11009,.T.);
#11009 = EDGE_LOOP('',(#11010,#11018,#11026,#11034));
#11010 = ORIENTED_EDGE('',*,*,#11011,.F.);
#11011 = EDGE_CURVE('',#11012,#10971,#11014,.T.);
#11012 = VERTEX_POINT('',#11013);
#11013 = CARTESIAN_POINT('',(171.45,-18.15,-4.373390538603E-12));
#11014 = LINE('',#11015,#11016);
#11015 = CARTESIAN_POINT('',(171.45,-18.15,0.));
#11016 = VECTOR('',#11017,1.);
#11017 = DIRECTION('',(0.,1.,0.));
#11018 = ORIENTED_EDGE('',*,*,#11019,.T.);
#11019 = EDGE_CURVE('',#11012,#11020,#11022,.T.);
#11020 = VERTEX_POINT('',#11021);
#11021 = CARTESIAN_POINT('',(174.09999999999,-14.97987643419,
    11.469974567432));
#11022 = LINE('',#11023,#11024);
#11023 = CARTESIAN_POINT('',(171.45,-18.15,-8.746781077207E-12));
#11024 = VECTOR('',#11025,1.);
#11025 = DIRECTION('',(0.217364683225,0.260027511195,0.940817882434));
#11026 = ORIENTED_EDGE('',*,*,#11027,.T.);
#11027 = EDGE_CURVE('',#11020,#10973,#11028,.T.);
#11028 = B_SPLINE_CURVE_WITH_KNOTS('',4,(#11029,#11030,#11031,#11032,
    #11033),.UNSPECIFIED.,.F.,.F.,(5,5),(0.,1.),
  .PIECEWISE_BEZIER_KNOTS.);
#11029 = CARTESIAN_POINT('',(174.09999999999,-14.97987643419,
    11.469974567432));
#11030 = CARTESIAN_POINT('',(174.10023242211,-11.42239004616,
    11.659236660021));
#11031 = CARTESIAN_POINT('',(174.10029778354,-7.864915922809,
    11.848498100115));
#11032 = CARTESIAN_POINT('',(174.10021551044,-4.307452887972,
    12.037758950288));
#11033 = CARTESIAN_POINT('',(174.1,-0.75,12.227019260637));
#11034 = ORIENTED_EDGE('',*,*,#10970,.F.);
#11035 = B_SPLINE_SURFACE_WITH_KNOTS('',1,1,(
    (#11036,#11037)
    ,(#11038,#11039
    )),.UNSPECIFIED.,.F.,.F.,.F.,(2,2),(2,2),(0.,14.579617618301),(0.,1.
    ),.PIECEWISE_BEZIER_KNOTS.);
#11036 = CARTESIAN_POINT('',(171.45,-18.15,-8.746781077207E-12));
#11037 = CARTESIAN_POINT('',(171.45,0.,0.));
#11038 = CARTESIAN_POINT('',(174.54537815125,-14.44708255759,
    13.397701385479));
#11039 = CARTESIAN_POINT('',(174.53265306122,-0.872448979592,
    14.223267303191));
#11040 = ADVANCED_FACE('',(#11041),#11076,.F.);
#11041 = FACE_BOUND('',#11042,.F.);
#11042 = EDGE_LOOP('',(#11043,#11053,#11074,#11075));
#11043 = ORIENTED_EDGE('',*,*,#11044,.F.);
#11044 = EDGE_CURVE('',#11045,#10989,#11047,.T.);
#11045 = VERTEX_POINT('',#11046);
#11046 = CARTESIAN_POINT('',(186.95,-14.97987643419,11.469974567432));
#11047 = B_SPLINE_CURVE_WITH_KNOTS('',4,(#11048,#11049,#11050,#11051,
    #11052),.UNSPECIFIED.,.F.,.F.,(5,5),(0.,1.),
  .PIECEWISE_BEZIER_KNOTS.);
#11048 = CARTESIAN_POINT('',(186.95,-14.97987643419,11.469974567432));
#11049 = CARTESIAN_POINT('',(186.94976757788,-11.42239004616,
    11.659236660021));
#11050 = CARTESIAN_POINT('',(186.94970221645,-7.864915922808,
    11.848498100115));
#11051 = CARTESIAN_POINT('',(186.94978448956,-4.307452887972,
    12.037758950288));
#11052 = CARTESIAN_POINT('',(186.95,-0.75,12.227019260637));
#11053 = ORIENTED_EDGE('',*,*,#11054,.F.);
#11054 = EDGE_CURVE('',#11020,#11045,#11055,.T.);
#11055 = B_SPLINE_CURVE_WITH_KNOTS('',5,(#11056,#11057,#11058,#11059,
    #11060,#11061,#11062,#11063,#11064,#11065,#11066,#11067,#11068,
    #11069,#11070,#11071,#11072,#11073),.UNSPECIFIED.,.F.,.F.,(6,4,4,4,6
    ),(0.,0.250671141902,0.499441859262,0.748277535936,1.),
  .UNSPECIFIED.);
#11056 = CARTESIAN_POINT('',(174.1,-14.97987643419,11.469974567432));
#11057 = CARTESIAN_POINT('',(174.72813754429,-15.02450715808,
    11.308494026611));
#11058 = CARTESIAN_POINT('',(175.36223077874,-15.06375793385,
    11.166478931437));
#11059 = CARTESIAN_POINT('',(176.00135652325,-15.09752465079,
    11.044305969889));
#11060 = CARTESIAN_POINT('',(176.64454924126,-15.1257260264,
    10.942269234021));
#11061 = CARTESIAN_POINT('',(177.93214853579,-15.17071651939,
    10.779486995499));
#11062 = CARTESIAN_POINT('',(178.57651318241,-15.18759074155,
    10.718433571254));
#11063 = CARTESIAN_POINT('',(179.22290426521,-15.19887532751,
    10.677604275059));
#11064 = CARTESIAN_POINT('',(179.87031842854,-15.20454299954,
    10.657097801841));
#11065 = CARTESIAN_POINT('',(181.16532511449,-15.20464383474,
    10.65673296523));
#11066 = CARTESIAN_POINT('',(181.8129219652,-15.1990740647,
    10.676885214594));
#11067 = CARTESIAN_POINT('',(182.45950856217,-15.1878841991,
    10.717371798565));
#11068 = CARTESIAN_POINT('',(183.10408063181,-15.17110130263,
    10.778094792991));
#11069 = CARTESIAN_POINT('',(184.39466003842,-15.12619854927,
    10.940559576576));
#11070 = CARTESIAN_POINT('',(185.04060164465,-15.09794921869,
    11.042769820618));
#11071 = CARTESIAN_POINT('',(185.68245027873,-15.06408707873,
    11.165288036713));
#11072 = CARTESIAN_POINT('',(186.31922802912,-15.02469434059,
    11.307816772666));
#11073 = CARTESIAN_POINT('',(186.95,-14.97987643419,11.469974567432));
#11074 = ORIENTED_EDGE('',*,*,#11027,.T.);
#11075 = ORIENTED_EDGE('',*,*,#10996,.F.);
#11076 = SURFACE_OF_LINEAR_EXTRUSION('',#11077,#11082);
#11077 = CIRCLE('',#11078,26.200390625);
#11078 = AXIS2_PLACEMENT_3D('',#11079,#11080,#11081);
#11079 = CARTESIAN_POINT('',(180.525,-2.305125956633,37.579759293257));
#11080 = DIRECTION('',(0.,0.998124021277,6.122448979592E-02));
#11081 = DIRECTION('',(-1.,0.,0.));
#11082 = VECTOR('',#11083,1.);
#11083 = DIRECTION('',(0.,0.998587819944,5.312594338285E-02));
#11084 = ADVANCED_FACE('',(#11085),#11103,.F.);
#11085 = FACE_BOUND('',#11086,.F.);
#11086 = EDGE_LOOP('',(#11087,#11095,#11101,#11102));
#11087 = ORIENTED_EDGE('',*,*,#11088,.F.);
#11088 = EDGE_CURVE('',#11089,#10981,#11091,.T.);
#11089 = VERTEX_POINT('',#11090);
#11090 = CARTESIAN_POINT('',(189.6,-18.15,-4.373390538603E-12));
#11091 = LINE('',#11092,#11093);
#11092 = CARTESIAN_POINT('',(189.6,-18.15,0.));
#11093 = VECTOR('',#11094,1.);
#11094 = DIRECTION('',(0.,1.,0.));
#11095 = ORIENTED_EDGE('',*,*,#11096,.T.);
#11096 = EDGE_CURVE('',#11089,#11045,#11097,.T.);
#11097 = LINE('',#11098,#11099);
#11098 = CARTESIAN_POINT('',(189.6,-18.15,-8.746781077207E-12));
#11099 = VECTOR('',#11100,1.);
#11100 = DIRECTION('',(-0.217364683225,0.260027511195,0.940817882434));
#11101 = ORIENTED_EDGE('',*,*,#11044,.T.);
#11102 = ORIENTED_EDGE('',*,*,#10988,.F.);
#11103 = B_SPLINE_SURFACE_WITH_KNOTS('',1,1,(
    (#11104,#11105)
    ,(#11106,#11107
    )),.UNSPECIFIED.,.F.,.F.,.F.,(2,2),(2,2),(0.,14.579617618301),(0.,1.
    ),.PIECEWISE_BEZIER_KNOTS.);
#11104 = CARTESIAN_POINT('',(189.6,-18.15,-8.746781077207E-12));
#11105 = CARTESIAN_POINT('',(189.6,0.,0.));
#11106 = CARTESIAN_POINT('',(186.50462184874,-14.44708255759,
    13.397701385479));
#11107 = CARTESIAN_POINT('',(186.51734693877,-0.872448979592,
    14.223267303191));
#11108 = ADVANCED_FACE('',(#11109),#11120,.F.);
#11109 = FACE_BOUND('',#11110,.F.);
#11110 = EDGE_LOOP('',(#11111,#11117,#11118,#11119));
#11111 = ORIENTED_EDGE('',*,*,#11112,.T.);
#11112 = EDGE_CURVE('',#11012,#11089,#11113,.T.);
#11113 = LINE('',#11114,#11115);
#11114 = CARTESIAN_POINT('',(171.45,-18.15,0.));
#11115 = VECTOR('',#11116,1.);
#11116 = DIRECTION('',(1.,0.,0.));
#11117 = ORIENTED_EDGE('',*,*,#11088,.T.);
#11118 = ORIENTED_EDGE('',*,*,#10980,.F.);
#11119 = ORIENTED_EDGE('',*,*,#11011,.F.);
#11120 = PLANE('',#11121);
#11121 = AXIS2_PLACEMENT_3D('',#11122,#11123,#11124);
#11122 = CARTESIAN_POINT('',(171.45,-18.15,0.));
#11123 = DIRECTION('',(0.,0.,1.));
#11124 = DIRECTION('',(0.,1.,0.));
#11125 = ADVANCED_FACE('',(#11126),#11132,.F.);
#11126 = FACE_BOUND('',#11127,.F.);
#11127 = EDGE_LOOP('',(#11128,#11129,#11130,#11131));
#11128 = ORIENTED_EDGE('',*,*,#11112,.F.);
#11129 = ORIENTED_EDGE('',*,*,#11019,.T.);
#11130 = ORIENTED_EDGE('',*,*,#11054,.T.);
#11131 = ORIENTED_EDGE('',*,*,#11096,.F.);
#11132 = PLANE('',#11133);
#11133 = AXIS2_PLACEMENT_3D('',#11134,#11135,#11136);
#11134 = CARTESIAN_POINT('',(171.45,-14.97987643419,11.469974567432));
#11135 = DIRECTION('',(0.,0.963863409028,-0.266396938303));
#11136 = DIRECTION('',(0.,-0.266396938303,-0.963863409028));
#11137 = MANIFOLD_SOLID_BREP('',#11138);
#11138 = CLOSED_SHELL('',(#11139,#11180,#11213,#11257,#11281,#11298));
#11139 = ADVANCED_FACE('',(#11140),#11175,.F.);
#11140 = FACE_BOUND('',#11141,.F.);
#11141 = EDGE_LOOP('',(#11142,#11152,#11160,#11168));
#11142 = ORIENTED_EDGE('',*,*,#11143,.F.);
#11143 = EDGE_CURVE('',#11144,#11146,#11148,.T.);
#11144 = VERTEX_POINT('',#11145);
#11145 = CARTESIAN_POINT('',(190.5,0.,0.));
#11146 = VERTEX_POINT('',#11147);
#11147 = CARTESIAN_POINT('',(193.15,-0.75,12.227019260637));
#11148 = LINE('',#11149,#11150);
#11149 = CARTESIAN_POINT('',(190.5,0.,0.));
#11150 = VECTOR('',#11151,1.);
#11151 = DIRECTION('',(0.211435796324,-5.984031971433E-02,0.97555832228)
  );
#11152 = ORIENTED_EDGE('',*,*,#11153,.T.);
#11153 = EDGE_CURVE('',#11144,#11154,#11156,.T.);
#11154 = VERTEX_POINT('',#11155);
#11155 = CARTESIAN_POINT('',(208.65,0.,0.));
#11156 = LINE('',#11157,#11158);
#11157 = CARTESIAN_POINT('',(190.5,0.,0.));
#11158 = VECTOR('',#11159,1.);
#11159 = DIRECTION('',(1.,0.,0.));
#11160 = ORIENTED_EDGE('',*,*,#11161,.T.);
#11161 = EDGE_CURVE('',#11154,#11162,#11164,.T.);
#11162 = VERTEX_POINT('',#11163);
#11163 = CARTESIAN_POINT('',(206.,-0.75,12.227019260637));
#11164 = LINE('',#11165,#11166);
#11165 = CARTESIAN_POINT('',(208.65,0.,0.));
#11166 = VECTOR('',#11167,1.);
#11167 = DIRECTION('',(-0.211435796324,-5.984031971433E-02,0.97555832228
    ));
#11168 = ORIENTED_EDGE('',*,*,#11169,.T.);
#11169 = EDGE_CURVE('',#11162,#11146,#11170,.T.);
#11170 = CIRCLE('',#11171,26.200390625);
#11171 = AXIS2_PLACEMENT_3D('',#11172,#11173,#11174);
#11172 = CARTESIAN_POINT('',(199.575,-2.305125956633,37.579759293257));
#11173 = DIRECTION('',(0.,0.998124021277,6.122448979592E-02));
#11174 = DIRECTION('',(-1.,0.,0.));
#11175 = PLANE('',#11176);
#11176 = AXIS2_PLACEMENT_3D('',#11177,#11178,#11179);
#11177 = CARTESIAN_POINT('',(190.5,0.,0.));
#11178 = DIRECTION('',(0.,-0.998124021277,-6.122448979592E-02));
#11179 = DIRECTION('',(0.,-6.122448979592E-02,0.998124021277));
#11180 = ADVANCED_FACE('',(#11181),#11208,.T.);
#11181 = FACE_BOUND('',#11182,.T.);
#11182 = EDGE_LOOP('',(#11183,#11191,#11199,#11207));
#11183 = ORIENTED_EDGE('',*,*,#11184,.F.);
#11184 = EDGE_CURVE('',#11185,#11144,#11187,.T.);
#11185 = VERTEX_POINT('',#11186);
#11186 = CARTESIAN_POINT('',(190.5,-18.15,-4.373390538603E-12));
#11187 = LINE('',#11188,#11189);
#11188 = CARTESIAN_POINT('',(190.5,-18.15,0.));
#11189 = VECTOR('',#11190,1.);
#11190 = DIRECTION('',(0.,1.,0.));
#11191 = ORIENTED_EDGE('',*,*,#11192,.T.);
#11192 = EDGE_CURVE('',#11185,#11193,#11195,.T.);
#11193 = VERTEX_POINT('',#11194);
#11194 = CARTESIAN_POINT('',(193.14999999999,-14.97987643419,
    11.469974567432));
#11195 = LINE('',#11196,#11197);
#11196 = CARTESIAN_POINT('',(190.5,-18.15,-8.746781077207E-12));
#11197 = VECTOR('',#11198,1.);
#11198 = DIRECTION('',(0.217364683225,0.260027511195,0.940817882434));
#11199 = ORIENTED_EDGE('',*,*,#11200,.T.);
#11200 = EDGE_CURVE('',#11193,#11146,#11201,.T.);
#11201 = B_SPLINE_CURVE_WITH_KNOTS('',4,(#11202,#11203,#11204,#11205,
    #11206),.UNSPECIFIED.,.F.,.F.,(5,5),(0.,1.),
  .PIECEWISE_BEZIER_KNOTS.);
#11202 = CARTESIAN_POINT('',(193.14999999999,-14.97987643419,
    11.469974567432));
#11203 = CARTESIAN_POINT('',(193.15023242211,-11.42239004616,
    11.659236660021));
#11204 = CARTESIAN_POINT('',(193.15029778354,-7.864915922809,
    11.848498100115));
#11205 = CARTESIAN_POINT('',(193.15021551044,-4.307452887972,
    12.037758950288));
#11206 = CARTESIAN_POINT('',(193.15,-0.75,12.227019260637));
#11207 = ORIENTED_EDGE('',*,*,#11143,.F.);
#11208 = B_SPLINE_SURFACE_WITH_KNOTS('',1,1,(
    (#11209,#11210)
    ,(#11211,#11212
    )),.UNSPECIFIED.,.F.,.F.,.F.,(2,2),(2,2),(0.,14.579617618301),(0.,1.
    ),.PIECEWISE_BEZIER_KNOTS.);
#11209 = CARTESIAN_POINT('',(190.5,-18.15,-8.746781077207E-12));
#11210 = CARTESIAN_POINT('',(190.5,0.,0.));
#11211 = CARTESIAN_POINT('',(193.59537815125,-14.44708255759,
    13.397701385479));
#11212 = CARTESIAN_POINT('',(193.58265306122,-0.872448979592,
    14.223267303191));
#11213 = ADVANCED_FACE('',(#11214),#11249,.F.);
#11214 = FACE_BOUND('',#11215,.F.);
#11215 = EDGE_LOOP('',(#11216,#11226,#11247,#11248));
#11216 = ORIENTED_EDGE('',*,*,#11217,.F.);
#11217 = EDGE_CURVE('',#11218,#11162,#11220,.T.);
#11218 = VERTEX_POINT('',#11219);
#11219 = CARTESIAN_POINT('',(206.,-14.97987643419,11.469974567432));
#11220 = B_SPLINE_CURVE_WITH_KNOTS('',4,(#11221,#11222,#11223,#11224,
    #11225),.UNSPECIFIED.,.F.,.F.,(5,5),(0.,1.),
  .PIECEWISE_BEZIER_KNOTS.);
#11221 = CARTESIAN_POINT('',(206.,-14.97987643419,11.469974567432));
#11222 = CARTESIAN_POINT('',(205.99976757788,-11.42239004616,
    11.659236660021));
#11223 = CARTESIAN_POINT('',(205.99970221645,-7.864915922808,
    11.848498100115));
#11224 = CARTESIAN_POINT('',(205.99978448956,-4.307452887972,
    12.037758950288));
#11225 = CARTESIAN_POINT('',(206.,-0.75,12.227019260637));
#11226 = ORIENTED_EDGE('',*,*,#11227,.F.);
#11227 = EDGE_CURVE('',#11193,#11218,#11228,.T.);
#11228 = B_SPLINE_CURVE_WITH_KNOTS('',5,(#11229,#11230,#11231,#11232,
    #11233,#11234,#11235,#11236,#11237,#11238,#11239,#11240,#11241,
    #11242,#11243,#11244,#11245,#11246),.UNSPECIFIED.,.F.,.F.,(6,4,4,4,6
    ),(0.,0.250671141902,0.499441859262,0.748277535936,1.),
  .UNSPECIFIED.);
#11229 = CARTESIAN_POINT('',(193.15,-14.97987643419,11.469974567432));
#11230 = CARTESIAN_POINT('',(193.77813754429,-15.02450715808,
    11.308494026611));
#11231 = CARTESIAN_POINT('',(194.41223077874,-15.06375793385,
    11.166478931437));
#11232 = CARTESIAN_POINT('',(195.05135652325,-15.09752465079,
    11.044305969889));
#11233 = CARTESIAN_POINT('',(195.69454924126,-15.1257260264,
    10.942269234021));
#11234 = CARTESIAN_POINT('',(196.98214853579,-15.17071651939,
    10.779486995499));
#11235 = CARTESIAN_POINT('',(197.62651318241,-15.18759074155,
    10.718433571254));
#11236 = CARTESIAN_POINT('',(198.27290426521,-15.19887532751,
    10.677604275059));
#11237 = CARTESIAN_POINT('',(198.92031842854,-15.20454299954,
    10.657097801841));
#11238 = CARTESIAN_POINT('',(200.21532511449,-15.20464383474,
    10.65673296523));
#11239 = CARTESIAN_POINT('',(200.8629219652,-15.1990740647,
    10.676885214594));
#11240 = CARTESIAN_POINT('',(201.50950856217,-15.1878841991,
    10.717371798565));
#11241 = CARTESIAN_POINT('',(202.15408063181,-15.17110130263,
    10.778094792991));
#11242 = CARTESIAN_POINT('',(203.44466003842,-15.12619854927,
    10.940559576576));
#11243 = CARTESIAN_POINT('',(204.09060164465,-15.09794921869,
    11.042769820618));
#11244 = CARTESIAN_POINT('',(204.73245027873,-15.06408707873,
    11.165288036713));
#11245 = CARTESIAN_POINT('',(205.36922802912,-15.02469434059,
    11.307816772666));
#11246 = CARTESIAN_POINT('',(206.,-14.97987643419,11.469974567432));
#11247 = ORIENTED_EDGE('',*,*,#11200,.T.);
#11248 = ORIENTED_EDGE('',*,*,#11169,.F.);
#11249 = SURFACE_OF_LINEAR_EXTRUSION('',#11250,#11255);
#11250 = CIRCLE('',#11251,26.200390625);
#11251 = AXIS2_PLACEMENT_3D('',#11252,#11253,#11254);
#11252 = CARTESIAN_POINT('',(199.575,-2.305125956633,37.579759293257));
#11253 = DIRECTION('',(0.,0.998124021277,6.122448979592E-02));
#11254 = DIRECTION('',(-1.,0.,0.));
#11255 = VECTOR('',#11256,1.);
#11256 = DIRECTION('',(0.,0.998587819944,5.312594338285E-02));
#11257 = ADVANCED_FACE('',(#11258),#11276,.F.);
#11258 = FACE_BOUND('',#11259,.F.);
#11259 = EDGE_LOOP('',(#11260,#11268,#11274,#11275));
#11260 = ORIENTED_EDGE('',*,*,#11261,.F.);
#11261 = EDGE_CURVE('',#11262,#11154,#11264,.T.);
#11262 = VERTEX_POINT('',#11263);
#11263 = CARTESIAN_POINT('',(208.65,-18.15,-4.373390538603E-12));
#11264 = LINE('',#11265,#11266);
#11265 = CARTESIAN_POINT('',(208.65,-18.15,0.));
#11266 = VECTOR('',#11267,1.);
#11267 = DIRECTION('',(0.,1.,0.));
#11268 = ORIENTED_EDGE('',*,*,#11269,.T.);
#11269 = EDGE_CURVE('',#11262,#11218,#11270,.T.);
#11270 = LINE('',#11271,#11272);
#11271 = CARTESIAN_POINT('',(208.65,-18.15,-8.746781077207E-12));
#11272 = VECTOR('',#11273,1.);
#11273 = DIRECTION('',(-0.217364683225,0.260027511195,0.940817882434));
#11274 = ORIENTED_EDGE('',*,*,#11217,.T.);
#11275 = ORIENTED_EDGE('',*,*,#11161,.F.);
#11276 = B_SPLINE_SURFACE_WITH_KNOTS('',1,1,(
    (#11277,#11278)
    ,(#11279,#11280
    )),.UNSPECIFIED.,.F.,.F.,.F.,(2,2),(2,2),(0.,14.579617618301),(0.,1.
    ),.PIECEWISE_BEZIER_KNOTS.);
#11277 = CARTESIAN_POINT('',(208.65,-18.15,-8.746781077207E-12));
#11278 = CARTESIAN_POINT('',(208.65,0.,0.));
#11279 = CARTESIAN_POINT('',(205.55462184874,-14.44708255759,
    13.397701385479));
#11280 = CARTESIAN_POINT('',(205.56734693877,-0.872448979592,
    14.223267303191));
#11281 = ADVANCED_FACE('',(#11282),#11293,.F.);
#11282 = FACE_BOUND('',#11283,.F.);
#11283 = EDGE_LOOP('',(#11284,#11290,#11291,#11292));
#11284 = ORIENTED_EDGE('',*,*,#11285,.T.);
#11285 = EDGE_CURVE('',#11185,#11262,#11286,.T.);
#11286 = LINE('',#11287,#11288);
#11287 = CARTESIAN_POINT('',(190.5,-18.15,0.));
#11288 = VECTOR('',#11289,1.);
#11289 = DIRECTION('',(1.,0.,0.));
#11290 = ORIENTED_EDGE('',*,*,#11261,.T.);
#11291 = ORIENTED_EDGE('',*,*,#11153,.F.);
#11292 = ORIENTED_EDGE('',*,*,#11184,.F.);
#11293 = PLANE('',#11294);
#11294 = AXIS2_PLACEMENT_3D('',#11295,#11296,#11297);
#11295 = CARTESIAN_POINT('',(190.5,-18.15,0.));
#11296 = DIRECTION('',(0.,0.,1.));
#11297 = DIRECTION('',(0.,1.,0.));
#11298 = ADVANCED_FACE('',(#11299),#11305,.F.);
#11299 = FACE_BOUND('',#11300,.F.);
#11300 = EDGE_LOOP('',(#11301,#11302,#11303,#11304));
#11301 = ORIENTED_EDGE('',*,*,#11285,.F.);
#11302 = ORIENTED_EDGE('',*,*,#11192,.T.);
#11303 = ORIENTED_EDGE('',*,*,#11227,.T.);
#11304 = ORIENTED_EDGE('',*,*,#11269,.F.);
#11305 = PLANE('',#11306);
#11306 = AXIS2_PLACEMENT_3D('',#11307,#11308,#11309);
#11307 = CARTESIAN_POINT('',(190.5,-14.97987643419,11.469974567432));
#11308 = DIRECTION('',(0.,0.963863409028,-0.266396938303));
#11309 = DIRECTION('',(0.,-0.266396938303,-0.963863409028));
#11310 = MANIFOLD_SOLID_BREP('',#11311);
#11311 = CLOSED_SHELL('',(#11312,#11353,#11386,#11430,#11454,#11471));
#11312 = ADVANCED_FACE('',(#11313),#11348,.F.);
#11313 = FACE_BOUND('',#11314,.F.);
#11314 = EDGE_LOOP('',(#11315,#11325,#11333,#11341));
#11315 = ORIENTED_EDGE('',*,*,#11316,.F.);
#11316 = EDGE_CURVE('',#11317,#11319,#11321,.T.);
#11317 = VERTEX_POINT('',#11318);
#11318 = CARTESIAN_POINT('',(209.55,0.,0.));
#11319 = VERTEX_POINT('',#11320);
#11320 = CARTESIAN_POINT('',(212.2,-0.75,12.227019260637));
#11321 = LINE('',#11322,#11323);
#11322 = CARTESIAN_POINT('',(209.55,0.,0.));
#11323 = VECTOR('',#11324,1.);
#11324 = DIRECTION('',(0.211435796324,-5.984031971433E-02,0.97555832228)
  );
#11325 = ORIENTED_EDGE('',*,*,#11326,.T.);
#11326 = EDGE_CURVE('',#11317,#11327,#11329,.T.);
#11327 = VERTEX_POINT('',#11328);
#11328 = CARTESIAN_POINT('',(227.7,0.,0.));
#11329 = LINE('',#11330,#11331);
#11330 = CARTESIAN_POINT('',(209.55,0.,0.));
#11331 = VECTOR('',#11332,1.);
#11332 = DIRECTION('',(1.,0.,0.));
#11333 = ORIENTED_EDGE('',*,*,#11334,.T.);
#11334 = EDGE_CURVE('',#11327,#11335,#11337,.T.);
#11335 = VERTEX_POINT('',#11336);
#11336 = CARTESIAN_POINT('',(225.05,-0.75,12.227019260637));
#11337 = LINE('',#11338,#11339);
#11338 = CARTESIAN_POINT('',(227.7,0.,0.));
#11339 = VECTOR('',#11340,1.);
#11340 = DIRECTION('',(-0.211435796324,-5.984031971433E-02,0.97555832228
    ));
#11341 = ORIENTED_EDGE('',*,*,#11342,.T.);
#11342 = EDGE_CURVE('',#11335,#11319,#11343,.T.);
#11343 = CIRCLE('',#11344,26.200390625);
#11344 = AXIS2_PLACEMENT_3D('',#11345,#11346,#11347);
#11345 = CARTESIAN_POINT('',(218.625,-2.305125956633,37.579759293257));
#11346 = DIRECTION('',(0.,0.998124021277,6.122448979592E-02));
#11347 = DIRECTION('',(-1.,0.,0.));
#11348 = PLANE('',#11349);
#11349 = AXIS2_PLACEMENT_3D('',#11350,#11351,#11352);
#11350 = CARTESIAN_POINT('',(209.55,0.,0.));
#11351 = DIRECTION('',(0.,-0.998124021277,-6.122448979592E-02));
#11352 = DIRECTION('',(0.,-6.122448979592E-02,0.998124021277));
#11353 = ADVANCED_FACE('',(#11354),#11381,.T.);
#11354 = FACE_BOUND('',#11355,.T.);
#11355 = EDGE_LOOP('',(#11356,#11364,#11372,#11380));
#11356 = ORIENTED_EDGE('',*,*,#11357,.F.);
#11357 = EDGE_CURVE('',#11358,#11317,#11360,.T.);
#11358 = VERTEX_POINT('',#11359);
#11359 = CARTESIAN_POINT('',(209.55,-18.15,-4.373390538603E-12));
#11360 = LINE('',#11361,#11362);
#11361 = CARTESIAN_POINT('',(209.55,-18.15,0.));
#11362 = VECTOR('',#11363,1.);
#11363 = DIRECTION('',(0.,1.,0.));
#11364 = ORIENTED_EDGE('',*,*,#11365,.T.);
#11365 = EDGE_CURVE('',#11358,#11366,#11368,.T.);
#11366 = VERTEX_POINT('',#11367);
#11367 = CARTESIAN_POINT('',(212.19999999999,-14.97987643419,
    11.469974567432));
#11368 = LINE('',#11369,#11370);
#11369 = CARTESIAN_POINT('',(209.55,-18.15,-8.746781077207E-12));
#11370 = VECTOR('',#11371,1.);
#11371 = DIRECTION('',(0.217364683225,0.260027511195,0.940817882434));
#11372 = ORIENTED_EDGE('',*,*,#11373,.T.);
#11373 = EDGE_CURVE('',#11366,#11319,#11374,.T.);
#11374 = B_SPLINE_CURVE_WITH_KNOTS('',4,(#11375,#11376,#11377,#11378,
    #11379),.UNSPECIFIED.,.F.,.F.,(5,5),(0.,1.),
  .PIECEWISE_BEZIER_KNOTS.);
#11375 = CARTESIAN_POINT('',(212.19999999999,-14.97987643419,
    11.469974567432));
#11376 = CARTESIAN_POINT('',(212.20023242211,-11.42239004616,
    11.659236660021));
#11377 = CARTESIAN_POINT('',(212.20029778354,-7.864915922809,
    11.848498100115));
#11378 = CARTESIAN_POINT('',(212.20021551044,-4.307452887972,
    12.037758950288));
#11379 = CARTESIAN_POINT('',(212.2,-0.75,12.227019260637));
#11380 = ORIENTED_EDGE('',*,*,#11316,.F.);
#11381 = B_SPLINE_SURFACE_WITH_KNOTS('',1,1,(
    (#11382,#11383)
    ,(#11384,#11385
    )),.UNSPECIFIED.,.F.,.F.,.F.,(2,2),(2,2),(0.,14.579617618301),(0.,1.
    ),.PIECEWISE_BEZIER_KNOTS.);
#11382 = CARTESIAN_POINT('',(209.55,-18.15,-8.746781077207E-12));
#11383 = CARTESIAN_POINT('',(209.55,0.,0.));
#11384 = CARTESIAN_POINT('',(212.64537815125,-14.44708255759,
    13.397701385479));
#11385 = CARTESIAN_POINT('',(212.63265306122,-0.872448979592,
    14.223267303191));
#11386 = ADVANCED_FACE('',(#11387),#11422,.F.);
#11387 = FACE_BOUND('',#11388,.F.);
#11388 = EDGE_LOOP('',(#11389,#11399,#11420,#11421));
#11389 = ORIENTED_EDGE('',*,*,#11390,.F.);
#11390 = EDGE_CURVE('',#11391,#11335,#11393,.T.);
#11391 = VERTEX_POINT('',#11392);
#11392 = CARTESIAN_POINT('',(225.05,-14.97987643419,11.469974567432));
#11393 = B_SPLINE_CURVE_WITH_KNOTS('',4,(#11394,#11395,#11396,#11397,
    #11398),.UNSPECIFIED.,.F.,.F.,(5,5),(0.,1.),
  .PIECEWISE_BEZIER_KNOTS.);
#11394 = CARTESIAN_POINT('',(225.05,-14.97987643419,11.469974567432));
#11395 = CARTESIAN_POINT('',(225.04976757788,-11.42239004616,
    11.659236660021));
#11396 = CARTESIAN_POINT('',(225.04970221645,-7.864915922808,
    11.848498100115));
#11397 = CARTESIAN_POINT('',(225.04978448956,-4.307452887972,
    12.037758950288));
#11398 = CARTESIAN_POINT('',(225.05,-0.75,12.227019260637));
#11399 = ORIENTED_EDGE('',*,*,#11400,.F.);
#11400 = EDGE_CURVE('',#11366,#11391,#11401,.T.);
#11401 = B_SPLINE_CURVE_WITH_KNOTS('',5,(#11402,#11403,#11404,#11405,
    #11406,#11407,#11408,#11409,#11410,#11411,#11412,#11413,#11414,
    #11415,#11416,#11417,#11418,#11419),.UNSPECIFIED.,.F.,.F.,(6,4,4,4,6
    ),(0.,0.250671141902,0.499441859262,0.748277535936,1.),
  .UNSPECIFIED.);
#11402 = CARTESIAN_POINT('',(212.2,-14.97987643419,11.469974567432));
#11403 = CARTESIAN_POINT('',(212.82813754429,-15.02450715808,
    11.308494026611));
#11404 = CARTESIAN_POINT('',(213.46223077874,-15.06375793385,
    11.166478931437));
#11405 = CARTESIAN_POINT('',(214.10135652325,-15.09752465079,
    11.044305969889));
#11406 = CARTESIAN_POINT('',(214.74454924126,-15.1257260264,
    10.942269234021));
#11407 = CARTESIAN_POINT('',(216.03214853579,-15.17071651939,
    10.779486995499));
#11408 = CARTESIAN_POINT('',(216.67651318241,-15.18759074155,
    10.718433571254));
#11409 = CARTESIAN_POINT('',(217.32290426521,-15.19887532751,
    10.677604275059));
#11410 = CARTESIAN_POINT('',(217.97031842854,-15.20454299954,
    10.657097801841));
#11411 = CARTESIAN_POINT('',(219.26532511449,-15.20464383474,
    10.65673296523));
#11412 = CARTESIAN_POINT('',(219.9129219652,-15.1990740647,
    10.676885214594));
#11413 = CARTESIAN_POINT('',(220.55950856217,-15.1878841991,
    10.717371798565));
#11414 = CARTESIAN_POINT('',(221.20408063181,-15.17110130263,
    10.778094792991));
#11415 = CARTESIAN_POINT('',(222.49466003842,-15.12619854927,
    10.940559576576));
#11416 = CARTESIAN_POINT('',(223.14060164465,-15.09794921869,
    11.042769820618));
#11417 = CARTESIAN_POINT('',(223.78245027873,-15.06408707873,
    11.165288036713));
#11418 = CARTESIAN_POINT('',(224.41922802912,-15.02469434059,
    11.307816772666));
#11419 = CARTESIAN_POINT('',(225.05,-14.97987643419,11.469974567432));
#11420 = ORIENTED_EDGE('',*,*,#11373,.T.);
#11421 = ORIENTED_EDGE('',*,*,#11342,.F.);
#11422 = SURFACE_OF_LINEAR_EXTRUSION('',#11423,#11428);
#11423 = CIRCLE('',#11424,26.200390625);
#11424 = AXIS2_PLACEMENT_3D('',#11425,#11426,#11427);
#11425 = CARTESIAN_POINT('',(218.625,-2.305125956633,37.579759293257));
#11426 = DIRECTION('',(0.,0.998124021277,6.122448979592E-02));
#11427 = DIRECTION('',(-1.,0.,0.));
#11428 = VECTOR('',#11429,1.);
#11429 = DIRECTION('',(0.,0.998587819944,5.312594338285E-02));
#11430 = ADVANCED_FACE('',(#11431),#11449,.F.);
#11431 = FACE_BOUND('',#11432,.F.);
#11432 = EDGE_LOOP('',(#11433,#11441,#11447,#11448));
#11433 = ORIENTED_EDGE('',*,*,#11434,.F.);
#11434 = EDGE_CURVE('',#11435,#11327,#11437,.T.);
#11435 = VERTEX_POINT('',#11436);
#11436 = CARTESIAN_POINT('',(227.7,-18.15,-4.373390538603E-12));
#11437 = LINE('',#11438,#11439);
#11438 = CARTESIAN_POINT('',(227.7,-18.15,0.));
#11439 = VECTOR('',#11440,1.);
#11440 = DIRECTION('',(0.,1.,0.));
#11441 = ORIENTED_EDGE('',*,*,#11442,.T.);
#11442 = EDGE_CURVE('',#11435,#11391,#11443,.T.);
#11443 = LINE('',#11444,#11445);
#11444 = CARTESIAN_POINT('',(227.7,-18.15,-8.746781077207E-12));
#11445 = VECTOR('',#11446,1.);
#11446 = DIRECTION('',(-0.217364683225,0.260027511195,0.940817882434));
#11447 = ORIENTED_EDGE('',*,*,#11390,.T.);
#11448 = ORIENTED_EDGE('',*,*,#11334,.F.);
#11449 = B_SPLINE_SURFACE_WITH_KNOTS('',1,1,(
    (#11450,#11451)
    ,(#11452,#11453
    )),.UNSPECIFIED.,.F.,.F.,.F.,(2,2),(2,2),(0.,14.579617618301),(0.,1.
    ),.PIECEWISE_BEZIER_KNOTS.);
#11450 = CARTESIAN_POINT('',(227.7,-18.15,-8.746781077207E-12));
#11451 = CARTESIAN_POINT('',(227.7,0.,0.));
#11452 = CARTESIAN_POINT('',(224.60462184874,-14.44708255759,
    13.397701385479));
#11453 = CARTESIAN_POINT('',(224.61734693877,-0.872448979592,
    14.223267303191));
#11454 = ADVANCED_FACE('',(#11455),#11466,.F.);
#11455 = FACE_BOUND('',#11456,.F.);
#11456 = EDGE_LOOP('',(#11457,#11463,#11464,#11465));
#11457 = ORIENTED_EDGE('',*,*,#11458,.T.);
#11458 = EDGE_CURVE('',#11358,#11435,#11459,.T.);
#11459 = LINE('',#11460,#11461);
#11460 = CARTESIAN_POINT('',(209.55,-18.15,0.));
#11461 = VECTOR('',#11462,1.);
#11462 = DIRECTION('',(1.,0.,0.));
#11463 = ORIENTED_EDGE('',*,*,#11434,.T.);
#11464 = ORIENTED_EDGE('',*,*,#11326,.F.);
#11465 = ORIENTED_EDGE('',*,*,#11357,.F.);
#11466 = PLANE('',#11467);
#11467 = AXIS2_PLACEMENT_3D('',#11468,#11469,#11470);
#11468 = CARTESIAN_POINT('',(209.55,-18.15,0.));
#11469 = DIRECTION('',(0.,0.,1.));
#11470 = DIRECTION('',(0.,1.,0.));
#11471 = ADVANCED_FACE('',(#11472),#11478,.F.);
#11472 = FACE_BOUND('',#11473,.F.);
#11473 = EDGE_LOOP('',(#11474,#11475,#11476,#11477));
#11474 = ORIENTED_EDGE('',*,*,#11458,.F.);
#11475 = ORIENTED_EDGE('',*,*,#11365,.T.);
#11476 = ORIENTED_EDGE('',*,*,#11400,.T.);
#11477 = ORIENTED_EDGE('',*,*,#11442,.F.);
#11478 = PLANE('',#11479);
#11479 = AXIS2_PLACEMENT_3D('',#11480,#11481,#11482);
#11480 = CARTESIAN_POINT('',(209.55,-14.97987643419,11.469974567432));
#11481 = DIRECTION('',(0.,0.963863409028,-0.266396938303));
#11482 = DIRECTION('',(0.,-0.266396938303,-0.963863409028));
#11483 = MANIFOLD_SOLID_BREP('',#11484);
#11484 = CLOSED_SHELL('',(#11485,#11526,#11559,#11603,#11627,#11644));
#11485 = ADVANCED_FACE('',(#11486),#11521,.F.);
#11486 = FACE_BOUND('',#11487,.F.);
#11487 = EDGE_LOOP('',(#11488,#11498,#11506,#11514));
#11488 = ORIENTED_EDGE('',*,*,#11489,.F.);
#11489 = EDGE_CURVE('',#11490,#11492,#11494,.T.);
#11490 = VERTEX_POINT('',#11491);
#11491 = CARTESIAN_POINT('',(228.6,0.,0.));
#11492 = VERTEX_POINT('',#11493);
#11493 = CARTESIAN_POINT('',(231.25,-0.75,12.227019260637));
#11494 = LINE('',#11495,#11496);
#11495 = CARTESIAN_POINT('',(228.6,0.,0.));
#11496 = VECTOR('',#11497,1.);
#11497 = DIRECTION('',(0.211435796324,-5.984031971433E-02,0.97555832228)
  );
#11498 = ORIENTED_EDGE('',*,*,#11499,.T.);
#11499 = EDGE_CURVE('',#11490,#11500,#11502,.T.);
#11500 = VERTEX_POINT('',#11501);
#11501 = CARTESIAN_POINT('',(246.75,0.,0.));
#11502 = LINE('',#11503,#11504);
#11503 = CARTESIAN_POINT('',(228.6,0.,0.));
#11504 = VECTOR('',#11505,1.);
#11505 = DIRECTION('',(1.,0.,0.));
#11506 = ORIENTED_EDGE('',*,*,#11507,.T.);
#11507 = EDGE_CURVE('',#11500,#11508,#11510,.T.);
#11508 = VERTEX_POINT('',#11509);
#11509 = CARTESIAN_POINT('',(244.1,-0.75,12.227019260637));
#11510 = LINE('',#11511,#11512);
#11511 = CARTESIAN_POINT('',(246.75,0.,0.));
#11512 = VECTOR('',#11513,1.);
#11513 = DIRECTION('',(-0.211435796324,-5.984031971433E-02,0.97555832228
    ));
#11514 = ORIENTED_EDGE('',*,*,#11515,.T.);
#11515 = EDGE_CURVE('',#11508,#11492,#11516,.T.);
#11516 = CIRCLE('',#11517,26.200390625);
#11517 = AXIS2_PLACEMENT_3D('',#11518,#11519,#11520);
#11518 = CARTESIAN_POINT('',(237.675,-2.305125956633,37.579759293257));
#11519 = DIRECTION('',(0.,0.998124021277,6.122448979592E-02));
#11520 = DIRECTION('',(-1.,0.,0.));
#11521 = PLANE('',#11522);
#11522 = AXIS2_PLACEMENT_3D('',#11523,#11524,#11525);
#11523 = CARTESIAN_POINT('',(228.6,0.,0.));
#11524 = DIRECTION('',(0.,-0.998124021277,-6.122448979592E-02));
#11525 = DIRECTION('',(0.,-6.122448979592E-02,0.998124021277));
#11526 = ADVANCED_FACE('',(#11527),#11554,.T.);
#11527 = FACE_BOUND('',#11528,.T.);
#11528 = EDGE_LOOP('',(#11529,#11537,#11545,#11553));
#11529 = ORIENTED_EDGE('',*,*,#11530,.F.);
#11530 = EDGE_CURVE('',#11531,#11490,#11533,.T.);
#11531 = VERTEX_POINT('',#11532);
#11532 = CARTESIAN_POINT('',(228.6,-18.15,-4.373390538603E-12));
#11533 = LINE('',#11534,#11535);
#11534 = CARTESIAN_POINT('',(228.6,-18.15,0.));
#11535 = VECTOR('',#11536,1.);
#11536 = DIRECTION('',(0.,1.,0.));
#11537 = ORIENTED_EDGE('',*,*,#11538,.T.);
#11538 = EDGE_CURVE('',#11531,#11539,#11541,.T.);
#11539 = VERTEX_POINT('',#11540);
#11540 = CARTESIAN_POINT('',(231.24999999999,-14.97987643419,
    11.469974567432));
#11541 = LINE('',#11542,#11543);
#11542 = CARTESIAN_POINT('',(228.6,-18.15,-8.746781077207E-12));
#11543 = VECTOR('',#11544,1.);
#11544 = DIRECTION('',(0.217364683225,0.260027511195,0.940817882434));
#11545 = ORIENTED_EDGE('',*,*,#11546,.T.);
#11546 = EDGE_CURVE('',#11539,#11492,#11547,.T.);
#11547 = B_SPLINE_CURVE_WITH_KNOTS('',4,(#11548,#11549,#11550,#11551,
    #11552),.UNSPECIFIED.,.F.,.F.,(5,5),(0.,1.),
  .PIECEWISE_BEZIER_KNOTS.);
#11548 = CARTESIAN_POINT('',(231.24999999999,-14.97987643419,
    11.469974567432));
#11549 = CARTESIAN_POINT('',(231.25023242211,-11.42239004616,
    11.659236660021));
#11550 = CARTESIAN_POINT('',(231.25029778354,-7.864915922809,
    11.848498100115));
#11551 = CARTESIAN_POINT('',(231.25021551044,-4.307452887972,
    12.037758950288));
#11552 = CARTESIAN_POINT('',(231.25,-0.75,12.227019260637));
#11553 = ORIENTED_EDGE('',*,*,#11489,.F.);
#11554 = B_SPLINE_SURFACE_WITH_KNOTS('',1,1,(
    (#11555,#11556)
    ,(#11557,#11558
    )),.UNSPECIFIED.,.F.,.F.,.F.,(2,2),(2,2),(0.,14.579617618301),(0.,1.
    ),.PIECEWISE_BEZIER_KNOTS.);
#11555 = CARTESIAN_POINT('',(228.6,-18.15,-8.746781077207E-12));
#11556 = CARTESIAN_POINT('',(228.6,0.,0.));
#11557 = CARTESIAN_POINT('',(231.69537815125,-14.44708255759,
    13.397701385479));
#11558 = CARTESIAN_POINT('',(231.68265306122,-0.872448979592,
    14.223267303191));
#11559 = ADVANCED_FACE('',(#11560),#11595,.F.);
#11560 = FACE_BOUND('',#11561,.F.);
#11561 = EDGE_LOOP('',(#11562,#11572,#11593,#11594));
#11562 = ORIENTED_EDGE('',*,*,#11563,.F.);
#11563 = EDGE_CURVE('',#11564,#11508,#11566,.T.);
#11564 = VERTEX_POINT('',#11565);
#11565 = CARTESIAN_POINT('',(244.1,-14.97987643419,11.469974567432));
#11566 = B_SPLINE_CURVE_WITH_KNOTS('',4,(#11567,#11568,#11569,#11570,
    #11571),.UNSPECIFIED.,.F.,.F.,(5,5),(0.,1.),
  .PIECEWISE_BEZIER_KNOTS.);
#11567 = CARTESIAN_POINT('',(244.1,-14.97987643419,11.469974567432));
#11568 = CARTESIAN_POINT('',(244.09976757788,-11.42239004616,
    11.659236660021));
#11569 = CARTESIAN_POINT('',(244.09970221645,-7.864915922808,
    11.848498100115));
#11570 = CARTESIAN_POINT('',(244.09978448956,-4.307452887972,
    12.037758950288));
#11571 = CARTESIAN_POINT('',(244.1,-0.75,12.227019260637));
#11572 = ORIENTED_EDGE('',*,*,#11573,.F.);
#11573 = EDGE_CURVE('',#11539,#11564,#11574,.T.);
#11574 = B_SPLINE_CURVE_WITH_KNOTS('',5,(#11575,#11576,#11577,#11578,
    #11579,#11580,#11581,#11582,#11583,#11584,#11585,#11586,#11587,
    #11588,#11589,#11590,#11591,#11592),.UNSPECIFIED.,.F.,.F.,(6,4,4,4,6
    ),(0.,0.250671141902,0.499441859262,0.748277535936,1.),
  .UNSPECIFIED.);
#11575 = CARTESIAN_POINT('',(231.25,-14.97987643419,11.469974567432));
#11576 = CARTESIAN_POINT('',(231.87813754429,-15.02450715808,
    11.308494026611));
#11577 = CARTESIAN_POINT('',(232.51223077874,-15.06375793385,
    11.166478931437));
#11578 = CARTESIAN_POINT('',(233.15135652325,-15.09752465079,
    11.044305969889));
#11579 = CARTESIAN_POINT('',(233.79454924126,-15.1257260264,
    10.942269234021));
#11580 = CARTESIAN_POINT('',(235.08214853579,-15.17071651939,
    10.779486995499));
#11581 = CARTESIAN_POINT('',(235.72651318241,-15.18759074155,
    10.718433571254));
#11582 = CARTESIAN_POINT('',(236.37290426521,-15.19887532751,
    10.677604275059));
#11583 = CARTESIAN_POINT('',(237.02031842854,-15.20454299954,
    10.657097801841));
#11584 = CARTESIAN_POINT('',(238.31532511449,-15.20464383474,
    10.65673296523));
#11585 = CARTESIAN_POINT('',(238.9629219652,-15.1990740647,
    10.676885214594));
#11586 = CARTESIAN_POINT('',(239.60950856217,-15.1878841991,
    10.717371798565));
#11587 = CARTESIAN_POINT('',(240.25408063181,-15.17110130263,
    10.778094792991));
#11588 = CARTESIAN_POINT('',(241.54466003842,-15.12619854927,
    10.940559576576));
#11589 = CARTESIAN_POINT('',(242.19060164465,-15.09794921869,
    11.042769820618));
#11590 = CARTESIAN_POINT('',(242.83245027873,-15.06408707873,
    11.165288036713));
#11591 = CARTESIAN_POINT('',(243.46922802912,-15.02469434059,
    11.307816772666));
#11592 = CARTESIAN_POINT('',(244.1,-14.97987643419,11.469974567432));
#11593 = ORIENTED_EDGE('',*,*,#11546,.T.);
#11594 = ORIENTED_EDGE('',*,*,#11515,.F.);
#11595 = SURFACE_OF_LINEAR_EXTRUSION('',#11596,#11601);
#11596 = CIRCLE('',#11597,26.200390625);
#11597 = AXIS2_PLACEMENT_3D('',#11598,#11599,#11600);
#11598 = CARTESIAN_POINT('',(237.675,-2.305125956633,37.579759293257));
#11599 = DIRECTION('',(0.,0.998124021277,6.122448979592E-02));
#11600 = DIRECTION('',(-1.,0.,0.));
#11601 = VECTOR('',#11602,1.);
#11602 = DIRECTION('',(0.,0.998587819944,5.312594338285E-02));
#11603 = ADVANCED_FACE('',(#11604),#11622,.F.);
#11604 = FACE_BOUND('',#11605,.F.);
#11605 = EDGE_LOOP('',(#11606,#11614,#11620,#11621));
#11606 = ORIENTED_EDGE('',*,*,#11607,.F.);
#11607 = EDGE_CURVE('',#11608,#11500,#11610,.T.);
#11608 = VERTEX_POINT('',#11609);
#11609 = CARTESIAN_POINT('',(246.75,-18.15,-4.373390538603E-12));
#11610 = LINE('',#11611,#11612);
#11611 = CARTESIAN_POINT('',(246.75,-18.15,0.));
#11612 = VECTOR('',#11613,1.);
#11613 = DIRECTION('',(0.,1.,0.));
#11614 = ORIENTED_EDGE('',*,*,#11615,.T.);
#11615 = EDGE_CURVE('',#11608,#11564,#11616,.T.);
#11616 = LINE('',#11617,#11618);
#11617 = CARTESIAN_POINT('',(246.75,-18.15,-8.746781077207E-12));
#11618 = VECTOR('',#11619,1.);
#11619 = DIRECTION('',(-0.217364683225,0.260027511195,0.940817882434));
#11620 = ORIENTED_EDGE('',*,*,#11563,.T.);
#11621 = ORIENTED_EDGE('',*,*,#11507,.F.);
#11622 = B_SPLINE_SURFACE_WITH_KNOTS('',1,1,(
    (#11623,#11624)
    ,(#11625,#11626
    )),.UNSPECIFIED.,.F.,.F.,.F.,(2,2),(2,2),(0.,14.579617618301),(0.,1.
    ),.PIECEWISE_BEZIER_KNOTS.);
#11623 = CARTESIAN_POINT('',(246.75,-18.15,-8.746781077207E-12));
#11624 = CARTESIAN_POINT('',(246.75,0.,0.));
#11625 = CARTESIAN_POINT('',(243.65462184874,-14.44708255759,
    13.397701385479));
#11626 = CARTESIAN_POINT('',(243.66734693877,-0.872448979592,
    14.223267303191));
#11627 = ADVANCED_FACE('',(#11628),#11639,.F.);
#11628 = FACE_BOUND('',#11629,.F.);
#11629 = EDGE_LOOP('',(#11630,#11636,#11637,#11638));
#11630 = ORIENTED_EDGE('',*,*,#11631,.T.);
#11631 = EDGE_CURVE('',#11531,#11608,#11632,.T.);
#11632 = LINE('',#11633,#11634);
#11633 = CARTESIAN_POINT('',(228.6,-18.15,0.));
#11634 = VECTOR('',#11635,1.);
#11635 = DIRECTION('',(1.,0.,0.));
#11636 = ORIENTED_EDGE('',*,*,#11607,.T.);
#11637 = ORIENTED_EDGE('',*,*,#11499,.F.);
#11638 = ORIENTED_EDGE('',*,*,#11530,.F.);
#11639 = PLANE('',#11640);
#11640 = AXIS2_PLACEMENT_3D('',#11641,#11642,#11643);
#11641 = CARTESIAN_POINT('',(228.6,-18.15,0.));
#11642 = DIRECTION('',(0.,0.,1.));
#11643 = DIRECTION('',(0.,1.,0.));
#11644 = ADVANCED_FACE('',(#11645),#11651,.F.);
#11645 = FACE_BOUND('',#11646,.F.);
#11646 = EDGE_LOOP('',(#11647,#11648,#11649,#11650));
#11647 = ORIENTED_EDGE('',*,*,#11631,.F.);
#11648 = ORIENTED_EDGE('',*,*,#11538,.T.);
#11649 = ORIENTED_EDGE('',*,*,#11573,.T.);
#11650 = ORIENTED_EDGE('',*,*,#11615,.F.);
#11651 = PLANE('',#11652);
#11652 = AXIS2_PLACEMENT_3D('',#11653,#11654,#11655);
#11653 = CARTESIAN_POINT('',(228.6,-14.97987643419,11.469974567432));
#11654 = DIRECTION('',(0.,0.963863409028,-0.266396938303));
#11655 = DIRECTION('',(0.,-0.266396938303,-0.963863409028));
#11656 = ( GEOMETRIC_REPRESENTATION_CONTEXT(3) 
GLOBAL_UNCERTAINTY_ASSIGNED_CONTEXT((#11660)) 
GLOBAL_UNIT_ASSIGNED_CONTEXT((#11657,#11658,#11659)) 
REPRESENTATION_CONTEXT('Context #1',
  '3D Context with UNIT and UNCERTAINTY') );
#11657 = ( LENGTH_UNIT() NAMED_UNIT(*) SI_UNIT(.MILLI.,.METRE.) );
#11658 = ( NAMED_UNIT(*) PLANE_ANGLE_UNIT() SI_UNIT($,.RADIAN.) );
#11659 = ( NAMED_UNIT(*) SI_UNIT($,.STERADIAN.) SOLID_ANGLE_UNIT() );
#11660 = UNCERTAINTY_MEASURE_WITH_UNIT(LENGTH_MEASURE(1.E-04),#11657,
  'distance_accuracy_value','confusion accuracy');
#11661 = CONTEXT_DEPENDENT_SHAPE_REPRESENTATION(#11662,#11664);
#11662 = ( REPRESENTATION_RELATIONSHIP('','',#9406,#10) 
REPRESENTATION_RELATIONSHIP_WITH_TRANSFORMATION(#11663) 
SHAPE_REPRESENTATION_RELATIONSHIP() );
#11663 = ITEM_DEFINED_TRANSFORMATION('','',#11,#63);
#11664 = PRODUCT_DEFINITION_SHAPE('Placement','Placement of an item',
  #11665);
#11665 = NEXT_ASSEMBLY_USAGE_OCCURRENCE('13','1UR4','',#5,#9401,$);
#11666 = PRODUCT_RELATED_PRODUCT_CATEGORY('part',$,(#9403));
#11667 = SHAPE_DEFINITION_REPRESENTATION(#11668,#11674);
#11668 = PRODUCT_DEFINITION_SHAPE('','',#11669);
#11669 = PRODUCT_DEFINITION('design','',#11670,#11673);
#11670 = PRODUCT_DEFINITION_FORMATION('','',#11671);
#11671 = PRODUCT('OEM025','OEM025','',(#11672));
#11672 = PRODUCT_CONTEXT('',#2,'mechanical');
#11673 = PRODUCT_DEFINITION_CONTEXT('part definition',#2,'design');
#11674 = ADVANCED_BREP_SHAPE_REPRESENTATION('',(#11,#11675),#11844);
#11675 = MANIFOLD_SOLID_BREP('',#11676);
#11676 = CLOSED_SHELL('',(#11677,#11718,#11751,#11791,#11815,#11832));
#11677 = ADVANCED_FACE('',(#11678),#11713,.F.);
#11678 = FACE_BOUND('',#11679,.F.);
#11679 = EDGE_LOOP('',(#11680,#11690,#11698,#11706));
#11680 = ORIENTED_EDGE('',*,*,#11681,.F.);
#11681 = EDGE_CURVE('',#11682,#11684,#11686,.T.);
#11682 = VERTEX_POINT('',#11683);
#11683 = CARTESIAN_POINT('',(0.,0.,0.));
#11684 = VERTEX_POINT('',#11685);
#11685 = CARTESIAN_POINT('',(2.65,-0.75,12.227019260637));
#11686 = LINE('',#11687,#11688);
#11687 = CARTESIAN_POINT('',(0.,0.,0.));
#11688 = VECTOR('',#11689,1.);
#11689 = DIRECTION('',(0.211435796324,-5.984031971433E-02,0.97555832228)
  );
#11690 = ORIENTED_EDGE('',*,*,#11691,.T.);
#11691 = EDGE_CURVE('',#11682,#11692,#11694,.T.);
#11692 = VERTEX_POINT('',#11693);
#11693 = CARTESIAN_POINT('',(37.2,0.,0.));
#11694 = LINE('',#11695,#11696);
#11695 = CARTESIAN_POINT('',(0.,0.,0.));
#11696 = VECTOR('',#11697,1.);
#11697 = DIRECTION('',(1.,0.,0.));
#11698 = ORIENTED_EDGE('',*,*,#11699,.T.);
#11699 = EDGE_CURVE('',#11692,#11700,#11702,.T.);
#11700 = VERTEX_POINT('',#11701);
#11701 = CARTESIAN_POINT('',(34.55,-0.75,12.227019260637));
#11702 = LINE('',#11703,#11704);
#11703 = CARTESIAN_POINT('',(37.2,0.,0.));
#11704 = VECTOR('',#11705,1.);
#11705 = DIRECTION('',(-0.211435796324,-5.984031971433E-02,0.97555832228
    ));
#11706 = ORIENTED_EDGE('',*,*,#11707,.T.);
#11707 = EDGE_CURVE('',#11700,#11684,#11708,.T.);
#11708 = CIRCLE('',#11709,159.40156249999);
#11709 = AXIS2_PLACEMENT_3D('',#11710,#11711,#11712);
#11710 = CARTESIAN_POINT('',(18.6,-10.46029974489,170.53104860387));
#11711 = DIRECTION('',(0.,0.998124021277,6.122448979592E-02));
#11712 = DIRECTION('',(-1.,0.,0.));
#11713 = PLANE('',#11714);
#11714 = AXIS2_PLACEMENT_3D('',#11715,#11716,#11717);
#11715 = CARTESIAN_POINT('',(0.,0.,0.));
#11716 = DIRECTION('',(0.,-0.998124021277,-6.122448979592E-02));
#11717 = DIRECTION('',(0.,-6.122448979592E-02,0.998124021277));
#11718 = ADVANCED_FACE('',(#11719),#11746,.T.);
#11719 = FACE_BOUND('',#11720,.T.);
#11720 = EDGE_LOOP('',(#11721,#11729,#11737,#11745));
#11721 = ORIENTED_EDGE('',*,*,#11722,.F.);
#11722 = EDGE_CURVE('',#11723,#11682,#11725,.T.);
#11723 = VERTEX_POINT('',#11724);
#11724 = CARTESIAN_POINT('',(0.,-18.15,-4.373390538603E-12));
#11725 = LINE('',#11726,#11727);
#11726 = CARTESIAN_POINT('',(0.,-18.15,0.));
#11727 = VECTOR('',#11728,1.);
#11728 = DIRECTION('',(0.,1.,0.));
#11729 = ORIENTED_EDGE('',*,*,#11730,.T.);
#11730 = EDGE_CURVE('',#11723,#11731,#11733,.T.);
#11731 = VERTEX_POINT('',#11732);
#11732 = CARTESIAN_POINT('',(2.650000000002,-14.97987643419,
    11.469974567432));
#11733 = LINE('',#11734,#11735);
#11734 = CARTESIAN_POINT('',(0.,-18.15,-8.746781077207E-12));
#11735 = VECTOR('',#11736,1.);
#11736 = DIRECTION('',(0.217364683225,0.260027511195,0.940817882434));
#11737 = ORIENTED_EDGE('',*,*,#11738,.T.);
#11738 = EDGE_CURVE('',#11731,#11684,#11739,.T.);
#11739 = B_SPLINE_CURVE_WITH_KNOTS('',4,(#11740,#11741,#11742,#11743,
    #11744),.UNSPECIFIED.,.F.,.F.,(5,5),(0.,1.),
  .PIECEWISE_BEZIER_KNOTS.);
#11740 = CARTESIAN_POINT('',(2.650000000002,-14.97987643419,
    11.469974567432));
#11741 = CARTESIAN_POINT('',(2.65023242212,-11.42239004616,
    11.659236660021));
#11742 = CARTESIAN_POINT('',(2.650297783543,-7.864915922809,
    11.848498100115));
#11743 = CARTESIAN_POINT('',(2.65021551044,-4.307452887972,
    12.037758950288));
#11744 = CARTESIAN_POINT('',(2.65,-0.75,12.227019260637));
#11745 = ORIENTED_EDGE('',*,*,#11681,.F.);
#11746 = B_SPLINE_SURFACE_WITH_KNOTS('',1,1,(
    (#11747,#11748)
    ,(#11749,#11750
    )),.UNSPECIFIED.,.F.,.F.,.F.,(2,2),(2,2),(0.,14.579617618301),(0.,1.
    ),.PIECEWISE_BEZIER_KNOTS.);
#11747 = CARTESIAN_POINT('',(0.,-18.15,-8.746781077207E-12));
#11748 = CARTESIAN_POINT('',(0.,0.,0.));
#11749 = CARTESIAN_POINT('',(3.095378151261,-14.44708255759,
    13.397701385479));
#11750 = CARTESIAN_POINT('',(3.082653061224,-0.872448979592,
    14.223267303191));
#11751 = ADVANCED_FACE('',(#11752),#11783,.F.);
#11752 = FACE_BOUND('',#11753,.F.);
#11753 = EDGE_LOOP('',(#11754,#11755,#11765,#11782));
#11754 = ORIENTED_EDGE('',*,*,#11707,.F.);
#11755 = ORIENTED_EDGE('',*,*,#11756,.F.);
#11756 = EDGE_CURVE('',#11757,#11700,#11759,.T.);
#11757 = VERTEX_POINT('',#11758);
#11758 = CARTESIAN_POINT('',(34.549999999998,-14.97987643419,
    11.469974567432));
#11759 = B_SPLINE_CURVE_WITH_KNOTS('',4,(#11760,#11761,#11762,#11763,
    #11764),.UNSPECIFIED.,.F.,.F.,(5,5),(0.,1.),
  .PIECEWISE_BEZIER_KNOTS.);
#11760 = CARTESIAN_POINT('',(34.549999999998,-14.97987643419,
    11.469974567432));
#11761 = CARTESIAN_POINT('',(34.54976757788,-11.42239004616,
    11.659236660021));
#11762 = CARTESIAN_POINT('',(34.549702216457,-7.864915922809,
    11.848498100115));
#11763 = CARTESIAN_POINT('',(34.54978448956,-4.307452887972,
    12.037758950288));
#11764 = CARTESIAN_POINT('',(34.55,-0.75,12.227019260637));
#11765 = ORIENTED_EDGE('',*,*,#11766,.F.);
#11766 = EDGE_CURVE('',#11731,#11757,#11767,.T.);
#11767 = B_SPLINE_CURVE_WITH_KNOTS('',4,(#11768,#11769,#11770,#11771,
    #11772,#11773,#11774,#11775,#11776,#11777,#11778,#11779,#11780,
    #11781),.UNSPECIFIED.,.F.,.F.,(5,3,3,3,5),(0.,0.251396717015,
    0.501477595672,0.750528488274,1.),.UNSPECIFIED.);
#11768 = CARTESIAN_POINT('',(2.65,-14.97987643419,11.469974567432));
#11769 = CARTESIAN_POINT('',(4.646646010781,-15.0362792444,
    11.265900882231));
#11770 = CARTESIAN_POINT('',(6.647425704296,-15.08328949989,
    11.095810845155));
#11771 = CARTESIAN_POINT('',(8.651312594287,-15.12086180224,
    10.959868714361));
#11772 = CARTESIAN_POINT('',(12.652717409863,-15.1769377043,
    10.756977831048));
#11773 = CARTESIAN_POINT('',(14.650214278762,-15.1955401001,
    10.689671619687));
#11774 = CARTESIAN_POINT('',(16.648729547363,-15.2047580684,
    10.656319650975));
#11775 = CARTESIAN_POINT('',(20.637504180669,-15.20442607204,
    10.657520862796));
#11776 = CARTESIAN_POINT('',(22.627764150499,-15.19495324878,
    10.691794934317));
#11777 = CARTESIAN_POINT('',(24.616994172737,-15.17617340526,
    10.759743177675));
#11778 = CARTESIAN_POINT('',(28.59472437741,-15.11999695172,
    10.962997871068));
#11779 = CARTESIAN_POINT('',(30.583218147647,-15.08256893622,
    11.098417950751));
#11780 = CARTESIAN_POINT('',(32.568644377646,-15.03584730961,
    11.267463686002));
#11781 = CARTESIAN_POINT('',(34.55,-14.97987643419,11.469974567432));
#11782 = ORIENTED_EDGE('',*,*,#11738,.T.);
#11783 = SURFACE_OF_LINEAR_EXTRUSION('',#11784,#11789);
#11784 = CIRCLE('',#11785,159.40156249999);
#11785 = AXIS2_PLACEMENT_3D('',#11786,#11787,#11788);
#11786 = CARTESIAN_POINT('',(18.6,-10.46029974489,170.53104860387));
#11787 = DIRECTION('',(0.,0.998124021277,6.122448979592E-02));
#11788 = DIRECTION('',(-1.,0.,0.));
#11789 = VECTOR('',#11790,1.);
#11790 = DIRECTION('',(0.,0.998587819944,5.312594338285E-02));
#11791 = ADVANCED_FACE('',(#11792),#11810,.F.);
#11792 = FACE_BOUND('',#11793,.F.);
#11793 = EDGE_LOOP('',(#11794,#11802,#11808,#11809));
#11794 = ORIENTED_EDGE('',*,*,#11795,.F.);
#11795 = EDGE_CURVE('',#11796,#11692,#11798,.T.);
#11796 = VERTEX_POINT('',#11797);
#11797 = CARTESIAN_POINT('',(37.2,-18.15,-4.373390538603E-12));
#11798 = LINE('',#11799,#11800);
#11799 = CARTESIAN_POINT('',(37.2,-18.15,0.));
#11800 = VECTOR('',#11801,1.);
#11801 = DIRECTION('',(0.,1.,0.));
#11802 = ORIENTED_EDGE('',*,*,#11803,.T.);
#11803 = EDGE_CURVE('',#11796,#11757,#11804,.T.);
#11804 = LINE('',#11805,#11806);
#11805 = CARTESIAN_POINT('',(37.2,-18.15,-8.746781077207E-12));
#11806 = VECTOR('',#11807,1.);
#11807 = DIRECTION('',(-0.217364683225,0.260027511195,0.940817882434));
#11808 = ORIENTED_EDGE('',*,*,#11756,.T.);
#11809 = ORIENTED_EDGE('',*,*,#11699,.F.);
#11810 = B_SPLINE_SURFACE_WITH_KNOTS('',1,1,(
    (#11811,#11812)
    ,(#11813,#11814
    )),.UNSPECIFIED.,.F.,.F.,.F.,(2,2),(2,2),(0.,14.579617618301),(0.,1.
    ),.PIECEWISE_BEZIER_KNOTS.);
#11811 = CARTESIAN_POINT('',(37.2,-18.15,-8.746781077207E-12));
#11812 = CARTESIAN_POINT('',(37.2,0.,0.));
#11813 = CARTESIAN_POINT('',(34.104621848739,-14.44708255759,
    13.397701385479));
#11814 = CARTESIAN_POINT('',(34.117346938776,-0.872448979592,
    14.223267303191));
#11815 = ADVANCED_FACE('',(#11816),#11827,.F.);
#11816 = FACE_BOUND('',#11817,.F.);
#11817 = EDGE_LOOP('',(#11818,#11824,#11825,#11826));
#11818 = ORIENTED_EDGE('',*,*,#11819,.T.);
#11819 = EDGE_CURVE('',#11723,#11796,#11820,.T.);
#11820 = LINE('',#11821,#11822);
#11821 = CARTESIAN_POINT('',(0.,-18.15,0.));
#11822 = VECTOR('',#11823,1.);
#11823 = DIRECTION('',(1.,0.,0.));
#11824 = ORIENTED_EDGE('',*,*,#11795,.T.);
#11825 = ORIENTED_EDGE('',*,*,#11691,.F.);
#11826 = ORIENTED_EDGE('',*,*,#11722,.F.);
#11827 = PLANE('',#11828);
#11828 = AXIS2_PLACEMENT_3D('',#11829,#11830,#11831);
#11829 = CARTESIAN_POINT('',(0.,-18.15,0.));
#11830 = DIRECTION('',(0.,0.,1.));
#11831 = DIRECTION('',(0.,1.,0.));
#11832 = ADVANCED_FACE('',(#11833),#11839,.F.);
#11833 = FACE_BOUND('',#11834,.F.);
#11834 = EDGE_LOOP('',(#11835,#11836,#11837,#11838));
#11835 = ORIENTED_EDGE('',*,*,#11819,.F.);
#11836 = ORIENTED_EDGE('',*,*,#11730,.T.);
#11837 = ORIENTED_EDGE('',*,*,#11766,.T.);
#11838 = ORIENTED_EDGE('',*,*,#11803,.F.);
#11839 = PLANE('',#11840);
#11840 = AXIS2_PLACEMENT_3D('',#11841,#11842,#11843);
#11841 = CARTESIAN_POINT('',(0.,-14.97987643419,11.469974567432));
#11842 = DIRECTION('',(0.,0.963863409028,-0.266396938303));
#11843 = DIRECTION('',(0.,-0.266396938303,-0.963863409028));
#11844 = ( GEOMETRIC_REPRESENTATION_CONTEXT(3) 
GLOBAL_UNCERTAINTY_ASSIGNED_CONTEXT((#11848)) 
GLOBAL_UNIT_ASSIGNED_CONTEXT((#11845,#11846,#11847)) 
REPRESENTATION_CONTEXT('Context #1',
  '3D Context with UNIT and UNCERTAINTY') );
#11845 = ( LENGTH_UNIT() NAMED_UNIT(*) SI_UNIT(.MILLI.,.METRE.) );
#11846 = ( NAMED_UNIT(*) PLANE_ANGLE_UNIT() SI_UNIT($,.RADIAN.) );
#11847 = ( NAMED_UNIT(*) SI_UNIT($,.STERADIAN.) SOLID_ANGLE_UNIT() );
#11848 = UNCERTAINTY_MEASURE_WITH_UNIT(LENGTH_MEASURE(1.E-05),#11845,
  'distance_accuracy_value','confusion accuracy');
#11849 = CONTEXT_DEPENDENT_SHAPE_REPRESENTATION(#11850,#11852);
#11850 = ( REPRESENTATION_RELATIONSHIP('','',#11674,#10) 
REPRESENTATION_RELATIONSHIP_WITH_TRANSFORMATION(#11851) 
SHAPE_REPRESENTATION_RELATIONSHIP() );
#11851 = ITEM_DEFINED_TRANSFORMATION('','',#11,#67);
#11852 = PRODUCT_DEFINITION_SHAPE('Placement','Placement of an item',
  #11853);
#11853 = NEXT_ASSEMBLY_USAGE_OCCURRENCE('14','Backspace','',#5,#11669,$
  );
#11854 = PRODUCT_RELATED_PRODUCT_CATEGORY('part',$,(#11671));
#11855 = MECHANICAL_DESIGN_GEOMETRIC_PRESENTATION_REPRESENTATION('',(
    #11856),#6711);
#11856 = STYLED_ITEM('color',(#11857),#6524);
#11857 = PRESENTATION_STYLE_ASSIGNMENT((#11858,#11864));
#11858 = SURFACE_STYLE_USAGE(.BOTH.,#11859);
#11859 = SURFACE_SIDE_STYLE('',(#11860));
#11860 = SURFACE_STYLE_FILL_AREA(#11861);
#11861 = FILL_AREA_STYLE('',(#11862));
#11862 = FILL_AREA_STYLE_COLOUR('',#11863);
#11863 = DRAUGHTING_PRE_DEFINED_COLOUR('white');
#11864 = CURVE_STYLE('',#11865,POSITIVE_LENGTH_MEASURE(0.1),#11866);
#11865 = DRAUGHTING_PRE_DEFINED_CURVE_FONT('continuous');
#11866 = COLOUR_RGB('',9.803921802644E-02,9.803921802644E-02,
  9.803921802644E-02);
#11867 = MECHANICAL_DESIGN_GEOMETRIC_PRESENTATION_REPRESENTATION('',(
    #11868,#11877,#11886,#11895,#11904,#11913,#11922,#11931,#11940,
    #11949,#11958),#6505);
#11868 = STYLED_ITEM('color',(#11869),#4404);
#11869 = PRESENTATION_STYLE_ASSIGNMENT((#11870,#11875));
#11870 = SURFACE_STYLE_USAGE(.BOTH.,#11871);
#11871 = SURFACE_SIDE_STYLE('',(#11872));
#11872 = SURFACE_STYLE_FILL_AREA(#11873);
#11873 = FILL_AREA_STYLE('',(#11874));
#11874 = FILL_AREA_STYLE_COLOUR('',#11863);
#11875 = CURVE_STYLE('',#11876,POSITIVE_LENGTH_MEASURE(0.1),#11866);
#11876 = DRAUGHTING_PRE_DEFINED_CURVE_FONT('continuous');
#11877 = STYLED_ITEM('color',(#11878),#4595);
#11878 = PRESENTATION_STYLE_ASSIGNMENT((#11879,#11884));
#11879 = SURFACE_STYLE_USAGE(.BOTH.,#11880);
#11880 = SURFACE_SIDE_STYLE('',(#11881));
#11881 = SURFACE_STYLE_FILL_AREA(#11882);
#11882 = FILL_AREA_STYLE('',(#11883));
#11883 = FILL_AREA_STYLE_COLOUR('',#11863);
#11884 = CURVE_STYLE('',#11885,POSITIVE_LENGTH_MEASURE(0.1),#11866);
#11885 = DRAUGHTING_PRE_DEFINED_CURVE_FONT('continuous');
#11886 = STYLED_ITEM('color',(#11887),#4786);
#11887 = PRESENTATION_STYLE_ASSIGNMENT((#11888,#11893));
#11888 = SURFACE_STYLE_USAGE(.BOTH.,#11889);
#11889 = SURFACE_SIDE_STYLE('',(#11890));
#11890 = SURFACE_STYLE_FILL_AREA(#11891);
#11891 = FILL_AREA_STYLE('',(#11892));
#11892 = FILL_AREA_STYLE_COLOUR('',#11863);
#11893 = CURVE_STYLE('',#11894,POSITIVE_LENGTH_MEASURE(0.1),#11866);
#11894 = DRAUGHTING_PRE_DEFINED_CURVE_FONT('continuous');
#11895 = STYLED_ITEM('color',(#11896),#4977);
#11896 = PRESENTATION_STYLE_ASSIGNMENT((#11897,#11902));
#11897 = SURFACE_STYLE_USAGE(.BOTH.,#11898);
#11898 = SURFACE_SIDE_STYLE('',(#11899));
#11899 = SURFACE_STYLE_FILL_AREA(#11900);
#11900 = FILL_AREA_STYLE('',(#11901));
#11901 = FILL_AREA_STYLE_COLOUR('',#11863);
#11902 = CURVE_STYLE('',#11903,POSITIVE_LENGTH_MEASURE(0.1),#11866);
#11903 = DRAUGHTING_PRE_DEFINED_CURVE_FONT('continuous');
#11904 = STYLED_ITEM('color',(#11905),#5168);
#11905 = PRESENTATION_STYLE_ASSIGNMENT((#11906,#11911));
#11906 = SURFACE_STYLE_USAGE(.BOTH.,#11907);
#11907 = SURFACE_SIDE_STYLE('',(#11908));
#11908 = SURFACE_STYLE_FILL_AREA(#11909);
#11909 = FILL_AREA_STYLE('',(#11910));
#11910 = FILL_AREA_STYLE_COLOUR('',#11863);
#11911 = CURVE_STYLE('',#11912,POSITIVE_LENGTH_MEASURE(0.1),#11866);
#11912 = DRAUGHTING_PRE_DEFINED_CURVE_FONT('continuous');
#11913 = STYLED_ITEM('color',(#11914),#5359);
#11914 = PRESENTATION_STYLE_ASSIGNMENT((#11915,#11920));
#11915 = SURFACE_STYLE_USAGE(.BOTH.,#11916);
#11916 = SURFACE_SIDE_STYLE('',(#11917));
#11917 = SURFACE_STYLE_FILL_AREA(#11918);
#11918 = FILL_AREA_STYLE('',(#11919));
#11919 = FILL_AREA_STYLE_COLOUR('',#11863);
#11920 = CURVE_STYLE('',#11921,POSITIVE_LENGTH_MEASURE(0.1),#11866);
#11921 = DRAUGHTING_PRE_DEFINED_CURVE_FONT('continuous');
#11922 = STYLED_ITEM('color',(#11923),#5550);
#11923 = PRESENTATION_STYLE_ASSIGNMENT((#11924,#11929));
#11924 = SURFACE_STYLE_USAGE(.BOTH.,#11925);
#11925 = SURFACE_SIDE_STYLE('',(#11926));
#11926 = SURFACE_STYLE_FILL_AREA(#11927);
#11927 = FILL_AREA_STYLE('',(#11928));
#11928 = FILL_AREA_STYLE_COLOUR('',#11863);
#11929 = CURVE_STYLE('',#11930,POSITIVE_LENGTH_MEASURE(0.1),#11866);
#11930 = DRAUGHTING_PRE_DEFINED_CURVE_FONT('continuous');
#11931 = STYLED_ITEM('color',(#11932),#5741);
#11932 = PRESENTATION_STYLE_ASSIGNMENT((#11933,#11938));
#11933 = SURFACE_STYLE_USAGE(.BOTH.,#11934);
#11934 = SURFACE_SIDE_STYLE('',(#11935));
#11935 = SURFACE_STYLE_FILL_AREA(#11936);
#11936 = FILL_AREA_STYLE('',(#11937));
#11937 = FILL_AREA_STYLE_COLOUR('',#11863);
#11938 = CURVE_STYLE('',#11939,POSITIVE_LENGTH_MEASURE(0.1),#11866);
#11939 = DRAUGHTING_PRE_DEFINED_CURVE_FONT('continuous');
#11940 = STYLED_ITEM('color',(#11941),#5932);
#11941 = PRESENTATION_STYLE_ASSIGNMENT((#11942,#11947));
#11942 = SURFACE_STYLE_USAGE(.BOTH.,#11943);
#11943 = SURFACE_SIDE_STYLE('',(#11944));
#11944 = SURFACE_STYLE_FILL_AREA(#11945);
#11945 = FILL_AREA_STYLE('',(#11946));
#11946 = FILL_AREA_STYLE_COLOUR('',#11863);
#11947 = CURVE_STYLE('',#11948,POSITIVE_LENGTH_MEASURE(0.1),#11866);
#11948 = DRAUGHTING_PRE_DEFINED_CURVE_FONT('continuous');
#11949 = STYLED_ITEM('color',(#11950),#6123);
#11950 = PRESENTATION_STYLE_ASSIGNMENT((#11951,#11956));
#11951 = SURFACE_STYLE_USAGE(.BOTH.,#11952);
#11952 = SURFACE_SIDE_STYLE('',(#11953));
#11953 = SURFACE_STYLE_FILL_AREA(#11954);
#11954 = FILL_AREA_STYLE('',(#11955));
#11955 = FILL_AREA_STYLE_COLOUR('',#11863);
#11956 = CURVE_STYLE('',#11957,POSITIVE_LENGTH_MEASURE(0.1),#11866);
#11957 = DRAUGHTING_PRE_DEFINED_CURVE_FONT('continuous');
#11958 = STYLED_ITEM('color',(#11959),#6314);
#11959 = PRESENTATION_STYLE_ASSIGNMENT((#11960,#11965));
#11960 = SURFACE_STYLE_USAGE(.BOTH.,#11961);
#11961 = SURFACE_SIDE_STYLE('',(#11962));
#11962 = SURFACE_STYLE_FILL_AREA(#11963);
#11963 = FILL_AREA_STYLE('',(#11964));
#11964 = FILL_AREA_STYLE_COLOUR('',#11863);
#11965 = CURVE_STYLE('',#11966,POSITIVE_LENGTH_MEASURE(0.1),#11866);
#11966 = DRAUGHTING_PRE_DEFINED_CURVE_FONT('continuous');
#11967 = MECHANICAL_DESIGN_GEOMETRIC_PRESENTATION_REPRESENTATION('',(
    #11968,#11977,#11986,#11995,#12004,#12013,#12022,#12031,#12040,
    #12049,#12058,#12067),#9012);
#11968 = STYLED_ITEM('color',(#11969),#6936);
#11969 = PRESENTATION_STYLE_ASSIGNMENT((#11970,#11975));
#11970 = SURFACE_STYLE_USAGE(.BOTH.,#11971);
#11971 = SURFACE_SIDE_STYLE('',(#11972));
#11972 = SURFACE_STYLE_FILL_AREA(#11973);
#11973 = FILL_AREA_STYLE('',(#11974));
#11974 = FILL_AREA_STYLE_COLOUR('',#11863);
#11975 = CURVE_STYLE('',#11976,POSITIVE_LENGTH_MEASURE(0.1),#11866);
#11976 = DRAUGHTING_PRE_DEFINED_CURVE_FONT('continuous');
#11977 = STYLED_ITEM('color',(#11978),#7109);
#11978 = PRESENTATION_STYLE_ASSIGNMENT((#11979,#11984));
#11979 = SURFACE_STYLE_USAGE(.BOTH.,#11980);
#11980 = SURFACE_SIDE_STYLE('',(#11981));
#11981 = SURFACE_STYLE_FILL_AREA(#11982);
#11982 = FILL_AREA_STYLE('',(#11983));
#11983 = FILL_AREA_STYLE_COLOUR('',#11863);
#11984 = CURVE_STYLE('',#11985,POSITIVE_LENGTH_MEASURE(0.1),#11866);
#11985 = DRAUGHTING_PRE_DEFINED_CURVE_FONT('continuous');
#11986 = STYLED_ITEM('color',(#11987),#7282);
#11987 = PRESENTATION_STYLE_ASSIGNMENT((#11988,#11993));
#11988 = SURFACE_STYLE_USAGE(.BOTH.,#11989);
#11989 = SURFACE_SIDE_STYLE('',(#11990));
#11990 = SURFACE_STYLE_FILL_AREA(#11991);
#11991 = FILL_AREA_STYLE('',(#11992));
#11992 = FILL_AREA_STYLE_COLOUR('',#11863);
#11993 = CURVE_STYLE('',#11994,POSITIVE_LENGTH_MEASURE(0.1),#11866);
#11994 = DRAUGHTING_PRE_DEFINED_CURVE_FONT('continuous');
#11995 = STYLED_ITEM('color',(#11996),#7455);
#11996 = PRESENTATION_STYLE_ASSIGNMENT((#11997,#12002));
#11997 = SURFACE_STYLE_USAGE(.BOTH.,#11998);
#11998 = SURFACE_SIDE_STYLE('',(#11999));
#11999 = SURFACE_STYLE_FILL_AREA(#12000);
#12000 = FILL_AREA_STYLE('',(#12001));
#12001 = FILL_AREA_STYLE_COLOUR('',#11863);
#12002 = CURVE_STYLE('',#12003,POSITIVE_LENGTH_MEASURE(0.1),#11866);
#12003 = DRAUGHTING_PRE_DEFINED_CURVE_FONT('continuous');
#12004 = STYLED_ITEM('color',(#12005),#7628);
#12005 = PRESENTATION_STYLE_ASSIGNMENT((#12006,#12011));
#12006 = SURFACE_STYLE_USAGE(.BOTH.,#12007);
#12007 = SURFACE_SIDE_STYLE('',(#12008));
#12008 = SURFACE_STYLE_FILL_AREA(#12009);
#12009 = FILL_AREA_STYLE('',(#12010));
#12010 = FILL_AREA_STYLE_COLOUR('',#11863);
#12011 = CURVE_STYLE('',#12012,POSITIVE_LENGTH_MEASURE(0.1),#11866);
#12012 = DRAUGHTING_PRE_DEFINED_CURVE_FONT('continuous');
#12013 = STYLED_ITEM('color',(#12014),#7801);
#12014 = PRESENTATION_STYLE_ASSIGNMENT((#12015,#12020));
#12015 = SURFACE_STYLE_USAGE(.BOTH.,#12016);
#12016 = SURFACE_SIDE_STYLE('',(#12017));
#12017 = SURFACE_STYLE_FILL_AREA(#12018);
#12018 = FILL_AREA_STYLE('',(#12019));
#12019 = FILL_AREA_STYLE_COLOUR('',#11863);
#12020 = CURVE_STYLE('',#12021,POSITIVE_LENGTH_MEASURE(0.1),#11866);
#12021 = DRAUGHTING_PRE_DEFINED_CURVE_FONT('continuous');
#12022 = STYLED_ITEM('color',(#12023),#7974);
#12023 = PRESENTATION_STYLE_ASSIGNMENT((#12024,#12029));
#12024 = SURFACE_STYLE_USAGE(.BOTH.,#12025);
#12025 = SURFACE_SIDE_STYLE('',(#12026));
#12026 = SURFACE_STYLE_FILL_AREA(#12027);
#12027 = FILL_AREA_STYLE('',(#12028));
#12028 = FILL_AREA_STYLE_COLOUR('',#11863);
#12029 = CURVE_STYLE('',#12030,POSITIVE_LENGTH_MEASURE(0.1),#11866);
#12030 = DRAUGHTING_PRE_DEFINED_CURVE_FONT('continuous');
#12031 = STYLED_ITEM('color',(#12032),#8147);
#12032 = PRESENTATION_STYLE_ASSIGNMENT((#12033,#12038));
#12033 = SURFACE_STYLE_USAGE(.BOTH.,#12034);
#12034 = SURFACE_SIDE_STYLE('',(#12035));
#12035 = SURFACE_STYLE_FILL_AREA(#12036);
#12036 = FILL_AREA_STYLE('',(#12037));
#12037 = FILL_AREA_STYLE_COLOUR('',#11863);
#12038 = CURVE_STYLE('',#12039,POSITIVE_LENGTH_MEASURE(0.1),#11866);
#12039 = DRAUGHTING_PRE_DEFINED_CURVE_FONT('continuous');
#12040 = STYLED_ITEM('color',(#12041),#8320);
#12041 = PRESENTATION_STYLE_ASSIGNMENT((#12042,#12047));
#12042 = SURFACE_STYLE_USAGE(.BOTH.,#12043);
#12043 = SURFACE_SIDE_STYLE('',(#12044));
#12044 = SURFACE_STYLE_FILL_AREA(#12045);
#12045 = FILL_AREA_STYLE('',(#12046));
#12046 = FILL_AREA_STYLE_COLOUR('',#11863);
#12047 = CURVE_STYLE('',#12048,POSITIVE_LENGTH_MEASURE(0.1),#11866);
#12048 = DRAUGHTING_PRE_DEFINED_CURVE_FONT('continuous');
#12049 = STYLED_ITEM('color',(#12050),#8493);
#12050 = PRESENTATION_STYLE_ASSIGNMENT((#12051,#12056));
#12051 = SURFACE_STYLE_USAGE(.BOTH.,#12052);
#12052 = SURFACE_SIDE_STYLE('',(#12053));
#12053 = SURFACE_STYLE_FILL_AREA(#12054);
#12054 = FILL_AREA_STYLE('',(#12055));
#12055 = FILL_AREA_STYLE_COLOUR('',#11863);
#12056 = CURVE_STYLE('',#12057,POSITIVE_LENGTH_MEASURE(0.1),#11866);
#12057 = DRAUGHTING_PRE_DEFINED_CURVE_FONT('continuous');
#12058 = STYLED_ITEM('color',(#12059),#8666);
#12059 = PRESENTATION_STYLE_ASSIGNMENT((#12060,#12065));
#12060 = SURFACE_STYLE_USAGE(.BOTH.,#12061);
#12061 = SURFACE_SIDE_STYLE('',(#12062));
#12062 = SURFACE_STYLE_FILL_AREA(#12063);
#12063 = FILL_AREA_STYLE('',(#12064));
#12064 = FILL_AREA_STYLE_COLOUR('',#11863);
#12065 = CURVE_STYLE('',#12066,POSITIVE_LENGTH_MEASURE(0.1),#11866);
#12066 = DRAUGHTING_PRE_DEFINED_CURVE_FONT('continuous');
#12067 = STYLED_ITEM('color',(#12068),#8839);
#12068 = PRESENTATION_STYLE_ASSIGNMENT((#12069,#12074));
#12069 = SURFACE_STYLE_USAGE(.BOTH.,#12070);
#12070 = SURFACE_SIDE_STYLE('',(#12071));
#12071 = SURFACE_STYLE_FILL_AREA(#12072);
#12072 = FILL_AREA_STYLE('',(#12073));
#12073 = FILL_AREA_STYLE_COLOUR('',#11863);
#12074 = CURVE_STYLE('',#12075,POSITIVE_LENGTH_MEASURE(0.1),#11866);
#12075 = DRAUGHTING_PRE_DEFINED_CURVE_FONT('continuous');
#12076 = MECHANICAL_DESIGN_GEOMETRIC_PRESENTATION_REPRESENTATION('',(
    #12077),#3062);
#12077 = STYLED_ITEM('color',(#12078),#2866);
#12078 = PRESENTATION_STYLE_ASSIGNMENT((#12079,#12084));
#12079 = SURFACE_STYLE_USAGE(.BOTH.,#12080);
#12080 = SURFACE_SIDE_STYLE('',(#12081));
#12081 = SURFACE_STYLE_FILL_AREA(#12082);
#12082 = FILL_AREA_STYLE('',(#12083));
#12083 = FILL_AREA_STYLE_COLOUR('',#11863);
#12084 = CURVE_STYLE('',#12085,POSITIVE_LENGTH_MEASURE(0.1),#11866);
#12085 = DRAUGHTING_PRE_DEFINED_CURVE_FONT('continuous');
#12086 = MECHANICAL_DESIGN_GEOMETRIC_PRESENTATION_REPRESENTATION('',(
    #12087,#12096,#12105,#12114,#12123,#12132,#12141,#12150,#12159,
    #12168),#2847);
#12087 = STYLED_ITEM('color',(#12088),#737);
#12088 = PRESENTATION_STYLE_ASSIGNMENT((#12089,#12094));
#12089 = SURFACE_STYLE_USAGE(.BOTH.,#12090);
#12090 = SURFACE_SIDE_STYLE('',(#12091));
#12091 = SURFACE_STYLE_FILL_AREA(#12092);
#12092 = FILL_AREA_STYLE('',(#12093));
#12093 = FILL_AREA_STYLE_COLOUR('',#11863);
#12094 = CURVE_STYLE('',#12095,POSITIVE_LENGTH_MEASURE(0.1),#11866);
#12095 = DRAUGHTING_PRE_DEFINED_CURVE_FONT('continuous');
#12096 = STYLED_ITEM('color',(#12097),#948);
#12097 = PRESENTATION_STYLE_ASSIGNMENT((#12098,#12103));
#12098 = SURFACE_STYLE_USAGE(.BOTH.,#12099);
#12099 = SURFACE_SIDE_STYLE('',(#12100));
#12100 = SURFACE_STYLE_FILL_AREA(#12101);
#12101 = FILL_AREA_STYLE('',(#12102));
#12102 = FILL_AREA_STYLE_COLOUR('',#11863);
#12103 = CURVE_STYLE('',#12104,POSITIVE_LENGTH_MEASURE(0.1),#11866);
#12104 = DRAUGHTING_PRE_DEFINED_CURVE_FONT('continuous');
#12105 = STYLED_ITEM('color',(#12106),#1159);
#12106 = PRESENTATION_STYLE_ASSIGNMENT((#12107,#12112));
#12107 = SURFACE_STYLE_USAGE(.BOTH.,#12108);
#12108 = SURFACE_SIDE_STYLE('',(#12109));
#12109 = SURFACE_STYLE_FILL_AREA(#12110);
#12110 = FILL_AREA_STYLE('',(#12111));
#12111 = FILL_AREA_STYLE_COLOUR('',#11863);
#12112 = CURVE_STYLE('',#12113,POSITIVE_LENGTH_MEASURE(0.1),#11866);
#12113 = DRAUGHTING_PRE_DEFINED_CURVE_FONT('continuous');
#12114 = STYLED_ITEM('color',(#12115),#1370);
#12115 = PRESENTATION_STYLE_ASSIGNMENT((#12116,#12121));
#12116 = SURFACE_STYLE_USAGE(.BOTH.,#12117);
#12117 = SURFACE_SIDE_STYLE('',(#12118));
#12118 = SURFACE_STYLE_FILL_AREA(#12119);
#12119 = FILL_AREA_STYLE('',(#12120));
#12120 = FILL_AREA_STYLE_COLOUR('',#11863);
#12121 = CURVE_STYLE('',#12122,POSITIVE_LENGTH_MEASURE(0.1),#11866);
#12122 = DRAUGHTING_PRE_DEFINED_CURVE_FONT('continuous');
#12123 = STYLED_ITEM('color',(#12124),#1581);
#12124 = PRESENTATION_STYLE_ASSIGNMENT((#12125,#12130));
#12125 = SURFACE_STYLE_USAGE(.BOTH.,#12126);
#12126 = SURFACE_SIDE_STYLE('',(#12127));
#12127 = SURFACE_STYLE_FILL_AREA(#12128);
#12128 = FILL_AREA_STYLE('',(#12129));
#12129 = FILL_AREA_STYLE_COLOUR('',#11863);
#12130 = CURVE_STYLE('',#12131,POSITIVE_LENGTH_MEASURE(0.1),#11866);
#12131 = DRAUGHTING_PRE_DEFINED_CURVE_FONT('continuous');
#12132 = STYLED_ITEM('color',(#12133),#1792);
#12133 = PRESENTATION_STYLE_ASSIGNMENT((#12134,#12139));
#12134 = SURFACE_STYLE_USAGE(.BOTH.,#12135);
#12135 = SURFACE_SIDE_STYLE('',(#12136));
#12136 = SURFACE_STYLE_FILL_AREA(#12137);
#12137 = FILL_AREA_STYLE('',(#12138));
#12138 = FILL_AREA_STYLE_COLOUR('',#11863);
#12139 = CURVE_STYLE('',#12140,POSITIVE_LENGTH_MEASURE(0.1),#11866);
#12140 = DRAUGHTING_PRE_DEFINED_CURVE_FONT('continuous');
#12141 = STYLED_ITEM('color',(#12142),#2003);
#12142 = PRESENTATION_STYLE_ASSIGNMENT((#12143,#12148));
#12143 = SURFACE_STYLE_USAGE(.BOTH.,#12144);
#12144 = SURFACE_SIDE_STYLE('',(#12145));
#12145 = SURFACE_STYLE_FILL_AREA(#12146);
#12146 = FILL_AREA_STYLE('',(#12147));
#12147 = FILL_AREA_STYLE_COLOUR('',#11863);
#12148 = CURVE_STYLE('',#12149,POSITIVE_LENGTH_MEASURE(0.1),#11866);
#12149 = DRAUGHTING_PRE_DEFINED_CURVE_FONT('continuous');
#12150 = STYLED_ITEM('color',(#12151),#2214);
#12151 = PRESENTATION_STYLE_ASSIGNMENT((#12152,#12157));
#12152 = SURFACE_STYLE_USAGE(.BOTH.,#12153);
#12153 = SURFACE_SIDE_STYLE('',(#12154));
#12154 = SURFACE_STYLE_FILL_AREA(#12155);
#12155 = FILL_AREA_STYLE('',(#12156));
#12156 = FILL_AREA_STYLE_COLOUR('',#11863);
#12157 = CURVE_STYLE('',#12158,POSITIVE_LENGTH_MEASURE(0.1),#11866);
#12158 = DRAUGHTING_PRE_DEFINED_CURVE_FONT('continuous');
#12159 = STYLED_ITEM('color',(#12160),#2425);
#12160 = PRESENTATION_STYLE_ASSIGNMENT((#12161,#12166));
#12161 = SURFACE_STYLE_USAGE(.BOTH.,#12162);
#12162 = SURFACE_SIDE_STYLE('',(#12163));
#12163 = SURFACE_STYLE_FILL_AREA(#12164);
#12164 = FILL_AREA_STYLE('',(#12165));
#12165 = FILL_AREA_STYLE_COLOUR('',#11863);
#12166 = CURVE_STYLE('',#12167,POSITIVE_LENGTH_MEASURE(0.1),#11866);
#12167 = DRAUGHTING_PRE_DEFINED_CURVE_FONT('continuous');
#12168 = STYLED_ITEM('color',(#12169),#2636);
#12169 = PRESENTATION_STYLE_ASSIGNMENT((#12170,#12175));
#12170 = SURFACE_STYLE_USAGE(.BOTH.,#12171);
#12171 = SURFACE_SIDE_STYLE('',(#12172));
#12172 = SURFACE_STYLE_FILL_AREA(#12173);
#12173 = FILL_AREA_STYLE('',(#12174));
#12174 = FILL_AREA_STYLE_COLOUR('',#11863);
#12175 = CURVE_STYLE('',#12176,POSITIVE_LENGTH_MEASURE(0.1),#11866);
#12176 = DRAUGHTING_PRE_DEFINED_CURVE_FONT('continuous');
#12177 = MECHANICAL_DESIGN_GEOMETRIC_PRESENTATION_REPRESENTATION('',(
    #12178),#9388);
#12178 = STYLED_ITEM('color',(#12179),#9219);
#12179 = PRESENTATION_STYLE_ASSIGNMENT((#12180,#12185));
#12180 = SURFACE_STYLE_USAGE(.BOTH.,#12181);
#12181 = SURFACE_SIDE_STYLE('',(#12182));
#12182 = SURFACE_STYLE_FILL_AREA(#12183);
#12183 = FILL_AREA_STYLE('',(#12184));
#12184 = FILL_AREA_STYLE_COLOUR('',#11863);
#12185 = CURVE_STYLE('',#12186,POSITIVE_LENGTH_MEASURE(0.1),#11866);
#12186 = DRAUGHTING_PRE_DEFINED_CURVE_FONT('continuous');
#12187 = MECHANICAL_DESIGN_GEOMETRIC_PRESENTATION_REPRESENTATION('',(
    #12188,#12197,#12206),#718);
#12188 = STYLED_ITEM('color',(#12189),#85);
#12189 = PRESENTATION_STYLE_ASSIGNMENT((#12190,#12195));
#12190 = SURFACE_STYLE_USAGE(.BOTH.,#12191);
#12191 = SURFACE_SIDE_STYLE('',(#12192));
#12192 = SURFACE_STYLE_FILL_AREA(#12193);
#12193 = FILL_AREA_STYLE('',(#12194));
#12194 = FILL_AREA_STYLE_COLOUR('',#11863);
#12195 = CURVE_STYLE('',#12196,POSITIVE_LENGTH_MEASURE(0.1),#11866);
#12196 = DRAUGHTING_PRE_DEFINED_CURVE_FONT('continuous');
#12197 = STYLED_ITEM('color',(#12198),#296);
#12198 = PRESENTATION_STYLE_ASSIGNMENT((#12199,#12204));
#12199 = SURFACE_STYLE_USAGE(.BOTH.,#12200);
#12200 = SURFACE_SIDE_STYLE('',(#12201));
#12201 = SURFACE_STYLE_FILL_AREA(#12202);
#12202 = FILL_AREA_STYLE('',(#12203));
#12203 = FILL_AREA_STYLE_COLOUR('',#11863);
#12204 = CURVE_STYLE('',#12205,POSITIVE_LENGTH_MEASURE(0.1),#11866);
#12205 = DRAUGHTING_PRE_DEFINED_CURVE_FONT('continuous');
#12206 = STYLED_ITEM('color',(#12207),#507);
#12207 = PRESENTATION_STYLE_ASSIGNMENT((#12208,#12213));
#12208 = SURFACE_STYLE_USAGE(.BOTH.,#12209);
#12209 = SURFACE_SIDE_STYLE('',(#12210));
#12210 = SURFACE_STYLE_FILL_AREA(#12211);
#12211 = FILL_AREA_STYLE('',(#12212));
#12212 = FILL_AREA_STYLE_COLOUR('',#11863);
#12213 = CURVE_STYLE('',#12214,POSITIVE_LENGTH_MEASURE(0.1),#11866);
#12214 = DRAUGHTING_PRE_DEFINED_CURVE_FONT('continuous');
#12215 = MECHANICAL_DESIGN_GEOMETRIC_PRESENTATION_REPRESENTATION('',(
    #12216),#4385);
#12216 = STYLED_ITEM('color',(#12217),#4174);
#12217 = PRESENTATION_STYLE_ASSIGNMENT((#12218,#12223));
#12218 = SURFACE_STYLE_USAGE(.BOTH.,#12219);
#12219 = SURFACE_SIDE_STYLE('',(#12220));
#12220 = SURFACE_STYLE_FILL_AREA(#12221);
#12221 = FILL_AREA_STYLE('',(#12222));
#12222 = FILL_AREA_STYLE_COLOUR('',#11863);
#12223 = CURVE_STYLE('',#12224,POSITIVE_LENGTH_MEASURE(0.1),#11866);
#12224 = DRAUGHTING_PRE_DEFINED_CURVE_FONT('continuous');
#12225 = MECHANICAL_DESIGN_GEOMETRIC_PRESENTATION_REPRESENTATION('',(
    #12226),#9200);
#12226 = STYLED_ITEM('color',(#12227),#9031);
#12227 = PRESENTATION_STYLE_ASSIGNMENT((#12228,#12233));
#12228 = SURFACE_STYLE_USAGE(.BOTH.,#12229);
#12229 = SURFACE_SIDE_STYLE('',(#12230));
#12230 = SURFACE_STYLE_FILL_AREA(#12231);
#12231 = FILL_AREA_STYLE('',(#12232));
#12232 = FILL_AREA_STYLE_COLOUR('',#11863);
#12233 = CURVE_STYLE('',#12234,POSITIVE_LENGTH_MEASURE(0.1),#11866);
#12234 = DRAUGHTING_PRE_DEFINED_CURVE_FONT('continuous');
#12235 = MECHANICAL_DESIGN_GEOMETRIC_PRESENTATION_REPRESENTATION('',(
    #12236),#4155);
#12236 = STYLED_ITEM('color',(#12237),#3944);
#12237 = PRESENTATION_STYLE_ASSIGNMENT((#12238,#12243));
#12238 = SURFACE_STYLE_USAGE(.BOTH.,#12239);
#12239 = SURFACE_SIDE_STYLE('',(#12240));
#12240 = SURFACE_STYLE_FILL_AREA(#12241);
#12241 = FILL_AREA_STYLE('',(#12242));
#12242 = FILL_AREA_STYLE_COLOUR('',#11863);
#12243 = CURVE_STYLE('',#12244,POSITIVE_LENGTH_MEASURE(0.1),#11866);
#12244 = DRAUGHTING_PRE_DEFINED_CURVE_FONT('continuous');
#12245 = MECHANICAL_DESIGN_GEOMETRIC_PRESENTATION_REPRESENTATION('',(
    #12246),#11844);
#12246 = STYLED_ITEM('color',(#12247),#11675);
#12247 = PRESENTATION_STYLE_ASSIGNMENT((#12248,#12253));
#12248 = SURFACE_STYLE_USAGE(.BOTH.,#12249);
#12249 = SURFACE_SIDE_STYLE('',(#12250));
#12250 = SURFACE_STYLE_FILL_AREA(#12251);
#12251 = FILL_AREA_STYLE('',(#12252));
#12252 = FILL_AREA_STYLE_COLOUR('',#11863);
#12253 = CURVE_STYLE('',#12254,POSITIVE_LENGTH_MEASURE(0.1),#11866);
#12254 = DRAUGHTING_PRE_DEFINED_CURVE_FONT('continuous');
#12255 = MECHANICAL_DESIGN_GEOMETRIC_PRESENTATION_REPRESENTATION('',(
    #12256,#12265,#12274,#12283,#12292,#12301,#12310,#12319,#12328,
    #12337,#12346,#12355,#12364),#11656);
#12256 = STYLED_ITEM('color',(#12257),#9407);
#12257 = PRESENTATION_STYLE_ASSIGNMENT((#12258,#12263));
#12258 = SURFACE_STYLE_USAGE(.BOTH.,#12259);
#12259 = SURFACE_SIDE_STYLE('',(#12260));
#12260 = SURFACE_STYLE_FILL_AREA(#12261);
#12261 = FILL_AREA_STYLE('',(#12262));
#12262 = FILL_AREA_STYLE_COLOUR('',#11863);
#12263 = CURVE_STYLE('',#12264,POSITIVE_LENGTH_MEASURE(0.1),#11866);
#12264 = DRAUGHTING_PRE_DEFINED_CURVE_FONT('continuous');
#12265 = STYLED_ITEM('color',(#12266),#9580);
#12266 = PRESENTATION_STYLE_ASSIGNMENT((#12267,#12272));
#12267 = SURFACE_STYLE_USAGE(.BOTH.,#12268);
#12268 = SURFACE_SIDE_STYLE('',(#12269));
#12269 = SURFACE_STYLE_FILL_AREA(#12270);
#12270 = FILL_AREA_STYLE('',(#12271));
#12271 = FILL_AREA_STYLE_COLOUR('',#11863);
#12272 = CURVE_STYLE('',#12273,POSITIVE_LENGTH_MEASURE(0.1),#11866);
#12273 = DRAUGHTING_PRE_DEFINED_CURVE_FONT('continuous');
#12274 = STYLED_ITEM('color',(#12275),#9753);
#12275 = PRESENTATION_STYLE_ASSIGNMENT((#12276,#12281));
#12276 = SURFACE_STYLE_USAGE(.BOTH.,#12277);
#12277 = SURFACE_SIDE_STYLE('',(#12278));
#12278 = SURFACE_STYLE_FILL_AREA(#12279);
#12279 = FILL_AREA_STYLE('',(#12280));
#12280 = FILL_AREA_STYLE_COLOUR('',#11863);
#12281 = CURVE_STYLE('',#12282,POSITIVE_LENGTH_MEASURE(0.1),#11866);
#12282 = DRAUGHTING_PRE_DEFINED_CURVE_FONT('continuous');
#12283 = STYLED_ITEM('color',(#12284),#9926);
#12284 = PRESENTATION_STYLE_ASSIGNMENT((#12285,#12290));
#12285 = SURFACE_STYLE_USAGE(.BOTH.,#12286);
#12286 = SURFACE_SIDE_STYLE('',(#12287));
#12287 = SURFACE_STYLE_FILL_AREA(#12288);
#12288 = FILL_AREA_STYLE('',(#12289));
#12289 = FILL_AREA_STYLE_COLOUR('',#11863);
#12290 = CURVE_STYLE('',#12291,POSITIVE_LENGTH_MEASURE(0.1),#11866);
#12291 = DRAUGHTING_PRE_DEFINED_CURVE_FONT('continuous');
#12292 = STYLED_ITEM('color',(#12293),#10099);
#12293 = PRESENTATION_STYLE_ASSIGNMENT((#12294,#12299));
#12294 = SURFACE_STYLE_USAGE(.BOTH.,#12295);
#12295 = SURFACE_SIDE_STYLE('',(#12296));
#12296 = SURFACE_STYLE_FILL_AREA(#12297);
#12297 = FILL_AREA_STYLE('',(#12298));
#12298 = FILL_AREA_STYLE_COLOUR('',#11863);
#12299 = CURVE_STYLE('',#12300,POSITIVE_LENGTH_MEASURE(0.1),#11866);
#12300 = DRAUGHTING_PRE_DEFINED_CURVE_FONT('continuous');
#12301 = STYLED_ITEM('color',(#12302),#10272);
#12302 = PRESENTATION_STYLE_ASSIGNMENT((#12303,#12308));
#12303 = SURFACE_STYLE_USAGE(.BOTH.,#12304);
#12304 = SURFACE_SIDE_STYLE('',(#12305));
#12305 = SURFACE_STYLE_FILL_AREA(#12306);
#12306 = FILL_AREA_STYLE('',(#12307));
#12307 = FILL_AREA_STYLE_COLOUR('',#11863);
#12308 = CURVE_STYLE('',#12309,POSITIVE_LENGTH_MEASURE(0.1),#11866);
#12309 = DRAUGHTING_PRE_DEFINED_CURVE_FONT('continuous');
#12310 = STYLED_ITEM('color',(#12311),#10445);
#12311 = PRESENTATION_STYLE_ASSIGNMENT((#12312,#12317));
#12312 = SURFACE_STYLE_USAGE(.BOTH.,#12313);
#12313 = SURFACE_SIDE_STYLE('',(#12314));
#12314 = SURFACE_STYLE_FILL_AREA(#12315);
#12315 = FILL_AREA_STYLE('',(#12316));
#12316 = FILL_AREA_STYLE_COLOUR('',#11863);
#12317 = CURVE_STYLE('',#12318,POSITIVE_LENGTH_MEASURE(0.1),#11866);
#12318 = DRAUGHTING_PRE_DEFINED_CURVE_FONT('continuous');
#12319 = STYLED_ITEM('color',(#12320),#10618);
#12320 = PRESENTATION_STYLE_ASSIGNMENT((#12321,#12326));
#12321 = SURFACE_STYLE_USAGE(.BOTH.,#12322);
#12322 = SURFACE_SIDE_STYLE('',(#12323));
#12323 = SURFACE_STYLE_FILL_AREA(#12324);
#12324 = FILL_AREA_STYLE('',(#12325));
#12325 = FILL_AREA_STYLE_COLOUR('',#11863);
#12326 = CURVE_STYLE('',#12327,POSITIVE_LENGTH_MEASURE(0.1),#11866);
#12327 = DRAUGHTING_PRE_DEFINED_CURVE_FONT('continuous');
#12328 = STYLED_ITEM('color',(#12329),#10791);
#12329 = PRESENTATION_STYLE_ASSIGNMENT((#12330,#12335));
#12330 = SURFACE_STYLE_USAGE(.BOTH.,#12331);
#12331 = SURFACE_SIDE_STYLE('',(#12332));
#12332 = SURFACE_STYLE_FILL_AREA(#12333);
#12333 = FILL_AREA_STYLE('',(#12334));
#12334 = FILL_AREA_STYLE_COLOUR('',#11863);
#12335 = CURVE_STYLE('',#12336,POSITIVE_LENGTH_MEASURE(0.1),#11866);
#12336 = DRAUGHTING_PRE_DEFINED_CURVE_FONT('continuous');
#12337 = STYLED_ITEM('color',(#12338),#10964);
#12338 = PRESENTATION_STYLE_ASSIGNMENT((#12339,#12344));
#12339 = SURFACE_STYLE_USAGE(.BOTH.,#12340);
#12340 = SURFACE_SIDE_STYLE('',(#12341));
#12341 = SURFACE_STYLE_FILL_AREA(#12342);
#12342 = FILL_AREA_STYLE('',(#12343));
#12343 = FILL_AREA_STYLE_COLOUR('',#11863);
#12344 = CURVE_STYLE('',#12345,POSITIVE_LENGTH_MEASURE(0.1),#11866);
#12345 = DRAUGHTING_PRE_DEFINED_CURVE_FONT('continuous');
#12346 = STYLED_ITEM('color',(#12347),#11137);
#12347 = PRESENTATION_STYLE_ASSIGNMENT((#12348,#12353));
#12348 = SURFACE_STYLE_USAGE(.BOTH.,#12349);
#12349 = SURFACE_SIDE_STYLE('',(#12350));
#12350 = SURFACE_STYLE_FILL_AREA(#12351);
#12351 = FILL_AREA_STYLE('',(#12352));
#12352 = FILL_AREA_STYLE_COLOUR('',#11863);
#12353 = CURVE_STYLE('',#12354,POSITIVE_LENGTH_MEASURE(0.1),#11866);
#12354 = DRAUGHTING_PRE_DEFINED_CURVE_FONT('continuous');
#12355 = STYLED_ITEM('color',(#12356),#11310);
#12356 = PRESENTATION_STYLE_ASSIGNMENT((#12357,#12362));
#12357 = SURFACE_STYLE_USAGE(.BOTH.,#12358);
#12358 = SURFACE_SIDE_STYLE('',(#12359));
#12359 = SURFACE_STYLE_FILL_AREA(#12360);
#12360 = FILL_AREA_STYLE('',(#12361));
#12361 = FILL_AREA_STYLE_COLOUR('',#11863);
#12362 = CURVE_STYLE('',#12363,POSITIVE_LENGTH_MEASURE(0.1),#11866);
#12363 = DRAUGHTING_PRE_DEFINED_CURVE_FONT('continuous');
#12364 = STYLED_ITEM('color',(#12365),#11483);
#12365 = PRESENTATION_STYLE_ASSIGNMENT((#12366,#12371));
#12366 = SURFACE_STYLE_USAGE(.BOTH.,#12367);
#12367 = SURFACE_SIDE_STYLE('',(#12368));
#12368 = SURFACE_STYLE_FILL_AREA(#12369);
#12369 = FILL_AREA_STYLE('',(#12370));
#12370 = FILL_AREA_STYLE_COLOUR('',#11863);
#12371 = CURVE_STYLE('',#12372,POSITIVE_LENGTH_MEASURE(0.1),#11866);
#12372 = DRAUGHTING_PRE_DEFINED_CURVE_FONT('continuous');
#12373 = MECHANICAL_DESIGN_GEOMETRIC_PRESENTATION_REPRESENTATION('',(
    #12374),#6917);
#12374 = STYLED_ITEM('color',(#12375),#6730);
#12375 = PRESENTATION_STYLE_ASSIGNMENT((#12376,#12381));
#12376 = SURFACE_STYLE_USAGE(.BOTH.,#12377);
#12377 = SURFACE_SIDE_STYLE('',(#12378));
#12378 = SURFACE_STYLE_FILL_AREA(#12379);
#12379 = FILL_AREA_STYLE('',(#12380));
#12380 = FILL_AREA_STYLE_COLOUR('',#11863);
#12381 = CURVE_STYLE('',#12382,POSITIVE_LENGTH_MEASURE(0.1),#11866);
#12382 = DRAUGHTING_PRE_DEFINED_CURVE_FONT('continuous');
#12383 = MECHANICAL_DESIGN_GEOMETRIC_PRESENTATION_REPRESENTATION('',(
    #12384,#12393,#12402,#12411),#3925);
#12384 = STYLED_ITEM('color',(#12385),#3081);
#12385 = PRESENTATION_STYLE_ASSIGNMENT((#12386,#12391));
#12386 = SURFACE_STYLE_USAGE(.BOTH.,#12387);
#12387 = SURFACE_SIDE_STYLE('',(#12388));
#12388 = SURFACE_STYLE_FILL_AREA(#12389);
#12389 = FILL_AREA_STYLE('',(#12390));
#12390 = FILL_AREA_STYLE_COLOUR('',#11863);
#12391 = CURVE_STYLE('',#12392,POSITIVE_LENGTH_MEASURE(0.1),#11866);
#12392 = DRAUGHTING_PRE_DEFINED_CURVE_FONT('continuous');
#12393 = STYLED_ITEM('color',(#12394),#3292);
#12394 = PRESENTATION_STYLE_ASSIGNMENT((#12395,#12400));
#12395 = SURFACE_STYLE_USAGE(.BOTH.,#12396);
#12396 = SURFACE_SIDE_STYLE('',(#12397));
#12397 = SURFACE_STYLE_FILL_AREA(#12398);
#12398 = FILL_AREA_STYLE('',(#12399));
#12399 = FILL_AREA_STYLE_COLOUR('',#11863);
#12400 = CURVE_STYLE('',#12401,POSITIVE_LENGTH_MEASURE(0.1),#11866);
#12401 = DRAUGHTING_PRE_DEFINED_CURVE_FONT('continuous');
#12402 = STYLED_ITEM('color',(#12403),#3503);
#12403 = PRESENTATION_STYLE_ASSIGNMENT((#12404,#12409));
#12404 = SURFACE_STYLE_USAGE(.BOTH.,#12405);
#12405 = SURFACE_SIDE_STYLE('',(#12406));
#12406 = SURFACE_STYLE_FILL_AREA(#12407);
#12407 = FILL_AREA_STYLE('',(#12408));
#12408 = FILL_AREA_STYLE_COLOUR('',#11863);
#12409 = CURVE_STYLE('',#12410,POSITIVE_LENGTH_MEASURE(0.1),#11866);
#12410 = DRAUGHTING_PRE_DEFINED_CURVE_FONT('continuous');
#12411 = STYLED_ITEM('color',(#12412),#3714);
#12412 = PRESENTATION_STYLE_ASSIGNMENT((#12413,#12418));
#12413 = SURFACE_STYLE_USAGE(.BOTH.,#12414);
#12414 = SURFACE_SIDE_STYLE('',(#12415));
#12415 = SURFACE_STYLE_FILL_AREA(#12416);
#12416 = FILL_AREA_STYLE('',(#12417));
#12417 = FILL_AREA_STYLE_COLOUR('',#11863);
#12418 = CURVE_STYLE('',#12419,POSITIVE_LENGTH_MEASURE(0.1),#11866);
#12419 = DRAUGHTING_PRE_DEFINED_CURVE_FONT('continuous');
ENDSEC;
END-ISO-10303-21;
